SKU,Product Name,Short Description,Long Description,Action,Sellable,Thumbnail image url,Product page url,Price,Price min,Price max,Currency code,Visibility,Custom attributes,Attributes,Categories,Variant attributes,Full Size Image URL,Review Score,Review Count,Categories ids,Compare At Price,Creation Date
1141837766,BEPANTHENE  DEXPANTHENOL,BEPANTHENE  DEXPANTHENOL,BEPANTHENE  DEXPANTHENOL,insert,1,https://riba.app/imgrs/THUMBS%20500X500/224.JPG,tabs/detalle-producto/224,1.085.000,1.085.000,1.085.000,USD,1,,"{""MARCA"":[""BAYER (Farmacia)""],""CATEGORIA"":[""Cuidado Personal""]}","[""Cuidado Personal""]",NULL,https://riba.app/imgrs/THUMBS%20500X500/224.JPG,0,0,"[""82""]",1.085.000,2026-05-08 9:49:16
1470861264,PROTECTOR SOLAR P  BEBE AUTO,PROTECTOR SOLAR P  BEBE AUTO,PROTECTOR SOLAR P  BEBE AUTO,insert,1,https://riba.app/imgrs/THUMBS%20500X500/314374.JPG,tabs/detalle-producto/314374,1.391.000,1.391.000,1.391.000,USD,1,,"{""MARCA"":[""MUNCHKIN""],""CATEGORIA"":[""Utensilios De Bebe""]}","[""Utensilios De Bebe""]",NULL,https://riba.app/imgrs/THUMBS%20500X500/314374.JPG,0,0,"[""85""]",1.391.000,2026-05-08 9:49:16
1500000300,GERBER CARROT ,GERBER CARROT ,GERBER CARROT ,insert,1,https://riba.app/imgrs/THUMBS%20500X500/267306.JPG,tabs/detalle-producto/267306,228.000,228.000,228.000,USD,1,,"{""MARCA"":[""GERBER""],""CATEGORIA"":[""Alimentos""]}","[""Alimentos""]",NULL,https://riba.app/imgrs/THUMBS%20500X500/267306.JPG,0,0,"[""83""]",228.000,2026-05-08 9:49:16
1500000301,GERBER 1FD PRUNE,GERBER 1FD PRUNE,GERBER 1FD PRUNE,insert,1,https://riba.app/imgrs/THUMBS%20500X500/265251.JPG,tabs/detalle-producto/265251,253.000,253.000,253.000,USD,1,,"{""MARCA"":[""GERBER""],""CATEGORIA"":[""Alimentos""]}","[""Alimentos""]",NULL,https://riba.app/imgrs/THUMBS%20500X500/265251.JPG,0,0,"[""83""]",253.000,2026-05-08 9:49:16
1500000302,GERBER 1FD APPLE,GERBER 1FD APPLE,GERBER 1FD APPLE,insert,1,https://riba.app/imgrs/THUMBS%20500X500/264886.JPG,tabs/detalle-producto/264886,228.000,228.000,228.000,USD,1,,"{""MARCA"":[""GERBER""],""CATEGORIA"":[""Alimentos""]}","[""Alimentos""]",NULL,https://riba.app/imgrs/THUMBS%20500X500/264886.JPG,0,0,"[""83""]",228.000,2026-05-08 9:49:16
1500000303,GERBER 1FD BUTTERNUTH SQUASH,GERBER 1FD BUTTERNUTH SQUASH,GERBER 1FD BUTTERNUTH SQUASH,insert,1,https://riba.app/imgrs/THUMBS%20500X500/266325.JPG,tabs/detalle-producto/266325,228.000,228.000,228.000,USD,1,,"{""MARCA"":[""GERBER""],""CATEGORIA"":[""Alimentos""]}","[""Alimentos""]",NULL,https://riba.app/imgrs/THUMBS%20500X500/266325.JPG,0,0,"[""83""]",228.000,2026-05-08 9:49:16
1500000306,GERBER 2 PACK PEAR,GERBER 2 PACK PEAR,GERBER 2 PACK PEAR,insert,1,https://riba.app/imgrs/THUMBS%20500X500/354523.JPG,tabs/detalle-producto/354523,228.000,228.000,228.000,USD,1,,"{""MARCA"":[""GERBER""],""CATEGORIA"":[""Alimentos""]}","[""Alimentos""]",NULL,https://riba.app/imgrs/THUMBS%20500X500/354523.JPG,0,0,"[""83""]",228.000,2026-05-08 9:49:16
1500000307,GERBER 1 FD PEAS,GERBER 1 FD PEAS,GERBER 1 FD PEAS,insert,1,https://riba.app/imgrs/THUMBS%20500X500/264887.JPG,tabs/detalle-producto/264887,228.000,228.000,228.000,USD,1,,"{""MARCA"":[""GERBER""],""CATEGORIA"":[""Alimentos""]}","[""Alimentos""]",NULL,https://riba.app/imgrs/THUMBS%20500X500/264887.JPG,0,0,"[""83""]",228.000,2026-05-08 9:49:16
1500000308,GERBER 1 FD SWT POTATO,GERBER 1 FD SWT POTATO,GERBER 1 FD SWT POTATO,insert,1,https://riba.app/imgrs/THUMBS%20500X500/264888.JPG,tabs/detalle-producto/264888,228.000,228.000,228.000,USD,1,,"{""MARCA"":[""GERBER""],""CATEGORIA"":[""Alimentos""]}","[""Alimentos""]",NULL,https://riba.app/imgrs/THUMBS%20500X500/264888.JPG,0,0,"[""83""]",228.000,2026-05-08 9:49:16
1500000311,1ST FOOD BANANA,1ST FOOD BANANA,1ST FOOD BANANA,insert,1,https://riba.app/imgrs/THUMBS%20500X500/265576.JPG,tabs/detalle-producto/265576,228.000,228.000,228.000,USD,1,,"{""MARCA"":[""GERBER""],""CATEGORIA"":[""Alimentos""]}","[""Alimentos""]",NULL,https://riba.app/imgrs/THUMBS%20500X500/265576.JPG,0,0,"[""83""]",228.000,2026-05-08 9:49:16
1500000595,GERBR ANIMAL CRACKERS,GERBR ANIMAL CRACKERS,GERBR ANIMAL CRACKERS,insert,1,https://riba.app/imgrs/THUMBS%20500X500/189620.JPG,tabs/detalle-producto/189620,565.000,565.000,565.000,USD,1,,"{""MARCA"":[""GERBER""],""CATEGORIA"":[""Alimentos""]}","[""Alimentos""]",NULL,https://riba.app/imgrs/THUMBS%20500X500/189620.JPG,0,0,"[""83""]",565.000,2026-05-08 9:49:16
1500000596,GERBR GRADUATE ARROWROOT COOKI,GERBR GRADUATE ARROWROOT COOKI,GERBR GRADUATE ARROWROOT COOKI,insert,1,https://riba.app/imgrs/THUMBS%20500X500/188702.JPG,tabs/detalle-producto/188702,565.000,565.000,565.000,USD,1,,"{""MARCA"":[""GERBER""],""CATEGORIA"":[""Alimentos""]}","[""Alimentos""]",NULL,https://riba.app/imgrs/THUMBS%20500X500/188702.JPG,0,0,"[""83""]",565.000,2026-05-08 9:49:16
1500000785,APPLE JUICE PRUNE,APPLE JUICE PRUNE,APPLE JUICE PRUNE,insert,1,https://riba.app/imgrs/THUMBS%20500X500/264889.JPG,tabs/detalle-producto/264889,525.000,525.000,525.000,USD,1,,"{""MARCA"":[""GERBER""],""CATEGORIA"":[""Alimentos""]}","[""Alimentos""]",NULL,https://riba.app/imgrs/THUMBS%20500X500/264889.JPG,0,0,"[""83""]",525.000,2026-05-08 9:49:16
1500001252,GERBER STRAWBERRY KIWI,GERBER STRAWBERRY KIWI,GERBER STRAWBERRY KIWI,insert,1,https://riba.app/imgrs/THUMBS%20500X500/205570.JPG,tabs/detalle-producto/205570,475.000,475.000,475.000,USD,1,,"{""MARCA"":[""GERBER""],""CATEGORIA"":[""Alimentos""]}","[""Alimentos""]",NULL,https://riba.app/imgrs/THUMBS%20500X500/205570.JPG,0,0,"[""83""]",475.000,2026-05-08 9:49:16
1500004474,GERBER APPLE PEAR PEACH,GERBER APPLE PEAR PEACH,GERBER APPLE PEAR PEACH,insert,1,https://riba.app/imgrs/THUMBS%20500X500/265082.JPG,tabs/detalle-producto/265082,260.000,260.000,260.000,USD,1,,"{""MARCA"":[""GERBER""],""CATEGORIA"":[""Alimentos""]}","[""Alimentos""]",NULL,https://riba.app/imgrs/THUMBS%20500X500/265082.JPG,0,0,"[""83""]",260.000,2026-05-08 9:49:16
1500004521,FRUIT PUFFS BANANA,FRUIT PUFFS BANANA,FRUIT PUFFS BANANA,insert,1,https://riba.app/imgrs/THUMBS%20500X500/127494.JPG,tabs/detalle-producto/127494,535.000,535.000,535.000,USD,1,,"{""MARCA"":[""GERBER""],""CATEGORIA"":[""Alimentos""]}","[""Alimentos""]",NULL,https://riba.app/imgrs/THUMBS%20500X500/127494.JPG,0,0,"[""83""]",535.000,2026-05-08 9:49:16
1500004525,GRAD FINGER FOODS PEACH P,GRAD FINGER FOODS PEACH P,GRAD FINGER FOODS PEACH P,insert,1,https://riba.app/imgrs/THUMBS%20500X500/137633.JPG,tabs/detalle-producto/137633,535.000,535.000,535.000,USD,1,,"{""MARCA"":[""GERBER""],""CATEGORIA"":[""Alimentos""]}","[""Alimentos""]",NULL,https://riba.app/imgrs/THUMBS%20500X500/137633.JPG,0,0,"[""83""]",535.000,2026-05-08 9:49:16
1500004526,GRAD FINGER FOODS APPLE CINN,GRAD FINGER FOODS APPLE CINN,GRAD FINGER FOODS APPLE CINN,insert,1,https://riba.app/imgrs/THUMBS%20500X500/137632.JPG,tabs/detalle-producto/137632,495.000,495.000,495.000,USD,1,,"{""MARCA"":[""GERBER""],""CATEGORIA"":[""Alimentos""]}","[""Alimentos""]",NULL,https://riba.app/imgrs/THUMBS%20500X500/137632.JPG,0,0,"[""83""]",495.000,2026-05-08 9:49:16
1500004535,GERBER CEREAL APLE CIN ,GERBER CEREAL APLE CIN ,GERBER CEREAL APLE CIN ,insert,1,https://riba.app/imgrs/THUMBS%20500X500/205449.JPG,tabs/detalle-producto/205449,404.000,404.000,404.000,USD,1,,"{""MARCA"":[""GERBER""],""CATEGORIA"":[""Alimentos""]}","[""Alimentos""]",NULL,https://riba.app/imgrs/THUMBS%20500X500/205449.JPG,0,0,"[""83""]",404.000,2026-05-08 9:49:16
1500004791,FRUIT BERRY BLEND VEGG MELTS,FRUIT BERRY BLEND VEGG MELTS,FRUIT BERRY BLEND VEGG MELTS,insert,1,https://riba.app/imgrs/THUMBS%20500X500/205447.JPG,tabs/detalle-producto/205447,635.000,635.000,635.000,USD,1,,"{""MARCA"":[""GERBER""],""CATEGORIA"":[""Alimentos""]}","[""Alimentos""]",NULL,https://riba.app/imgrs/THUMBS%20500X500/205447.JPG,0,0,"[""83""]",635.000,2026-05-08 9:49:16
1500004830,GERBER GRADUATE CRUNCH CHEDDAR,GERBER GRADUATE CRUNCH CHEDDAR,GERBER GRADUATE CRUNCH CHEDDAR,insert,1,https://riba.app/imgrs/THUMBS%20500X500/179153.JPG,tabs/detalle-producto/179153,475.000,475.000,475.000,USD,1,,"{""MARCA"":[""GERBER""],""CATEGORIA"":[""Alimentos""]}","[""Alimentos""]",NULL,https://riba.app/imgrs/THUMBS%20500X500/179153.JPG,0,0,"[""83""]",475.000,2026-05-08 9:49:16
1500004831,GER CRUNCH VEGGIE DIP,GER CRUNCH VEGGIE DIP,GER CRUNCH VEGGIE DIP,insert,1,https://riba.app/imgrs/THUMBS%20500X500/199716.JPG,tabs/detalle-producto/199716,465.000,465.000,465.000,USD,1,,"{""MARCA"":[""GERBER""],""CATEGORIA"":[""Alimentos""]}","[""Alimentos""]",NULL,https://riba.app/imgrs/THUMBS%20500X500/199716.JPG,0,0,"[""83""]",465.000,2026-05-08 9:49:16
1500004832,GER CRUNCH GARDEN TOMATO,GER CRUNCH GARDEN TOMATO,GER CRUNCH GARDEN TOMATO,insert,1,https://riba.app/imgrs/THUMBS%20500X500/199717.JPG,tabs/detalle-producto/199717,465.000,465.000,465.000,USD,1,,"{""MARCA"":[""GERBER""],""CATEGORIA"":[""Alimentos""]}","[""Alimentos""]",NULL,https://riba.app/imgrs/THUMBS%20500X500/199717.JPG,0,0,"[""83""]",465.000,2026-05-08 9:49:16
1500004836,GRADUATES LIL CRUNCH RANCH,GRADUATES LIL CRUNCH RANCH,GRADUATES LIL CRUNCH RANCH,insert,1,https://riba.app/imgrs/THUMBS%20500X500/227189.JPG,tabs/detalle-producto/227189,475.000,475.000,475.000,USD,1,,"{""MARCA"":[""GERBER""],""CATEGORIA"":[""Alimentos""]}","[""Alimentos""]",NULL,https://riba.app/imgrs/THUMBS%20500X500/227189.JPG,0,0,"[""83""]",475.000,2026-05-08 9:49:16
1500007001,GERBER 1FD OATMEAL CEREAL ,GERBER 1FD OATMEAL CEREAL ,GERBER 1FD OATMEAL CEREAL ,insert,1,https://riba.app/imgrs/THUMBS%20500X500/205413.JPG,tabs/detalle-producto/205413,595.000,595.000,595.000,USD,1,,"{""MARCA"":[""GERBER""],""CATEGORIA"":[""Alimentos""]}","[""Alimentos""]",NULL,https://riba.app/imgrs/THUMBS%20500X500/205413.JPG,0,0,"[""83""]",595.000,2026-05-08 9:49:16
1500007003,GRAIN & GROW MULTIGRAIN CEREAL,GRAIN & GROW MULTIGRAIN CEREAL,GRAIN & GROW MULTIGRAIN CEREAL,insert,1,https://riba.app/imgrs/THUMBS%20500X500/346402.JPG,tabs/detalle-producto/346402,595.000,595.000,595.000,USD,1,,"{""MARCA"":[""GERBER""],""CATEGORIA"":[""Alimentos""]}","[""Alimentos""]",NULL,https://riba.app/imgrs/THUMBS%20500X500/346402.JPG,0,0,"[""83""]",595.000,2026-05-08 9:49:16
1500007008,PROBIOTIC OATMEAL BANANA,PROBIOTIC OATMEAL BANANA,PROBIOTIC OATMEAL BANANA,insert,1,https://riba.app/imgrs/THUMBS%20500X500/346404.JPG,tabs/detalle-producto/346404,635.000,635.000,635.000,USD,1,,"{""MARCA"":[""GERBER""],""CATEGORIA"":[""Alimentos""]}","[""Alimentos""]",NULL,https://riba.app/imgrs/THUMBS%20500X500/346404.JPG,0,0,"[""83""]",635.000,2026-05-08 9:49:16
1500007021,GERB ORGANIC OATMEAL CEREAL,GERB ORGANIC OATMEAL CEREAL,GERB ORGANIC OATMEAL CEREAL,insert,1,https://riba.app/imgrs/THUMBS%20500X500/229459.JPG,tabs/detalle-producto/229459,600.000,600.000,600.000,USD,1,,"{""MARCA"":[""GERBER""],""CATEGORIA"":[""Alimentos""]}","[""Alimentos""]",NULL,https://riba.app/imgrs/THUMBS%20500X500/229459.JPG,0,0,"[""83""]",600.000,2026-05-08 9:49:16
1500007031,GRAIN & GROW BANA STRAWB OATME,GRAIN & GROW BANA STRAWB OATME,GRAIN & GROW BANA STRAWB OATME,insert,1,https://riba.app/imgrs/THUMBS%20500X500/346406.JPG,tabs/detalle-producto/346406,600.000,600.000,600.000,USD,1,,"{""MARCA"":[""GERBER""],""CATEGORIA"":[""Alimentos""]}","[""Alimentos""]",NULL,https://riba.app/imgrs/THUMBS%20500X500/346406.JPG,0,0,"[""83""]",600.000,2026-05-08 9:49:16
1500007035,GRAIN & GROW HEARTY BITS MULTI,GRAIN & GROW HEARTY BITS MULTI,GRAIN & GROW HEARTY BITS MULTI,insert,1,https://riba.app/imgrs/THUMBS%20500X500/346407.JPG,tabs/detalle-producto/346407,589.000,589.000,589.000,USD,1,,"{""MARCA"":[""GERBER""],""CATEGORIA"":[""Alimentos""]}","[""Alimentos""]",NULL,https://riba.app/imgrs/THUMBS%20500X500/346407.JPG,0,0,"[""83""]",589.000,2026-05-08 9:49:16
1500007302,GERBR 2FD VEGETAB CHICKEN,GERBR 2FD VEGETAB CHICKEN,GERBR 2FD VEGETAB CHICKEN,insert,1,https://riba.app/imgrs/THUMBS%20500X500/205587.JPG,tabs/detalle-producto/205587,340.000,340.000,340.000,USD,1,,"{""MARCA"":[""GERBER""],""CATEGORIA"":[""Alimentos""]}","[""Alimentos""]",NULL,https://riba.app/imgrs/THUMBS%20500X500/205587.JPG,0,0,"[""83""]",340.000,2026-05-08 9:49:16
1500007364,GERBER 2FD CHICKEN & RICE,GERBER 2FD CHICKEN & RICE,GERBER 2FD CHICKEN & RICE,insert,1,https://riba.app/imgrs/THUMBS%20500X500/205585.JPG,tabs/detalle-producto/205585,340.000,340.000,340.000,USD,1,,"{""MARCA"":[""GERBER""],""CATEGORIA"":[""Alimentos""]}","[""Alimentos""]",NULL,https://riba.app/imgrs/THUMBS%20500X500/205585.JPG,0,0,"[""83""]",340.000,2026-05-08 9:49:16
1500007367,GERBER 2FD APPLE & MANGO RICE,GERBER 2FD APPLE & MANGO RICE,GERBER 2FD APPLE & MANGO RICE,insert,1,https://riba.app/imgrs/THUMBS%20500X500/173666.JPG,tabs/detalle-producto/173666,288.000,288.000,288.000,USD,1,,"{""MARCA"":[""GERBER""],""CATEGORIA"":[""Alimentos""]}","[""Alimentos""]",NULL,https://riba.app/imgrs/THUMBS%20500X500/173666.JPG,0,0,"[""83""]",288.000,2026-05-08 9:49:16
1500007368,GERBER 2FD APPLE BAN MIX CR,GERBER 2FD APPLE BAN MIX CR,GERBER 2FD APPLE BAN MIX CR,insert,1,https://riba.app/imgrs/THUMBS%20500X500/173661.JPG,tabs/detalle-producto/173661,288.000,288.000,288.000,USD,1,,"{""MARCA"":[""GERBER""],""CATEGORIA"":[""Alimentos""]}","[""Alimentos""]",NULL,https://riba.app/imgrs/THUMBS%20500X500/173661.JPG,0,0,"[""83""]",288.000,2026-05-08 9:49:16
1500007369,GERB 2ND FDS BLEND FRUT W OATM,GERB 2ND FDS BLEND FRUT W OATM,GERB 2ND FDS BLEND FRUT W OATM,insert,1,https://riba.app/imgrs/THUMBS%20500X500/174871.JPG,tabs/detalle-producto/174871,339.000,339.000,339.000,USD,1,,"{""MARCA"":[""GERBER""],""CATEGORIA"":[""Alimentos""]}","[""Alimentos""]",NULL,https://riba.app/imgrs/THUMBS%20500X500/174871.JPG,0,0,"[""83""]",339.000,2026-05-08 9:49:16
1500007600,GERBER 2ND CARROTS,GERBER 2ND CARROTS,GERBER 2ND CARROTS,insert,1,https://riba.app/imgrs/THUMBS%20500X500/231487.JPG,tabs/detalle-producto/231487,284.000,284.000,284.000,USD,1,,"{""MARCA"":[""GERBER""],""CATEGORIA"":[""Alimentos""]}","[""Alimentos""]",NULL,https://riba.app/imgrs/THUMBS%20500X500/231487.JPG,0,0,"[""83""]",284.000,2026-05-08 9:49:16
1500007602,GERBER 2ND PEAS,GERBER 2ND PEAS,GERBER 2ND PEAS,insert,1,https://riba.app/imgrs/THUMBS%20500X500/231737.JPG,tabs/detalle-producto/231737,320.000,320.000,320.000,USD,1,,"{""MARCA"":[""GERBER""],""CATEGORIA"":[""Alimentos""]}","[""Alimentos""]",NULL,https://riba.app/imgrs/THUMBS%20500X500/231737.JPG,0,0,"[""83""]",320.000,2026-05-08 9:49:16
1500007603,GERBER 2ND CALABAZA,GERBER 2ND CALABAZA,GERBER 2ND CALABAZA,insert,1,https://riba.app/imgrs/THUMBS%20500X500/230887.JPG,tabs/detalle-producto/230887,320.000,320.000,320.000,USD,1,,"{""MARCA"":[""GERBER""],""CATEGORIA"":[""Alimentos""]}","[""Alimentos""]",NULL,https://riba.app/imgrs/THUMBS%20500X500/230887.JPG,0,0,"[""83""]",320.000,2026-05-08 9:49:16
1500007605,BANANAS BABY FOOD 2ND FOODS,BANANAS BABY FOOD 2ND FOODS,BANANAS BABY FOOD 2ND FOODS,insert,1,https://riba.app/imgrs/THUMBS%20500X500/228115.JPG,tabs/detalle-producto/228115,320.000,320.000,320.000,USD,1,,"{""MARCA"":[""GERBER""],""CATEGORIA"":[""Alimentos""]}","[""Alimentos""]",NULL,https://riba.app/imgrs/THUMBS%20500X500/228115.JPG,0,0,"[""83""]",320.000,2026-05-08 9:49:16
1500007606,GERBER 2ND PEARS,GERBER 2ND PEARS,GERBER 2ND PEARS,insert,1,https://riba.app/imgrs/THUMBS%20500X500/230919.JPG,tabs/detalle-producto/230919,288.000,288.000,288.000,USD,1,,"{""MARCA"":[""GERBER""],""CATEGORIA"":[""Alimentos""]}","[""Alimentos""]",NULL,https://riba.app/imgrs/THUMBS%20500X500/230919.JPG,0,0,"[""83""]",288.000,2026-05-08 9:49:16
1500007607,GERBER APPLE ALL NATURAL,GERBER APPLE ALL NATURAL,GERBER APPLE ALL NATURAL,insert,1,https://riba.app/imgrs/THUMBS%20500X500/228661.JPG,tabs/detalle-producto/228661,320.000,320.000,320.000,USD,1,,"{""MARCA"":[""GERBER""],""CATEGORIA"":[""Alimentos""]}","[""Alimentos""]",NULL,https://riba.app/imgrs/THUMBS%20500X500/228661.JPG,0,0,"[""83""]",320.000,2026-05-08 9:49:16
1500007608,GERBER 2FD APPLE BLUEBERRY,GERBER 2FD APPLE BLUEBERRY,GERBER 2FD APPLE BLUEBERRY,insert,1,https://riba.app/imgrs/THUMBS%20500X500/230590.JPG,tabs/detalle-producto/230590,284.000,284.000,284.000,USD,1,,"{""MARCA"":[""GERBER""],""CATEGORIA"":[""Alimentos""]}","[""Alimentos""]",NULL,https://riba.app/imgrs/THUMBS%20500X500/230590.JPG,0,0,"[""83""]",284.000,2026-05-08 9:49:16
1500007610,BANANA MIXED BERRIES,BANANA MIXED BERRIES,BANANA MIXED BERRIES,insert,1,https://riba.app/imgrs/THUMBS%20500X500/227875.JPG,tabs/detalle-producto/227875,320.000,320.000,320.000,USD,1,,"{""MARCA"":[""GERBER""],""CATEGORIA"":[""Alimentos""]}","[""Alimentos""]",NULL,https://riba.app/imgrs/THUMBS%20500X500/227875.JPG,0,0,"[""83""]",320.000,2026-05-08 9:49:16
1500007642,GERBER 2ND BANANA APPLES PEARS,GERBER 2ND BANANA APPLES PEARS,GERBER 2ND BANANA APPLES PEARS,insert,1,https://riba.app/imgrs/THUMBS%20500X500/230889.JPG,tabs/detalle-producto/230889,320.000,320.000,320.000,USD,1,,"{""MARCA"":[""GERBER""],""CATEGORIA"":[""Alimentos""]}","[""Alimentos""]",NULL,https://riba.app/imgrs/THUMBS%20500X500/230889.JPG,0,0,"[""83""]",320.000,2026-05-08 9:49:16
1500007643,2FD GARDEN VEGETABLE,2FD GARDEN VEGETABLE,2FD GARDEN VEGETABLE,insert,1,https://riba.app/imgrs/THUMBS%20500X500/230160.JPG,tabs/detalle-producto/230160,320.000,320.000,320.000,USD,1,,"{""MARCA"":[""GERBER""],""CATEGORIA"":[""Alimentos""]}","[""Alimentos""]",NULL,https://riba.app/imgrs/THUMBS%20500X500/230160.JPG,0,0,"[""83""]",320.000,2026-05-08 9:49:16
1500007665,APPLES AND CHERRIES,APPLES AND CHERRIES,APPLES AND CHERRIES,insert,1,https://riba.app/imgrs/THUMBS%20500X500/227515.JPG,tabs/detalle-producto/227515,320.000,320.000,320.000,USD,1,,"{""MARCA"":[""GERBER""],""CATEGORIA"":[""Alimentos""]}","[""Alimentos""]",NULL,https://riba.app/imgrs/THUMBS%20500X500/227515.JPG,0,0,"[""83""]",320.000,2026-05-08 9:49:16
1500007667,GERBER BANANA CIRUELA Y UVAS,GERBER BANANA CIRUELA Y UVAS,GERBER BANANA CIRUELA Y UVAS,insert,1,https://riba.app/imgrs/THUMBS%20500X500/230994.JPG,tabs/detalle-producto/230994,328.000,328.000,328.000,USD,1,,"{""MARCA"":[""GERBER""],""CATEGORIA"":[""Alimentos""]}","[""Alimentos""]",NULL,https://riba.app/imgrs/THUMBS%20500X500/230994.JPG,0,0,"[""83""]",328.000,2026-05-08 9:49:16
1500007671,BANANA ORANGE MEDLEY,BANANA ORANGE MEDLEY,BANANA ORANGE MEDLEY,insert,1,https://riba.app/imgrs/THUMBS%20500X500/227561.JPG,tabs/detalle-producto/227561,320.000,320.000,320.000,USD,1,,"{""MARCA"":[""GERBER""],""CATEGORIA"":[""Alimentos""]}","[""Alimentos""]",NULL,https://riba.app/imgrs/THUMBS%20500X500/227561.JPG,0,0,"[""83""]",320.000,2026-05-08 9:49:16
1500007673,GERBER MIXED VEGETABLE,GERBER MIXED VEGETABLE,GERBER MIXED VEGETABLE,insert,1,https://riba.app/imgrs/THUMBS%20500X500/230161.JPG,tabs/detalle-producto/230161,320.000,320.000,320.000,USD,1,,"{""MARCA"":[""GERBER""],""CATEGORIA"":[""Alimentos""]}","[""Alimentos""]",NULL,https://riba.app/imgrs/THUMBS%20500X500/230161.JPG,0,0,"[""83""]",320.000,2026-05-08 9:49:16
1500007675,GERBER PEAR PINEAPPLE,GERBER PEAR PINEAPPLE,GERBER PEAR PINEAPPLE,insert,1,https://riba.app/imgrs/THUMBS%20500X500/229427.JPG,tabs/detalle-producto/229427,288.000,288.000,288.000,USD,1,,"{""MARCA"":[""GERBER""],""CATEGORIA"":[""Alimentos""]}","[""Alimentos""]",NULL,https://riba.app/imgrs/THUMBS%20500X500/229427.JPG,0,0,"[""83""]",288.000,2026-05-08 9:49:16
1500007677,GERBER 2ND PRUNES W APPLES,GERBER 2ND PRUNES W APPLES,GERBER 2ND PRUNES W APPLES,insert,1,https://riba.app/imgrs/THUMBS%20500X500/232459.JPG,tabs/detalle-producto/232459,320.000,320.000,320.000,USD,1,,"{""MARCA"":[""GERBER""],""CATEGORIA"":[""Alimentos""]}","[""Alimentos""]",NULL,https://riba.app/imgrs/THUMBS%20500X500/232459.JPG,0,0,"[""83""]",320.000,2026-05-08 9:49:16
1500007679,GERBER 2FOOD POT&CORN,GERBER 2FOOD POT&CORN,GERBER 2FOOD POT&CORN,insert,1,https://riba.app/imgrs/THUMBS%20500X500/230594.JPG,tabs/detalle-producto/230594,288.000,288.000,288.000,USD,1,,"{""MARCA"":[""GERBER""],""CATEGORIA"":[""Alimentos""]}","[""Alimentos""]",NULL,https://riba.app/imgrs/THUMBS%20500X500/230594.JPG,0,0,"[""83""]",288.000,2026-05-08 9:49:16
1714588442,ANIMAL SNACK O SPHERE,ANIMAL SNACK O SPHERE,ANIMAL SNACK O SPHERE,insert,1,https://riba.app/imgrs/THUMBS%20500X500/334800.JPG,tabs/detalle-producto/334800,439.000,439.000,439.000,USD,1,,"{""MARCA"":[""EVRIHOLDER""],""CATEGORIA"":[""Utensilios De Bebe""]}","[""Utensilios De Bebe""]",NULL,https://riba.app/imgrs/THUMBS%20500X500/334800.JPG,0,0,"[""85""]",439.000,2026-05-08 9:49:16
1871840274,SIP LIQUIDO LIMP BIBERON 800ML,SIP LIQUIDO LIMP BIBERON 800ML,SIP LIQUIDO LIMP BIBERON 800ML,insert,1,https://riba.app/imgrs/THUMBS%20500X500/280771.JPG,tabs/detalle-producto/280771,334.000,334.000,334.000,USD,1,,"{""MARCA"":[""SIP""],""CATEGORIA"":[""Utensilios De Bebe""]}","[""Utensilios De Bebe""]",NULL,https://riba.app/imgrs/THUMBS%20500X500/280771.JPG,0,0,"[""85""]",334.000,2026-05-08 9:49:16
1871840278,LIMPIA BIBERON SIP BEBE,LIMPIA BIBERON SIP BEBE,LIMPIA BIBERON SIP BEBE,insert,1,https://riba.app/imgrs/THUMBS%20500X500/346562.JPG,tabs/detalle-producto/346562,625.000,625.000,625.000,USD,1,,"{""MARCA"":[""SIP""],""CATEGORIA"":[""Utensilios De Bebe""]}","[""Utensilios De Bebe""]",NULL,https://riba.app/imgrs/THUMBS%20500X500/346562.JPG,0,0,"[""85""]",625.000,2026-05-08 9:49:16
1871840279,LIMPIADOR DE BIBERON SIP BEBE,LIMPIADOR DE BIBERON SIP BEBE,LIMPIADOR DE BIBERON SIP BEBE,insert,1,https://riba.app/imgrs/THUMBS%20500X500/346439.JPG,tabs/detalle-producto/346439,282.000,282.000,282.000,USD,1,,"{""MARCA"":[""SIP""],""CATEGORIA"":[""Utensilios De Bebe""]}","[""Utensilios De Bebe""]",NULL,https://riba.app/imgrs/THUMBS%20500X500/346439.JPG,0,0,"[""85""]",282.000,2026-05-08 9:49:16
2110885,ANNIE´S ORGANIC APPLE FRUIT SA,ANNIE´S ORGANIC APPLE FRUIT SA,ANNIE´S ORGANIC APPLE FRUIT SA,insert,1,https://riba.app/imgrs/THUMBS%20500X500/348093.JPG,tabs/detalle-producto/348093,115.000,115.000,115.000,USD,1,,"{""MARCA"":[""ANNIE´S""],""CATEGORIA"":[""Alimentos""]}","[""Alimentos""]",NULL,https://riba.app/imgrs/THUMBS%20500X500/348093.JPG,0,0,"[""83""]",115.000,2026-05-08 9:49:16
2110886,ANNIE'S APPLE CARROT,ANNIE'S APPLE CARROT,ANNIE'S APPLE CARROT,insert,1,https://riba.app/imgrs/THUMBS%20500X500/348090.JPG,tabs/detalle-producto/348090,115.000,115.000,115.000,USD,1,,"{""MARCA"":[""ANNIE´S""],""CATEGORIA"":[""Alimentos""]}","[""Alimentos""]",NULL,https://riba.app/imgrs/THUMBS%20500X500/348090.JPG,0,0,"[""83""]",115.000,2026-05-08 9:49:16
2392310060,FORMULA SENSITIVI EARTHS BEST,FORMULA SENSITIVI EARTHS BEST,FORMULA SENSITIVI EARTHS BEST,insert,1,https://riba.app/imgrs/THUMBS%20500X500/308990.JPG,tabs/detalle-producto/308990,4.500.000,4.500.000,4.500.000,USD,1,,"{""MARCA"":[""EARTHS BEST""],""CATEGORIA"":[""Alimentos""]}","[""Alimentos""]",NULL,https://riba.app/imgrs/THUMBS%20500X500/308990.JPG,0,0,"[""83""]",4.500.000,2026-05-08 9:49:16
2392320196,SNACK BARS STRAWBERRY,SNACK BARS STRAWBERRY,SNACK BARS STRAWBERRY,insert,1,https://riba.app/imgrs/THUMBS%20500X500/224579.JPG,tabs/detalle-producto/224579,530.000,530.000,530.000,USD,1,,"{""MARCA"":[""EARTHS BEST""],""CATEGORIA"":[""Alimentos""]}","[""Alimentos""]",NULL,https://riba.app/imgrs/THUMBS%20500X500/224579.JPG,0,0,"[""83""]",530.000,2026-05-08 9:49:16
2392320209,COOKIE VERY VANILLA ,COOKIE VERY VANILLA ,COOKIE VERY VANILLA ,insert,1,https://riba.app/imgrs/THUMBS%20500X500/297959.JPG,tabs/detalle-producto/297959,653.000,653.000,653.000,USD,1,,"{""MARCA"":[""EARTHS BEST""],""CATEGORIA"":[""Alimentos""]}","[""Alimentos""]",NULL,https://riba.app/imgrs/THUMBS%20500X500/297959.JPG,0,0,"[""83""]",653.000,2026-05-08 9:49:16
2392320379,EARTB BRKST BISCT BLUEBERRY ,EARTB BRKST BISCT BLUEBERRY ,EARTB BRKST BISCT BLUEBERRY ,insert,1,https://riba.app/imgrs/THUMBS%20500X500/297952.JPG,tabs/detalle-producto/297952,628.000,628.000,628.000,USD,1,,"{""MARCA"":[""EARTHS BEST""],""CATEGORIA"":[""Alimentos""]}","[""Alimentos""]",NULL,https://riba.app/imgrs/THUMBS%20500X500/297952.JPG,0,0,"[""83""]",628.000,2026-05-08 9:49:16
2392333002,ORG SWEET POTATO  APPLE,ORG SWEET POTATO  APPLE,ORG SWEET POTATO  APPLE,insert,1,https://riba.app/imgrs/THUMBS%20500X500/299184.JPG,tabs/detalle-producto/299184,294.000,294.000,294.000,USD,1,,"{""MARCA"":[""EARTHS BEST""],""CATEGORIA"":[""Alimentos""]}","[""Alimentos""]",NULL,https://riba.app/imgrs/THUMBS%20500X500/299184.JPG,0,0,"[""83""]",294.000,2026-05-08 9:49:16
2392333012,ORGANIC FRUIT YOGURT SMOOTHIE,ORGANIC FRUIT YOGURT SMOOTHIE,ORGANIC FRUIT YOGURT SMOOTHIE,insert,1,https://riba.app/imgrs/THUMBS%20500X500/297961.JPG,tabs/detalle-producto/297961,308.000,308.000,308.000,USD,1,,"{""MARCA"":[""EARTHS BEST""],""CATEGORIA"":[""Alimentos""]}","[""Alimentos""]",NULL,https://riba.app/imgrs/THUMBS%20500X500/297961.JPG,0,0,"[""83""]",308.000,2026-05-08 9:49:16
2392340110,APPLE ORANGE ORG ELECTRO JUICE,APPLE ORANGE ORG ELECTRO JUICE,APPLE ORANGE ORG ELECTRO JUICE,insert,1,https://riba.app/imgrs/THUMBS%20500X500/299187.JPG,tabs/detalle-producto/299187,1.016.000,1.016.000,1.016.000,USD,1,,"{""MARCA"":[""EARTHS BEST""],""CATEGORIA"":[""Alimentos""]}","[""Alimentos""]",NULL,https://riba.app/imgrs/THUMBS%20500X500/299187.JPG,0,0,"[""83""]",1.016.000,2026-05-08 9:49:16
2392341306,ORG BLUEB BANANA PUREE,ORG BLUEB BANANA PUREE,ORG BLUEB BANANA PUREE,insert,1,https://riba.app/imgrs/THUMBS%20500X500/297134.JPG,tabs/detalle-producto/297134,294.000,294.000,294.000,USD,1,,"{""MARCA"":[""EARTHS BEST""],""CATEGORIA"":[""Alimentos""]}","[""Alimentos""]",NULL,https://riba.app/imgrs/THUMBS%20500X500/297134.JPG,0,0,"[""83""]",294.000,2026-05-08 9:49:16
2392390002,CEREAL EBEST ORGANIC MULTIGRAN,CEREAL EBEST ORGANIC MULTIGRAN,CEREAL EBEST ORGANIC MULTIGRAN,insert,1,https://riba.app/imgrs/THUMBS%20500X500/308991.JPG,tabs/detalle-producto/308991,810.000,810.000,810.000,USD,1,,"{""MARCA"":[""EARTHS BEST""],""CATEGORIA"":[""Alimentos""]}","[""Alimentos""]",NULL,https://riba.app/imgrs/THUMBS%20500X500/308991.JPG,0,0,"[""83""]",810.000,2026-05-08 9:49:16
2392390017,E EARTHS BEST CEREAL OATMEAL,E EARTHS BEST CEREAL OATMEAL,E EARTHS BEST CEREAL OATMEAL,insert,1,https://riba.app/imgrs/THUMBS%20500X500/162361.JPG,tabs/detalle-producto/162361,810.000,810.000,810.000,USD,1,,"{""MARCA"":[""EARTHS BEST""],""CATEGORIA"":[""Alimentos""]}","[""Alimentos""]",NULL,https://riba.app/imgrs/THUMBS%20500X500/162361.JPG,0,0,"[""83""]",810.000,2026-05-08 9:49:16
2800014972,NESTL CERELAC TRIGO C LECHE,NESTL CERELAC TRIGO C LECHE,NESTL CERELAC TRIGO C LECHE,insert,1,https://riba.app/imgrs/THUMBS%20500X500/163916.JPG,tabs/detalle-producto/163916,886.000,886.000,886.000,USD,1,,"{""MARCA"":[""NESTUM""],""CATEGORIA"":[""Alimentos""]}","[""Alimentos""]",NULL,https://riba.app/imgrs/THUMBS%20500X500/163916.JPG,0,0,"[""83""]",886.000,2026-05-08 9:49:16
3077207331,WIPES SENSITIVE 84 UN,WIPES SENSITIVE 84 UN,WIPES SENSITIVE 84 UN,insert,1,https://riba.app/imgrs/THUMBS%20500X500/330965.JPG,tabs/detalle-producto/330965,592.000,592.000,592.000,USD,1,,"{""MARCA"":[""PAMPERS""],""CATEGORIA"":[""Cuidado Personal""]}","[""Cuidado Personal""]",NULL,https://riba.app/imgrs/THUMBS%20500X500/330965.JPG,0,0,"[""82""]",592.000,2026-05-08 9:49:16
3077209108,PANAL PAMPERS BDRY SUPER S7,PANAL PAMPERS BDRY SUPER S7,PANAL PAMPERS BDRY SUPER S7,insert,1,https://riba.app/imgrs/THUMBS%20500X500/330783.JPG,tabs/detalle-producto/330783,3.092.000,3.092.000,3.092.000,USD,1,,"{""MARCA"":[""PAMPERS""],""CATEGORIA"":[""Pañales""]}","[""Pañales""]",NULL,https://riba.app/imgrs/THUMBS%20500X500/330783.JPG,0,0,"[""84""]",3.092.000,2026-05-08 9:49:16
3077209756,PANAL SWAD S8 PAMPERS,PANAL SWAD S8 PAMPERS,PANAL SWAD S8 PAMPERS,insert,1,https://riba.app/imgrs/THUMBS%20500X500/350129.JPG,tabs/detalle-producto/350129,3.092.000,3.092.000,3.092.000,USD,1,,"{""MARCA"":[""PAMPERS""],""CATEGORIA"":[""Pañales""]}","[""Pañales""]",NULL,https://riba.app/imgrs/THUMBS%20500X500/350129.JPG,0,0,"[""84""]",3.092.000,2026-05-08 9:49:16
3077210433,TOALLITAS HUMEDAS PAMPERS 156U,TOALLITAS HUMEDAS PAMPERS 156U,TOALLITAS HUMEDAS PAMPERS 156U,insert,1,https://riba.app/imgrs/THUMBS%20500X500/359877.JPG,tabs/detalle-producto/359877,1.493.000,1.493.000,1.493.000,USD,1,,"{""MARCA"":[""PAMPERS""],""CATEGORIA"":[""Cuidado Personal""]}","[""Cuidado Personal""]",NULL,https://riba.app/imgrs/THUMBS%20500X500/359877.JPG,0,0,"[""82""]",1.493.000,2026-05-08 9:49:16
3077210434,TOALLITAS HUMEDAS PAMPERS,TOALLITAS HUMEDAS PAMPERS,TOALLITAS HUMEDAS PAMPERS,insert,1,https://riba.app/imgrs/THUMBS%20500X500/359876.JPG,tabs/detalle-producto/359876,761.000,761.000,761.000,USD,1,,"{""MARCA"":[""PAMPERS""],""CATEGORIA"":[""Cuidado Personal""]}","[""Cuidado Personal""]",NULL,https://riba.app/imgrs/THUMBS%20500X500/359876.JPG,0,0,"[""82""]",761.000,2026-05-08 9:49:16
3077213352,PANAL PAMPERS SWAD S6,PANAL PAMPERS SWAD S6,PANAL PAMPERS SWAD S6,insert,1,https://riba.app/imgrs/THUMBS%20500X500/356150.JPG,tabs/detalle-producto/356150,3.633.000,3.633.000,3.633.000,USD,1,,"{""MARCA"":[""PAMPERS""],""CATEGORIA"":[""Pañales""]}","[""Pañales""]",NULL,https://riba.app/imgrs/THUMBS%20500X500/356150.JPG,0,0,"[""84""]",3.633.000,2026-05-08 9:49:16
3077213353,PANAL PAMPERS SWAD S5,PANAL PAMPERS SWAD S5,PANAL PAMPERS SWAD S5,insert,1,https://riba.app/imgrs/THUMBS%20500X500/356149.JPG,tabs/detalle-producto/356149,3.633.000,3.633.000,3.633.000,USD,1,,"{""MARCA"":[""PAMPERS""],""CATEGORIA"":[""Pañales""]}","[""Pañales""]",NULL,https://riba.app/imgrs/THUMBS%20500X500/356149.JPG,0,0,"[""84""]",3.633.000,2026-05-08 9:49:16
3077213354,PANAL PAMPERS SWAD S4,PANAL PAMPERS SWAD S4,PANAL PAMPERS SWAD S4,insert,1,https://riba.app/imgrs/THUMBS%20500X500/356148.JPG,tabs/detalle-producto/356148,3.633.000,3.633.000,3.633.000,USD,1,,"{""MARCA"":[""PAMPERS""],""CATEGORIA"":[""Pañales""]}","[""Pañales""]",NULL,https://riba.app/imgrs/THUMBS%20500X500/356148.JPG,0,0,"[""84""]",3.633.000,2026-05-08 9:49:16
3077217063,PANAL PAMPERS SWAD S7,PANAL PAMPERS SWAD S7,PANAL PAMPERS SWAD S7,insert,1,https://riba.app/imgrs/THUMBS%20500X500/356151.JPG,tabs/detalle-producto/356151,3.633.000,3.633.000,3.633.000,USD,1,,"{""MARCA"":[""PAMPERS""],""CATEGORIA"":[""Pañales""]}","[""Pañales""]",NULL,https://riba.app/imgrs/THUMBS%20500X500/356151.JPG,0,0,"[""84""]",3.633.000,2026-05-08 9:49:16
350410502480,MUS BB CR CONTRA ROZADURA 123  ,MUS BB CR CONTRA ROZADURA 123  ,MUS BB CR CONTRA ROZADURA 123  ,insert,1,https://riba.app/imgrs/THUMBS%20500X500/232680.JPG,tabs/detalle-producto/232680,623.000,623.000,623.000,USD,1,,"{""MARCA"":[""MUSTELA""],""CATEGORIA"":[""Cuidado Personal""]}","[""Cuidado Personal""]",NULL,https://riba.app/imgrs/THUMBS%20500X500/232680.JPG,0,0,"[""82""]",623.000,2026-05-08 9:49:16
350410502587,CREMA CONTRA ROZADURAS  ,CREMA CONTRA ROZADURAS  ,CREMA CONTRA ROZADURAS  ,insert,1,https://riba.app/imgrs/THUMBS%20500X500/232679.JPG,tabs/detalle-producto/232679,901.000,901.000,901.000,USD,1,,"{""MARCA"":[""MUSTELA""],""CATEGORIA"":[""Cuidado Personal""]}","[""Cuidado Personal""]",NULL,https://riba.app/imgrs/THUMBS%20500X500/232679.JPG,0,0,"[""82""]",901.000,2026-05-08 9:49:16
350410502820,SHAMPOO SUAVE PIEL NORMAL ,SHAMPOO SUAVE PIEL NORMAL ,SHAMPOO SUAVE PIEL NORMAL ,insert,1,https://riba.app/imgrs/THUMBS%20500X500/265524.JPG,tabs/detalle-producto/265524,1.109.000,1.109.000,1.109.000,USD,1,,"{""MARCA"":[""MUSTELA""],""CATEGORIA"":[""Cuidado Personal""]}","[""Cuidado Personal""]",NULL,https://riba.app/imgrs/THUMBS%20500X500/265524.JPG,0,0,"[""82""]",1.109.000,2026-05-08 9:49:16
350410502843,MUS N SHAMPOO SUAVE 200ML,MUS N SHAMPOO SUAVE 200ML,MUS N SHAMPOO SUAVE 200ML,insert,1,https://riba.app/imgrs/THUMBS%20500X500/272042.JPG,tabs/detalle-producto/272042,870.000,870.000,870.000,USD,1,,"{""MARCA"":[""MUSTELA""],""CATEGORIA"":[""Cuidado Personal""]}","[""Cuidado Personal""]",NULL,https://riba.app/imgrs/THUMBS%20500X500/272042.JPG,0,0,"[""82""]",870.000,2026-05-08 9:49:16
350410503561,GEL DE BAÑO SUAVE PIEL NORMAL ,GEL DE BAÑO SUAVE PIEL NORMAL ,GEL DE BAÑO SUAVE PIEL NORMAL ,insert,1,https://riba.app/imgrs/THUMBS%20500X500/259769.JPG,tabs/detalle-producto/259769,1.427.000,1.427.000,1.427.000,USD,1,,"{""MARCA"":[""MUSTELA""],""CATEGORIA"":[""Cuidado Personal""]}","[""Cuidado Personal""]",NULL,https://riba.app/imgrs/THUMBS%20500X500/259769.JPG,0,0,"[""82""]",1.427.000,2026-05-08 9:49:16
350410503589,HYDRA BEBE CUERPO,HYDRA BEBE CUERPO,HYDRA BEBE CUERPO,insert,1,https://riba.app/imgrs/THUMBS%20500X500/213884.JPG,tabs/detalle-producto/213884,1.463.000,1.463.000,1.463.000,USD,1,,"{""MARCA"":[""MUSTELA""],""CATEGORIA"":[""Cuidado Personal""]}","[""Cuidado Personal""]",NULL,https://riba.app/imgrs/THUMBS%20500X500/213884.JPG,0,0,"[""82""]",1.463.000,2026-05-08 9:49:16
350410503610,JABON MUSTELA NUTRIPROTECTOR,JABON MUSTELA NUTRIPROTECTOR,JABON MUSTELA NUTRIPROTECTOR,insert,1,https://riba.app/imgrs/THUMBS%20500X500/347200.JPG,tabs/detalle-producto/347200,535.000,535.000,535.000,USD,1,,"{""MARCA"":[""MUSTELA""],""CATEGORIA"":[""Cuidado Personal""]}","[""Cuidado Personal""]",NULL,https://riba.app/imgrs/THUMBS%20500X500/347200.JPG,0,0,"[""82""]",535.000,2026-05-08 9:49:16
3600018342,LITTLE SWIMMERS M 8 11 S,LITTLE SWIMMERS M 8 11 S,LITTLE SWIMMERS M 8 11 S,insert,1,https://riba.app/imgrs/THUMBS%20500X500/17894.JPG,tabs/detalle-producto/17894,1.221.000,1.221.000,1.221.000,USD,1,,"{""MARCA"":[""HUGGIES""],""CATEGORIA"":[""Pañales""]}","[""Pañales""]",NULL,https://riba.app/imgrs/THUMBS%20500X500/17894.JPG,0,0,"[""84""]",1.221.000,2026-05-08 9:49:16
3600018345,HUGGIES LITTLE SWIMMERS LG 10,HUGGIES LITTLE SWIMMERS LG 10,HUGGIES LITTLE SWIMMERS LG 10,insert,1,https://riba.app/imgrs/THUMBS%20500X500/17895.JPG,tabs/detalle-producto/17895,1.221.000,1.221.000,1.221.000,USD,1,,"{""MARCA"":[""HUGGIES""],""CATEGORIA"":[""Pañales""]}","[""Pañales""]",NULL,https://riba.app/imgrs/THUMBS%20500X500/17895.JPG,0,0,"[""84""]",1.221.000,2026-05-08 9:49:16
3600041313,GOODNITES UNDRPANT S-M38-65LBS,GOODNITES UNDRPANT S-M38-65LBS,GOODNITES UNDRPANT S-M38-65LBS,insert,1,https://riba.app/imgrs/THUMBS%20500X500/163814.JPG,tabs/detalle-producto/163814,1.765.000,1.765.000,1.765.000,USD,1,,"{""MARCA"":[""HUGGIES""],""CATEGORIA"":[""Pañales""]}","[""Pañales""]",NULL,https://riba.app/imgrs/THUMBS%20500X500/163814.JPG,0,0,"[""84""]",1.765.000,2026-05-08 9:49:16
3600041314,GOODNITES SM GIRL 38-65LB 14UN,GOODNITES SM GIRL 38-65LB 14UN,GOODNITES SM GIRL 38-65LB 14UN,insert,1,https://riba.app/imgrs/THUMBS%20500X500/165191.JPG,tabs/detalle-producto/165191,1.765.000,1.765.000,1.765.000,USD,1,,"{""MARCA"":[""HUGGIES""],""CATEGORIA"":[""Pañales""]}","[""Pañales""]",NULL,https://riba.app/imgrs/THUMBS%20500X500/165191.JPG,0,0,"[""84""]",1.765.000,2026-05-08 9:49:16
3600045609,YOUTHPT GOODNITES S MED  ,YOUTHPT GOODNITES S MED  ,YOUTHPT GOODNITES S MED  ,insert,1,https://riba.app/imgrs/THUMBS%20500X500/250279.JPG,tabs/detalle-producto/250279,1.552.000,1.552.000,1.552.000,USD,1,,"{""MARCA"":[""HUGGIES""],""CATEGORIA"":[""Pañales""]}","[""Pañales""]",NULL,https://riba.app/imgrs/THUMBS%20500X500/250279.JPG,0,0,"[""84""]",1.552.000,2026-05-08 9:49:16
3600049536,HUGGIES OVERNITES S3,HUGGIES OVERNITES S3,HUGGIES OVERNITES S3,insert,1,https://riba.app/imgrs/THUMBS%20500X500/279372.JPG,tabs/detalle-producto/279372,2.013.000,2.013.000,2.013.000,USD,1,,"{""MARCA"":[""HUGGIES""],""CATEGORIA"":[""Pañales""]}","[""Pañales""]",NULL,https://riba.app/imgrs/THUMBS%20500X500/279372.JPG,0,0,"[""84""]",2.013.000,2026-05-08 9:49:16
3600049539,DIAPERS OVERNITES S4,DIAPERS OVERNITES S4,DIAPERS OVERNITES S4,insert,1,https://riba.app/imgrs/THUMBS%20500X500/275914.JPG,tabs/detalle-producto/275914,2.013.000,2.013.000,2.013.000,USD,1,,"{""MARCA"":[""HUGGIES""],""CATEGORIA"":[""Pañales""]}","[""Pañales""]",NULL,https://riba.app/imgrs/THUMBS%20500X500/275914.JPG,0,0,"[""84""]",2.013.000,2026-05-08 9:49:16
3600049540,DIAPPERS OVERNITES S5,DIAPPERS OVERNITES S5,DIAPPERS OVERNITES S5,insert,1,https://riba.app/imgrs/THUMBS%20500X500/278531.JPG,tabs/detalle-producto/278531,2.084.000,2.084.000,2.084.000,USD,1,,"{""MARCA"":[""HUGGIES""],""CATEGORIA"":[""Pañales""]}","[""Pañales""]",NULL,https://riba.app/imgrs/THUMBS%20500X500/278531.JPG,0,0,"[""84""]",2.084.000,2026-05-08 9:49:16
3600049541,DIAPER OVERNITES SZ6,DIAPER OVERNITES SZ6,DIAPER OVERNITES SZ6,insert,1,https://riba.app/imgrs/THUMBS%20500X500/279231.JPG,tabs/detalle-producto/279231,2.084.000,2.084.000,2.084.000,USD,1,,"{""MARCA"":[""HUGGIES""],""CATEGORIA"":[""Pañales""]}","[""Pañales""]",NULL,https://riba.app/imgrs/THUMBS%20500X500/279231.JPG,0,0,"[""84""]",2.084.000,2026-05-08 9:49:16
3600049678,HUGGIES LITTLE MOVERS S3,HUGGIES LITTLE MOVERS S3,HUGGIES LITTLE MOVERS S3,insert,1,https://riba.app/imgrs/THUMBS%20500X500/302069.JPG,tabs/detalle-producto/302069,1.781.000,1.781.000,1.781.000,USD,1,,"{""MARCA"":[""HUGGIES""],""CATEGORIA"":[""Pañales""]}","[""Pañales""]",NULL,https://riba.app/imgrs/THUMBS%20500X500/302069.JPG,0,0,"[""84""]",1.781.000,2026-05-08 9:49:16
3600049679,HUGGIES LITTLE MOVERS S4,HUGGIES LITTLE MOVERS S4,HUGGIES LITTLE MOVERS S4,insert,1,https://riba.app/imgrs/THUMBS%20500X500/302067.JPG,tabs/detalle-producto/302067,1.781.000,1.781.000,1.781.000,USD,1,,"{""MARCA"":[""HUGGIES""],""CATEGORIA"":[""Pañales""]}","[""Pañales""]",NULL,https://riba.app/imgrs/THUMBS%20500X500/302067.JPG,0,0,"[""84""]",1.781.000,2026-05-08 9:49:16
3600049680,SUPRE HUGGIES MOVER SIZE 5,SUPRE HUGGIES MOVER SIZE 5,SUPRE HUGGIES MOVER SIZE 5,insert,1,https://riba.app/imgrs/THUMBS%20500X500/217594.JPG,tabs/detalle-producto/217594,1.894.000,1.894.000,1.894.000,USD,1,,"{""MARCA"":[""HUGGIES""],""CATEGORIA"":[""Pañales""]}","[""Pañales""]",NULL,https://riba.app/imgrs/THUMBS%20500X500/217594.JPG,0,0,"[""84""]",1.894.000,2026-05-08 9:49:16
3600049693,DIAPERS LITTLE MOVERS N6,DIAPERS LITTLE MOVERS N6,DIAPERS LITTLE MOVERS N6,insert,1,https://riba.app/imgrs/THUMBS%20500X500/218060.JPG,tabs/detalle-producto/218060,1.894.000,1.894.000,1.894.000,USD,1,,"{""MARCA"":[""HUGGIES""],""CATEGORIA"":[""Pañales""]}","[""Pañales""]",NULL,https://riba.app/imgrs/THUMBS%20500X500/218060.JPG,0,0,"[""84""]",1.894.000,2026-05-08 9:49:16
3600049695,HUGGIES LITTLE SNUGGLERS S1,HUGGIES LITTLE SNUGGLERS S1,HUGGIES LITTLE SNUGGLERS S1,insert,1,https://riba.app/imgrs/THUMBS%20500X500/302060.JPG,tabs/detalle-producto/302060,1.781.000,1.781.000,1.781.000,USD,1,,"{""MARCA"":[""HUGGIES""],""CATEGORIA"":[""Pañales""]}","[""Pañales""]",NULL,https://riba.app/imgrs/THUMBS%20500X500/302060.JPG,0,0,"[""84""]",1.781.000,2026-05-08 9:49:16
3600051343,PULL UPS NIGHT TIME 3T-4T BOY,PULL UPS NIGHT TIME 3T-4T BOY,PULL UPS NIGHT TIME 3T-4T BOY,insert,1,https://riba.app/imgrs/THUMBS%20500X500/329532.JPG,tabs/detalle-producto/329532,1.878.000,1.878.000,1.878.000,USD,1,,"{""MARCA"":[""PAMPERS""],""CATEGORIA"":[""Pañales""]}","[""Pañales""]",NULL,https://riba.app/imgrs/THUMBS%20500X500/329532.JPG,0,0,"[""84""]",1.878.000,2026-05-08 9:49:16
3600051353,HUGGIES P U NINA 3T4T,HUGGIES P U NINA 3T4T,HUGGIES P U NINA 3T4T,insert,1,https://riba.app/imgrs/THUMBS%20500X500/297337.JPG,tabs/detalle-producto/297337,1.878.000,1.878.000,1.878.000,USD,1,,"{""MARCA"":[""HUGGIES""],""CATEGORIA"":[""Pañales""]}","[""Pañales""]",NULL,https://riba.app/imgrs/THUMBS%20500X500/297337.JPG,0,0,"[""84""]",1.878.000,2026-05-08 9:49:16
3600051357,HUGGIES P U NINA 4T5T,HUGGIES P U NINA 4T5T,HUGGIES P U NINA 4T5T,insert,1,https://riba.app/imgrs/THUMBS%20500X500/297339.JPG,tabs/detalle-producto/297339,1.476.000,1.476.000,1.476.000,USD,1,,"{""MARCA"":[""HUGGIES""],""CATEGORIA"":[""Pañales""]}","[""Pañales""]",NULL,https://riba.app/imgrs/THUMBS%20500X500/297339.JPG,0,0,"[""84""]",1.476.000,2026-05-08 9:49:16
3600051358,HUGGIES P U NINO 4T5T,HUGGIES P U NINO 4T5T,HUGGIES P U NINO 4T5T,insert,1,https://riba.app/imgrs/THUMBS%20500X500/297340.JPG,tabs/detalle-producto/297340,1.476.000,1.476.000,1.476.000,USD,1,,"{""MARCA"":[""HUGGIES""],""CATEGORIA"":[""Pañales""]}","[""Pañales""]",NULL,https://riba.app/imgrs/THUMBS%20500X500/297340.JPG,0,0,"[""84""]",1.476.000,2026-05-08 9:49:16
3600051472,SNUG N DRY SIZE 4,SNUG N DRY SIZE 4,SNUG N DRY SIZE 4,insert,1,https://riba.app/imgrs/THUMBS%20500X500/296545.JPG,tabs/detalle-producto/296545,1.454.000,1.454.000,1.454.000,USD,1,,"{""MARCA"":[""HUGGIES""],""CATEGORIA"":[""Pañales""]}","[""Pañales""]",NULL,https://riba.app/imgrs/THUMBS%20500X500/296545.JPG,0,0,"[""84""]",1.454.000,2026-05-08 9:49:16
3600051473,SNUG AND DRY S5,SNUG AND DRY S5,SNUG AND DRY S5,insert,1,https://riba.app/imgrs/THUMBS%20500X500/295949.JPG,tabs/detalle-producto/295949,1.275.000,1.275.000,1.275.000,USD,1,,"{""MARCA"":[""HUGGIES""],""CATEGORIA"":[""Pañales""]}","[""Pañales""]",NULL,https://riba.app/imgrs/THUMBS%20500X500/295949.JPG,0,0,"[""84""]",1.275.000,2026-05-08 9:49:16
3600053362,PANAL GOODNITE BOY G,PANAL GOODNITE BOY G,PANAL GOODNITE BOY G,insert,1,https://riba.app/imgrs/THUMBS%20500X500/300985.JPG,tabs/detalle-producto/300985,1.552.000,1.552.000,1.552.000,USD,1,,"{""MARCA"":[""HUGGIES""],""CATEGORIA"":[""Pañales""]}","[""Pañales""]",NULL,https://riba.app/imgrs/THUMBS%20500X500/300985.JPG,0,0,"[""84""]",1.552.000,2026-05-08 9:49:16
3600053363,PANAL GOODNITE GIRL,PANAL GOODNITE GIRL,PANAL GOODNITE GIRL,insert,1,https://riba.app/imgrs/THUMBS%20500X500/300986.JPG,tabs/detalle-producto/300986,1.552.000,1.552.000,1.552.000,USD,1,,"{""MARCA"":[""HUGGIES""],""CATEGORIA"":[""Pañales""]}","[""Pañales""]",NULL,https://riba.app/imgrs/THUMBS%20500X500/300986.JPG,0,0,"[""84""]",1.552.000,2026-05-08 9:49:16
366143400813,BALSAMO CALMANTE ANTIPRURITO,BALSAMO CALMANTE ANTIPRURITO,BALSAMO CALMANTE ANTIPRURITO,insert,1,https://riba.app/imgrs/THUMBS%20500X500/349241.JPG,tabs/detalle-producto/349241,1.385.000,1.385.000,1.385.000,USD,1,,"{""MARCA"":[""URIAGE""],""CATEGORIA"":[""Cuidado Personal""]}","[""Cuidado Personal""]",NULL,https://riba.app/imgrs/THUMBS%20500X500/349241.JPG,0,0,"[""82""]",1.385.000,2026-05-08 9:49:16
366143400859,CREMA ANTIDERMATITIS BEBE,CREMA ANTIDERMATITIS BEBE,CREMA ANTIDERMATITIS BEBE,insert,1,https://riba.app/imgrs/THUMBS%20500X500/349242.JPG,tabs/detalle-producto/349242,912.000,912.000,912.000,USD,1,,"{""MARCA"":[""URIAGE""],""CATEGORIA"":[""Cuidado Personal""]}","[""Cuidado Personal""]",NULL,https://riba.app/imgrs/THUMBS%20500X500/349242.JPG,0,0,"[""82""]",912.000,2026-05-08 9:49:16
366143400861,CREMA HIDRATANTE DIARIA,CREMA HIDRATANTE DIARIA,CREMA HIDRATANTE DIARIA,insert,1,https://riba.app/imgrs/THUMBS%20500X500/349243.JPG,tabs/detalle-producto/349243,2.027.000,2.027.000,2.027.000,USD,1,,"{""MARCA"":[""URIAGE""],""CATEGORIA"":[""Cuidado Personal""]}","[""Cuidado Personal""]",NULL,https://riba.app/imgrs/THUMBS%20500X500/349243.JPG,0,0,"[""82""]",2.027.000,2026-05-08 9:49:16
366143400864,SPRAY REPARADOR PIEL BEBE,SPRAY REPARADOR PIEL BEBE,SPRAY REPARADOR PIEL BEBE,insert,1,https://riba.app/imgrs/THUMBS%20500X500/349240.JPG,tabs/detalle-producto/349240,1.047.000,1.047.000,1.047.000,USD,1,,"{""MARCA"":[""URIAGE""],""CATEGORIA"":[""Cuidado Personal""]}","[""Cuidado Personal""]",NULL,https://riba.app/imgrs/THUMBS%20500X500/349240.JPG,0,0,"[""82""]",1.047.000,2026-05-08 9:49:16
366143400874,ACEITE LIMPIADOR CALMANTE,ACEITE LIMPIADOR CALMANTE,ACEITE LIMPIADOR CALMANTE,insert,1,https://riba.app/imgrs/THUMBS%20500X500/349239.JPG,tabs/detalle-producto/349239,1.743.000,1.743.000,1.743.000,USD,1,,"{""MARCA"":[""URIAGE""],""CATEGORIA"":[""Cuidado Personal""]}","[""Cuidado Personal""]",NULL,https://riba.app/imgrs/THUMBS%20500X500/349239.JPG,0,0,"[""82""]",1.743.000,2026-05-08 9:49:16
3670275517,KIDS REV BUCKET HAT BLUE,KIDS REV BUCKET HAT BLUE,KIDS REV BUCKET HAT BLUE,insert,1,https://riba.app/imgrs/THUMBS%20500X500/313582.JPG,tabs/detalle-producto/313582,1.746.000,1.746.000,1.746.000,USD,1,,"{""MARCA"":[""TYR""],""CATEGORIA"":[""Juguetes""]}","[""Juguetes""]",NULL,https://riba.app/imgrs/THUMBS%20500X500/313582.JPG,0,0,"[""87""]",1.746.000,2026-05-08 9:49:16
3680048407,NIGHTTIME PANTS FOR G/B S/M,NIGHTTIME PANTS FOR G/B S/M,NIGHTTIME PANTS FOR G/B S/M,insert,1,https://riba.app/imgrs/THUMBS%20500X500/317433.JPG,tabs/detalle-producto/317433,1.125.000,1.125.000,1.125.000,USD,1,,"{""MARCA"":[""TIPPY TOES ""],""CATEGORIA"":[""Pañales""]}","[""Pañales""]",NULL,https://riba.app/imgrs/THUMBS%20500X500/317433.JPG,0,0,"[""84""]",1.125.000,2026-05-08 9:49:16
3700000053,IVORY BARRA ALOE 3PACK 3.1 OZ,IVORY BARRA ALOE 3PACK 3.1 OZ,IVORY BARRA ALOE 3PACK 3.1 OZ,insert,1,https://riba.app/imgrs/THUMBS%20500X500/111456.JPG,tabs/detalle-producto/111456,347.000,347.000,347.000,USD,1,,"{""MARCA"":[""IVORY""],""CATEGORIA"":[""Cuidado Personal""]}","[""Cuidado Personal""]",NULL,https://riba.app/imgrs/THUMBS%20500X500/111456.JPG,0,0,"[""82""]",347.000,2026-05-08 9:49:16
3700032136,IVORY SOAP BARRA 24  3 3 1 OZ,IVORY SOAP BARRA 24  3 3 1 OZ,IVORY SOAP BARRA 24  3 3 1 OZ,insert,1,https://riba.app/imgrs/THUMBS%20500X500/9966.JPG,tabs/detalle-producto/9966,348.000,348.000,348.000,USD,1,,"{""MARCA"":[""IVORY""],""CATEGORIA"":[""Cuidado Personal""]}","[""Cuidado Personal""]",NULL,https://riba.app/imgrs/THUMBS%20500X500/9966.JPG,0,0,"[""82""]",348.000,2026-05-08 9:49:16
3700062299,PANAL PAMPERS BDRY S2,PANAL PAMPERS BDRY S2,PANAL PAMPERS BDRY S2,insert,1,https://riba.app/imgrs/THUMBS%20500X500/303049.JPG,tabs/detalle-producto/303049,2.023.000,2.023.000,2.023.000,USD,1,,"{""MARCA"":[""PAMPERS""],""CATEGORIA"":[""Pañales""]}","[""Pañales""]",NULL,https://riba.app/imgrs/THUMBS%20500X500/303049.JPG,0,0,"[""84""]",2.023.000,2026-05-08 9:49:16
3700062302,PANAL PAMPERS S3 BABYDRY,PANAL PAMPERS S3 BABYDRY,PANAL PAMPERS S3 BABYDRY,insert,1,https://riba.app/imgrs/THUMBS%20500X500/308042.JPG,tabs/detalle-producto/308042,2.023.000,2.023.000,2.023.000,USD,1,,"{""MARCA"":[""PAMPERS""],""CATEGORIA"":[""Pañales""]}","[""Pañales""]",NULL,https://riba.app/imgrs/THUMBS%20500X500/308042.JPG,0,0,"[""84""]",2.023.000,2026-05-08 9:49:16
3700062310,PAMPERS BABYDRY S4,PAMPERS BABYDRY S4,PAMPERS BABYDRY S4,insert,1,https://riba.app/imgrs/THUMBS%20500X500/291234.JPG,tabs/detalle-producto/291234,2.023.000,2.023.000,2.023.000,USD,1,,"{""MARCA"":[""PAMPERS""],""CATEGORIA"":[""Pañales""]}","[""Pañales""]",NULL,https://riba.app/imgrs/THUMBS%20500X500/291234.JPG,0,0,"[""84""]",2.023.000,2026-05-08 9:49:16
3700062314,PANAL PAMPERS BDRY S5,PANAL PAMPERS BDRY S5,PANAL PAMPERS BDRY S5,insert,1,https://riba.app/imgrs/THUMBS%20500X500/303050.JPG,tabs/detalle-producto/303050,2.023.000,2.023.000,2.023.000,USD,1,,"{""MARCA"":[""PAMPERS""],""CATEGORIA"":[""Pañales""]}","[""Pañales""]",NULL,https://riba.app/imgrs/THUMBS%20500X500/303050.JPG,0,0,"[""84""]",2.023.000,2026-05-08 9:49:16
3700062321,PAMPERS BABYDRY S6,PAMPERS BABYDRY S6,PAMPERS BABYDRY S6,insert,1,https://riba.app/imgrs/THUMBS%20500X500/291235.JPG,tabs/detalle-producto/291235,2.023.000,2.023.000,2.023.000,USD,1,,"{""MARCA"":[""PAMPERS""],""CATEGORIA"":[""Pañales""]}","[""Pañales""]",NULL,https://riba.app/imgrs/THUMBS%20500X500/291235.JPG,0,0,"[""84""]",2.023.000,2026-05-08 9:49:16
3700071447,CRUISERS 360 SIZE 4,CRUISERS 360 SIZE 4,CRUISERS 360 SIZE 4,insert,1,https://riba.app/imgrs/THUMBS%20500X500/352383.JPG,tabs/detalle-producto/352383,1.625.000,1.625.000,1.625.000,USD,1,,"{""MARCA"":[""PAMPERS""],""CATEGORIA"":[""Pañales""]}","[""Pañales""]",NULL,https://riba.app/imgrs/THUMBS%20500X500/352383.JPG,0,0,"[""84""]",1.625.000,2026-05-08 9:49:16
3700071457,CRUISERS 360 SIZE 5,CRUISERS 360 SIZE 5,CRUISERS 360 SIZE 5,insert,1,https://riba.app/imgrs/THUMBS%20500X500/352384.JPG,tabs/detalle-producto/352384,1.597.000,1.597.000,1.597.000,USD,1,,"{""MARCA"":[""PAMPERS""],""CATEGORIA"":[""Pañales""]}","[""Pañales""]",NULL,https://riba.app/imgrs/THUMBS%20500X500/352384.JPG,0,0,"[""84""]",1.597.000,2026-05-08 9:49:16
3700071477,CRUISERS SIZE 6,CRUISERS SIZE 6,CRUISERS SIZE 6,insert,1,https://riba.app/imgrs/THUMBS%20500X500/334642.JPG,tabs/detalle-producto/334642,1.700.000,1.700.000,1.700.000,USD,1,,"{""MARCA"":[""PAMPERS""],""CATEGORIA"":[""Pañales""]}","[""Pañales""]",NULL,https://riba.app/imgrs/THUMBS%20500X500/334642.JPG,0,0,"[""84""]",1.700.000,2026-05-08 9:49:16
3700074958,PAMPERS SWADDLERS TALLA 4,PAMPERS SWADDLERS TALLA 4,PAMPERS SWADDLERS TALLA 4,insert,1,https://riba.app/imgrs/THUMBS%20500X500/271481.JPG,tabs/detalle-producto/271481,1.430.000,1.430.000,1.430.000,USD,1,,"{""MARCA"":[""PAMPERS""],""CATEGORIA"":[""Pañales""]}","[""Pañales""]",NULL,https://riba.app/imgrs/THUMBS%20500X500/271481.JPG,0,0,"[""84""]",1.430.000,2026-05-08 9:49:16
3700074959,PAMPERS SWADDLERS TALLA 5,PAMPERS SWADDLERS TALLA 5,PAMPERS SWADDLERS TALLA 5,insert,1,https://riba.app/imgrs/THUMBS%20500X500/271482.JPG,tabs/detalle-producto/271482,1.430.000,1.430.000,1.430.000,USD,1,,"{""MARCA"":[""PAMPERS""],""CATEGORIA"":[""Pañales""]}","[""Pañales""]",NULL,https://riba.app/imgrs/THUMBS%20500X500/271482.JPG,0,0,"[""84""]",1.430.000,2026-05-08 9:49:16
3700074961,PAMPERS SWADDLERS TALL 6,PAMPERS SWADDLERS TALL 6,PAMPERS SWADDLERS TALL 6,insert,1,https://riba.app/imgrs/THUMBS%20500X500/271483.JPG,tabs/detalle-producto/271483,1.430.000,1.430.000,1.430.000,USD,1,,"{""MARCA"":[""PAMPERS""],""CATEGORIA"":[""Pañales""]}","[""Pañales""]",NULL,https://riba.app/imgrs/THUMBS%20500X500/271483.JPG,0,0,"[""84""]",1.430.000,2026-05-08 9:49:16
3700074968,PAMPERS SW ADDLERS TALLA 4,PAMPERS SW ADDLERS TALLA 4,PAMPERS SW ADDLERS TALLA 4,insert,1,https://riba.app/imgrs/THUMBS%20500X500/272376.JPG,tabs/detalle-producto/272376,3.092.000,3.092.000,3.092.000,USD,1,,"{""MARCA"":[""PAMPERS""],""CATEGORIA"":[""Pañales""]}","[""Pañales""]",NULL,https://riba.app/imgrs/THUMBS%20500X500/272376.JPG,0,0,"[""84""]",3.092.000,2026-05-08 9:49:16
3700074969,PAMPERS SWADDLERS TALLA 5,PAMPERS SWADDLERS TALLA 5,PAMPERS SWADDLERS TALLA 5,insert,1,https://riba.app/imgrs/THUMBS%20500X500/272372.JPG,tabs/detalle-producto/272372,3.092.000,3.092.000,3.092.000,USD,1,,"{""MARCA"":[""PAMPERS""],""CATEGORIA"":[""Pañales""]}","[""Pañales""]",NULL,https://riba.app/imgrs/THUMBS%20500X500/272372.JPG,0,0,"[""84""]",3.092.000,2026-05-08 9:49:16
3700074971,PAMPER SWADDLERS TALLA 6,PAMPER SWADDLERS TALLA 6,PAMPER SWADDLERS TALLA 6,insert,1,https://riba.app/imgrs/THUMBS%20500X500/272373.JPG,tabs/detalle-producto/272373,3.092.000,3.092.000,3.092.000,USD,1,,"{""MARCA"":[""PAMPERS""],""CATEGORIA"":[""Pañales""]}","[""Pañales""]",NULL,https://riba.app/imgrs/THUMBS%20500X500/272373.JPG,0,0,"[""84""]",3.092.000,2026-05-08 9:49:16
3700075139,TOALLITAS HUMEDAS SENSI 336,TOALLITAS HUMEDAS SENSI 336,TOALLITAS HUMEDAS SENSI 336,insert,1,https://riba.app/imgrs/THUMBS%20500X500/330964.JPG,tabs/detalle-producto/330964,1.928.000,1.928.000,1.928.000,USD,1,,"{""MARCA"":[""PAMPERS""],""CATEGORIA"":[""Cuidado Personal""]}","[""Cuidado Personal""]",NULL,https://riba.app/imgrs/THUMBS%20500X500/330964.JPG,0,0,"[""82""]",1.928.000,2026-05-08 9:49:16
3700075467,PAMP WIPES NAT CLEAN UNSCENTED,PAMP WIPES NAT CLEAN UNSCENTED,PAMP WIPES NAT CLEAN UNSCENTED,insert,1,https://riba.app/imgrs/THUMBS%20500X500/273144.JPG,tabs/detalle-producto/273144,504.000,504.000,504.000,USD,1,,"{""MARCA"":[""PAMPERS""],""CATEGORIA"":[""Cuidado Personal""]}","[""Cuidado Personal""]",NULL,https://riba.app/imgrs/THUMBS%20500X500/273144.JPG,0,0,"[""82""]",504.000,2026-05-08 9:49:16
3700075477,PAMP WIPES BABY FRESH SCENTED,PAMP WIPES BABY FRESH SCENTED,PAMP WIPES BABY FRESH SCENTED,insert,1,https://riba.app/imgrs/THUMBS%20500X500/273140.JPG,tabs/detalle-producto/273140,1.514.000,1.514.000,1.514.000,USD,1,,"{""MARCA"":[""PAMPERS""],""CATEGORIA"":[""Cuidado Personal""]}","[""Cuidado Personal""]",NULL,https://riba.app/imgrs/THUMBS%20500X500/273140.JPG,0,0,"[""82""]",1.514.000,2026-05-08 9:49:16
3700075536,WIPES CC BABY FRESH SCENTED ,WIPES CC BABY FRESH SCENTED ,WIPES CC BABY FRESH SCENTED ,insert,1,https://riba.app/imgrs/THUMBS%20500X500/268088.JPG,tabs/detalle-producto/268088,501.000,501.000,501.000,USD,1,,"{""MARCA"":[""PAMPERS""],""CATEGORIA"":[""Cuidado Personal""]}","[""Cuidado Personal""]",NULL,https://riba.app/imgrs/THUMBS%20500X500/268088.JPG,0,0,"[""82""]",501.000,2026-05-08 9:49:16
3700076454,PAMPERS SPLASHER S5 CONV,PAMPERS SPLASHER S5 CONV,PAMPERS SPLASHER S5 CONV,insert,1,https://riba.app/imgrs/THUMBS%20500X500/278211.JPG,tabs/detalle-producto/278211,872.000,872.000,872.000,USD,1,,"{""MARCA"":[""PAMPERS""],""CATEGORIA"":[""Pañales""]}","[""Pañales""]",NULL,https://riba.app/imgrs/THUMBS%20500X500/278211.JPG,0,0,"[""84""]",872.000,2026-05-08 9:49:16
3700076513,PAMPER SPLASHER S3 CONV,PAMPER SPLASHER S3 CONV,PAMPER SPLASHER S3 CONV,insert,1,https://riba.app/imgrs/THUMBS%20500X500/278209.JPG,tabs/detalle-producto/278209,872.000,872.000,872.000,USD,1,,"{""MARCA"":[""PAMPERS""],""CATEGORIA"":[""Pañales""]}","[""Pañales""]",NULL,https://riba.app/imgrs/THUMBS%20500X500/278209.JPG,0,0,"[""84""]",872.000,2026-05-08 9:49:16
3700076514,PAMPERS SPLASHER S4 CONV,PAMPERS SPLASHER S4 CONV,PAMPERS SPLASHER S4 CONV,insert,1,https://riba.app/imgrs/THUMBS%20500X500/278210.JPG,tabs/detalle-producto/278210,872.000,872.000,872.000,USD,1,,"{""MARCA"":[""PAMPERS""],""CATEGORIA"":[""Pañales""]}","[""Pañales""]",NULL,https://riba.app/imgrs/THUMBS%20500X500/278210.JPG,0,0,"[""84""]",872.000,2026-05-08 9:49:16
3700077583,PAMPERS SW OVERNIGHT S5 SUPER,PAMPERS SW OVERNIGHT S5 SUPER,PAMPERS SW OVERNIGHT S5 SUPER,insert,1,https://riba.app/imgrs/THUMBS%20500X500/315195.JPG,tabs/detalle-producto/315195,3.863.000,3.863.000,3.863.000,USD,1,,"{""MARCA"":[""PAMPERS""],""CATEGORIA"":[""Pañales""]}","[""Pañales""]",NULL,https://riba.app/imgrs/THUMBS%20500X500/315195.JPG,0,0,"[""84""]",3.863.000,2026-05-08 9:49:16
3700077584,PAMPERS SW OVERNIGHT S6 SUPER,PAMPERS SW OVERNIGHT S6 SUPER,PAMPERS SW OVERNIGHT S6 SUPER,insert,1,https://riba.app/imgrs/THUMBS%20500X500/315196.JPG,tabs/detalle-producto/315196,3.863.000,3.863.000,3.863.000,USD,1,,"{""MARCA"":[""PAMPERS""],""CATEGORIA"":[""Pañales""]}","[""Pañales""]",NULL,https://riba.app/imgrs/THUMBS%20500X500/315196.JPG,0,0,"[""84""]",3.863.000,2026-05-08 9:49:16
3700077585,PAMPERS SW OVERNIGHT S3 SUPER,PAMPERS SW OVERNIGHT S3 SUPER,PAMPERS SW OVERNIGHT S3 SUPER,insert,1,https://riba.app/imgrs/THUMBS%20500X500/315193.JPG,tabs/detalle-producto/315193,3.863.000,3.863.000,3.863.000,USD,1,,"{""MARCA"":[""PAMPERS""],""CATEGORIA"":[""Pañales""]}","[""Pañales""]",NULL,https://riba.app/imgrs/THUMBS%20500X500/315193.JPG,0,0,"[""84""]",3.863.000,2026-05-08 9:49:16
3700077599,PAMPERS SW OVERNIGHT S4 SUPER,PAMPERS SW OVERNIGHT S4 SUPER,PAMPERS SW OVERNIGHT S4 SUPER,insert,1,https://riba.app/imgrs/THUMBS%20500X500/315194.JPG,tabs/detalle-producto/315194,3.863.000,3.863.000,3.863.000,USD,1,,"{""MARCA"":[""PAMPERS""],""CATEGORIA"":[""Pañales""]}","[""Pañales""]",NULL,https://riba.app/imgrs/THUMBS%20500X500/315194.JPG,0,0,"[""84""]",3.863.000,2026-05-08 9:49:16
3700079466,PAMPERS SWADDLERS TALLA 7 SUPE,PAMPERS SWADDLERS TALLA 7 SUPE,PAMPERS SWADDLERS TALLA 7 SUPE,insert,1,https://riba.app/imgrs/THUMBS%20500X500/281329.JPG,tabs/detalle-producto/281329,3.092.000,3.092.000,3.092.000,USD,1,,"{""MARCA"":[""PAMPERS""],""CATEGORIA"":[""Pañales""]}","[""Pañales""]",NULL,https://riba.app/imgrs/THUMBS%20500X500/281329.JPG,0,0,"[""84""]",3.092.000,2026-05-08 9:49:16
3700082757,IVORY BARR ORIGINAL ,IVORY BARR ORIGINAL ,IVORY BARR ORIGINAL ,insert,1,https://riba.app/imgrs/THUMBS%20500X500/201016.JPG,tabs/detalle-producto/201016,548.000,548.000,548.000,USD,1,,"{""MARCA"":[""IVORY""],""CATEGORIA"":[""Cuidado Personal""]}","[""Cuidado Personal""]",NULL,https://riba.app/imgrs/THUMBS%20500X500/201016.JPG,0,0,"[""82""]",548.000,2026-05-08 9:49:16
3700082835,PANAL PAMPERS SWADDLERS S0 JUM,PANAL PAMPERS SWADDLERS S0 JUM,PANAL PAMPERS SWADDLERS S0 JUM,insert,1,https://riba.app/imgrs/THUMBS%20500X500/303051.JPG,tabs/detalle-producto/303051,1.430.000,1.430.000,1.430.000,USD,1,,"{""MARCA"":[""PAMPERS""],""CATEGORIA"":[""Pañales""]}","[""Pañales""]",NULL,https://riba.app/imgrs/THUMBS%20500X500/303051.JPG,0,0,"[""84""]",1.430.000,2026-05-08 9:49:16
3700082836,PANAL PAMPERS SWADDLER S1 JUMB,PANAL PAMPERS SWADDLER S1 JUMB,PANAL PAMPERS SWADDLER S1 JUMB,insert,1,https://riba.app/imgrs/THUMBS%20500X500/303052.JPG,tabs/detalle-producto/303052,1.430.000,1.430.000,1.430.000,USD,1,,"{""MARCA"":[""PAMPERS""],""CATEGORIA"":[""Pañales""]}","[""Pañales""]",NULL,https://riba.app/imgrs/THUMBS%20500X500/303052.JPG,0,0,"[""84""]",1.430.000,2026-05-08 9:49:16
3700082842,PANAL PAMPERS SWADDLERS S2 JUM,PANAL PAMPERS SWADDLERS S2 JUM,PANAL PAMPERS SWADDLERS S2 JUM,insert,1,https://riba.app/imgrs/THUMBS%20500X500/303053.JPG,tabs/detalle-producto/303053,1.430.000,1.430.000,1.430.000,USD,1,,"{""MARCA"":[""PAMPERS""],""CATEGORIA"":[""Pañales""]}","[""Pañales""]",NULL,https://riba.app/imgrs/THUMBS%20500X500/303053.JPG,0,0,"[""84""]",1.430.000,2026-05-08 9:49:16
3700082843,PANAL PAMPERS SWADDLER S3 JUMB,PANAL PAMPERS SWADDLER S3 JUMB,PANAL PAMPERS SWADDLER S3 JUMB,insert,1,https://riba.app/imgrs/THUMBS%20500X500/303054.JPG,tabs/detalle-producto/303054,1.430.000,1.430.000,1.430.000,USD,1,,"{""MARCA"":[""PAMPERS""],""CATEGORIA"":[""Pañales""]}","[""Pañales""]",NULL,https://riba.app/imgrs/THUMBS%20500X500/303054.JPG,0,0,"[""84""]",1.430.000,2026-05-08 9:49:16
3700082876,PANAL CJA PAMPERS SWAD S1,PANAL CJA PAMPERS SWAD S1,PANAL CJA PAMPERS SWAD S1,insert,1,https://riba.app/imgrs/THUMBS%20500X500/303055.JPG,tabs/detalle-producto/303055,3.092.000,3.092.000,3.092.000,USD,1,,"{""MARCA"":[""PAMPERS""],""CATEGORIA"":[""Pañales""]}","[""Pañales""]",NULL,https://riba.app/imgrs/THUMBS%20500X500/303055.JPG,0,0,"[""84""]",3.092.000,2026-05-08 9:49:16
3700082879,PANAL CJA PAMPERS SWAD S2,PANAL CJA PAMPERS SWAD S2,PANAL CJA PAMPERS SWAD S2,insert,1,https://riba.app/imgrs/THUMBS%20500X500/303056.JPG,tabs/detalle-producto/303056,3.092.000,3.092.000,3.092.000,USD,1,,"{""MARCA"":[""PAMPERS""],""CATEGORIA"":[""Pañales""]}","[""Pañales""]",NULL,https://riba.app/imgrs/THUMBS%20500X500/303056.JPG,0,0,"[""84""]",3.092.000,2026-05-08 9:49:16
3700082881,PANAL CJA PAMPERS SWAD S3,PANAL CJA PAMPERS SWAD S3,PANAL CJA PAMPERS SWAD S3,insert,1,https://riba.app/imgrs/THUMBS%20500X500/303057.JPG,tabs/detalle-producto/303057,3.092.000,3.092.000,3.092.000,USD,1,,"{""MARCA"":[""PAMPERS""],""CATEGORIA"":[""Pañales""]}","[""Pañales""]",NULL,https://riba.app/imgrs/THUMBS%20500X500/303057.JPG,0,0,"[""84""]",3.092.000,2026-05-08 9:49:16
3700086209,PAMPERS BDRY S2 JUMBO,PAMPERS BDRY S2 JUMBO,PAMPERS BDRY S2 JUMBO,insert,1,https://riba.app/imgrs/THUMBS%20500X500/289426.JPG,tabs/detalle-producto/289426,1.524.000,1.524.000,1.524.000,USD,1,,"{""MARCA"":[""PAMPERS""],""CATEGORIA"":[""Pañales""]}","[""Pañales""]",NULL,https://riba.app/imgrs/THUMBS%20500X500/289426.JPG,0,0,"[""84""]",1.524.000,2026-05-08 9:49:16
3700086210,PAMPERS BABY DRY SIZE 3,PAMPERS BABY DRY SIZE 3,PAMPERS BABY DRY SIZE 3,insert,1,https://riba.app/imgrs/THUMBS%20500X500/212650.JPG,tabs/detalle-producto/212650,1.524.000,1.524.000,1.524.000,USD,1,,"{""MARCA"":[""PAMPERS""],""CATEGORIA"":[""Pañales""]}","[""Pañales""]",NULL,https://riba.app/imgrs/THUMBS%20500X500/212650.JPG,0,0,"[""84""]",1.524.000,2026-05-08 9:49:16
3700086211,PAMPERS BDRY S4 JUMBO,PAMPERS BDRY S4 JUMBO,PAMPERS BDRY S4 JUMBO,insert,1,https://riba.app/imgrs/THUMBS%20500X500/289427.JPG,tabs/detalle-producto/289427,1.524.000,1.524.000,1.524.000,USD,1,,"{""MARCA"":[""PAMPERS""],""CATEGORIA"":[""Pañales""]}","[""Pañales""]",NULL,https://riba.app/imgrs/THUMBS%20500X500/289427.JPG,0,0,"[""84""]",1.524.000,2026-05-08 9:49:16
3700086212,PAMPERS BABY DRY SIZE 5,PAMPERS BABY DRY SIZE 5,PAMPERS BABY DRY SIZE 5,insert,1,https://riba.app/imgrs/THUMBS%20500X500/212649.JPG,tabs/detalle-producto/212649,1.524.000,1.524.000,1.524.000,USD,1,,"{""MARCA"":[""PAMPERS""],""CATEGORIA"":[""Pañales""]}","[""Pañales""]",NULL,https://riba.app/imgrs/THUMBS%20500X500/212649.JPG,0,0,"[""84""]",1.524.000,2026-05-08 9:49:16
3700086213,PAMPERS BABY DRY SIZE 6,PAMPERS BABY DRY SIZE 6,PAMPERS BABY DRY SIZE 6,insert,1,https://riba.app/imgrs/THUMBS%20500X500/213260.JPG,tabs/detalle-producto/213260,1.524.000,1.524.000,1.524.000,USD,1,,"{""MARCA"":[""PAMPERS""],""CATEGORIA"":[""Pañales""]}","[""Pañales""]",NULL,https://riba.app/imgrs/THUMBS%20500X500/213260.JPG,0,0,"[""84""]",1.524.000,2026-05-08 9:49:16
3700086221,PAMPERS BABY DRY S1 SUPER ,PAMPERS BABY DRY S1 SUPER ,PAMPERS BABY DRY S1 SUPER ,insert,1,https://riba.app/imgrs/THUMBS%20500X500/216944.JPG,tabs/detalle-producto/216944,3.178.000,3.178.000,3.178.000,USD,1,,"{""MARCA"":[""PAMPERS""],""CATEGORIA"":[""Pañales""]}","[""Pañales""]",NULL,https://riba.app/imgrs/THUMBS%20500X500/216944.JPG,0,0,"[""84""]",3.178.000,2026-05-08 9:49:16
3700086222,PAMPERS BABY DRY S2 SUPER  ,PAMPERS BABY DRY S2 SUPER  ,PAMPERS BABY DRY S2 SUPER  ,insert,1,https://riba.app/imgrs/THUMBS%20500X500/216945.JPG,tabs/detalle-producto/216945,3.092.000,3.092.000,3.092.000,USD,1,,"{""MARCA"":[""PAMPERS""],""CATEGORIA"":[""Pañales""]}","[""Pañales""]",NULL,https://riba.app/imgrs/THUMBS%20500X500/216945.JPG,0,0,"[""84""]",3.092.000,2026-05-08 9:49:16
3700086223,PAMP BABY DRY S3 SUPER ,PAMP BABY DRY S3 SUPER ,PAMP BABY DRY S3 SUPER ,insert,1,https://riba.app/imgrs/THUMBS%20500X500/201529.JPG,tabs/detalle-producto/201529,3.092.000,3.092.000,3.092.000,USD,1,,"{""MARCA"":[""PAMPERS""],""CATEGORIA"":[""Pañales""]}","[""Pañales""]",NULL,https://riba.app/imgrs/THUMBS%20500X500/201529.JPG,0,0,"[""84""]",3.092.000,2026-05-08 9:49:16
3700086224,PAMPERS BABY DRY S4 SUPER ,PAMPERS BABY DRY S4 SUPER ,PAMPERS BABY DRY S4 SUPER ,insert,1,https://riba.app/imgrs/THUMBS%20500X500/216942.JPG,tabs/detalle-producto/216942,3.092.000,3.092.000,3.092.000,USD,1,,"{""MARCA"":[""PAMPERS""],""CATEGORIA"":[""Pañales""]}","[""Pañales""]",NULL,https://riba.app/imgrs/THUMBS%20500X500/216942.JPG,0,0,"[""84""]",3.092.000,2026-05-08 9:49:16
3700086225,PAMP BABY DRY S5 SUPER ,PAMP BABY DRY S5 SUPER ,PAMP BABY DRY S5 SUPER ,insert,1,https://riba.app/imgrs/THUMBS%20500X500/216943.JPG,tabs/detalle-producto/216943,3.092.000,3.092.000,3.092.000,USD,1,,"{""MARCA"":[""PAMPERS""],""CATEGORIA"":[""Pañales""]}","[""Pañales""]",NULL,https://riba.app/imgrs/THUMBS%20500X500/216943.JPG,0,0,"[""84""]",3.092.000,2026-05-08 9:49:16
3700086226,PAMPERS BABY DRY S6 SUPER ,PAMPERS BABY DRY S6 SUPER ,PAMPERS BABY DRY S6 SUPER ,insert,1,https://riba.app/imgrs/THUMBS%20500X500/233520.JPG,tabs/detalle-producto/233520,3.092.000,3.092.000,3.092.000,USD,1,,"{""MARCA"":[""PAMPERS""],""CATEGORIA"":[""Pañales""]}","[""Pañales""]",NULL,https://riba.app/imgrs/THUMBS%20500X500/233520.JPG,0,0,"[""84""]",3.092.000,2026-05-08 9:49:16
3700086340,PAMPERS SWADDLER  P S ,PAMPERS SWADDLER  P S ,PAMPERS SWADDLER  P S ,insert,1,https://riba.app/imgrs/THUMBS%20500X500/216950.JPG,tabs/detalle-producto/216950,1.430.000,1.430.000,1.430.000,USD,1,,"{""MARCA"":[""PAMPERS""],""CATEGORIA"":[""Pañales""]}","[""Pañales""]",NULL,https://riba.app/imgrs/THUMBS%20500X500/216950.JPG,0,0,"[""84""]",1.430.000,2026-05-08 9:49:16
3700087076,PAMP BW SENSITIVE REFILL WIPES,PAMP BW SENSITIVE REFILL WIPES,PAMP BW SENSITIVE REFILL WIPES,insert,1,https://riba.app/imgrs/THUMBS%20500X500/214209.JPG,tabs/detalle-producto/214209,426.000,426.000,426.000,USD,1,,"{""MARCA"":[""PAMPERS""],""CATEGORIA"":[""Cuidado Personal""]}","[""Cuidado Personal""]",NULL,https://riba.app/imgrs/THUMBS%20500X500/214209.JPG,0,0,"[""82""]",426.000,2026-05-08 9:49:16
3700087087,PAMPERS BW SENSITIVE  REFILL,PAMPERS BW SENSITIVE  REFILL,PAMPERS BW SENSITIVE  REFILL,insert,1,https://riba.app/imgrs/THUMBS%20500X500/202738.JPG,tabs/detalle-producto/202738,1.067.000,1.067.000,1.067.000,USD,1,,"{""MARCA"":[""PAMPERS""],""CATEGORIA"":[""Cuidado Personal""]}","[""Cuidado Personal""]",NULL,https://riba.app/imgrs/THUMBS%20500X500/202738.JPG,0,0,"[""82""]",1.067.000,2026-05-08 9:49:16
3783602106,GEL DE PEINAR MANZANILLA RDO,GEL DE PEINAR MANZANILLA RDO,GEL DE PEINAR MANZANILLA RDO,insert,1,https://riba.app/imgrs/THUMBS%20500X500/333049.JPG,tabs/detalle-producto/333049,262.000,262.000,262.000,USD,1,,"{""MARCA"":[""RICITOS DE ORO""],""CATEGORIA"":[""Cuidado Personal""]}","[""Cuidado Personal""]",NULL,https://riba.app/imgrs/THUMBS%20500X500/333049.JPG,0,0,"[""82""]",262.000,2026-05-08 9:49:16
3783603350,COLONIA DULCE AROMA RDO,COLONIA DULCE AROMA RDO,COLONIA DULCE AROMA RDO,insert,1,https://riba.app/imgrs/THUMBS%20500X500/333037.JPG,tabs/detalle-producto/333037,202.000,202.000,202.000,USD,1,,"{""MARCA"":[""RICITOS DE ORO""],""CATEGORIA"":[""Cuidado Personal""]}","[""Cuidado Personal""]",NULL,https://riba.app/imgrs/THUMBS%20500X500/333037.JPG,0,0,"[""82""]",202.000,2026-05-08 9:49:16
3783604036,COLONIA MANZANILLA RICITOS ORO,COLONIA MANZANILLA RICITOS ORO,COLONIA MANZANILLA RICITOS ORO,insert,1,https://riba.app/imgrs/THUMBS%20500X500/333038.JPG,tabs/detalle-producto/333038,203.000,203.000,203.000,USD,1,,"{""MARCA"":[""RICITOS DE ORO""],""CATEGORIA"":[""Cuidado Personal""]}","[""Cuidado Personal""]",NULL,https://riba.app/imgrs/THUMBS%20500X500/333038.JPG,0,0,"[""82""]",203.000,2026-05-08 9:49:16
3783604037,SPRAY ANTIMOSQUITOS RDO,SPRAY ANTIMOSQUITOS RDO,SPRAY ANTIMOSQUITOS RDO,insert,1,https://riba.app/imgrs/THUMBS%20500X500/333040.JPG,tabs/detalle-producto/333040,333.000,333.000,333.000,USD,1,,"{""MARCA"":[""RICITOS DE ORO""],""CATEGORIA"":[""Cuidado Personal""]}","[""Cuidado Personal""]",NULL,https://riba.app/imgrs/THUMBS%20500X500/333040.JPG,0,0,"[""82""]",333.000,2026-05-08 9:49:16
3783604056,ACEITE LAVANDA RICITOS DE ORO,ACEITE LAVANDA RICITOS DE ORO,ACEITE LAVANDA RICITOS DE ORO,insert,1,https://riba.app/imgrs/THUMBS%20500X500/333039.JPG,tabs/detalle-producto/333039,215.000,215.000,215.000,USD,1,,"{""MARCA"":[""RICITOS DE ORO""],""CATEGORIA"":[""Cuidado Personal""]}","[""Cuidado Personal""]",NULL,https://riba.app/imgrs/THUMBS%20500X500/333039.JPG,0,0,"[""82""]",215.000,2026-05-08 9:49:16
3783604105,GEL POS OMSQUITO RICITOS ORO,GEL POS OMSQUITO RICITOS ORO,GEL POS OMSQUITO RICITOS ORO,insert,1,https://riba.app/imgrs/THUMBS%20500X500/333046.JPG,tabs/detalle-producto/333046,282.000,282.000,282.000,USD,1,,"{""MARCA"":[""RICITOS DE ORO""],""CATEGORIA"":[""Cuidado Personal""]}","[""Cuidado Personal""]",NULL,https://riba.app/imgrs/THUMBS%20500X500/333046.JPG,0,0,"[""82""]",282.000,2026-05-08 9:49:16
3783608482,BODYWASH MANZANILLA MIEL RDO,BODYWASH MANZANILLA MIEL RDO,BODYWASH MANZANILLA MIEL RDO,insert,1,https://riba.app/imgrs/THUMBS%20500X500/333044.JPG,tabs/detalle-producto/333044,473.000,473.000,473.000,USD,1,,"{""MARCA"":[""RICITOS DE ORO""],""CATEGORIA"":[""Cuidado Personal""]}","[""Cuidado Personal""]",NULL,https://riba.app/imgrs/THUMBS%20500X500/333044.JPG,0,0,"[""82""]",473.000,2026-05-08 9:49:16
400358319025,CHAMPU DE BANO CON DISPENSADOR,CHAMPU DE BANO CON DISPENSADOR,CHAMPU DE BANO CON DISPENSADOR,insert,1,https://riba.app/imgrs/THUMBS%20500X500/335097.JPG,tabs/detalle-producto/335097,882.000,882.000,882.000,USD,1,,"{""MARCA"":[""SANOSAN""],""CATEGORIA"":[""Cuidado Personal""]}","[""Cuidado Personal""]",NULL,https://riba.app/imgrs/THUMBS%20500X500/335097.JPG,0,0,"[""82""]",882.000,2026-05-08 9:49:16
400358319027,CHAMPU DE BANO SANOSAN,CHAMPU DE BANO SANOSAN,CHAMPU DE BANO SANOSAN,insert,1,https://riba.app/imgrs/THUMBS%20500X500/335098.JPG,tabs/detalle-producto/335098,550.000,550.000,550.000,USD,1,,"{""MARCA"":[""SANOSAN""],""CATEGORIA"":[""Cuidado Personal""]}","[""Cuidado Personal""]",NULL,https://riba.app/imgrs/THUMBS%20500X500/335098.JPG,0,0,"[""82""]",550.000,2026-05-08 9:49:16
400358319029,CHAMPU PARA BEBE SANOSAN,CHAMPU PARA BEBE SANOSAN,CHAMPU PARA BEBE SANOSAN,insert,1,https://riba.app/imgrs/THUMBS%20500X500/335099.JPG,tabs/detalle-producto/335099,550.000,550.000,550.000,USD,1,,"{""MARCA"":[""SANOSAN""],""CATEGORIA"":[""Cuidado Personal""]}","[""Cuidado Personal""]",NULL,https://riba.app/imgrs/THUMBS%20500X500/335099.JPG,0,0,"[""82""]",550.000,2026-05-08 9:49:16
400358319768,PROTECTOR SOLAR 50 SPF,PROTECTOR SOLAR 50 SPF,PROTECTOR SOLAR 50 SPF,insert,1,https://riba.app/imgrs/THUMBS%20500X500/335101.JPG,tabs/detalle-producto/335101,1.391.000,1.391.000,1.391.000,USD,1,,"{""MARCA"":[""SANOSAN""],""CATEGORIA"":[""Cuidado Personal""]}","[""Cuidado Personal""]",NULL,https://riba.app/imgrs/THUMBS%20500X500/335101.JPG,0,0,"[""82""]",1.391.000,2026-05-08 9:49:16
400358320729,CHAMPU DE BANO BANANA,CHAMPU DE BANO BANANA,CHAMPU DE BANO BANANA,insert,1,https://riba.app/imgrs/THUMBS%20500X500/335102.JPG,tabs/detalle-producto/335102,790.000,790.000,790.000,USD,1,,"{""MARCA"":[""SANOSAN""],""CATEGORIA"":[""Cuidado Personal""]}","[""Cuidado Personal""]",NULL,https://riba.app/imgrs/THUMBS%20500X500/335102.JPG,0,0,"[""82""]",790.000,2026-05-08 9:49:16
400358320733,LOCION PARA NINOS BANANA,LOCION PARA NINOS BANANA,LOCION PARA NINOS BANANA,insert,1,https://riba.app/imgrs/THUMBS%20500X500/335105.JPG,tabs/detalle-producto/335105,646.000,646.000,646.000,USD,1,,"{""MARCA"":[""SANOSAN""],""CATEGORIA"":[""Cuidado Personal""]}","[""Cuidado Personal""]",NULL,https://riba.app/imgrs/THUMBS%20500X500/335105.JPG,0,0,"[""82""]",646.000,2026-05-08 9:49:16
400358321288,CHAMPU DE BANO FRESA,CHAMPU DE BANO FRESA,CHAMPU DE BANO FRESA,insert,1,https://riba.app/imgrs/THUMBS%20500X500/335104.JPG,tabs/detalle-producto/335104,790.000,790.000,790.000,USD,1,,"{""MARCA"":[""SANOSAN""],""CATEGORIA"":[""Cuidado Personal""]}","[""Cuidado Personal""]",NULL,https://riba.app/imgrs/THUMBS%20500X500/335104.JPG,0,0,"[""82""]",790.000,2026-05-08 9:49:16
400590025963,EUCERIN BABY BODY LOTION ,EUCERIN BABY BODY LOTION ,EUCERIN BABY BODY LOTION ,insert,1,https://riba.app/imgrs/THUMBS%20500X500/252940.JPG,tabs/detalle-producto/252940,3.316.000,3.316.000,3.316.000,USD,1,,"{""MARCA"":[""EUCERIN  (farmacia )""],""CATEGORIA"":[""Cuidado Personal""]}","[""Cuidado Personal""]",NULL,https://riba.app/imgrs/THUMBS%20500X500/252940.JPG,0,0,"[""82""]",3.316.000,2026-05-08 9:49:16
400590025964,EUCERIN BABY CLEANSING SHAMPOO ,EUCERIN BABY CLEANSING SHAMPOO ,EUCERIN BABY CLEANSING SHAMPOO ,insert,1,https://riba.app/imgrs/THUMBS%20500X500/252939.JPG,tabs/detalle-producto/252939,3.256.000,3.256.000,3.256.000,USD,1,,"{""MARCA"":[""EUCERIN  (farmacia )""],""CATEGORIA"":[""Cuidado Personal""]}","[""Cuidado Personal""]",NULL,https://riba.app/imgrs/THUMBS%20500X500/252939.JPG,0,0,"[""82""]",3.256.000,2026-05-08 9:49:16
4467710040,LANOLINA  ,LANOLINA  ,LANOLINA  ,insert,1,https://riba.app/imgrs/THUMBS%20500X500/209950.JPG,tabs/detalle-producto/209950,1.250.000,1.250.000,1.250.000,USD,1,,"{""MARCA"":[""LANSINOH""],""CATEGORIA"":[""Cuidado Post Parto""]}","[""Cuidado Post Parto""]",NULL,https://riba.app/imgrs/THUMBS%20500X500/209950.JPG,0,0,"[""86""]",1.250.000,2026-05-08 9:49:16
4467710204,CREMA LANOLINA LANSINOH,CREMA LANOLINA LANSINOH,CREMA LANOLINA LANSINOH,insert,1,https://riba.app/imgrs/THUMBS%20500X500/325427.JPG,tabs/detalle-producto/325427,518.000,518.000,518.000,USD,1,,"{""MARCA"":[""LANSINOH""],""CATEGORIA"":[""Cuidado Post Parto""]}","[""Cuidado Post Parto""]",NULL,https://riba.app/imgrs/THUMBS%20500X500/325427.JPG,0,0,"[""86""]",518.000,2026-05-08 9:49:16
4467720260,PROTECTORES  DE LACTANCIA ,PROTECTORES  DE LACTANCIA ,PROTECTORES  DE LACTANCIA ,insert,1,https://riba.app/imgrs/THUMBS%20500X500/210841.JPG,tabs/detalle-producto/210841,606.000,606.000,606.000,USD,1,,"{""MARCA"":[""LANSINOH""],""CATEGORIA"":[""Cuidado Post Parto""]}","[""Cuidado Post Parto""]",NULL,https://riba.app/imgrs/THUMBS%20500X500/210841.JPG,0,0,"[""86""]",606.000,2026-05-08 9:49:16
4467720265,PROTECTOR DE LACTANCIA 60U,PROTECTOR DE LACTANCIA 60U,PROTECTOR DE LACTANCIA 60U,insert,1,https://riba.app/imgrs/THUMBS%20500X500/323019.JPG,tabs/detalle-producto/323019,1.000.000,1.000.000,1.000.000,USD,1,,"{""MARCA"":[""LANSINOH""],""CATEGORIA"":[""Cuidado Post Parto""]}","[""Cuidado Post Parto""]",NULL,https://riba.app/imgrs/THUMBS%20500X500/323019.JPG,0,0,"[""86""]",1.000.000,2026-05-08 9:49:16
4467720370,PROTECTOR DE LACTANCIA 100U,PROTECTOR DE LACTANCIA 100U,PROTECTOR DE LACTANCIA 100U,insert,1,https://riba.app/imgrs/THUMBS%20500X500/323012.JPG,tabs/detalle-producto/323012,1.648.000,1.648.000,1.648.000,USD,1,,"{""MARCA"":[""LANSINOH""],""CATEGORIA"":[""Cuidado Post Parto""]}","[""Cuidado Post Parto""]",NULL,https://riba.app/imgrs/THUMBS%20500X500/323012.JPG,0,0,"[""86""]",1.648.000,2026-05-08 9:49:16
4467720381,PROTECTOR LACTANCIA LAVABLE,PROTECTOR LACTANCIA LAVABLE,PROTECTOR LACTANCIA LAVABLE,insert,1,https://riba.app/imgrs/THUMBS%20500X500/291743.JPG,tabs/detalle-producto/291743,1.830.000,1.830.000,1.830.000,USD,1,,"{""MARCA"":[""LANSINOH""],""CATEGORIA"":[""Cuidado Post Parto""]}","[""Cuidado Post Parto""]",NULL,https://riba.app/imgrs/THUMBS%20500X500/291743.JPG,0,0,"[""86""]",1.830.000,2026-05-08 9:49:16
4467720420,BOLSITA ALMAC LECHE MATERNA  ,BOLSITA ALMAC LECHE MATERNA  ,BOLSITA ALMAC LECHE MATERNA  ,insert,1,https://riba.app/imgrs/THUMBS%20500X500/209957.JPG,tabs/detalle-producto/209957,1.049.000,1.049.000,1.049.000,USD,1,,"{""MARCA"":[""LANSINOH""],""CATEGORIA"":[""Utensilios De Bebe""]}","[""Utensilios De Bebe""]",NULL,https://riba.app/imgrs/THUMBS%20500X500/209957.JPG,0,0,"[""85""]",1.049.000,2026-05-08 9:49:16
4467720449,BOLSA ALMACENAJE LECHE MATERNA,BOLSA ALMACENAJE LECHE MATERNA,BOLSA ALMACENAJE LECHE MATERNA,insert,1,https://riba.app/imgrs/THUMBS%20500X500/323408.JPG,tabs/detalle-producto/323408,1.745.000,1.745.000,1.745.000,USD,1,,"{""MARCA"":[""LANSINOH""],""CATEGORIA"":[""Utensilios De Bebe""]}","[""Utensilios De Bebe""]",NULL,https://riba.app/imgrs/THUMBS%20500X500/323408.JPG,0,0,"[""85""]",1.745.000,2026-05-08 9:49:16
4467720450,BOLS ALMACENAM LECHE MATERNA ,BOLS ALMACENAM LECHE MATERNA ,BOLS ALMACENAM LECHE MATERNA ,insert,1,https://riba.app/imgrs/THUMBS%20500X500/247203.JPG,tabs/detalle-producto/247203,1.723.000,1.723.000,1.723.000,USD,1,,"{""MARCA"":[""LANSINOH""],""CATEGORIA"":[""Utensilios De Bebe""]}","[""Utensilios De Bebe""]",NULL,https://riba.app/imgrs/THUMBS%20500X500/247203.JPG,0,0,"[""85""]",1.723.000,2026-05-08 9:49:16
4467720470,LANSINOH BOLSA LECHE MATERNA,LANSINOH BOLSA LECHE MATERNA,LANSINOH BOLSA LECHE MATERNA,insert,1,https://riba.app/imgrs/THUMBS%20500X500/291721.JPG,tabs/detalle-producto/291721,3.238.000,3.238.000,3.238.000,USD,1,,"{""MARCA"":[""LANSINOH""],""CATEGORIA"":[""Utensilios De Bebe""]}","[""Utensilios De Bebe""]",NULL,https://riba.app/imgrs/THUMBS%20500X500/291721.JPG,0,0,"[""85""]",3.238.000,2026-05-08 9:49:16
4467750700,COLECTOR DE LECHE MATERNA,COLECTOR DE LECHE MATERNA,COLECTOR DE LECHE MATERNA,insert,1,https://riba.app/imgrs/THUMBS%20500X500/323015.JPG,tabs/detalle-producto/323015,1.730.000,1.730.000,1.730.000,USD,1,,"{""MARCA"":[""LANSINOH""],""CATEGORIA"":[""Utensilios De Bebe""]}","[""Utensilios De Bebe""]",NULL,https://riba.app/imgrs/THUMBS%20500X500/323015.JPG,0,0,"[""85""]",1.730.000,2026-05-08 9:49:16
4467768400,BOTELLA PERIWASH LANSINOH,BOTELLA PERIWASH LANSINOH,BOTELLA PERIWASH LANSINOH,insert,1,https://riba.app/imgrs/THUMBS%20500X500/319111.JPG,tabs/detalle-producto/319111,2.106.000,2.106.000,2.106.000,USD,1,,"{""MARCA"":[""LANSINOH""],""CATEGORIA"":[""Cuidado Post Parto""]}","[""Cuidado Post Parto""]",NULL,https://riba.app/imgrs/THUMBS%20500X500/319111.JPG,0,0,"[""86""]",2.106.000,2026-05-08 9:49:16
4467769110,PADS POSTPARTO LANSINOH,PADS POSTPARTO LANSINOH,PADS POSTPARTO LANSINOH,insert,1,https://riba.app/imgrs/THUMBS%20500X500/319117.JPG,tabs/detalle-producto/319117,2.582.000,2.582.000,2.582.000,USD,1,,"{""MARCA"":[""LANSINOH""],""CATEGORIA"":[""Cuidado Post Parto""]}","[""Cuidado Post Parto""]",NULL,https://riba.app/imgrs/THUMBS%20500X500/319117.JPG,0,0,"[""86""]",2.582.000,2026-05-08 9:49:16
4467769115,MANGAS PAD FRIO CALOR LANSINOH,MANGAS PAD FRIO CALOR LANSINOH,MANGAS PAD FRIO CALOR LANSINOH,insert,1,https://riba.app/imgrs/THUMBS%20500X500/319127.JPG,tabs/detalle-producto/319127,1.027.000,1.027.000,1.027.000,USD,1,,"{""MARCA"":[""LANSINOH""],""CATEGORIA"":[""Cuidado Post Parto""]}","[""Cuidado Post Parto""]",NULL,https://riba.app/imgrs/THUMBS%20500X500/319127.JPG,0,0,"[""86""]",1.027.000,2026-05-08 9:49:16
4467770170,FORMADOR DE PEZON LANSINOH,FORMADOR DE PEZON LANSINOH,FORMADOR DE PEZON LANSINOH,insert,1,https://riba.app/imgrs/THUMBS%20500X500/323018.JPG,tabs/detalle-producto/323018,1.265.000,1.265.000,1.265.000,USD,1,,"{""MARCA"":[""LANSINOH""],""CATEGORIA"":[""Cuidado Post Parto""]}","[""Cuidado Post Parto""]",NULL,https://riba.app/imgrs/THUMBS%20500X500/323018.JPG,0,0,"[""86""]",1.265.000,2026-05-08 9:49:16
4467770171,PROTECTOR DE PEZON 2PK,PROTECTOR DE PEZON 2PK,PROTECTOR DE PEZON 2PK,insert,1,https://riba.app/imgrs/THUMBS%20500X500/323016.JPG,tabs/detalle-producto/323016,1.246.000,1.246.000,1.246.000,USD,1,,"{""MARCA"":[""LANSINOH""],""CATEGORIA"":[""Cuidado Post Parto""]}","[""Cuidado Post Parto""]",NULL,https://riba.app/imgrs/THUMBS%20500X500/323016.JPG,0,0,"[""86""]",1.246.000,2026-05-08 9:49:16
4467770191,PROTECTOR DE PEZON LANSINOH,PROTECTOR DE PEZON LANSINOH,PROTECTOR DE PEZON LANSINOH,insert,1,https://riba.app/imgrs/THUMBS%20500X500/323031.JPG,tabs/detalle-producto/323031,1.341.000,1.341.000,1.341.000,USD,1,,"{""MARCA"":[""LANSINOH""],""CATEGORIA"":[""Cuidado Post Parto""]}","[""Cuidado Post Parto""]",NULL,https://riba.app/imgrs/THUMBS%20500X500/323031.JPG,0,0,"[""86""]",1.341.000,2026-05-08 9:49:16
4467771025,CHUPETES FLUJO RAPIDO NATURAL ,CHUPETES FLUJO RAPIDO NATURAL ,CHUPETES FLUJO RAPIDO NATURAL ,insert,1,https://riba.app/imgrs/THUMBS%20500X500/323017.JPG,tabs/detalle-producto/323017,893.000,893.000,893.000,USD,1,,"{""MARCA"":[""LANSINOH""],""CATEGORIA"":[""Utensilios De Bebe""]}","[""Utensilios De Bebe""]",NULL,https://riba.app/imgrs/THUMBS%20500X500/323017.JPG,0,0,"[""85""]",893.000,2026-05-08 9:49:16
4467771026,CHUPETE FLUJO MEDIO NATURAL WA,CHUPETE FLUJO MEDIO NATURAL WA,CHUPETE FLUJO MEDIO NATURAL WA,insert,1,https://riba.app/imgrs/THUMBS%20500X500/323025.JPG,tabs/detalle-producto/323025,893.000,893.000,893.000,USD,1,,"{""MARCA"":[""LANSINOH""],""CATEGORIA"":[""Utensilios De Bebe""]}","[""Utensilios De Bebe""]",NULL,https://riba.app/imgrs/THUMBS%20500X500/323025.JPG,0,0,"[""85""]",893.000,2026-05-08 9:49:16
4467771027,CHUPETE FLUJO LENTO NATURAL,CHUPETE FLUJO LENTO NATURAL,CHUPETE FLUJO LENTO NATURAL,insert,1,https://riba.app/imgrs/THUMBS%20500X500/323028.JPG,tabs/detalle-producto/323028,893.000,893.000,893.000,USD,1,,"{""MARCA"":[""LANSINOH""],""CATEGORIA"":[""Utensilios De Bebe""]}","[""Utensilios De Bebe""]",NULL,https://riba.app/imgrs/THUMBS%20500X500/323028.JPG,0,0,"[""85""]",893.000,2026-05-08 9:49:16
4467771053,BIBERON BOCA ANCHA 5 OZ,BIBERON BOCA ANCHA 5 OZ,BIBERON BOCA ANCHA 5 OZ,insert,1,https://riba.app/imgrs/THUMBS%20500X500/323029.JPG,tabs/detalle-producto/323029,1.058.000,1.058.000,1.058.000,USD,1,,"{""MARCA"":[""LANSINOH""],""CATEGORIA"":[""Utensilios De Bebe""]}","[""Utensilios De Bebe""]",NULL,https://riba.app/imgrs/THUMBS%20500X500/323029.JPG,0,0,"[""85""]",1.058.000,2026-05-08 9:49:16
4467771055,BIBERON 8 OZ BOCA ANCHA,BIBERON 8 OZ BOCA ANCHA,BIBERON 8 OZ BOCA ANCHA,insert,1,https://riba.app/imgrs/THUMBS%20500X500/323030.JPG,tabs/detalle-producto/323030,1.250.000,1.250.000,1.250.000,USD,1,,"{""MARCA"":[""LANSINOH""],""CATEGORIA"":[""Utensilios De Bebe""]}","[""Utensilios De Bebe""]",NULL,https://riba.app/imgrs/THUMBS%20500X500/323030.JPG,0,0,"[""85""]",1.250.000,2026-05-08 9:49:16
4741400170,DELUXE SECURITY HARNESS 4PC SE,DELUXE SECURITY HARNESS 4PC SE,DELUXE SECURITY HARNESS 4PC SE,insert,1,https://riba.app/imgrs/THUMBS%20500X500/269378.JPG,tabs/detalle-producto/269378,606.000,606.000,606.000,USD,1,,"{""MARCA"":[""BABY BUDDY""],""CATEGORIA"":[""Utensilios De Bebe""]}","[""Utensilios De Bebe""]",NULL,https://riba.app/imgrs/THUMBS%20500X500/269378.JPG,0,0,"[""85""]",606.000,2026-05-08 9:49:16
4741400401,NATURAL BATH SPONGE,NATURAL BATH SPONGE,NATURAL BATH SPONGE,insert,1,https://riba.app/imgrs/THUMBS%20500X500/151773.JPG,tabs/detalle-producto/151773,1.026.000,1.026.000,1.026.000,USD,1,,"{""MARCA"":[""COMPAC""],""CATEGORIA"":[""Cuidado Personal""]}","[""Cuidado Personal""]",NULL,https://riba.app/imgrs/THUMBS%20500X500/151773.JPG,0,0,"[""82""]",1.026.000,2026-05-08 9:49:16
4741400403,NATURAL BATH SPONGE YELLOW,NATURAL BATH SPONGE YELLOW,NATURAL BATH SPONGE YELLOW,insert,1,https://riba.app/imgrs/THUMBS%20500X500/288567.JPG,tabs/detalle-producto/288567,905.000,905.000,905.000,USD,1,,"{""MARCA"":[""BABY BUDDY""],""CATEGORIA"":[""Cuidado Personal""]}","[""Cuidado Personal""]",NULL,https://riba.app/imgrs/THUMBS%20500X500/288567.JPG,0,0,"[""82""]",905.000,2026-05-08 9:49:16
4741400505,BABYS 1ST TOOTHBRUSH WITH CASE,BABYS 1ST TOOTHBRUSH WITH CASE,BABYS 1ST TOOTHBRUSH WITH CASE,insert,1,https://riba.app/imgrs/THUMBS%20500X500/269356.JPG,tabs/detalle-producto/269356,549.000,549.000,549.000,USD,1,,"{""MARCA"":[""BABY BUDDY""],""CATEGORIA"":[""Cuidado Personal""]}","[""Cuidado Personal""]",NULL,https://riba.app/imgrs/THUMBS%20500X500/269356.JPG,0,0,"[""82""]",549.000,2026-05-08 9:49:16
490250800260,BIBERON DECORADO QUAL 8 OZ,BIBERON DECORADO QUAL 8 OZ,BIBERON DECORADO QUAL 8 OZ,insert,1,https://riba.app/imgrs/THUMBS%20500X500/26120.JPG,tabs/detalle-producto/26120,882.000,882.000,882.000,USD,1,,"{""MARCA"":[""PIGEON""],""CATEGORIA"":[""Utensilios De Bebe""]}","[""Utensilios De Bebe""]",NULL,https://riba.app/imgrs/THUMBS%20500X500/26120.JPG,0,0,"[""85""]",882.000,2026-05-08 9:49:16
490250800261,BIBERON DECORADO QUAL 4OZ,BIBERON DECORADO QUAL 4OZ,BIBERON DECORADO QUAL 4OZ,insert,1,https://riba.app/imgrs/THUMBS%20500X500/26121.JPG,tabs/detalle-producto/26121,772.000,772.000,772.000,USD,1,,"{""MARCA"":[""PIGEON""],""CATEGORIA"":[""Utensilios De Bebe""]}","[""Utensilios De Bebe""]",NULL,https://riba.app/imgrs/THUMBS%20500X500/26121.JPG,0,0,"[""85""]",772.000,2026-05-08 9:49:16
490250800282,BIBERON DE VIDRIO 4 OZ,BIBERON DE VIDRIO 4 OZ,BIBERON DE VIDRIO 4 OZ,insert,1,https://riba.app/imgrs/THUMBS%20500X500/26127.JPG,tabs/detalle-producto/26127,961.000,961.000,961.000,USD,1,,"{""MARCA"":[""PIGEON""],""CATEGORIA"":[""Utensilios De Bebe""]}","[""Utensilios De Bebe""]",NULL,https://riba.app/imgrs/THUMBS%20500X500/26127.JPG,0,0,"[""85""]",961.000,2026-05-08 9:49:16
490250800768,BIBERON PERISTALTICO STANDARD,BIBERON PERISTALTICO STANDARD,BIBERON PERISTALTICO STANDARD,insert,1,https://riba.app/imgrs/THUMBS%20500X500/191791.JPG,tabs/detalle-producto/191791,882.000,882.000,882.000,USD,1,,"{""MARCA"":[""PIGEON""],""CATEGORIA"":[""Utensilios De Bebe""]}","[""Utensilios De Bebe""]",NULL,https://riba.app/imgrs/THUMBS%20500X500/191791.JPG,0,0,"[""85""]",882.000,2026-05-08 9:49:16
490250801933,CHUPETE PERISTALTICO B  2 UN,CHUPETE PERISTALTICO B  2 UN,CHUPETE PERISTALTICO B  2 UN,insert,1,https://riba.app/imgrs/THUMBS%20500X500/126394.JPG,tabs/detalle-producto/126394,607.000,607.000,607.000,USD,1,,"{""MARCA"":[""PIGEON""],""CATEGORIA"":[""Utensilios De Bebe""]}","[""Utensilios De Bebe""]",NULL,https://riba.app/imgrs/THUMBS%20500X500/126394.JPG,0,0,"[""85""]",607.000,2026-05-08 9:49:16
490250801934,CHUPETE PERISTALTICO B 2 UN,CHUPETE PERISTALTICO B 2 UN,CHUPETE PERISTALTICO B 2 UN,insert,1,https://riba.app/imgrs/THUMBS%20500X500/126392.JPG,tabs/detalle-producto/126392,607.000,607.000,607.000,USD,1,,"{""MARCA"":[""PIGEON""],""CATEGORIA"":[""Utensilios De Bebe""]}","[""Utensilios De Bebe""]",NULL,https://riba.app/imgrs/THUMBS%20500X500/126392.JPG,0,0,"[""85""]",607.000,2026-05-08 9:49:16
490250801935,CHUPETE PERISTALTICO SMALL,CHUPETE PERISTALTICO SMALL,CHUPETE PERISTALTICO SMALL,insert,1,https://riba.app/imgrs/THUMBS%20500X500/126355.JPG,tabs/detalle-producto/126355,607.000,607.000,607.000,USD,1,,"{""MARCA"":[""PIGEON""],""CATEGORIA"":[""Utensilios De Bebe""]}","[""Utensilios De Bebe""]",NULL,https://riba.app/imgrs/THUMBS%20500X500/126355.JPG,0,0,"[""85""]",607.000,2026-05-08 9:49:16
490250801997,CHUPETE PERISTALTICO STAND MED,CHUPETE PERISTALTICO STAND MED,CHUPETE PERISTALTICO STAND MED,insert,1,https://riba.app/imgrs/THUMBS%20500X500/151294.JPG,tabs/detalle-producto/151294,607.000,607.000,607.000,USD,1,,"{""MARCA"":[""PIGEON""],""CATEGORIA"":[""Utensilios De Bebe""]}","[""Utensilios De Bebe""]",NULL,https://riba.app/imgrs/THUMBS%20500X500/151294.JPG,0,0,"[""85""]",607.000,2026-05-08 9:49:16
490250802212,PORTA LECHE TRES COLORES,PORTA LECHE TRES COLORES,PORTA LECHE TRES COLORES,insert,1,https://riba.app/imgrs/THUMBS%20500X500/26151.JPG,tabs/detalle-producto/26151,772.000,772.000,772.000,USD,1,,"{""MARCA"":[""PIGEON""],""CATEGORIA"":[""Utensilios De Bebe""]}","[""Utensilios De Bebe""]",NULL,https://riba.app/imgrs/THUMBS%20500X500/26151.JPG,0,0,"[""85""]",772.000,2026-05-08 9:49:16
490250803308,BIBERON VIDRIO 2 OZ BOCA STAND,BIBERON VIDRIO 2 OZ BOCA STAND,BIBERON VIDRIO 2 OZ BOCA STAND,insert,1,https://riba.app/imgrs/THUMBS%20500X500/60362.JPG,tabs/detalle-producto/60362,927.000,927.000,927.000,USD,1,,"{""MARCA"":[""PIGEON""],""CATEGORIA"":[""Utensilios De Bebe""]}","[""Utensilios De Bebe""]",NULL,https://riba.app/imgrs/THUMBS%20500X500/60362.JPG,0,0,"[""85""]",927.000,2026-05-08 9:49:16
490250803310,JUEGOS CUCHARAS TENEDOR BLI,JUEGOS CUCHARAS TENEDOR BLI,JUEGOS CUCHARAS TENEDOR BLI,insert,1,https://riba.app/imgrs/THUMBS%20500X500/26104.JPG,tabs/detalle-producto/26104,607.000,607.000,607.000,USD,1,,"{""MARCA"":[""PIGEON""],""CATEGORIA"":[""Utensilios De Bebe""]}","[""Utensilios De Bebe""]",NULL,https://riba.app/imgrs/THUMBS%20500X500/26104.JPG,0,0,"[""85""]",607.000,2026-05-08 9:49:16
490250803311,JUEGO CUCHARA P SOLIDOS Y LIQ ,JUEGO CUCHARA P SOLIDOS Y LIQ ,JUEGO CUCHARA P SOLIDOS Y LIQ ,insert,1,https://riba.app/imgrs/THUMBS%20500X500/26157.JPG,tabs/detalle-producto/26157,560.000,560.000,560.000,USD,1,,"{""MARCA"":[""PIGEON""],""CATEGORIA"":[""Utensilios De Bebe""]}","[""Utensilios De Bebe""]",NULL,https://riba.app/imgrs/THUMBS%20500X500/26157.JPG,0,0,"[""85""]",560.000,2026-05-08 9:49:16
490250803314,PLATO DE ALIMENTACION,PLATO DE ALIMENTACION,PLATO DE ALIMENTACION,insert,1,https://riba.app/imgrs/THUMBS%20500X500/26158.JPG,tabs/detalle-producto/26158,448.000,448.000,448.000,USD,1,,"{""MARCA"":[""PIGEON""],""CATEGORIA"":[""Utensilios De Bebe""]}","[""Utensilios De Bebe""]",NULL,https://riba.app/imgrs/THUMBS%20500X500/26158.JPG,0,0,"[""85""]",448.000,2026-05-08 9:49:16
490250804032,CEPILLO DE ESPONJA GIRATORIO,CEPILLO DE ESPONJA GIRATORIO,CEPILLO DE ESPONJA GIRATORIO,insert,1,https://riba.app/imgrs/THUMBS%20500X500/114106.JPG,tabs/detalle-producto/114106,696.000,696.000,696.000,USD,1,,"{""MARCA"":[""PIGEON""],""CATEGORIA"":[""Cuidado Personal""]}","[""Cuidado Personal""]",NULL,https://riba.app/imgrs/THUMBS%20500X500/114106.JPG,0,0,"[""82""]",696.000,2026-05-08 9:49:16
490250804550,CEPILLO NYLON GIRATORIO,CEPILLO NYLON GIRATORIO,CEPILLO NYLON GIRATORIO,insert,1,https://riba.app/imgrs/THUMBS%20500X500/26173.JPG,tabs/detalle-producto/26173,699.000,699.000,699.000,USD,1,,"{""MARCA"":[""PIGEON""],""CATEGORIA"":[""Utensilios De Bebe""]}","[""Utensilios De Bebe""]",NULL,https://riba.app/imgrs/THUMBS%20500X500/26173.JPG,0,0,"[""85""]",699.000,2026-05-08 9:49:16
490250804562,TAZA CON BOQUILLA ,TAZA CON BOQUILLA ,TAZA CON BOQUILLA ,insert,1,https://riba.app/imgrs/THUMBS%20500X500/206480.JPG,tabs/detalle-producto/206480,1.161.000,1.161.000,1.161.000,USD,1,,"{""MARCA"":[""PIGEON""],""CATEGORIA"":[""Utensilios De Bebe""]}","[""Utensilios De Bebe""]",NULL,https://riba.app/imgrs/THUMBS%20500X500/206480.JPG,0,0,"[""85""]",1.161.000,2026-05-08 9:49:16
490250804564,TAZA CON SORBETO ROSA ,TAZA CON SORBETO ROSA ,TAZA CON SORBETO ROSA ,insert,1,https://riba.app/imgrs/THUMBS%20500X500/206482.JPG,tabs/detalle-producto/206482,1.161.000,1.161.000,1.161.000,USD,1,,"{""MARCA"":[""PIGEON""],""CATEGORIA"":[""Utensilios De Bebe""]}","[""Utensilios De Bebe""]",NULL,https://riba.app/imgrs/THUMBS%20500X500/206482.JPG,0,0,"[""85""]",1.161.000,2026-05-08 9:49:16
490250804565,TAZA CON SORBETO CELESTE ,TAZA CON SORBETO CELESTE ,TAZA CON SORBETO CELESTE ,insert,1,https://riba.app/imgrs/THUMBS%20500X500/206483.JPG,tabs/detalle-producto/206483,1.161.000,1.161.000,1.161.000,USD,1,,"{""MARCA"":[""PIGEON""],""CATEGORIA"":[""Utensilios De Bebe""]}","[""Utensilios De Bebe""]",NULL,https://riba.app/imgrs/THUMBS%20500X500/206483.JPG,0,0,"[""85""]",1.161.000,2026-05-08 9:49:16
490250810112,CEP DENT LECC #3 COLOR SURTIDO,CEP DENT LECC #3 COLOR SURTIDO,CEP DENT LECC #3 COLOR SURTIDO,insert,1,https://riba.app/imgrs/THUMBS%20500X500/26195.JPG,tabs/detalle-producto/26195,429.000,429.000,429.000,USD,1,,"{""MARCA"":[""PIGEON""],""CATEGORIA"":[""Cuidado Personal""]}","[""Cuidado Personal""]",NULL,https://riba.app/imgrs/THUMBS%20500X500/26195.JPG,0,0,"[""82""]",429.000,2026-05-08 9:49:16
490250810556,BABY WHIPES30 HOJAS,BABY WHIPES30 HOJAS,BABY WHIPES30 HOJAS,insert,1,https://riba.app/imgrs/THUMBS%20500X500/26200.JPG,tabs/detalle-producto/26200,251.000,251.000,251.000,USD,1,,"{""MARCA"":[""PIGEON""],""CATEGORIA"":[""Cuidado Personal""]}","[""Cuidado Personal""]",NULL,https://riba.app/imgrs/THUMBS%20500X500/26200.JPG,0,0,"[""82""]",251.000,2026-05-08 9:49:16
490250810559,ASPIRADOR NASAL,ASPIRADOR NASAL,ASPIRADOR NASAL,insert,1,https://riba.app/imgrs/THUMBS%20500X500/26201.JPG,tabs/detalle-producto/26201,827.000,827.000,827.000,USD,1,,"{""MARCA"":[""PIGEON""],""CATEGORIA"":[""Utensilios De Bebe""]}","[""Utensilios De Bebe""]",NULL,https://riba.app/imgrs/THUMBS%20500X500/26201.JPG,0,0,"[""85""]",827.000,2026-05-08 9:49:16
490250810560,ASPIRADOR NASAL TIPO TUBO,ASPIRADOR NASAL TIPO TUBO,ASPIRADOR NASAL TIPO TUBO,insert,1,https://riba.app/imgrs/THUMBS%20500X500/26202.JPG,tabs/detalle-producto/26202,1.050.000,1.050.000,1.050.000,USD,1,,"{""MARCA"":[""PIGEON""],""CATEGORIA"":[""Utensilios De Bebe""]}","[""Utensilios De Bebe""]",NULL,https://riba.app/imgrs/THUMBS%20500X500/26202.JPG,0,0,"[""85""]",1.050.000,2026-05-08 9:49:16
490250810565,BABY WIPE ANTIMOSQUITO 12UN,BABY WIPE ANTIMOSQUITO 12UN,BABY WIPE ANTIMOSQUITO 12UN,insert,1,https://riba.app/imgrs/THUMBS%20500X500/130102.JPG,tabs/detalle-producto/130102,313.000,313.000,313.000,USD,1,,"{""MARCA"":[""PIGEON""],""CATEGORIA"":[""Cuidado Personal""]}","[""Cuidado Personal""]",NULL,https://riba.app/imgrs/THUMBS%20500X500/130102.JPG,0,0,"[""82""]",313.000,2026-05-08 9:49:16
490250810578,JUEGO DE CEPILLO PEINETA,JUEGO DE CEPILLO PEINETA,JUEGO DE CEPILLO PEINETA,insert,1,https://riba.app/imgrs/THUMBS%20500X500/60365.JPG,tabs/detalle-producto/60365,761.000,761.000,761.000,USD,1,,"{""MARCA"":[""PIGEON""],""CATEGORIA"":[""Cuidado Personal""]}","[""Cuidado Personal""]",NULL,https://riba.app/imgrs/THUMBS%20500X500/60365.JPG,0,0,"[""82""]",761.000,2026-05-08 9:49:16
490250810581,KIT BABY WIPES 3 PAQUETES ,KIT BABY WIPES 3 PAQUETES ,KIT BABY WIPES 3 PAQUETES ,insert,1,https://riba.app/imgrs/THUMBS%20500X500/120667.JPG,tabs/detalle-producto/120667,1.155.000,1.155.000,1.155.000,USD,1,,"{""MARCA"":[""PIGEON""],""CATEGORIA"":[""Cuidado Personal""]}","[""Cuidado Personal""]",NULL,https://riba.app/imgrs/THUMBS%20500X500/120667.JPG,0,0,"[""82""]",1.155.000,2026-05-08 9:49:16
490250810583,BABY WIPES 74 PLIEG  REP.,BABY WIPES 74 PLIEG  REP.,BABY WIPES 74 PLIEG  REP.,insert,1,https://riba.app/imgrs/THUMBS%20500X500/67592.JPG,tabs/detalle-producto/67592,420.000,420.000,420.000,USD,1,,"{""MARCA"":[""PIGEON""],""CATEGORIA"":[""Cuidado Personal""]}","[""Cuidado Personal""]",NULL,https://riba.app/imgrs/THUMBS%20500X500/67592.JPG,0,0,"[""82""]",420.000,2026-05-08 9:49:16
490250810802,TIJERA PARA BEBE NUEVA PIGEON,TIJERA PARA BEBE NUEVA PIGEON,TIJERA PARA BEBE NUEVA PIGEON,insert,1,https://riba.app/imgrs/THUMBS%20500X500/26207.JPG,tabs/detalle-producto/26207,906.000,906.000,906.000,USD,1,,"{""MARCA"":[""PIGEON""],""CATEGORIA"":[""Cuidado Personal""]}","[""Cuidado Personal""]",NULL,https://riba.app/imgrs/THUMBS%20500X500/26207.JPG,0,0,"[""82""]",906.000,2026-05-08 9:49:16
490250810808,CORTA UÑA DE SEGURIDAD,CORTA UÑA DE SEGURIDAD,CORTA UÑA DE SEGURIDAD,insert,1,https://riba.app/imgrs/THUMBS%20500X500/114108.JPG,tabs/detalle-producto/114108,772.000,772.000,772.000,USD,1,,"{""MARCA"":[""PIGEON""],""CATEGORIA"":[""Cuidado Personal""]}","[""Cuidado Personal""]",NULL,https://riba.app/imgrs/THUMBS%20500X500/114108.JPG,0,0,"[""82""]",772.000,2026-05-08 9:49:16
490250810843,WIPES MANOS Y BOCA ANTIBACT,WIPES MANOS Y BOCA ANTIBACT,WIPES MANOS Y BOCA ANTIBACT,insert,1,https://riba.app/imgrs/THUMBS%20500X500/169080.JPG,tabs/detalle-producto/169080,209.000,209.000,209.000,USD,1,,"{""MARCA"":[""PIGEON""],""CATEGORIA"":[""Cuidado Personal""]}","[""Cuidado Personal""]",NULL,https://riba.app/imgrs/THUMBS%20500X500/169080.JPG,0,0,"[""82""]",209.000,2026-05-08 9:49:16
490250810869,TOALLITA ANTIBACTERIAL HM,TOALLITA ANTIBACTERIAL HM,TOALLITA ANTIBACTERIAL HM,insert,1,https://riba.app/imgrs/THUMBS%20500X500/286887.JPG,tabs/detalle-producto/286887,209.000,209.000,209.000,USD,1,,"{""MARCA"":[""PIGEON""],""CATEGORIA"":[""Cuidado Personal""]}","[""Cuidado Personal""]",NULL,https://riba.app/imgrs/THUMBS%20500X500/286887.JPG,0,0,"[""82""]",209.000,2026-05-08 9:49:16
490250810892,JGO DE CEPILLO DENTAL APRENDIZ,JGO DE CEPILLO DENTAL APRENDIZ,JGO DE CEPILLO DENTAL APRENDIZ,insert,1,https://riba.app/imgrs/THUMBS%20500X500/26226.JPG,tabs/detalle-producto/26226,1.038.000,1.038.000,1.038.000,USD,1,,"{""MARCA"":[""PIGEON""],""CATEGORIA"":[""Cuidado Personal""]}","[""Cuidado Personal""]",NULL,https://riba.app/imgrs/THUMBS%20500X500/26226.JPG,0,0,"[""82""]",1.038.000,2026-05-08 9:49:16
490250811718,TOALLITA HAND MOUTH 2PACK,TOALLITA HAND MOUTH 2PACK,TOALLITA HAND MOUTH 2PACK,insert,1,https://riba.app/imgrs/THUMBS%20500X500/286892.JPG,tabs/detalle-producto/286892,399.000,399.000,399.000,USD,1,,"{""MARCA"":[""PIGEON""],""CATEGORIA"":[""Cuidado Personal""]}","[""Cuidado Personal""]",NULL,https://riba.app/imgrs/THUMBS%20500X500/286892.JPG,0,0,"[""82""]",399.000,2026-05-08 9:49:16
490250812955,LIMPIADOR DE BIBERONES ,LIMPIADOR DE BIBERONES ,LIMPIADOR DE BIBERONES ,insert,1,https://riba.app/imgrs/THUMBS%20500X500/189402.JPG,tabs/detalle-producto/189402,1.394.000,1.394.000,1.394.000,USD,1,,"{""MARCA"":[""PIGEON""],""CATEGORIA"":[""Utensilios De Bebe""]}","[""Utensilios De Bebe""]",NULL,https://riba.app/imgrs/THUMBS%20500X500/189402.JPG,0,0,"[""85""]",1.394.000,2026-05-08 9:49:16
490250812979,LIMPIADOR DE BIBERON LQ REFILL,LIMPIADOR DE BIBERON LQ REFILL,LIMPIADOR DE BIBERON LQ REFILL,insert,1,https://riba.app/imgrs/THUMBS%20500X500/280379.JPG,tabs/detalle-producto/280379,1.065.000,1.065.000,1.065.000,USD,1,,"{""MARCA"":[""PIGEON""],""CATEGORIA"":[""Utensilios De Bebe""]}","[""Utensilios De Bebe""]",NULL,https://riba.app/imgrs/THUMBS%20500X500/280379.JPG,0,0,"[""85""]",1.065.000,2026-05-08 9:49:16
490250812983,LIMPIADOR LIQUIDO 200ML,LIMPIADOR LIQUIDO 200ML,LIMPIADOR LIQUIDO 200ML,insert,1,https://riba.app/imgrs/THUMBS%20500X500/26228.JPG,tabs/detalle-producto/26228,598.000,598.000,598.000,USD,1,,"{""MARCA"":[""PIGEON""],""CATEGORIA"":[""Utensilios De Bebe""]}","[""Utensilios De Bebe""]",NULL,https://riba.app/imgrs/THUMBS%20500X500/26228.JPG,0,0,"[""85""]",598.000,2026-05-08 9:49:16
490250812984,LIMPIADOR LIQUIDO 450ML,LIMPIADOR LIQUIDO 450ML,LIMPIADOR LIQUIDO 450ML,insert,1,https://riba.app/imgrs/THUMBS%20500X500/82625.JPG,tabs/detalle-producto/82625,1.061.000,1.061.000,1.061.000,USD,1,,"{""MARCA"":[""PIGEON""],""CATEGORIA"":[""Utensilios De Bebe""]}","[""Utensilios De Bebe""]",NULL,https://riba.app/imgrs/THUMBS%20500X500/82625.JPG,0,0,"[""85""]",1.061.000,2026-05-08 9:49:16
490250813620,MORDEDOR PASO 2,MORDEDOR PASO 2,MORDEDOR PASO 2,insert,1,https://riba.app/imgrs/THUMBS%20500X500/66418.JPG,tabs/detalle-producto/66418,592.000,592.000,592.000,USD,1,,"{""MARCA"":[""PIGEON""],""CATEGORIA"":[""Utensilios De Bebe""]}","[""Utensilios De Bebe""]",NULL,https://riba.app/imgrs/THUMBS%20500X500/66418.JPG,0,0,"[""85""]",592.000,2026-05-08 9:49:16
490250816296,PROTEC LACTANCIA HONEY 60P,PROTEC LACTANCIA HONEY 60P,PROTEC LACTANCIA HONEY 60P,insert,1,https://riba.app/imgrs/THUMBS%20500X500/234410.JPG,tabs/detalle-producto/234410,1.347.000,1.347.000,1.347.000,USD,1,,"{""MARCA"":[""PIGEON""],""CATEGORIA"":[""Cuidado Post Parto""]}","[""Cuidado Post Parto""]",NULL,https://riba.app/imgrs/THUMBS%20500X500/234410.JPG,0,0,"[""86""]",1.347.000,2026-05-08 9:49:16
490250816395,PROTEC LACTANCIA HONEY 36P,PROTEC LACTANCIA HONEY 36P,PROTEC LACTANCIA HONEY 36P,insert,1,https://riba.app/imgrs/THUMBS%20500X500/234409.JPG,tabs/detalle-producto/234409,876.000,876.000,876.000,USD,1,,"{""MARCA"":[""PIGEON""],""CATEGORIA"":[""Cuidado Post Parto""]}","[""Cuidado Post Parto""]",NULL,https://riba.app/imgrs/THUMBS%20500X500/234409.JPG,0,0,"[""86""]",876.000,2026-05-08 9:49:16
490250816654,BOLSITA ALMACENAR LECHE MATERN,BOLSITA ALMACENAR LECHE MATERN,BOLSITA ALMACENAR LECHE MATERN,insert,1,https://riba.app/imgrs/THUMBS%20500X500/242130.JPG,tabs/detalle-producto/242130,958.000,958.000,958.000,USD,1,,"{""MARCA"":[""PIGEON""],""CATEGORIA"":[""Utensilios De Bebe""]}","[""Utensilios De Bebe""]",NULL,https://riba.app/imgrs/THUMBS%20500X500/242130.JPG,0,0,"[""85""]",958.000,2026-05-08 9:49:16
490250816733,EXTRACTOR LECHE MANUAL,EXTRACTOR LECHE MANUAL,EXTRACTOR LECHE MANUAL,insert,1,https://riba.app/imgrs/THUMBS%20500X500/242133.JPG,tabs/detalle-producto/242133,4.959.000,4.959.000,4.959.000,USD,1,,"{""MARCA"":[""PIGEON""],""CATEGORIA"":[""Utensilios De Bebe""]}","[""Utensilios De Bebe""]",NULL,https://riba.app/imgrs/THUMBS%20500X500/242133.JPG,0,0,"[""85""]",4.959.000,2026-05-08 9:49:16
490250816896,PROTECTOR DE SENO SILICOO,PROTECTOR DE SENO SILICOO,PROTECTOR DE SENO SILICOO,insert,1,https://riba.app/imgrs/THUMBS%20500X500/60367.JPG,tabs/detalle-producto/60367,882.000,882.000,882.000,USD,1,,"{""MARCA"":[""PIGEON""],""CATEGORIA"":[""Cuidado Post Parto""]}","[""Cuidado Post Parto""]",NULL,https://riba.app/imgrs/THUMBS%20500X500/60367.JPG,0,0,"[""86""]",882.000,2026-05-08 9:49:16
490250817400,PROTECTORES LACTANCIA SLIM NEW,PROTECTORES LACTANCIA SLIM NEW,PROTECTORES LACTANCIA SLIM NEW,insert,1,https://riba.app/imgrs/THUMBS%20500X500/178161.JPG,tabs/detalle-producto/178161,924.000,924.000,924.000,USD,1,,"{""MARCA"":[""PIGEON""],""CATEGORIA"":[""Cuidado Post Parto""]}","[""Cuidado Post Parto""]",NULL,https://riba.app/imgrs/THUMBS%20500X500/178161.JPG,0,0,"[""86""]",924.000,2026-05-08 9:49:16
490250817412,EXTRAC LECHE MANUAL PALANCA SE,EXTRAC LECHE MANUAL PALANCA SE,EXTRAC LECHE MANUAL PALANCA SE,insert,1,https://riba.app/imgrs/THUMBS%20500X500/242134.JPG,tabs/detalle-producto/242134,3.867.000,3.867.000,3.867.000,USD,1,,"{""MARCA"":[""PIGEON""],""CATEGORIA"":[""Utensilios De Bebe""]}","[""Utensilios De Bebe""]",NULL,https://riba.app/imgrs/THUMBS%20500X500/242134.JPG,0,0,"[""85""]",3.867.000,2026-05-08 9:49:16
490250826914,RECOLECTOR DE LECHE PIGEON,RECOLECTOR DE LECHE PIGEON,RECOLECTOR DE LECHE PIGEON,insert,1,https://riba.app/imgrs/THUMBS%20500X500/302667.JPG,tabs/detalle-producto/302667,1.293.000,1.293.000,1.293.000,USD,1,,"{""MARCA"":[""PIGEON""],""CATEGORIA"":[""Utensilios De Bebe""]}","[""Utensilios De Bebe""]",NULL,https://riba.app/imgrs/THUMBS%20500X500/302667.JPG,0,0,"[""85""]",1.293.000,2026-05-08 9:49:16
490250878235,CONSUELO S NINO TREN,CONSUELO S NINO TREN,CONSUELO S NINO TREN,insert,1,https://riba.app/imgrs/THUMBS%20500X500/323041.JPG,tabs/detalle-producto/323041,661.000,661.000,661.000,USD,1,,"{""MARCA"":[""PIGEON""],""CATEGORIA"":[""Utensilios De Bebe""]}","[""Utensilios De Bebe""]",NULL,https://riba.app/imgrs/THUMBS%20500X500/323041.JPG,0,0,"[""85""]",661.000,2026-05-08 9:49:16
490250878238,CONSUELO M NINO COHETE,CONSUELO M NINO COHETE,CONSUELO M NINO COHETE,insert,1,https://riba.app/imgrs/THUMBS%20500X500/323043.JPG,tabs/detalle-producto/323043,661.000,661.000,661.000,USD,1,,"{""MARCA"":[""PIGEON""],""CATEGORIA"":[""Utensilios De Bebe""]}","[""Utensilios De Bebe""]",NULL,https://riba.app/imgrs/THUMBS%20500X500/323043.JPG,0,0,"[""85""]",661.000,2026-05-08 9:49:16
490250878240,CONSUELO UNISEX M ELEFANTE,CONSUELO UNISEX M ELEFANTE,CONSUELO UNISEX M ELEFANTE,insert,1,https://riba.app/imgrs/THUMBS%20500X500/323044.JPG,tabs/detalle-producto/323044,661.000,661.000,661.000,USD,1,,"{""MARCA"":[""PIGEON""],""CATEGORIA"":[""Utensilios De Bebe""]}","[""Utensilios De Bebe""]",NULL,https://riba.app/imgrs/THUMBS%20500X500/323044.JPG,0,0,"[""85""]",661.000,2026-05-08 9:49:16
490250878241,CONSUELO L NINO BARCO,CONSUELO L NINO BARCO,CONSUELO L NINO BARCO,insert,1,https://riba.app/imgrs/THUMBS%20500X500/323045.JPG,tabs/detalle-producto/323045,661.000,661.000,661.000,USD,1,,"{""MARCA"":[""PIGEON""],""CATEGORIA"":[""Utensilios De Bebe""]}","[""Utensilios De Bebe""]",NULL,https://riba.app/imgrs/THUMBS%20500X500/323045.JPG,0,0,"[""85""]",661.000,2026-05-08 9:49:16
490250878243,CONSUELO L UNISEX JIRAFA,CONSUELO L UNISEX JIRAFA,CONSUELO L UNISEX JIRAFA,insert,1,https://riba.app/imgrs/THUMBS%20500X500/323046.JPG,tabs/detalle-producto/323046,661.000,661.000,661.000,USD,1,,"{""MARCA"":[""PIGEON""],""CATEGORIA"":[""Utensilios De Bebe""]}","[""Utensilios De Bebe""]",NULL,https://riba.app/imgrs/THUMBS%20500X500/323046.JPG,0,0,"[""85""]",661.000,2026-05-08 9:49:16
490250878244,CONSUELO S NINO 2PC,CONSUELO S NINO 2PC,CONSUELO S NINO 2PC,insert,1,https://riba.app/imgrs/THUMBS%20500X500/323047.JPG,tabs/detalle-producto/323047,1.103.000,1.103.000,1.103.000,USD,1,,"{""MARCA"":[""PIGEON""],""CATEGORIA"":[""Utensilios De Bebe""]}","[""Utensilios De Bebe""]",NULL,https://riba.app/imgrs/THUMBS%20500X500/323047.JPG,0,0,"[""85""]",1.103.000,2026-05-08 9:49:16
490250878245,CONSUELO M NINO 2PC,CONSUELO M NINO 2PC,CONSUELO M NINO 2PC,insert,1,https://riba.app/imgrs/THUMBS%20500X500/323049.JPG,tabs/detalle-producto/323049,1.105.000,1.105.000,1.105.000,USD,1,,"{""MARCA"":[""PIGEON""],""CATEGORIA"":[""Utensilios De Bebe""]}","[""Utensilios De Bebe""]",NULL,https://riba.app/imgrs/THUMBS%20500X500/323049.JPG,0,0,"[""85""]",1.105.000,2026-05-08 9:49:16
490250878247,CONSUELO S NINA 2PC,CONSUELO S NINA 2PC,CONSUELO S NINA 2PC,insert,1,https://riba.app/imgrs/THUMBS%20500X500/323048.JPG,tabs/detalle-producto/323048,1.103.000,1.103.000,1.103.000,USD,1,,"{""MARCA"":[""PIGEON""],""CATEGORIA"":[""Utensilios De Bebe""]}","[""Utensilios De Bebe""]",NULL,https://riba.app/imgrs/THUMBS%20500X500/323048.JPG,0,0,"[""85""]",1.103.000,2026-05-08 9:49:16
490250878248,CONSUELO M NINA 2PC,CONSUELO M NINA 2PC,CONSUELO M NINA 2PC,insert,1,https://riba.app/imgrs/THUMBS%20500X500/323050.JPG,tabs/detalle-producto/323050,1.103.000,1.103.000,1.103.000,USD,1,,"{""MARCA"":[""PIGEON""],""CATEGORIA"":[""Utensilios De Bebe""]}","[""Utensilios De Bebe""]",NULL,https://riba.app/imgrs/THUMBS%20500X500/323050.JPG,0,0,"[""85""]",1.103.000,2026-05-08 9:49:16
490250878409,NAT BOTANICAL BABY BODY WASH,NAT BOTANICAL BABY BODY WASH,NAT BOTANICAL BABY BODY WASH,insert,1,https://riba.app/imgrs/THUMBS%20500X500/329717.JPG,tabs/detalle-producto/329717,629.000,629.000,629.000,USD,1,,"{""MARCA"":[""PIGEON""],""CATEGORIA"":[""Cuidado Personal""]}","[""Cuidado Personal""]",NULL,https://riba.app/imgrs/THUMBS%20500X500/329717.JPG,0,0,"[""82""]",629.000,2026-05-08 9:49:16
490250878410,NAT BOTANICAL BABY BODY WASH ,NAT BOTANICAL BABY BODY WASH ,NAT BOTANICAL BABY BODY WASH ,insert,1,https://riba.app/imgrs/THUMBS%20500X500/329718.JPG,tabs/detalle-producto/329718,1.038.000,1.038.000,1.038.000,USD,1,,"{""MARCA"":[""PIGEON""],""CATEGORIA"":[""Cuidado Personal""]}","[""Cuidado Personal""]",NULL,https://riba.app/imgrs/THUMBS%20500X500/329718.JPG,0,0,"[""82""]",1.038.000,2026-05-08 9:49:16
490250878411,NAT BOTANICAL BABY MILK LOTION,NAT BOTANICAL BABY MILK LOTION,NAT BOTANICAL BABY MILK LOTION,insert,1,https://riba.app/imgrs/THUMBS%20500X500/329719.JPG,tabs/detalle-producto/329719,669.000,669.000,669.000,USD,1,,"{""MARCA"":[""PIGEON""],""CATEGORIA"":[""Cuidado Personal""]}","[""Cuidado Personal""]",NULL,https://riba.app/imgrs/THUMBS%20500X500/329719.JPG,0,0,"[""82""]",669.000,2026-05-08 9:49:16
490250878412,NAT BOTANICAL BABY MILK LOTION,NAT BOTANICAL BABY MILK LOTION,NAT BOTANICAL BABY MILK LOTION,insert,1,https://riba.app/imgrs/THUMBS%20500X500/329721.JPG,tabs/detalle-producto/329721,1.133.000,1.133.000,1.133.000,USD,1,,"{""MARCA"":[""PIGEON""],""CATEGORIA"":[""Cuidado Personal""]}","[""Cuidado Personal""]",NULL,https://riba.app/imgrs/THUMBS%20500X500/329721.JPG,0,0,"[""82""]",1.133.000,2026-05-08 9:49:16
490250878413,NAT BOTANICAL WATER GEL LOTION,NAT BOTANICAL WATER GEL LOTION,NAT BOTANICAL WATER GEL LOTION,insert,1,https://riba.app/imgrs/THUMBS%20500X500/329724.JPG,tabs/detalle-producto/329724,814.000,814.000,814.000,USD,1,,"{""MARCA"":[""PIGEON""],""CATEGORIA"":[""Cuidado Personal""]}","[""Cuidado Personal""]",NULL,https://riba.app/imgrs/THUMBS%20500X500/329724.JPG,0,0,"[""82""]",814.000,2026-05-08 9:49:16
490250878414,NAT BOTANICAL MASSAGE OIL,NAT BOTANICAL MASSAGE OIL,NAT BOTANICAL MASSAGE OIL,insert,1,https://riba.app/imgrs/THUMBS%20500X500/329725.JPG,tabs/detalle-producto/329725,720.000,720.000,720.000,USD,1,,"{""MARCA"":[""PIGEON""],""CATEGORIA"":[""Cuidado Personal""]}","[""Cuidado Personal""]",NULL,https://riba.app/imgrs/THUMBS%20500X500/329725.JPG,0,0,"[""82""]",720.000,2026-05-08 9:49:16
490250878450,CABEZAL PARA EXTRACTOR DE LECH,CABEZAL PARA EXTRACTOR DE LECH,CABEZAL PARA EXTRACTOR DE LECH,insert,1,https://riba.app/imgrs/THUMBS%20500X500/302666.JPG,tabs/detalle-producto/302666,2.592.000,2.592.000,2.592.000,USD,1,,"{""MARCA"":[""PIGEON""],""CATEGORIA"":[""Utensilios De Bebe""]}","[""Utensilios De Bebe""]",NULL,https://riba.app/imgrs/THUMBS%20500X500/302666.JPG,0,0,"[""85""]",2.592.000,2026-05-08 9:49:16
490250878451,LIMPIADOR BIBERON PIGEON,LIMPIADOR BIBERON PIGEON,LIMPIADOR BIBERON PIGEON,insert,1,https://riba.app/imgrs/THUMBS%20500X500/319761.JPG,tabs/detalle-producto/319761,823.000,823.000,823.000,USD,1,,"{""MARCA"":[""PIGEON""],""CATEGORIA"":[""Utensilios De Bebe""]}","[""Utensilios De Bebe""]",NULL,https://riba.app/imgrs/THUMBS%20500X500/319761.JPG,0,0,"[""85""]",823.000,2026-05-08 9:49:16
490250878452,LIMPIADOR BIBERON 450ML PIGEON,LIMPIADOR BIBERON 450ML PIGEON,LIMPIADOR BIBERON 450ML PIGEON,insert,1,https://riba.app/imgrs/THUMBS%20500X500/319762.JPG,tabs/detalle-producto/319762,474.000,474.000,474.000,USD,1,,"{""MARCA"":[""PIGEON""],""CATEGORIA"":[""Utensilios De Bebe""]}","[""Utensilios De Bebe""]",NULL,https://riba.app/imgrs/THUMBS%20500X500/319762.JPG,0,0,"[""85""]",474.000,2026-05-08 9:49:16
490250879320,BOLSIT ALMACENAMIENTO DEC 25UN,BOLSIT ALMACENAMIENTO DEC 25UN,BOLSIT ALMACENAMIENTO DEC 25UN,insert,1,https://riba.app/imgrs/THUMBS%20500X500/323040.JPG,tabs/detalle-producto/323040,1.105.000,1.105.000,1.105.000,USD,1,,"{""MARCA"":[""PIGEON""],""CATEGORIA"":[""Utensilios De Bebe""]}","[""Utensilios De Bebe""]",NULL,https://riba.app/imgrs/THUMBS%20500X500/323040.JPG,0,0,"[""85""]",1.105.000,2026-05-08 9:49:16
490250879321,BOLSA GUARDADO LECHE MATERNA,BOLSA GUARDADO LECHE MATERNA,BOLSA GUARDADO LECHE MATERNA,insert,1,https://riba.app/imgrs/THUMBS%20500X500/319140.JPG,tabs/detalle-producto/319140,1.215.000,1.215.000,1.215.000,USD,1,,"{""MARCA"":[""PIGEON""],""CATEGORIA"":[""Utensilios De Bebe""]}","[""Utensilios De Bebe""]",NULL,https://riba.app/imgrs/THUMBS%20500X500/319140.JPG,0,0,"[""85""]",1.215.000,2026-05-08 9:49:16
490250879344,CHUPETE PERIST BOCA STAND LARG,CHUPETE PERIST BOCA STAND LARG,CHUPETE PERIST BOCA STAND LARG,insert,1,https://riba.app/imgrs/THUMBS%20500X500/323039.JPG,tabs/detalle-producto/323039,602.000,602.000,602.000,USD,1,,"{""MARCA"":[""PIGEON""],""CATEGORIA"":[""Utensilios De Bebe""]}","[""Utensilios De Bebe""]",NULL,https://riba.app/imgrs/THUMBS%20500X500/323039.JPG,0,0,"[""85""]",602.000,2026-05-08 9:49:16
490250880821,CHUPETE BOCA ANCHA SS,CHUPETE BOCA ANCHA SS,CHUPETE BOCA ANCHA SS,insert,1,https://riba.app/imgrs/THUMBS%20500X500/346606.JPG,tabs/detalle-producto/346606,919.000,919.000,919.000,USD,1,,"{""MARCA"":[""PIGEON""],""CATEGORIA"":[""Utensilios De Bebe""]}","[""Utensilios De Bebe""]",NULL,https://riba.app/imgrs/THUMBS%20500X500/346606.JPG,0,0,"[""85""]",919.000,2026-05-08 9:49:16
490250880827,CHUPETE BOCA ANCHA S,CHUPETE BOCA ANCHA S,CHUPETE BOCA ANCHA S,insert,1,https://riba.app/imgrs/THUMBS%20500X500/346607.JPG,tabs/detalle-producto/346607,919.000,919.000,919.000,USD,1,,"{""MARCA"":[""PIGEON""],""CATEGORIA"":[""Utensilios De Bebe""]}","[""Utensilios De Bebe""]",NULL,https://riba.app/imgrs/THUMBS%20500X500/346607.JPG,0,0,"[""85""]",919.000,2026-05-08 9:49:16
490250880828,CHUPETE BOCA ANCHA M,CHUPETE BOCA ANCHA M,CHUPETE BOCA ANCHA M,insert,1,https://riba.app/imgrs/THUMBS%20500X500/346608.JPG,tabs/detalle-producto/346608,919.000,919.000,919.000,USD,1,,"{""MARCA"":[""PIGEON""],""CATEGORIA"":[""Utensilios De Bebe""]}","[""Utensilios De Bebe""]",NULL,https://riba.app/imgrs/THUMBS%20500X500/346608.JPG,0,0,"[""85""]",919.000,2026-05-08 9:49:16
490250880829,CHUPETE BOCA ANCHA L,CHUPETE BOCA ANCHA L,CHUPETE BOCA ANCHA L,insert,1,https://riba.app/imgrs/THUMBS%20500X500/346609.JPG,tabs/detalle-producto/346609,919.000,919.000,919.000,USD,1,,"{""MARCA"":[""PIGEON""],""CATEGORIA"":[""Utensilios De Bebe""]}","[""Utensilios De Bebe""]",NULL,https://riba.app/imgrs/THUMBS%20500X500/346609.JPG,0,0,"[""85""]",919.000,2026-05-08 9:49:16
490250880831,CHUPETE BOCA ANCHA LLL,CHUPETE BOCA ANCHA LLL,CHUPETE BOCA ANCHA LLL,insert,1,https://riba.app/imgrs/THUMBS%20500X500/346611.JPG,tabs/detalle-producto/346611,919.000,919.000,919.000,USD,1,,"{""MARCA"":[""PIGEON""],""CATEGORIA"":[""Utensilios De Bebe""]}","[""Utensilios De Bebe""]",NULL,https://riba.app/imgrs/THUMBS%20500X500/346611.JPG,0,0,"[""85""]",919.000,2026-05-08 9:49:16
490250880834,BIBERON BOCA ANCHA 160ML,BIBERON BOCA ANCHA 160ML,BIBERON BOCA ANCHA 160ML,insert,1,https://riba.app/imgrs/THUMBS%20500X500/341223.JPG,tabs/detalle-producto/341223,1.046.000,1.046.000,1.046.000,USD,1,,"{""MARCA"":[""PIGEON""],""CATEGORIA"":[""Utensilios De Bebe""]}","[""Utensilios De Bebe""]",NULL,https://riba.app/imgrs/THUMBS%20500X500/341223.JPG,0,0,"[""85""]",1.046.000,2026-05-08 9:49:16
490250880835,BIBERON WN3 BOCA ANCHA,BIBERON WN3 BOCA ANCHA,BIBERON WN3 BOCA ANCHA,insert,1,https://riba.app/imgrs/THUMBS%20500X500/341221.JPG,tabs/detalle-producto/341221,1.173.000,1.173.000,1.173.000,USD,1,,"{""MARCA"":[""PIGEON""],""CATEGORIA"":[""Utensilios De Bebe""]}","[""Utensilios De Bebe""]",NULL,https://riba.app/imgrs/THUMBS%20500X500/341221.JPG,0,0,"[""85""]",1.173.000,2026-05-08 9:49:16
490250880836,BIBERON BOCA ANCHA PL,BIBERON BOCA ANCHA PL,BIBERON BOCA ANCHA PL,insert,1,https://riba.app/imgrs/THUMBS%20500X500/341220.JPG,tabs/detalle-producto/341220,1.384.000,1.384.000,1.384.000,USD,1,,"{""MARCA"":[""PIGEON""],""CATEGORIA"":[""Utensilios De Bebe""]}","[""Utensilios De Bebe""]",NULL,https://riba.app/imgrs/THUMBS%20500X500/341220.JPG,0,0,"[""85""]",1.384.000,2026-05-08 9:49:16
490250880837,BIBERON TOQUE SUAVE BOCA ANCHA,BIBERON TOQUE SUAVE BOCA ANCHA,BIBERON TOQUE SUAVE BOCA ANCHA,insert,1,https://riba.app/imgrs/THUMBS%20500X500/341224.JPG,tabs/detalle-producto/341224,1.374.000,1.374.000,1.374.000,USD,1,,"{""MARCA"":[""PIGEON""],""CATEGORIA"":[""Utensilios De Bebe""]}","[""Utensilios De Bebe""]",NULL,https://riba.app/imgrs/THUMBS%20500X500/341224.JPG,0,0,"[""85""]",1.374.000,2026-05-08 9:49:16
501290900564,CONCHAS PROTECTORAS Y RECOLECT,CONCHAS PROTECTORAS Y RECOLECT,CONCHAS PROTECTORAS Y RECOLECT,insert,1,https://riba.app/imgrs/THUMBS%20500X500/114438.JPG,tabs/detalle-producto/114438,2.169.000,2.169.000,2.169.000,USD,1,,"{""MARCA"":[""AVENT""],""CATEGORIA"":[""Cuidado Post Parto""]}","[""Cuidado Post Parto""]",NULL,https://riba.app/imgrs/THUMBS%20500X500/114438.JPG,0,0,"[""86""]",2.169.000,2026-05-08 9:49:16
501290900615,CEPILLO PARA BIBERON,CEPILLO PARA BIBERON,CEPILLO PARA BIBERON,insert,1,https://riba.app/imgrs/THUMBS%20500X500/83125.JPG,tabs/detalle-producto/83125,941.000,941.000,941.000,USD,1,,"{""MARCA"":[""AVENT""],""CATEGORIA"":[""Utensilios De Bebe""]}","[""Utensilios De Bebe""]",NULL,https://riba.app/imgrs/THUMBS%20500X500/83125.JPG,0,0,"[""85""]",941.000,2026-05-08 9:49:16
501290900694,DOSIFICADOR DE LECHE EN POLVO ,DOSIFICADOR DE LECHE EN POLVO ,DOSIFICADOR DE LECHE EN POLVO ,insert,1,https://riba.app/imgrs/THUMBS%20500X500/117724.JPG,tabs/detalle-producto/117724,941.000,941.000,941.000,USD,1,,"{""MARCA"":[""AVENT""],""CATEGORIA"":[""Utensilios De Bebe""]}","[""Utensilios De Bebe""]",NULL,https://riba.app/imgrs/THUMBS%20500X500/117724.JPG,0,0,"[""85""]",941.000,2026-05-08 9:49:16
501653365156,FORMULA NEOCATE NUTRICIA 400GR,FORMULA NEOCATE NUTRICIA 400GR,FORMULA NEOCATE NUTRICIA 400GR,insert,1,https://riba.app/imgrs/THUMBS%20500X500/305661.JPG,tabs/detalle-producto/305661,4.970.000,4.970.000,4.970.000,USD,1,,"{""MARCA"":[""NUTRILON""],""CATEGORIA"":[""Alimentos""]}","[""Alimentos""]",NULL,https://riba.app/imgrs/THUMBS%20500X500/305661.JPG,0,0,"[""83""]",4.970.000,2026-05-08 9:49:16
501909051854,TRAINER CUP W LID BLUE 7 OZ,TRAINER CUP W LID BLUE 7 OZ,TRAINER CUP W LID BLUE 7 OZ,insert,1,https://riba.app/imgrs/THUMBS%20500X500/314387.JPG,tabs/detalle-producto/314387,1.224.000,1.224.000,1.224.000,USD,1,,"{""MARCA"":[""MUNCHKIN""],""CATEGORIA"":[""Utensilios De Bebe""]}","[""Utensilios De Bebe""]",NULL,https://riba.app/imgrs/THUMBS%20500X500/314387.JPG,0,0,"[""85""]",1.224.000,2026-05-08 9:49:16
501909051855,VASO 360 7 OZ C TAPA ROSADO,VASO 360 7 OZ C TAPA ROSADO,VASO 360 7 OZ C TAPA ROSADO,insert,1,https://riba.app/imgrs/THUMBS%20500X500/314385.JPG,tabs/detalle-producto/314385,1.224.000,1.224.000,1.224.000,USD,1,,"{""MARCA"":[""MUNCHKIN""],""CATEGORIA"":[""Utensilios De Bebe""]}","[""Utensilios De Bebe""]",NULL,https://riba.app/imgrs/THUMBS%20500X500/314385.JPG,0,0,"[""85""]",1.224.000,2026-05-08 9:49:16
501909051860,VASO 360 10 OZ C TAPA VERDE,VASO 360 10 OZ C TAPA VERDE,VASO 360 10 OZ C TAPA VERDE,insert,1,https://riba.app/imgrs/THUMBS%20500X500/314384.JPG,tabs/detalle-producto/314384,1.319.000,1.319.000,1.319.000,USD,1,,"{""MARCA"":[""MUNCHKIN""],""CATEGORIA"":[""Utensilios De Bebe""]}","[""Utensilios De Bebe""]",NULL,https://riba.app/imgrs/THUMBS%20500X500/314384.JPG,0,0,"[""85""]",1.319.000,2026-05-08 9:49:16
501909051861,VASO 360 10 OZ MIRACLE PURPURA,VASO 360 10 OZ MIRACLE PURPURA,VASO 360 10 OZ MIRACLE PURPURA,insert,1,https://riba.app/imgrs/THUMBS%20500X500/314388.JPG,tabs/detalle-producto/314388,1.319.000,1.319.000,1.319.000,USD,1,,"{""MARCA"":[""MUNCHKIN""],""CATEGORIA"":[""Utensilios De Bebe""]}","[""Utensilios De Bebe""]",NULL,https://riba.app/imgrs/THUMBS%20500X500/314388.JPG,0,0,"[""85""]",1.319.000,2026-05-08 9:49:16
506042023095,EXTRACTOR COMPACTO ELECTRICO,EXTRACTOR COMPACTO ELECTRICO,EXTRACTOR COMPACTO ELECTRICO,insert,1,https://riba.app/imgrs/THUMBS%20500X500/323020.JPG,tabs/detalle-producto/323020,14.464.000,14.464.000,14.464.000,USD,1,,"{""MARCA"":[""LANSINOH""],""CATEGORIA"":[""Utensilios De Bebe""]}","[""Utensilios De Bebe""]",NULL,https://riba.app/imgrs/THUMBS%20500X500/323020.JPG,0,0,"[""85""]",14.464.000,2026-05-08 9:49:16
509951400143,WATERWIPES 60 WIPES,WATERWIPES 60 WIPES,WATERWIPES 60 WIPES,insert,1,https://riba.app/imgrs/THUMBS%20500X500/285722.JPG,tabs/detalle-producto/285722,418.000,418.000,418.000,USD,1,,"{""MARCA"":[""WATERWIPES""],""CATEGORIA"":[""Cuidado Personal""]}","[""Cuidado Personal""]",NULL,https://riba.app/imgrs/THUMBS%20500X500/285722.JPG,0,0,"[""82""]",418.000,2026-05-08 9:49:16
509951400145,WATERWIPES 28 WIPES,WATERWIPES 28 WIPES,WATERWIPES 28 WIPES,insert,1,https://riba.app/imgrs/THUMBS%20500X500/285721.JPG,tabs/detalle-producto/285721,278.000,278.000,278.000,USD,1,,"{""MARCA"":[""WATERWIPES""],""CATEGORIA"":[""Cuidado Personal""]}","[""Cuidado Personal""]",NULL,https://riba.app/imgrs/THUMBS%20500X500/285721.JPG,0,0,"[""82""]",278.000,2026-05-08 9:49:16
509951400166,WATERWIPES 180 WIPES,WATERWIPES 180 WIPES,WATERWIPES 180 WIPES,insert,1,https://riba.app/imgrs/THUMBS%20500X500/285723.JPG,tabs/detalle-producto/285723,1.190.000,1.190.000,1.190.000,USD,1,,"{""MARCA"":[""WATERWIPES""],""CATEGORIA"":[""Cuidado Personal""]}","[""Cuidado Personal""]",NULL,https://riba.app/imgrs/THUMBS%20500X500/285723.JPG,0,0,"[""82""]",1.190.000,2026-05-08 9:49:16
509986401528,FORMULA SIMILAC ARROZ,FORMULA SIMILAC ARROZ,FORMULA SIMILAC ARROZ,insert,1,https://riba.app/imgrs/THUMBS%20500X500/337140.JPG,tabs/detalle-producto/337140,2.578.000,2.578.000,2.578.000,USD,1,,"{""MARCA"":[""SIMILAC""],""CATEGORIA"":[""Alimentos""]}","[""Alimentos""]",NULL,https://riba.app/imgrs/THUMBS%20500X500/337140.JPG,0,0,"[""83""]",2.578.000,2026-05-08 9:49:16
51909051856,TRAINER CUP W LID GREEN 7 OZ,TRAINER CUP W LID GREEN 7 OZ,TRAINER CUP W LID GREEN 7 OZ,insert,1,https://riba.app/imgrs/THUMBS%20500X500/324816.JPG,tabs/detalle-producto/324816,1.224.000,1.224.000,1.224.000,USD,1,,"{""MARCA"":[""MUNCHKIN""],""CATEGORIA"":[""Utensilios De Bebe""]}","[""Utensilios De Bebe""]",NULL,https://riba.app/imgrs/THUMBS%20500X500/324816.JPG,0,0,"[""85""]",1.224.000,2026-05-08 9:49:16
51909051857,TRAINER CUP W LIS PURPLE  7 OZ,TRAINER CUP W LIS PURPLE  7 OZ,TRAINER CUP W LIS PURPLE  7 OZ,insert,1,https://riba.app/imgrs/THUMBS%20500X500/324817.JPG,tabs/detalle-producto/324817,1.224.000,1.224.000,1.224.000,USD,1,,"{""MARCA"":[""MUNCHKIN""],""CATEGORIA"":[""Utensilios De Bebe""]}","[""Utensilios De Bebe""]",NULL,https://riba.app/imgrs/THUMBS%20500X500/324817.JPG,0,0,"[""85""]",1.224.000,2026-05-08 9:49:16
571195301620,MILEX M2 BLUE 6-18 MESES,MILEX M2 BLUE 6-18 MESES,MILEX M2 BLUE 6-18 MESES,insert,1,https://riba.app/imgrs/THUMBS%20500X500/225642.JPG,tabs/detalle-producto/225642,1.990.000,1.990.000,1.990.000,USD,1,,"{""MARCA"":[""MILEX""],""CATEGORIA"":[""Alimentos""]}","[""Alimentos""]",NULL,https://riba.app/imgrs/THUMBS%20500X500/225642.JPG,0,0,"[""83""]",1.990.000,2026-05-08 9:49:16
571195307567,MILEX SIN LACTOSA BOLSA ,MILEX SIN LACTOSA BOLSA ,MILEX SIN LACTOSA BOLSA ,insert,1,https://riba.app/imgrs/THUMBS%20500X500/268041.JPG,tabs/detalle-producto/268041,1.185.000,1.185.000,1.185.000,USD,1,,"{""MARCA"":[""MILEX""],""CATEGORIA"":[""Alimentos""]}","[""Alimentos""]",NULL,https://riba.app/imgrs/THUMBS%20500X500/268041.JPG,0,0,"[""83""]",1.185.000,2026-05-08 9:49:16
571195310195,MILEX KINDER FOIL BAG ,MILEX KINDER FOIL BAG ,MILEX KINDER FOIL BAG ,insert,1,https://riba.app/imgrs/THUMBS%20500X500/315969.JPG,tabs/detalle-producto/315969,3.283.000,3.283.000,3.283.000,USD,1,,"{""MARCA"":[""MILEX""],""CATEGORIA"":[""Alimentos""]}","[""Alimentos""]",NULL,https://riba.app/imgrs/THUMBS%20500X500/315969.JPG,0,0,"[""83""]",3.283.000,2026-05-08 9:49:16
571195310197,FORMULA DE CRECIMIENTO,FORMULA DE CRECIMIENTO,FORMULA DE CRECIMIENTO,insert,1,https://riba.app/imgrs/THUMBS%20500X500/192748.JPG,tabs/detalle-producto/192748,572.000,572.000,572.000,USD,1,,"{""MARCA"":[""MILEX""],""CATEGORIA"":[""Alimentos""]}","[""Alimentos""]",NULL,https://riba.app/imgrs/THUMBS%20500X500/192748.JPG,0,0,"[""83""]",572.000,2026-05-08 9:49:16
571195310202,FORMULA DE CRECIMIENTO,FORMULA DE CRECIMIENTO,FORMULA DE CRECIMIENTO,insert,1,https://riba.app/imgrs/THUMBS%20500X500/165151.JPG,tabs/detalle-producto/165151,1.427.000,1.427.000,1.427.000,USD,1,,"{""MARCA"":[""MILEX""],""CATEGORIA"":[""Alimentos""]}","[""Alimentos""]",NULL,https://riba.app/imgrs/THUMBS%20500X500/165151.JPG,0,0,"[""83""]",1.427.000,2026-05-08 9:49:16
571195310203,LECHE MILEX KINDER 1600G,LECHE MILEX KINDER 1600G,LECHE MILEX KINDER 1600G,insert,1,https://riba.app/imgrs/THUMBS%20500X500/294546.JPG,tabs/detalle-producto/294546,2.646.000,2.646.000,2.646.000,USD,1,,"{""MARCA"":[""MILEX""],""CATEGORIA"":[""Alimentos""]}","[""Alimentos""]",NULL,https://riba.app/imgrs/THUMBS%20500X500/294546.JPG,0,0,"[""83""]",2.646.000,2026-05-08 9:49:16
571195311054,FORMULA MILEX M2 GOLD,FORMULA MILEX M2 GOLD,FORMULA MILEX M2 GOLD,insert,1,https://riba.app/imgrs/THUMBS%20500X500/296026.JPG,tabs/detalle-producto/296026,2.920.000,2.920.000,2.920.000,USD,1,,"{""MARCA"":[""MILEX""],""CATEGORIA"":[""Alimentos""]}","[""Alimentos""]",NULL,https://riba.app/imgrs/THUMBS%20500X500/296026.JPG,0,0,"[""83""]",2.920.000,2026-05-08 9:49:16
576046679090,LECHE ENTERA GOLD 1-6,LECHE ENTERA GOLD 1-6,LECHE ENTERA GOLD 1-6,insert,1,https://riba.app/imgrs/THUMBS%20500X500/164030.JPG,tabs/detalle-producto/164030,3.327.000,3.327.000,3.327.000,USD,1,,"{""MARCA"":[""MILEX""],""CATEGORIA"":[""Alimentos""]}","[""Alimentos""]",NULL,https://riba.app/imgrs/THUMBS%20500X500/164030.JPG,0,0,"[""83""]",3.327.000,2026-05-08 9:49:16
576046679100,MILEX KINDER GOLD TIN,MILEX KINDER GOLD TIN,MILEX KINDER GOLD TIN,insert,1,https://riba.app/imgrs/THUMBS%20500X500/164032.JPG,tabs/detalle-producto/164032,921.000,921.000,921.000,USD,1,,"{""MARCA"":[""MILEX""],""CATEGORIA"":[""Alimentos""]}","[""Alimentos""]",NULL,https://riba.app/imgrs/THUMBS%20500X500/164032.JPG,0,0,"[""83""]",921.000,2026-05-08 9:49:16
590085202130,BEBELAC GOLD 3 ,BEBELAC GOLD 3 ,BEBELAC GOLD 3 ,insert,1,https://riba.app/imgrs/THUMBS%20500X500/278443.JPG,tabs/detalle-producto/278443,885.000,885.000,885.000,USD,1,,"{""MARCA"":[""BEBELAC""],""CATEGORIA"":[""Alimentos""]}","[""Alimentos""]",NULL,https://riba.app/imgrs/THUMBS%20500X500/278443.JPG,0,0,"[""83""]",885.000,2026-05-08 9:49:16
590085203496,FORMULA BEBLAC GOLD 3,FORMULA BEBLAC GOLD 3,FORMULA BEBLAC GOLD 3,insert,1,https://riba.app/imgrs/THUMBS%20500X500/309417.JPG,tabs/detalle-producto/309417,2.378.000,2.378.000,2.378.000,USD,1,,"{""MARCA"":[""BEBELAC""],""CATEGORIA"":[""Alimentos""]}","[""Alimentos""]",NULL,https://riba.app/imgrs/THUMBS%20500X500/309417.JPG,0,0,"[""83""]",2.378.000,2026-05-08 9:49:16
590085204010,FORMULA # 2 DE 6-12 MESES,FORMULA # 2 DE 6-12 MESES,FORMULA # 2 DE 6-12 MESES,insert,1,https://riba.app/imgrs/THUMBS%20500X500/117431.JPG,tabs/detalle-producto/117431,1.454.000,1.454.000,1.454.000,USD,1,,"{""MARCA"":[""NUTRILON""],""CATEGORIA"":[""Alimentos""]}","[""Alimentos""]",NULL,https://riba.app/imgrs/THUMBS%20500X500/117431.JPG,0,0,"[""83""]",1.454.000,2026-05-08 9:49:16
590085204014,FORMULA # 2 DE 6-12 MESES,FORMULA # 2 DE 6-12 MESES,FORMULA # 2 DE 6-12 MESES,insert,1,https://riba.app/imgrs/THUMBS%20500X500/117432.JPG,tabs/detalle-producto/117432,2.847.000,2.847.000,2.847.000,USD,1,,"{""MARCA"":[""NUTRILON""],""CATEGORIA"":[""Alimentos""]}","[""Alimentos""]",NULL,https://riba.app/imgrs/THUMBS%20500X500/117432.JPG,0,0,"[""83""]",2.847.000,2026-05-08 9:49:16
590085204033,FORMULA # 1 DE 0-6 MESES,FORMULA # 1 DE 0-6 MESES,FORMULA # 1 DE 0-6 MESES,insert,1,https://riba.app/imgrs/THUMBS%20500X500/117428.JPG,tabs/detalle-producto/117428,2.994.000,2.994.000,2.994.000,USD,1,,"{""MARCA"":[""NUTRILON""],""CATEGORIA"":[""Alimentos""]}","[""Alimentos""]",NULL,https://riba.app/imgrs/THUMBS%20500X500/117428.JPG,0,0,"[""83""]",2.994.000,2026-05-08 9:49:16
590085204034,FORMULA DE CRECIMIENTO #3,FORMULA DE CRECIMIENTO #3,FORMULA DE CRECIMIENTO #3,insert,1,https://riba.app/imgrs/THUMBS%20500X500/77348.JPG,tabs/detalle-producto/77348,2.709.000,2.709.000,2.709.000,USD,1,,"{""MARCA"":[""NUTRILON""],""CATEGORIA"":[""Alimentos""]}","[""Alimentos""]",NULL,https://riba.app/imgrs/THUMBS%20500X500/77348.JPG,0,0,"[""83""]",2.709.000,2026-05-08 9:49:16
590085204035,FORMULA #1 DE 0-6 MESES,FORMULA #1 DE 0-6 MESES,FORMULA #1 DE 0-6 MESES,insert,1,https://riba.app/imgrs/THUMBS%20500X500/117427.JPG,tabs/detalle-producto/117427,1.496.000,1.496.000,1.496.000,USD,1,,"{""MARCA"":[""NUTRILON""],""CATEGORIA"":[""Alimentos""]}","[""Alimentos""]",NULL,https://riba.app/imgrs/THUMBS%20500X500/117427.JPG,0,0,"[""83""]",1.496.000,2026-05-08 9:49:16
590085204055,NUTRILON PREMIUM 3PRONUTRA,NUTRILON PREMIUM 3PRONUTRA,NUTRILON PREMIUM 3PRONUTRA,insert,1,https://riba.app/imgrs/THUMBS%20500X500/262707.JPG,tabs/detalle-producto/262707,1.348.000,1.348.000,1.348.000,USD,1,,"{""MARCA"":[""NUTRILON""],""CATEGORIA"":[""Alimentos""]}","[""Alimentos""]",NULL,https://riba.app/imgrs/THUMBS%20500X500/262707.JPG,0,0,"[""83""]",1.348.000,2026-05-08 9:49:16
590085292256,BEBELAC  1,BEBELAC  1,BEBELAC  1,insert,1,https://riba.app/imgrs/THUMBS%20500X500/226358.JPG,tabs/detalle-producto/226358,1.150.000,1.150.000,1.150.000,USD,1,,"{""MARCA"":[""BEBELAC""],""CATEGORIA"":[""Alimentos""]}","[""Alimentos""]",NULL,https://riba.app/imgrs/THUMBS%20500X500/226358.JPG,0,0,"[""83""]",1.150.000,2026-05-08 9:49:16
590085292257,BEBELAC 2,BEBELAC 2,BEBELAC 2,insert,1,https://riba.app/imgrs/THUMBS%20500X500/226360.JPG,tabs/detalle-producto/226360,1.089.000,1.089.000,1.089.000,USD,1,,"{""MARCA"":[""BEBELAC""],""CATEGORIA"":[""Alimentos""]}","[""Alimentos""]",NULL,https://riba.app/imgrs/THUMBS%20500X500/226360.JPG,0,0,"[""83""]",1.089.000,2026-05-08 9:49:16
590085294088,BEBELAC 1,BEBELAC 1,BEBELAC 1,insert,1,https://riba.app/imgrs/THUMBS%20500X500/226359.JPG,tabs/detalle-producto/226359,2.181.000,2.181.000,2.181.000,USD,1,,"{""MARCA"":[""BEBELAC""],""CATEGORIA"":[""Alimentos""]}","[""Alimentos""]",NULL,https://riba.app/imgrs/THUMBS%20500X500/226359.JPG,0,0,"[""83""]",2.181.000,2026-05-08 9:49:16
590085294089,BEBELAC 2,BEBELAC 2,BEBELAC 2,insert,1,https://riba.app/imgrs/THUMBS%20500X500/226361.JPG,tabs/detalle-producto/226361,2.162.000,2.162.000,2.162.000,USD,1,,"{""MARCA"":[""BEBELAC""],""CATEGORIA"":[""Alimentos""]}","[""Alimentos""]",NULL,https://riba.app/imgrs/THUMBS%20500X500/226361.JPG,0,0,"[""83""]",2.162.000,2026-05-08 9:49:16
590085294090,BEBELAC 3,BEBELAC 3,BEBELAC 3,insert,1,https://riba.app/imgrs/THUMBS%20500X500/226362.JPG,tabs/detalle-producto/226362,1.849.000,1.849.000,1.849.000,USD,1,,"{""MARCA"":[""BEBELAC""],""CATEGORIA"":[""Alimentos""]}","[""Alimentos""]",NULL,https://riba.app/imgrs/THUMBS%20500X500/226362.JPG,0,0,"[""83""]",1.849.000,2026-05-08 9:49:16
60887500312,COMPOTA DE MANZANA,COMPOTA DE MANZANA,COMPOTA DE MANZANA,insert,1,https://riba.app/imgrs/THUMBS%20500X500/23149.JPG,tabs/detalle-producto/23149,88.000,88.000,88.000,USD,1,,"{""MARCA"":[""HEINZ""],""CATEGORIA"":[""Alimentos""]}","[""Alimentos""]",NULL,https://riba.app/imgrs/THUMBS%20500X500/23149.JPG,0,0,"[""83""]",88.000,2026-05-08 9:49:16
60887500314,COMPOTA DE PERA ,COMPOTA DE PERA ,COMPOTA DE PERA ,insert,1,https://riba.app/imgrs/THUMBS%20500X500/23150.JPG,tabs/detalle-producto/23150,88.000,88.000,88.000,USD,1,,"{""MARCA"":[""HEINZ""],""CATEGORIA"":[""Alimentos""]}","[""Alimentos""]",NULL,https://riba.app/imgrs/THUMBS%20500X500/23150.JPG,0,0,"[""83""]",88.000,2026-05-08 9:49:16
60887500315,COMPOTA DE MELOCOTON,COMPOTA DE MELOCOTON,COMPOTA DE MELOCOTON,insert,1,https://riba.app/imgrs/THUMBS%20500X500/23151.JPG,tabs/detalle-producto/23151,88.000,88.000,88.000,USD,1,,"{""MARCA"":[""HEINZ""],""CATEGORIA"":[""Alimentos""]}","[""Alimentos""]",NULL,https://riba.app/imgrs/THUMBS%20500X500/23151.JPG,0,0,"[""83""]",88.000,2026-05-08 9:49:16
60887500320,COLADO FRUTAS MIXTAS ,COLADO FRUTAS MIXTAS ,COLADO FRUTAS MIXTAS ,insert,1,https://riba.app/imgrs/THUMBS%20500X500/238032.JPG,tabs/detalle-producto/238032,88.000,88.000,88.000,USD,1,,"{""MARCA"":[""HEINZ""],""CATEGORIA"":[""Alimentos""]}","[""Alimentos""]",NULL,https://riba.app/imgrs/THUMBS%20500X500/238032.JPG,0,0,"[""83""]",88.000,2026-05-08 9:49:16
60887500321,COMPOTA DE BANANA ,COMPOTA DE BANANA ,COMPOTA DE BANANA ,insert,1,https://riba.app/imgrs/THUMBS%20500X500/113234.JPG,tabs/detalle-producto/113234,88.000,88.000,88.000,USD,1,,"{""MARCA"":[""HEINZ""],""CATEGORIA"":[""Alimentos""]}","[""Alimentos""]",NULL,https://riba.app/imgrs/THUMBS%20500X500/113234.JPG,0,0,"[""83""]",88.000,2026-05-08 9:49:16
60887500325,COLADO FRUTAS TROPICALES ,COLADO FRUTAS TROPICALES ,COLADO FRUTAS TROPICALES ,insert,1,https://riba.app/imgrs/THUMBS%20500X500/175132.JPG,tabs/detalle-producto/175132,88.000,88.000,88.000,USD,1,,"{""MARCA"":[""HEINZ""],""CATEGORIA"":[""Alimentos""]}","[""Alimentos""]",NULL,https://riba.app/imgrs/THUMBS%20500X500/175132.JPG,0,0,"[""83""]",88.000,2026-05-08 9:49:16
61052810121,POTTY TOPPER TOILET SET 8CT,POTTY TOPPER TOILET SET 8CT,POTTY TOPPER TOILET SET 8CT,insert,1,https://riba.app/imgrs/THUMBS%20500X500/329483.JPG,tabs/detalle-producto/329483,915.000,915.000,915.000,USD,1,,"{""MARCA"":[""SASSY BABY""],""CATEGORIA"":[""Utensilios De Bebe""]}","[""Utensilios De Bebe""]",NULL,https://riba.app/imgrs/THUMBS%20500X500/329483.JPG,0,0,"[""85""]",915.000,2026-05-08 9:49:16
61052810405,CHANGIN PADS MULTI USE,CHANGIN PADS MULTI USE,CHANGIN PADS MULTI USE,insert,1,https://riba.app/imgrs/THUMBS%20500X500/171364.JPG,tabs/detalle-producto/171364,1.325.000,1.325.000,1.325.000,USD,1,,"{""MARCA"":[""NEOT SOLUTIONS""],""CATEGORIA"":[""Utensilios De Bebe""]}","[""Utensilios De Bebe""]",NULL,https://riba.app/imgrs/THUMBS%20500X500/171364.JPG,0,0,"[""85""]",1.325.000,2026-05-08 9:49:16
61052810406,XL DISPOSABLE BIBS ,XL DISPOSABLE BIBS ,XL DISPOSABLE BIBS ,insert,1,https://riba.app/imgrs/THUMBS%20500X500/171368.JPG,tabs/detalle-producto/171368,724.000,724.000,724.000,USD,1,,"{""MARCA"":[""NEOT SOLUTIONS""],""CATEGORIA"":[""Utensilios De Bebe""]}","[""Utensilios De Bebe""]",NULL,https://riba.app/imgrs/THUMBS%20500X500/171368.JPG,0,0,"[""85""]",724.000,2026-05-08 9:49:16
61219723400,ENTEREX NINOS VAINILLA,ENTEREX NINOS VAINILLA,ENTEREX NINOS VAINILLA,insert,1,https://riba.app/imgrs/THUMBS%20500X500/360542.JPG,tabs/detalle-producto/360542,1.765.000,1.765.000,1.765.000,USD,1,,"{""MARCA"":[""ENTEREX""],""CATEGORIA"":[""Alimentos""]}","[""Alimentos""]",NULL,https://riba.app/imgrs/THUMBS%20500X500/360542.JPG,0,0,"[""83""]",1.765.000,2026-05-08 9:49:16
61246115955,PRE ENTRENO PONCHE DE FRUTAS,PRE ENTRENO PONCHE DE FRUTAS,PRE ENTRENO PONCHE DE FRUTAS,insert,1,https://riba.app/imgrs/THUMBS%20500X500/350402.JPG,tabs/detalle-producto/350402,4.177.000,4.177.000,4.177.000,USD,1,,"{""MARCA"":[""KIU PERFORMANCE""],""CATEGORIA"":[""Alimentos""]}","[""Alimentos""]",NULL,https://riba.app/imgrs/THUMBS%20500X500/350402.JPG,0,0,"[""83""]",4.177.000,2026-05-08 9:49:16
66652204137,WATER WIPES 540 TOALLITAS HUM,WATER WIPES 540 TOALLITAS HUM,WATER WIPES 540 TOALLITAS HUM,insert,1,https://riba.app/imgrs/THUMBS%20500X500/287596.JPG,tabs/detalle-producto/287596,3.010.000,3.010.000,3.010.000,USD,1,,"{""MARCA"":[""WATERWIPES""],""CATEGORIA"":[""Cuidado Personal""]}","[""Cuidado Personal""]",NULL,https://riba.app/imgrs/THUMBS%20500X500/287596.JPG,0,0,"[""82""]",3.010.000,2026-05-08 9:49:16
68635260318,BABY MUM MUM APPLE BANANA,BABY MUM MUM APPLE BANANA,BABY MUM MUM APPLE BANANA,insert,1,https://riba.app/imgrs/THUMBS%20500X500/327545.JPG,tabs/detalle-producto/327545,279.000,279.000,279.000,USD,1,,"{""MARCA"":[""BABY MUM MUM""],""CATEGORIA"":[""Alimentos""]}","[""Alimentos""]",NULL,https://riba.app/imgrs/THUMBS%20500X500/327545.JPG,0,0,"[""83""]",279.000,2026-05-08 9:49:16
68635260319,BABY MUM MUM STRAWBERRY,BABY MUM MUM STRAWBERRY,BABY MUM MUM STRAWBERRY,insert,1,https://riba.app/imgrs/THUMBS%20500X500/327548.JPG,tabs/detalle-producto/327548,279.000,279.000,279.000,USD,1,,"{""MARCA"":[""BABY MUM MUM""],""CATEGORIA"":[""Alimentos""]}","[""Alimentos""]",NULL,https://riba.app/imgrs/THUMBS%20500X500/327548.JPG,0,0,"[""83""]",279.000,2026-05-08 9:49:16
68635284090,BABY MUM MUM SABOR BANANA,BABY MUM MUM SABOR BANANA,BABY MUM MUM SABOR BANANA,insert,1,https://riba.app/imgrs/THUMBS%20500X500/258096.JPG,tabs/detalle-producto/258096,282.000,282.000,282.000,USD,1,,"{""MARCA"":[""BABY MUM MUM""],""CATEGORIA"":[""Alimentos""]}","[""Alimentos""]",NULL,https://riba.app/imgrs/THUMBS%20500X500/258096.JPG,0,0,"[""83""]",282.000,2026-05-08 9:49:16
68635284091,BABY MUM MUM SABOR MANZANA ,BABY MUM MUM SABOR MANZANA ,BABY MUM MUM SABOR MANZANA ,insert,1,https://riba.app/imgrs/THUMBS%20500X500/258095.JPG,tabs/detalle-producto/258095,282.000,282.000,282.000,USD,1,,"{""MARCA"":[""BABY MUM MUM""],""CATEGORIA"":[""Alimentos""]}","[""Alimentos""]",NULL,https://riba.app/imgrs/THUMBS%20500X500/258095.JPG,0,0,"[""83""]",282.000,2026-05-08 9:49:16
693353578002,TOALLITAS GIRL 80 24,TOALLITAS GIRL 80 24,TOALLITAS GIRL 80 24,insert,1,https://riba.app/imgrs/THUMBS%20500X500/25790.JPG,tabs/detalle-producto/25790,212.000,212.000,212.000,USD,1,,"{""MARCA"":[""SANO""],""CATEGORIA"":[""Cuidado Personal""]}","[""Cuidado Personal""]",NULL,https://riba.app/imgrs/THUMBS%20500X500/25790.JPG,0,0,"[""82""]",212.000,2026-05-08 9:49:16
697115584243,PANALES SUNKISS TALLA G,PANALES SUNKISS TALLA G,PANALES SUNKISS TALLA G,insert,1,https://riba.app/imgrs/THUMBS%20500X500/359310.JPG,tabs/detalle-producto/359310,1.057.000,1.057.000,1.057.000,USD,1,,"{""MARCA"":[""SUNKISS""],""CATEGORIA"":[""Pañales""]}","[""Pañales""]",NULL,https://riba.app/imgrs/THUMBS%20500X500/359310.JPG,0,0,"[""84""]",1.057.000,2026-05-08 9:49:16
7065226344,4 PACK SIP-A-CUP 10 OZ,4 PACK SIP-A-CUP 10 OZ,4 PACK SIP-A-CUP 10 OZ,insert,1,https://riba.app/imgrs/THUMBS%20500X500/329612.JPG,tabs/detalle-producto/329612,575.000,575.000,575.000,USD,1,,"{""MARCA"":[""ARROW""],""CATEGORIA"":[""Utensilios De Bebe""]}","[""Utensilios De Bebe""]",NULL,https://riba.app/imgrs/THUMBS%20500X500/329612.JPG,0,0,"[""85""]",575.000,2026-05-08 9:49:16
71833433330,CHAMPU SIN FRAGANCIA 2EN1,CHAMPU SIN FRAGANCIA 2EN1,CHAMPU SIN FRAGANCIA 2EN1,insert,1,https://riba.app/imgrs/THUMBS%20500X500/352502.JPG,tabs/detalle-producto/352502,1.110.000,1.110.000,1.110.000,USD,1,,"{""MARCA"":[""DESERT ESSENCE ""],""CATEGORIA"":[""Cuidado Personal""]}","[""Cuidado Personal""]",NULL,https://riba.app/imgrs/THUMBS%20500X500/352502.JPG,0,0,"[""82""]",1.110.000,2026-05-08 9:49:16
71833433331,CHAMPU SIN FRAGANCIA DESENREDA,CHAMPU SIN FRAGANCIA DESENREDA,CHAMPU SIN FRAGANCIA DESENREDA,insert,1,https://riba.app/imgrs/THUMBS%20500X500/352503.JPG,tabs/detalle-producto/352503,1.110.000,1.110.000,1.110.000,USD,1,,"{""MARCA"":[""DESERT ESSENCE ""],""CATEGORIA"":[""Cuidado Personal""]}","[""Cuidado Personal""]",NULL,https://riba.app/imgrs/THUMBS%20500X500/352503.JPG,0,0,"[""82""]",1.110.000,2026-05-08 9:49:16
71833433332,CHAMPU MANZANA VERDE 2EN1,CHAMPU MANZANA VERDE 2EN1,CHAMPU MANZANA VERDE 2EN1,insert,1,https://riba.app/imgrs/THUMBS%20500X500/352504.JPG,tabs/detalle-producto/352504,1.110.000,1.110.000,1.110.000,USD,1,,"{""MARCA"":[""DESERT ESSENCE ""],""CATEGORIA"":[""Cuidado Personal""]}","[""Cuidado Personal""]",NULL,https://riba.app/imgrs/THUMBS%20500X500/352504.JPG,0,0,"[""82""]",1.110.000,2026-05-08 9:49:16
71833433333,CHAMPU DESENREDA MANZANA NINOS,CHAMPU DESENREDA MANZANA NINOS,CHAMPU DESENREDA MANZANA NINOS,insert,1,https://riba.app/imgrs/THUMBS%20500X500/352505.JPG,tabs/detalle-producto/352505,1.110.000,1.110.000,1.110.000,USD,1,,"{""MARCA"":[""DESERT ESSENCE ""],""CATEGORIA"":[""Cuidado Personal""]}","[""Cuidado Personal""]",NULL,https://riba.app/imgrs/THUMBS%20500X500/352505.JPG,0,0,"[""82""]",1.110.000,2026-05-08 9:49:16
7207613400,MAYORKNIFE ,MAYORKNIFE ,MAYORKNIFE ,insert,1,https://riba.app/imgrs/THUMBS%20500X500/61289.JPG,tabs/detalle-producto/61289,203.000,203.000,203.000,USD,1,,"{""MARCA"":[""COMPAC""],""CATEGORIA"":[""Utensilios De Bebe""]}","[""Utensilios De Bebe""]",NULL,https://riba.app/imgrs/THUMBS%20500X500/61289.JPG,0,0,"[""85""]",203.000,2026-05-08 9:49:16
722223333559,HEINZ COLADO 12 PACK VIDRIO,HEINZ COLADO 12 PACK VIDRIO,HEINZ COLADO 12 PACK VIDRIO,insert,1,https://riba.app/imgrs/THUMBS%20500X500/285362.JPG,tabs/detalle-producto/285362,925.000,925.000,925.000,USD,1,,"{""MARCA"":[""HEINZ""],""CATEGORIA"":[""Alimentos""]}","[""Alimentos""]",NULL,https://riba.app/imgrs/THUMBS%20500X500/285362.JPG,0,0,"[""83""]",925.000,2026-05-08 9:49:16
729001669212,CREMA DE CALENDULA PARA BEBE,CREMA DE CALENDULA PARA BEBE,CREMA DE CALENDULA PARA BEBE,insert,1,https://riba.app/imgrs/THUMBS%20500X500/346774.JPG,tabs/detalle-producto/346774,453.000,453.000,453.000,USD,1,,"{""MARCA"":[""MOMMY CARE""],""CATEGORIA"":[""Cuidado Personal""]}","[""Cuidado Personal""]",NULL,https://riba.app/imgrs/THUMBS%20500X500/346774.JPG,0,0,"[""82""]",453.000,2026-05-08 9:49:16
729001954105,CREMA PARA BEBE MC CALENDULA,CREMA PARA BEBE MC CALENDULA,CREMA PARA BEBE MC CALENDULA,insert,1,https://riba.app/imgrs/THUMBS%20500X500/346775.JPG,tabs/detalle-producto/346775,601.000,601.000,601.000,USD,1,,"{""MARCA"":[""MOMMY CARE""],""CATEGORIA"":[""Cuidado Personal""]}","[""Cuidado Personal""]",NULL,https://riba.app/imgrs/THUMBS%20500X500/346775.JPG,0,0,"[""82""]",601.000,2026-05-08 9:49:16
73505100052,COLADO HEINZ PURE FRUTAS,COLADO HEINZ PURE FRUTAS,COLADO HEINZ PURE FRUTAS,insert,1,https://riba.app/imgrs/THUMBS%20500X500/298302.JPG,tabs/detalle-producto/298302,106.000,106.000,106.000,USD,1,,"{""MARCA"":[""HEINZ""],""CATEGORIA"":[""Alimentos""]}","[""Alimentos""]",NULL,https://riba.app/imgrs/THUMBS%20500X500/298302.JPG,0,0,"[""83""]",106.000,2026-05-08 9:49:16
73505100060,COLADOS FLEX 4 X 6 UND,COLADOS FLEX 4 X 6 UND,COLADOS FLEX 4 X 6 UND,insert,1,https://riba.app/imgrs/THUMBS%20500X500/226016.JPG,tabs/detalle-producto/226016,473.000,473.000,473.000,USD,1,,"{""MARCA"":[""HEINZ""],""CATEGORIA"":[""Alimentos""]}","[""Alimentos""]",NULL,https://riba.app/imgrs/THUMBS%20500X500/226016.JPG,0,0,"[""83""]",473.000,2026-05-08 9:49:16
73505100321,COLADO HEINZ MANZANA FLEX,COLADO HEINZ MANZANA FLEX,COLADO HEINZ MANZANA FLEX,insert,1,https://riba.app/imgrs/THUMBS%20500X500/298298.JPG,tabs/detalle-producto/298298,106.000,106.000,106.000,USD,1,,"{""MARCA"":[""HEINZ""],""CATEGORIA"":[""Alimentos""]}","[""Alimentos""]",NULL,https://riba.app/imgrs/THUMBS%20500X500/298298.JPG,0,0,"[""83""]",106.000,2026-05-08 9:49:16
73505101346,HEIZ COLADO 12 PACK FLEX,HEIZ COLADO 12 PACK FLEX,HEIZ COLADO 12 PACK FLEX,insert,1,https://riba.app/imgrs/THUMBS%20500X500/278744.JPG,tabs/detalle-producto/278744,862.000,862.000,862.000,USD,1,,"{""MARCA"":[""HEINZ""],""CATEGORIA"":[""Alimentos""]}","[""Alimentos""]",NULL,https://riba.app/imgrs/THUMBS%20500X500/278744.JPG,0,0,"[""83""]",862.000,2026-05-08 9:49:16
73505101673,COLADO MANZANA FLEX,COLADO MANZANA FLEX,COLADO MANZANA FLEX,insert,1,https://riba.app/imgrs/THUMBS%20500X500/197484.JPG,tabs/detalle-producto/197484,85.000,85.000,85.000,USD,1,,"{""MARCA"":[""HEINZ""],""CATEGORIA"":[""Alimentos""]}","[""Alimentos""]",NULL,https://riba.app/imgrs/THUMBS%20500X500/197484.JPG,0,0,"[""83""]",85.000,2026-05-08 9:49:16
73505101674,COLADO PERA FLEX ,COLADO PERA FLEX ,COLADO PERA FLEX ,insert,1,https://riba.app/imgrs/THUMBS%20500X500/197486.JPG,tabs/detalle-producto/197486,85.000,85.000,85.000,USD,1,,"{""MARCA"":[""HEINZ""],""CATEGORIA"":[""Alimentos""]}","[""Alimentos""]",NULL,https://riba.app/imgrs/THUMBS%20500X500/197486.JPG,0,0,"[""83""]",85.000,2026-05-08 9:49:16
73505101686,COLADO FRUTAS MIXTAS FLEX,COLADO FRUTAS MIXTAS FLEX,COLADO FRUTAS MIXTAS FLEX,insert,1,https://riba.app/imgrs/THUMBS%20500X500/225169.JPG,tabs/detalle-producto/225169,85.000,85.000,85.000,USD,1,,"{""MARCA"":[""HEINZ""],""CATEGORIA"":[""Alimentos""]}","[""Alimentos""]",NULL,https://riba.app/imgrs/THUMBS%20500X500/225169.JPG,0,0,"[""83""]",85.000,2026-05-08 9:49:16
73505101687,COLADO POSTRE FRUTAS FLEX,COLADO POSTRE FRUTAS FLEX,COLADO POSTRE FRUTAS FLEX,insert,1,https://riba.app/imgrs/THUMBS%20500X500/197487.JPG,tabs/detalle-producto/197487,85.000,85.000,85.000,USD,1,,"{""MARCA"":[""HEINZ""],""CATEGORIA"":[""Alimentos""]}","[""Alimentos""]",NULL,https://riba.app/imgrs/THUMBS%20500X500/197487.JPG,0,0,"[""83""]",85.000,2026-05-08 9:49:16
73505101721,COLADO CIRUELA PASAS FLEX,COLADO CIRUELA PASAS FLEX,COLADO CIRUELA PASAS FLEX,insert,1,https://riba.app/imgrs/THUMBS%20500X500/323393.JPG,tabs/detalle-producto/323393,85.000,85.000,85.000,USD,1,,"{""MARCA"":[""HEINZ""],""CATEGORIA"":[""Alimentos""]}","[""Alimentos""]",NULL,https://riba.app/imgrs/THUMBS%20500X500/323393.JPG,0,0,"[""83""]",85.000,2026-05-08 9:49:16
73528210062,SOFT TIP INFANT SPOONS 6PC,SOFT TIP INFANT SPOONS 6PC,SOFT TIP INFANT SPOONS 6PC,insert,1,https://riba.app/imgrs/THUMBS%20500X500/303080.JPG,tabs/detalle-producto/303080,639.000,639.000,639.000,USD,1,,"{""MARCA"":[""MUNCHKIN""],""CATEGORIA"":[""Utensilios De Bebe""]}","[""Utensilios De Bebe""]",NULL,https://riba.app/imgrs/THUMBS%20500X500/303080.JPG,0,0,"[""85""]",639.000,2026-05-08 9:49:16
73528210121,SNACK CATCHER,SNACK CATCHER,SNACK CATCHER,insert,1,https://riba.app/imgrs/THUMBS%20500X500/274105.JPG,tabs/detalle-producto/274105,629.000,629.000,629.000,USD,1,,"{""MARCA"":[""MUNCHKIN""],""CATEGORIA"":[""Utensilios De Bebe""]}","[""Utensilios De Bebe""]",NULL,https://riba.app/imgrs/THUMBS%20500X500/274105.JPG,0,0,"[""85""]",629.000,2026-05-08 9:49:16
73528211020,LEARN BATH LETTERS AN NUMBERS,LEARN BATH LETTERS AN NUMBERS,LEARN BATH LETTERS AN NUMBERS,insert,1,https://riba.app/imgrs/THUMBS%20500X500/303106.JPG,tabs/detalle-producto/303106,962.000,962.000,962.000,USD,1,,"{""MARCA"":[""MUNCHKIN""],""CATEGORIA"":[""Juguetes""]}","[""Juguetes""]",NULL,https://riba.app/imgrs/THUMBS%20500X500/303106.JPG,0,0,"[""87""]",962.000,2026-05-08 9:49:16
73528211470,SPLASH DIVIDED PLATES 2PK,SPLASH DIVIDED PLATES 2PK,SPLASH DIVIDED PLATES 2PK,insert,1,https://riba.app/imgrs/THUMBS%20500X500/303087.JPG,tabs/detalle-producto/303087,980.000,980.000,980.000,USD,1,,"{""MARCA"":[""MUNCHKIN""],""CATEGORIA"":[""Utensilios De Bebe""]}","[""Utensilios De Bebe""]",NULL,https://riba.app/imgrs/THUMBS%20500X500/303087.JPG,0,0,"[""85""]",980.000,2026-05-08 9:49:16
73528214905,6PK MULTI FORKS AND SPOONS,6PK MULTI FORKS AND SPOONS,6PK MULTI FORKS AND SPOONS,insert,1,https://riba.app/imgrs/THUMBS%20500X500/302828.JPG,tabs/detalle-producto/302828,495.000,495.000,495.000,USD,1,,"{""MARCA"":[""MUNCHKIN""],""CATEGORIA"":[""Utensilios De Bebe""]}","[""Utensilios De Bebe""]",NULL,https://riba.app/imgrs/THUMBS%20500X500/302828.JPG,0,0,"[""85""]",495.000,2026-05-08 9:49:16
73528215983,MUNCHKIN STURDY POTTY SEAT,MUNCHKIN STURDY POTTY SEAT,MUNCHKIN STURDY POTTY SEAT,insert,1,https://riba.app/imgrs/THUMBS%20500X500/303104.JPG,tabs/detalle-producto/303104,1.704.000,1.704.000,1.704.000,USD,1,,"{""MARCA"":[""MUNCHKIN""],""CATEGORIA"":[""Utensilios De Bebe""]}","[""Utensilios De Bebe""]",NULL,https://riba.app/imgrs/THUMBS%20500X500/303104.JPG,0,0,"[""85""]",1.704.000,2026-05-08 9:49:16
73528217061,VASO 360 10 OZ MIRACLE ACERO I,VASO 360 10 OZ MIRACLE ACERO I,VASO 360 10 OZ MIRACLE ACERO I,insert,1,https://riba.app/imgrs/THUMBS%20500X500/314392.JPG,tabs/detalle-producto/314392,2.413.000,2.413.000,2.413.000,USD,1,,"{""MARCA"":[""MUNCHKIN""],""CATEGORIA"":[""Utensilios De Bebe""]}","[""Utensilios De Bebe""]",NULL,https://riba.app/imgrs/THUMBS%20500X500/314392.JPG,0,0,"[""85""]",2.413.000,2026-05-08 9:49:16
73528217406,ROMPECABEZAS FOAM ZAFARI,ROMPECABEZAS FOAM ZAFARI,ROMPECABEZAS FOAM ZAFARI,insert,1,https://riba.app/imgrs/THUMBS%20500X500/314394.JPG,tabs/detalle-producto/314394,1.206.000,1.206.000,1.206.000,USD,1,,"{""MARCA"":[""MUNCHKIN""],""CATEGORIA"":[""Juguetes""]}","[""Juguetes""]",NULL,https://riba.app/imgrs/THUMBS%20500X500/314394.JPG,0,0,"[""87""]",1.206.000,2026-05-08 9:49:16
73528217466,COLOR REVEAL CHANGING UTENSULI,COLOR REVEAL CHANGING UTENSULI,COLOR REVEAL CHANGING UTENSULI,insert,1,https://riba.app/imgrs/THUMBS%20500X500/303086.JPG,tabs/detalle-producto/303086,814.000,814.000,814.000,USD,1,,"{""MARCA"":[""MUNCHKIN""],""CATEGORIA"":[""Utensilios De Bebe""]}","[""Utensilios De Bebe""]",NULL,https://riba.app/imgrs/THUMBS%20500X500/303086.JPG,0,0,"[""85""]",814.000,2026-05-08 9:49:16
73528217483,JUGUETE DE BAÑO PULPO TAMBOR,JUGUETE DE BAÑO PULPO TAMBOR,JUGUETE DE BAÑO PULPO TAMBOR,insert,1,https://riba.app/imgrs/THUMBS%20500X500/314380.JPG,tabs/detalle-producto/314380,1.206.000,1.206.000,1.206.000,USD,1,,"{""MARCA"":[""MUNCHKIN""],""CATEGORIA"":[""Juguetes""]}","[""Juguetes""]",NULL,https://riba.app/imgrs/THUMBS%20500X500/314380.JPG,0,0,"[""87""]",1.206.000,2026-05-08 9:49:16
73528221156,PLATO ANTIDERRAME ,PLATO ANTIDERRAME ,PLATO ANTIDERRAME ,insert,1,https://riba.app/imgrs/THUMBS%20500X500/314373.JPG,tabs/detalle-producto/314373,834.000,834.000,834.000,USD,1,,"{""MARCA"":[""MUNCHKIN""],""CATEGORIA"":[""Utensilios De Bebe""]}","[""Utensilios De Bebe""]",NULL,https://riba.app/imgrs/THUMBS%20500X500/314373.JPG,0,0,"[""85""]",834.000,2026-05-08 9:49:16
73528227109,JARRA DE ENJUAGUE AZUL,JARRA DE ENJUAGUE AZUL,JARRA DE ENJUAGUE AZUL,insert,1,https://riba.app/imgrs/THUMBS%20500X500/314372.JPG,tabs/detalle-producto/314372,649.000,649.000,649.000,USD,1,,"{""MARCA"":[""MUNCHKIN""],""CATEGORIA"":[""Cuidado Personal""]}","[""Cuidado Personal""]",NULL,https://riba.app/imgrs/THUMBS%20500X500/314372.JPG,0,0,"[""82""]",649.000,2026-05-08 9:49:16
73528227147,GENTLE SCOOP TRAINING SPOONS,GENTLE SCOOP TRAINING SPOONS,GENTLE SCOOP TRAINING SPOONS,insert,1,https://riba.app/imgrs/THUMBS%20500X500/303085.JPG,tabs/detalle-producto/303085,823.000,823.000,823.000,USD,1,,"{""MARCA"":[""MUNCHKIN""],""CATEGORIA"":[""Utensilios De Bebe""]}","[""Utensilios De Bebe""]",NULL,https://riba.app/imgrs/THUMBS%20500X500/303085.JPG,0,0,"[""85""]",823.000,2026-05-08 9:49:16
73528227188,STAY PUT SUCTION BOWLS 3PC,STAY PUT SUCTION BOWLS 3PC,STAY PUT SUCTION BOWLS 3PC,insert,1,https://riba.app/imgrs/THUMBS%20500X500/303089.JPG,tabs/detalle-producto/303089,1.431.000,1.431.000,1.431.000,USD,1,,"{""MARCA"":[""MUNCHKIN""],""CATEGORIA"":[""Utensilios De Bebe""]}","[""Utensilios De Bebe""]",NULL,https://riba.app/imgrs/THUMBS%20500X500/303089.JPG,0,0,"[""85""]",1.431.000,2026-05-08 9:49:16
73528227204,CLEANING BRUSH SET,CLEANING BRUSH SET,CLEANING BRUSH SET,insert,1,https://riba.app/imgrs/THUMBS%20500X500/302945.JPG,tabs/detalle-producto/302945,781.000,781.000,781.000,USD,1,,"{""MARCA"":[""MUNCHKIN""],""CATEGORIA"":[""Utensilios De Bebe""]}","[""Utensilios De Bebe""]",NULL,https://riba.app/imgrs/THUMBS%20500X500/302945.JPG,0,0,"[""85""]",781.000,2026-05-08 9:49:16
73528231001,WHITE HOT SAFETY BATH DUCKY,WHITE HOT SAFETY BATH DUCKY,WHITE HOT SAFETY BATH DUCKY,insert,1,https://riba.app/imgrs/THUMBS%20500X500/303107.JPG,tabs/detalle-producto/303107,362.000,362.000,362.000,USD,1,,"{""MARCA"":[""MUNCHKIN""],""CATEGORIA"":[""Juguetes""]}","[""Juguetes""]",NULL,https://riba.app/imgrs/THUMBS%20500X500/303107.JPG,0,0,"[""87""]",362.000,2026-05-08 9:49:16
73528243101,CHUPETE DE ALIMENTACION,CHUPETE DE ALIMENTACION,CHUPETE DE ALIMENTACION,insert,1,https://riba.app/imgrs/THUMBS%20500X500/349439.JPG,tabs/detalle-producto/349439,561.000,561.000,561.000,USD,1,,"{""MARCA"":[""AVENT""],""CATEGORIA"":[""Utensilios De Bebe""]}","[""Utensilios De Bebe""]",NULL,https://riba.app/imgrs/THUMBS%20500X500/349439.JPG,0,0,"[""85""]",561.000,2026-05-08 9:49:16
73528244123,MIRACLE COLOR CHANGING CUP 9OZ,MIRACLE COLOR CHANGING CUP 9OZ,MIRACLE COLOR CHANGING CUP 9OZ,insert,1,https://riba.app/imgrs/THUMBS%20500X500/303098.JPG,tabs/detalle-producto/303098,1.201.000,1.201.000,1.201.000,USD,1,,"{""MARCA"":[""MUNCHKIN""],""CATEGORIA"":[""Utensilios De Bebe""]}","[""Utensilios De Bebe""]",NULL,https://riba.app/imgrs/THUMBS%20500X500/303098.JPG,0,0,"[""85""]",1.201.000,2026-05-08 9:49:16
73528244165,BITE PROF  SIPPY CUP ANIMAL,BITE PROF  SIPPY CUP ANIMAL,BITE PROF  SIPPY CUP ANIMAL,insert,1,https://riba.app/imgrs/THUMBS%20500X500/303101.JPG,tabs/detalle-producto/303101,1.403.000,1.403.000,1.403.000,USD,1,,"{""MARCA"":[""MUNCHKIN""],""CATEGORIA"":[""Utensilios De Bebe""]}","[""Utensilios De Bebe""]",NULL,https://riba.app/imgrs/THUMBS%20500X500/303101.JPG,0,0,"[""85""]",1.403.000,2026-05-08 9:49:16
73528244168,BITE PROF TRAINER CUP 7 OZ,BITE PROF TRAINER CUP 7 OZ,BITE PROF TRAINER CUP 7 OZ,insert,1,https://riba.app/imgrs/THUMBS%20500X500/303099.JPG,tabs/detalle-producto/303099,776.000,776.000,776.000,USD,1,,"{""MARCA"":[""MUNCHKIN""],""CATEGORIA"":[""Utensilios De Bebe""]}","[""Utensilios De Bebe""]",NULL,https://riba.app/imgrs/THUMBS%20500X500/303099.JPG,0,0,"[""85""]",776.000,2026-05-08 9:49:16
73528244189,JUGUETE MUSICAL RAYA,JUGUETE MUSICAL RAYA,JUGUETE MUSICAL RAYA,insert,1,https://riba.app/imgrs/THUMBS%20500X500/314382.JPG,tabs/detalle-producto/314382,1.670.000,1.670.000,1.670.000,USD,1,,"{""MARCA"":[""MUNCHKIN""],""CATEGORIA"":[""Juguetes""]}","[""Juguetes""]",NULL,https://riba.app/imgrs/THUMBS%20500X500/314382.JPG,0,0,"[""87""]",1.670.000,2026-05-08 9:49:16
73554930001,VASELINA Z DERM 60G,VASELINA Z DERM 60G,VASELINA Z DERM 60G,insert,1,https://riba.app/imgrs/THUMBS%20500X500/121893.JPG,tabs/detalle-producto/121893,206.000,206.000,206.000,USD,1,,"{""MARCA"":[""Z-DERM""],""CATEGORIA"":[""Cuidado Personal""]}","[""Cuidado Personal""]",NULL,https://riba.app/imgrs/THUMBS%20500X500/121893.JPG,0,0,"[""82""]",206.000,2026-05-08 9:49:16
73554930004,VASELINA Z DERM 100G,VASELINA Z DERM 100G,VASELINA Z DERM 100G,insert,1,https://riba.app/imgrs/THUMBS%20500X500/243239.JPG,tabs/detalle-producto/243239,272.000,272.000,272.000,USD,1,,"{""MARCA"":[""Z-DERM""],""CATEGORIA"":[""Cuidado Personal""]}","[""Cuidado Personal""]",NULL,https://riba.app/imgrs/THUMBS%20500X500/243239.JPG,0,0,"[""82""]",272.000,2026-05-08 9:49:16
73554930005,VASELINA CON FRAGANCIA  ,VASELINA CON FRAGANCIA  ,VASELINA CON FRAGANCIA  ,insert,1,https://riba.app/imgrs/THUMBS%20500X500/144485.JPG,tabs/detalle-producto/144485,192.000,192.000,192.000,USD,1,,"{""MARCA"":[""MANZATIN""],""CATEGORIA"":[""Cuidado Personal""]}","[""Cuidado Personal""]",NULL,https://riba.app/imgrs/THUMBS%20500X500/144485.JPG,0,0,"[""82""]",192.000,2026-05-08 9:49:16
73554930008,VASELIAN FRAGAN MANZATIN 100G  ,VASELIAN FRAGAN MANZATIN 100G  ,VASELIAN FRAGAN MANZATIN 100G  ,insert,1,https://riba.app/imgrs/THUMBS%20500X500/124412.JPG,tabs/detalle-producto/124412,264.000,264.000,264.000,USD,1,,"{""MARCA"":[""MANZATIN""],""CATEGORIA"":[""Cuidado Personal""]}","[""Cuidado Personal""]",NULL,https://riba.app/imgrs/THUMBS%20500X500/124412.JPG,0,0,"[""82""]",264.000,2026-05-08 9:49:16
73554931003,MANZATIN 235 GR,MANZATIN 235 GR,MANZATIN 235 GR,insert,1,https://riba.app/imgrs/THUMBS%20500X500/74894.JPG,tabs/detalle-producto/74894,517.000,517.000,517.000,USD,1,,"{""MARCA"":[""MANZATIN-E""],""CATEGORIA"":[""Cuidado Personal""]}","[""Cuidado Personal""]",NULL,https://riba.app/imgrs/THUMBS%20500X500/74894.JPG,0,0,"[""82""]",517.000,2026-05-08 9:49:16
741000010007,INFADERM CREMA   ,INFADERM CREMA   ,INFADERM CREMA   ,insert,1,https://riba.app/imgrs/THUMBS%20500X500/218732.JPG,tabs/detalle-producto/218732,783.000,783.000,783.000,USD,1,,"{""MARCA"":[""ARSAL ""],""CATEGORIA"":[""Cuidado Personal""]}","[""Cuidado Personal""]",NULL,https://riba.app/imgrs/THUMBS%20500X500/218732.JPG,0,0,"[""82""]",783.000,2026-05-08 9:49:16
741000010217,INFADERM ZN TUBO,INFADERM ZN TUBO,INFADERM ZN TUBO,insert,1,https://riba.app/imgrs/THUMBS%20500X500/354822.JPG,tabs/detalle-producto/354822,509.000,509.000,509.000,USD,1,,"{""MARCA"":[""INFADERM""],""CATEGORIA"":[""Cuidado Personal""]}","[""Cuidado Personal""]",NULL,https://riba.app/imgrs/THUMBS%20500X500/354822.JPG,0,0,"[""82""]",509.000,2026-05-08 9:49:16
741000010218,INFADERM DR ZN CREMA TUBO 60GR,INFADERM DR ZN CREMA TUBO 60GR,INFADERM DR ZN CREMA TUBO 60GR,insert,1,https://riba.app/imgrs/THUMBS%20500X500/353049.JPG,tabs/detalle-producto/353049,515.000,515.000,515.000,USD,1,,"{""MARCA"":[""ARSAL ""],""CATEGORIA"":[""Cuidado Personal""]}","[""Cuidado Personal""]",NULL,https://riba.app/imgrs/THUMBS%20500X500/353049.JPG,0,0,"[""82""]",515.000,2026-05-08 9:49:16
741000010219,INFADERM ZN TARRO,INFADERM ZN TARRO,INFADERM ZN TARRO,insert,1,https://riba.app/imgrs/THUMBS%20500X500/354825.JPG,tabs/detalle-producto/354825,648.000,648.000,648.000,USD,1,,"{""MARCA"":[""INFADERM""],""CATEGORIA"":[""Cuidado Personal""]}","[""Cuidado Personal""]",NULL,https://riba.app/imgrs/THUMBS%20500X500/354825.JPG,0,0,"[""82""]",648.000,2026-05-08 9:49:16
741000010220,INFADERM DR ZN CREMA POTE 120G,INFADERM DR ZN CREMA POTE 120G,INFADERM DR ZN CREMA POTE 120G,insert,1,https://riba.app/imgrs/THUMBS%20500X500/353048.JPG,tabs/detalle-producto/353048,663.000,663.000,663.000,USD,1,,"{""MARCA"":[""ARSAL ""],""CATEGORIA"":[""Cuidado Personal""]}","[""Cuidado Personal""]",NULL,https://riba.app/imgrs/THUMBS%20500X500/353048.JPG,0,0,"[""82""]",663.000,2026-05-08 9:49:16
742699977857,PACIFIER CLIP EVA,PACIFIER CLIP EVA,PACIFIER CLIP EVA,insert,1,https://riba.app/imgrs/THUMBS%20500X500/291663.JPG,tabs/detalle-producto/291663,1.420.000,1.420.000,1.420.000,USD,1,,"{""MARCA"":[""MUSHIE""],""CATEGORIA"":[""Utensilios De Bebe""]}","[""Utensilios De Bebe""]",NULL,https://riba.app/imgrs/THUMBS%20500X500/291663.JPG,0,0,"[""85""]",1.420.000,2026-05-08 9:49:16
744100810115,PANAL NATURAL CARE P GIGA,PANAL NATURAL CARE P GIGA,PANAL NATURAL CARE P GIGA,insert,1,https://riba.app/imgrs/THUMBS%20500X500/333887.JPG,tabs/detalle-producto/333887,3.307.000,3.307.000,3.307.000,USD,1,,"{""MARCA"":[""HUGGIES""],""CATEGORIA"":[""Pañales""]}","[""Pañales""]",NULL,https://riba.app/imgrs/THUMBS%20500X500/333887.JPG,0,0,"[""84""]",3.307.000,2026-05-08 9:49:16
744100810116,PANAL HUG NATCARE M GIGA,PANAL HUG NATCARE M GIGA,PANAL HUG NATCARE M GIGA,insert,1,https://riba.app/imgrs/THUMBS%20500X500/333885.JPG,tabs/detalle-producto/333885,3.307.000,3.307.000,3.307.000,USD,1,,"{""MARCA"":[""HUGGIES""],""CATEGORIA"":[""Pañales""]}","[""Pañales""]",NULL,https://riba.app/imgrs/THUMBS%20500X500/333885.JPG,0,0,"[""84""]",3.307.000,2026-05-08 9:49:16
744100810119,PAÑAL HUGGIES NATCARE XXG GIGA,PAÑAL HUGGIES NATCARE XXG GIGA,PAÑAL HUGGIES NATCARE XXG GIGA,insert,1,https://riba.app/imgrs/THUMBS%20500X500/333230.JPG,tabs/detalle-producto/333230,3.307.000,3.307.000,3.307.000,USD,1,,"{""MARCA"":[""HUGGIES""],""CATEGORIA"":[""Pañales""]}","[""Pañales""]",NULL,https://riba.app/imgrs/THUMBS%20500X500/333230.JPG,0,0,"[""84""]",3.307.000,2026-05-08 9:49:16
744100810120,PAÑAL HUGGIES XXXL GIGA,PAÑAL HUGGIES XXXL GIGA,PAÑAL HUGGIES XXXL GIGA,insert,1,https://riba.app/imgrs/THUMBS%20500X500/333231.JPG,tabs/detalle-producto/333231,3.307.000,3.307.000,3.307.000,USD,1,,"{""MARCA"":[""HUGGIES""],""CATEGORIA"":[""Pañales""]}","[""Pañales""]",NULL,https://riba.app/imgrs/THUMBS%20500X500/333231.JPG,0,0,"[""84""]",3.307.000,2026-05-08 9:49:16
744100810121,PAÑAL HUGGIES NATCARE XG GIGA,PAÑAL HUGGIES NATCARE XG GIGA,PAÑAL HUGGIES NATCARE XG GIGA,insert,1,https://riba.app/imgrs/THUMBS%20500X500/333229.JPG,tabs/detalle-producto/333229,3.307.000,3.307.000,3.307.000,USD,1,,"{""MARCA"":[""HUGGIES""],""CATEGORIA"":[""Pañales""]}","[""Pañales""]",NULL,https://riba.app/imgrs/THUMBS%20500X500/333229.JPG,0,0,"[""84""]",3.307.000,2026-05-08 9:49:16
744100810125,PANAL NATCARE G GIGA,PANAL NATCARE G GIGA,PANAL NATCARE G GIGA,insert,1,https://riba.app/imgrs/THUMBS%20500X500/333886.JPG,tabs/detalle-producto/333886,3.307.000,3.307.000,3.307.000,USD,1,,"{""MARCA"":[""HUGGIES""],""CATEGORIA"":[""Pañales""]}","[""Pañales""]",NULL,https://riba.app/imgrs/THUMBS%20500X500/333886.JPG,0,0,"[""84""]",3.307.000,2026-05-08 9:49:16
744100815653,PANALES HUG RECIEN NACIDO,PANALES HUG RECIEN NACIDO,PANALES HUG RECIEN NACIDO,insert,1,https://riba.app/imgrs/THUMBS%20500X500/210663.JPG,tabs/detalle-producto/210663,1.170.000,1.170.000,1.170.000,USD,1,,"{""MARCA"":[""HUGGIES""],""CATEGORIA"":[""Pañales""]}","[""Pañales""]",NULL,https://riba.app/imgrs/THUMBS%20500X500/210663.JPG,0,0,"[""84""]",1.170.000,2026-05-08 9:49:16
744100817074,PAN HUG MULAN MEGA PEQ S1,PAN HUG MULAN MEGA PEQ S1,PAN HUG MULAN MEGA PEQ S1,insert,1,https://riba.app/imgrs/THUMBS%20500X500/240535.JPG,tabs/detalle-producto/240535,1.613.000,1.613.000,1.613.000,USD,1,,"{""MARCA"":[""HUGGIES""],""CATEGORIA"":[""Pañales""]}","[""Pañales""]",NULL,https://riba.app/imgrs/THUMBS%20500X500/240535.JPG,0,0,"[""84""]",1.613.000,2026-05-08 9:49:16
744100817281,PANAL HUGGIES 52U XXXG,PANAL HUGGIES 52U XXXG,PANAL HUGGIES 52U XXXG,insert,1,https://riba.app/imgrs/THUMBS%20500X500/348251.JPG,tabs/detalle-producto/348251,2.433.000,2.433.000,2.433.000,USD,1,,"{""MARCA"":[""HUGGIES""],""CATEGORIA"":[""Pañales""]}","[""Pañales""]",NULL,https://riba.app/imgrs/THUMBS%20500X500/348251.JPG,0,0,"[""84""]",2.433.000,2026-05-08 9:49:16
744100817368,PAÑ HUGG NATCARE M MEGA ,PAÑ HUGG NATCARE M MEGA ,PAÑ HUGG NATCARE M MEGA ,insert,1,https://riba.app/imgrs/THUMBS%20500X500/277652.JPG,tabs/detalle-producto/277652,1.781.000,1.781.000,1.781.000,USD,1,,"{""MARCA"":[""HUGGIES""],""CATEGORIA"":[""Pañales""]}","[""Pañales""]",NULL,https://riba.app/imgrs/THUMBS%20500X500/277652.JPG,0,0,"[""84""]",1.781.000,2026-05-08 9:49:16
744100817369,PAÑ HUGG NATCARE G MEGA ,PAÑ HUGG NATCARE G MEGA ,PAÑ HUGG NATCARE G MEGA ,insert,1,https://riba.app/imgrs/THUMBS%20500X500/277572.JPG,tabs/detalle-producto/277572,1.781.000,1.781.000,1.781.000,USD,1,,"{""MARCA"":[""HUGGIES""],""CATEGORIA"":[""Pañales""]}","[""Pañales""]",NULL,https://riba.app/imgrs/THUMBS%20500X500/277572.JPG,0,0,"[""84""]",1.781.000,2026-05-08 9:49:16
744100817370,PAÑ HUGG NATCARE XG MEGA ,PAÑ HUGG NATCARE XG MEGA ,PAÑ HUGG NATCARE XG MEGA ,insert,1,https://riba.app/imgrs/THUMBS%20500X500/277573.JPG,tabs/detalle-producto/277573,1.781.000,1.781.000,1.781.000,USD,1,,"{""MARCA"":[""HUGGIES""],""CATEGORIA"":[""Pañales""]}","[""Pañales""]",NULL,https://riba.app/imgrs/THUMBS%20500X500/277573.JPG,0,0,"[""84""]",1.781.000,2026-05-08 9:49:16
744100817371,PAÑ HUGG NATCARE XXG MEGA ,PAÑ HUGG NATCARE XXG MEGA ,PAÑ HUGG NATCARE XXG MEGA ,insert,1,https://riba.app/imgrs/THUMBS%20500X500/277574.JPG,tabs/detalle-producto/277574,1.781.000,1.781.000,1.781.000,USD,1,,"{""MARCA"":[""HUGGIES""],""CATEGORIA"":[""Pañales""]}","[""Pañales""]",NULL,https://riba.app/imgrs/THUMBS%20500X500/277574.JPG,0,0,"[""84""]",1.781.000,2026-05-08 9:49:16
744100817395,HUGGIES ACTSEC G ZEUS DIS,HUGGIES ACTSEC G ZEUS DIS,HUGGIES ACTSEC G ZEUS DIS,insert,1,https://riba.app/imgrs/THUMBS%20500X500/292028.JPG,tabs/detalle-producto/292028,2.433.000,2.433.000,2.433.000,USD,1,,"{""MARCA"":[""HUGGIES""],""CATEGORIA"":[""Pañales""]}","[""Pañales""]",NULL,https://riba.app/imgrs/THUMBS%20500X500/292028.JPG,0,0,"[""84""]",2.433.000,2026-05-08 9:49:16
744100817396,HUGGIES ACTSEC XG ZEUS DIS,HUGGIES ACTSEC XG ZEUS DIS,HUGGIES ACTSEC XG ZEUS DIS,insert,1,https://riba.app/imgrs/THUMBS%20500X500/292029.JPG,tabs/detalle-producto/292029,2.433.000,2.433.000,2.433.000,USD,1,,"{""MARCA"":[""HUGGIES""],""CATEGORIA"":[""Pañales""]}","[""Pañales""]",NULL,https://riba.app/imgrs/THUMBS%20500X500/292029.JPG,0,0,"[""84""]",2.433.000,2026-05-08 9:49:16
744100817397,HUGGIES ACTSEC XXG ZEUS DIS,HUGGIES ACTSEC XXG ZEUS DIS,HUGGIES ACTSEC XXG ZEUS DIS,insert,1,https://riba.app/imgrs/THUMBS%20500X500/292031.JPG,tabs/detalle-producto/292031,2.433.000,2.433.000,2.433.000,USD,1,,"{""MARCA"":[""HUGGIES""],""CATEGORIA"":[""Pañales""]}","[""Pañales""]",NULL,https://riba.app/imgrs/THUMBS%20500X500/292031.JPG,0,0,"[""84""]",2.433.000,2026-05-08 9:49:16
745100763974,CEREAL INFANTIL 5 CEREALES,CEREAL INFANTIL 5 CEREALES,CEREAL INFANTIL 5 CEREALES,insert,1,https://riba.app/imgrs/THUMBS%20500X500/325311.JPG,tabs/detalle-producto/325311,248.000,248.000,248.000,USD,1,,"{""MARCA"":[""MOLINO CRIOLLO""],""CATEGORIA"":[""Alimentos""]}","[""Alimentos""]",NULL,https://riba.app/imgrs/THUMBS%20500X500/325311.JPG,0,0,"[""83""]",248.000,2026-05-08 9:49:16
745100763975,CEREAL INFANTIL AVENA,CEREAL INFANTIL AVENA,CEREAL INFANTIL AVENA,insert,1,https://riba.app/imgrs/THUMBS%20500X500/325310.JPG,tabs/detalle-producto/325310,248.000,248.000,248.000,USD,1,,"{""MARCA"":[""MOLINO CRIOLLO""],""CATEGORIA"":[""Alimentos""]}","[""Alimentos""]",NULL,https://riba.app/imgrs/THUMBS%20500X500/325310.JPG,0,0,"[""83""]",248.000,2026-05-08 9:49:16
745100763976,CEREAL INFANTIL ARROZ,CEREAL INFANTIL ARROZ,CEREAL INFANTIL ARROZ,insert,1,https://riba.app/imgrs/THUMBS%20500X500/325312.JPG,tabs/detalle-producto/325312,248.000,248.000,248.000,USD,1,,"{""MARCA"":[""MOLINO CRIOLLO""],""CATEGORIA"":[""Alimentos""]}","[""Alimentos""]",NULL,https://riba.app/imgrs/THUMBS%20500X500/325312.JPG,0,0,"[""83""]",248.000,2026-05-08 9:49:16
745100763977,CEREAL INFANTIL TRIGO MIEL,CEREAL INFANTIL TRIGO MIEL,CEREAL INFANTIL TRIGO MIEL,insert,1,https://riba.app/imgrs/THUMBS%20500X500/325313.JPG,tabs/detalle-producto/325313,248.000,248.000,248.000,USD,1,,"{""MARCA"":[""MOLINO CRIOLLO""],""CATEGORIA"":[""Alimentos""]}","[""Alimentos""]",NULL,https://riba.app/imgrs/THUMBS%20500X500/325313.JPG,0,0,"[""83""]",248.000,2026-05-08 9:49:16
745101510974,MUSHIE BIBS PAC 0-6 M SIZE 1,MUSHIE BIBS PAC 0-6 M SIZE 1,MUSHIE BIBS PAC 0-6 M SIZE 1,insert,1,https://riba.app/imgrs/THUMBS%20500X500/295421.JPG,tabs/detalle-producto/295421,515.000,515.000,515.000,USD,1,,"{""MARCA"":[""MUSHIE""],""CATEGORIA"":[""Utensilios De Bebe""]}","[""Utensilios De Bebe""]",NULL,https://riba.app/imgrs/THUMBS%20500X500/295421.JPG,0,0,"[""85""]",515.000,2026-05-08 9:49:16
745101560097,SF JABON CASTILLA SURTID 3PACK,SF JABON CASTILLA SURTID 3PACK,SF JABON CASTILLA SURTID 3PACK,insert,1,https://riba.app/imgrs/THUMBS%20500X500/73870.JPG,tabs/detalle-producto/73870,280.000,280.000,280.000,USD,1,,"{""MARCA"":[""BABY CASTILLA""],""CATEGORIA"":[""Cuidado Personal""]}","[""Cuidado Personal""]",NULL,https://riba.app/imgrs/THUMBS%20500X500/73870.JPG,0,0,"[""82""]",280.000,2026-05-08 9:49:16
745101560270,SF JABON BABY CAST ORIG TRIPCK,SF JABON BABY CAST ORIG TRIPCK,SF JABON BABY CAST ORIG TRIPCK,insert,1,https://riba.app/imgrs/THUMBS%20500X500/136677.JPG,tabs/detalle-producto/136677,258.000,258.000,258.000,USD,1,,"{""MARCA"":[""BABY CASTILLA""],""CATEGORIA"":[""Cuidado Personal""]}","[""Cuidado Personal""]",NULL,https://riba.app/imgrs/THUMBS%20500X500/136677.JPG,0,0,"[""82""]",258.000,2026-05-08 9:49:16
745101560801,JABON TRIPACK AVENA MIEL,JABON TRIPACK AVENA MIEL,JABON TRIPACK AVENA MIEL,insert,1,https://riba.app/imgrs/THUMBS%20500X500/341117.JPG,tabs/detalle-producto/341117,277.000,277.000,277.000,USD,1,,"{""MARCA"":[""BABY CASTILLA""],""CATEGORIA"":[""Cuidado Personal""]}","[""Cuidado Personal""]",NULL,https://riba.app/imgrs/THUMBS%20500X500/341117.JPG,0,0,"[""82""]",277.000,2026-05-08 9:49:16
745202540032,JABON CASTILLA HUMECTANTE,JABON CASTILLA HUMECTANTE,JABON CASTILLA HUMECTANTE,insert,1,https://riba.app/imgrs/THUMBS%20500X500/56114.JPG,tabs/detalle-producto/56114,95.000,95.000,95.000,USD,1,,"{""MARCA"":[""BABY CASTILLA""],""CATEGORIA"":[""Cuidado Personal""]}","[""Cuidado Personal""]",NULL,https://riba.app/imgrs/THUMBS%20500X500/56114.JPG,0,0,"[""82""]",95.000,2026-05-08 9:49:16
745202540033,BABY CASTILLE ORIGINAL,BABY CASTILLE ORIGINAL,BABY CASTILLE ORIGINAL,insert,1,https://riba.app/imgrs/THUMBS%20500X500/19359.JPG,tabs/detalle-producto/19359,102.000,102.000,102.000,USD,1,,"{""MARCA"":[""BABY CASTILLA""],""CATEGORIA"":[""Cuidado Personal""]}","[""Cuidado Personal""]",NULL,https://riba.app/imgrs/THUMBS%20500X500/19359.JPG,0,0,"[""82""]",102.000,2026-05-08 9:49:16
745202540034,JABON CASTILLA AVENA,JABON CASTILLA AVENA,JABON CASTILLA AVENA,insert,1,https://riba.app/imgrs/THUMBS%20500X500/56113.JPG,tabs/detalle-producto/56113,102.000,102.000,102.000,USD,1,,"{""MARCA"":[""BABY CASTILLA""],""CATEGORIA"":[""Cuidado Personal""]}","[""Cuidado Personal""]",NULL,https://riba.app/imgrs/THUMBS%20500X500/56113.JPG,0,0,"[""82""]",102.000,2026-05-08 9:49:16
745202641559,3PK JABON ORIGINAL JBABY,3PK JABON ORIGINAL JBABY,3PK JABON ORIGINAL JBABY,insert,1,https://riba.app/imgrs/THUMBS%20500X500/300860.JPG,tabs/detalle-producto/300860,443.000,443.000,443.000,USD,1,,"{""MARCA"":[""JOHNSON & JOHNSON""],""CATEGORIA"":[""Cuidado Personal""]}","[""Cuidado Personal""]",NULL,https://riba.app/imgrs/THUMBS%20500X500/300860.JPG,0,0,"[""82""]",443.000,2026-05-08 9:49:16
745202641560,3PK JABON HUMECT JBABY,3PK JABON HUMECT JBABY,3PK JABON HUMECT JBABY,insert,1,https://riba.app/imgrs/THUMBS%20500X500/300861.JPG,tabs/detalle-producto/300861,443.000,443.000,443.000,USD,1,,"{""MARCA"":[""JOHNSON & JOHNSON""],""CATEGORIA"":[""Cuidado Personal""]}","[""Cuidado Personal""]",NULL,https://riba.app/imgrs/THUMBS%20500X500/300861.JPG,0,0,"[""82""]",443.000,2026-05-08 9:49:16
745202641561,3PK JABON AVENA JBABY,3PK JABON AVENA JBABY,3PK JABON AVENA JBABY,insert,1,https://riba.app/imgrs/THUMBS%20500X500/300862.JPG,tabs/detalle-producto/300862,427.000,427.000,427.000,USD,1,,"{""MARCA"":[""JOHNSON & JOHNSON""],""CATEGORIA"":[""Cuidado Personal""]}","[""Cuidado Personal""]",NULL,https://riba.app/imgrs/THUMBS%20500X500/300862.JPG,0,0,"[""82""]",427.000,2026-05-08 9:49:16
745210085025,ESPONJA DE MAR GRANDE ,ESPONJA DE MAR GRANDE ,ESPONJA DE MAR GRANDE ,insert,1,https://riba.app/imgrs/THUMBS%20500X500/242132.JPG,tabs/detalle-producto/242132,986.000,986.000,986.000,USD,1,,"{""MARCA"":[""PIGEON""],""CATEGORIA"":[""Cuidado Personal""]}","[""Cuidado Personal""]",NULL,https://riba.app/imgrs/THUMBS%20500X500/242132.JPG,0,0,"[""82""]",986.000,2026-05-08 9:49:16
745210085037,TAZA BEBE P3 PULL UP DIS NIÑO,TAZA BEBE P3 PULL UP DIS NIÑO,TAZA BEBE P3 PULL UP DIS NIÑO,insert,1,https://riba.app/imgrs/THUMBS%20500X500/245502.JPG,tabs/detalle-producto/245502,359.000,359.000,359.000,USD,1,,"{""MARCA"":[""MOTHER S ASSISTANT""],""CATEGORIA"":[""Utensilios De Bebe""]}","[""Utensilios De Bebe""]",NULL,https://riba.app/imgrs/THUMBS%20500X500/245502.JPG,0,0,"[""85""]",359.000,2026-05-08 9:49:16
745210085038,TAZA BEBE P3 PULL UP DIS NIÑA ,TAZA BEBE P3 PULL UP DIS NIÑA ,TAZA BEBE P3 PULL UP DIS NIÑA ,insert,1,https://riba.app/imgrs/THUMBS%20500X500/245503.JPG,tabs/detalle-producto/245503,356.000,356.000,356.000,USD,1,,"{""MARCA"":[""MOTHER´S ASSISTANT""],""CATEGORIA"":[""Utensilios De Bebe""]}","[""Utensilios De Bebe""]",NULL,https://riba.app/imgrs/THUMBS%20500X500/245503.JPG,0,0,"[""85""]",356.000,2026-05-08 9:49:16
750043514593,PAMPERS PANTS PC MED 34PADX4IT,PAMPERS PANTS PC MED 34PADX4IT,PAMPERS PANTS PC MED 34PADX4IT,insert,1,https://riba.app/imgrs/THUMBS%20500X500/303351.JPG,tabs/detalle-producto/303351,1.608.000,1.608.000,1.608.000,USD,1,,"{""MARCA"":[""PAMPERS""],""CATEGORIA"":[""Pañales""]}","[""Pañales""]",NULL,https://riba.app/imgrs/THUMBS%20500X500/303351.JPG,0,0,"[""84""]",1.608.000,2026-05-08 9:49:16
750043514594,PAMPERS PANTS PC GDE 30PADX4IT,PAMPERS PANTS PC GDE 30PADX4IT,PAMPERS PANTS PC GDE 30PADX4IT,insert,1,https://riba.app/imgrs/THUMBS%20500X500/303352.JPG,tabs/detalle-producto/303352,1.608.000,1.608.000,1.608.000,USD,1,,"{""MARCA"":[""PAMPERS""],""CATEGORIA"":[""Pañales""]}","[""Pañales""]",NULL,https://riba.app/imgrs/THUMBS%20500X500/303352.JPG,0,0,"[""84""]",1.608.000,2026-05-08 9:49:16
750043514595,PAMPERS PANTS PC XGD 26PADX6IT,PAMPERS PANTS PC XGD 26PADX6IT,PAMPERS PANTS PC XGD 26PADX6IT,insert,1,https://riba.app/imgrs/THUMBS%20500X500/303353.JPG,tabs/detalle-producto/303353,1.608.000,1.608.000,1.608.000,USD,1,,"{""MARCA"":[""PAMPERS""],""CATEGORIA"":[""Pañales""]}","[""Pañales""]",NULL,https://riba.app/imgrs/THUMBS%20500X500/303353.JPG,0,0,"[""84""]",1.608.000,2026-05-08 9:49:16
750043514596,PAMPERS PANTS PC XXG 24PADX8IT,PAMPERS PANTS PC XXG 24PADX8IT,PAMPERS PANTS PC XXG 24PADX8IT,insert,1,https://riba.app/imgrs/THUMBS%20500X500/303354.JPG,tabs/detalle-producto/303354,1.608.000,1.608.000,1.608.000,USD,1,,"{""MARCA"":[""PAMPERS""],""CATEGORIA"":[""Pañales""]}","[""Pañales""]",NULL,https://riba.app/imgrs/THUMBS%20500X500/303354.JPG,0,0,"[""84""]",1.608.000,2026-05-08 9:49:16
750043514598,PANAL PAMPERS PANTS G,PANAL PAMPERS PANTS G,PANAL PAMPERS PANTS G,insert,1,https://riba.app/imgrs/THUMBS%20500X500/314877.JPG,tabs/detalle-producto/314877,3.247.000,3.247.000,3.247.000,USD,1,,"{""MARCA"":[""PAMPERS""],""CATEGORIA"":[""Pañales""]}","[""Pañales""]",NULL,https://riba.app/imgrs/THUMBS%20500X500/314877.JPG,0,0,"[""84""]",3.247.000,2026-05-08 9:49:16
750043514599,PANAL PAMPERS PANTS XG,PANAL PAMPERS PANTS XG,PANAL PAMPERS PANTS XG,insert,1,https://riba.app/imgrs/THUMBS%20500X500/314883.JPG,tabs/detalle-producto/314883,3.247.000,3.247.000,3.247.000,USD,1,,"{""MARCA"":[""PAMPERS""],""CATEGORIA"":[""Pañales""]}","[""Pañales""]",NULL,https://riba.app/imgrs/THUMBS%20500X500/314883.JPG,0,0,"[""84""]",3.247.000,2026-05-08 9:49:16
750043514600,PANAL PAMPERS PANTS XXG,PANAL PAMPERS PANTS XXG,PANAL PAMPERS PANTS XXG,insert,1,https://riba.app/imgrs/THUMBS%20500X500/314887.JPG,tabs/detalle-producto/314887,3.247.000,3.247.000,3.247.000,USD,1,,"{""MARCA"":[""PAMPERS""],""CATEGORIA"":[""Pañales""]}","[""Pañales""]",NULL,https://riba.app/imgrs/THUMBS%20500X500/314887.JPG,0,0,"[""84""]",3.247.000,2026-05-08 9:49:16
750043524664,PANALES PANTS PAMPERS XXXG,PANALES PANTS PAMPERS XXXG,PANALES PANTS PAMPERS XXXG,insert,1,https://riba.app/imgrs/THUMBS%20500X500/350130.JPG,tabs/detalle-producto/350130,3.247.000,3.247.000,3.247.000,USD,1,,"{""MARCA"":[""PAMPERS""],""CATEGORIA"":[""Pañales""]}","[""Pañales""]",NULL,https://riba.app/imgrs/THUMBS%20500X500/350130.JPG,0,0,"[""84""]",3.247.000,2026-05-08 9:49:16
750100091056,PURE MIXTO DE VEGETALES ,PURE MIXTO DE VEGETALES ,PURE MIXTO DE VEGETALES ,insert,1,https://riba.app/imgrs/THUMBS%20500X500/230006.JPG,tabs/detalle-producto/230006,105.000,105.000,105.000,USD,1,,"{""MARCA"":[""GERBER""],""CATEGORIA"":[""Alimentos""]}","[""Alimentos""]",NULL,https://riba.app/imgrs/THUMBS%20500X500/230006.JPG,0,0,"[""83""]",105.000,2026-05-08 9:49:16
750101905047,TOALLAS HUMEDAS ADULTO,TOALLAS HUMEDAS ADULTO,TOALLAS HUMEDAS ADULTO,insert,1,https://riba.app/imgrs/THUMBS%20500X500/185771.JPG,tabs/detalle-producto/185771,530.000,530.000,530.000,USD,1,,"{""MARCA"":[""TENA""],""CATEGORIA"":[""Cuidado Personal""]}","[""Cuidado Personal""]",NULL,https://riba.app/imgrs/THUMBS%20500X500/185771.JPG,0,0,"[""82""]",530.000,2026-05-08 9:49:16
750102210275,GEL DE PEINAR RICITOS DE ORO,GEL DE PEINAR RICITOS DE ORO,GEL DE PEINAR RICITOS DE ORO,insert,1,https://riba.app/imgrs/THUMBS%20500X500/333047.JPG,tabs/detalle-producto/333047,181.000,181.000,181.000,USD,1,,"{""MARCA"":[""RICITOS DE ORO""],""CATEGORIA"":[""Cuidado Personal""]}","[""Cuidado Personal""]",NULL,https://riba.app/imgrs/THUMBS%20500X500/333047.JPG,0,0,"[""82""]",181.000,2026-05-08 9:49:16
750102210284,LOCION ACLARANTE RICITOS DE OR,LOCION ACLARANTE RICITOS DE OR,LOCION ACLARANTE RICITOS DE OR,insert,1,https://riba.app/imgrs/THUMBS%20500X500/333048.JPG,tabs/detalle-producto/333048,262.000,262.000,262.000,USD,1,,"{""MARCA"":[""RICITOS DE ORO""],""CATEGORIA"":[""Cuidado Personal""]}","[""Cuidado Personal""]",NULL,https://riba.app/imgrs/THUMBS%20500X500/333048.JPG,0,0,"[""82""]",262.000,2026-05-08 9:49:16
750102210311,CHAMPU MANZANILLA RICITOS ORO,CHAMPU MANZANILLA RICITOS ORO,CHAMPU MANZANILLA RICITOS ORO,insert,1,https://riba.app/imgrs/THUMBS%20500X500/20251.JPG,tabs/detalle-producto/20251,137.000,137.000,137.000,USD,1,,"{""MARCA"":[""RICITOS DE ORO""],""CATEGORIA"":[""Cuidado Personal""]}","[""Cuidado Personal""]",NULL,https://riba.app/imgrs/THUMBS%20500X500/20251.JPG,0,0,"[""82""]",137.000,2026-05-08 9:49:16
750102210316,R O. SHAMPOO CON MANZANILL1,R O. SHAMPOO CON MANZANILL1,R O. SHAMPOO CON MANZANILL1,insert,1,https://riba.app/imgrs/THUMBS%20500X500/20252.JPG,tabs/detalle-producto/20252,297.000,297.000,297.000,USD,1,,"{""MARCA"":[""RICITOS DE ORO""],""CATEGORIA"":[""Cuidado Personal""]}","[""Cuidado Personal""]",NULL,https://riba.app/imgrs/THUMBS%20500X500/20252.JPG,0,0,"[""82""]",297.000,2026-05-08 9:49:16
750102212107,GRISI CREMA LOCION ANTIPIOJO,GRISI CREMA LOCION ANTIPIOJO,GRISI CREMA LOCION ANTIPIOJO,insert,1,https://riba.app/imgrs/THUMBS%20500X500/288846.JPG,tabs/detalle-producto/288846,419.000,419.000,419.000,USD,1,,"{""MARCA"":[""GRISI""],""CATEGORIA"":[""Cuidado Personal""]}","[""Cuidado Personal""]",NULL,https://riba.app/imgrs/THUMBS%20500X500/288846.JPG,0,0,"[""82""]",419.000,2026-05-08 9:49:16
750102212112,GRISI KIDS GEL ANTIPIOJO,GRISI KIDS GEL ANTIPIOJO,GRISI KIDS GEL ANTIPIOJO,insert,1,https://riba.app/imgrs/THUMBS%20500X500/288848.JPG,tabs/detalle-producto/288848,364.000,364.000,364.000,USD,1,,"{""MARCA"":[""GRISI""],""CATEGORIA"":[""Cuidado Personal""]}","[""Cuidado Personal""]",NULL,https://riba.app/imgrs/THUMBS%20500X500/288848.JPG,0,0,"[""82""]",364.000,2026-05-08 9:49:16
750102213311,CHAMPU LAVANA RICITOS DE ORO,CHAMPU LAVANA RICITOS DE ORO,CHAMPU LAVANA RICITOS DE ORO,insert,1,https://riba.app/imgrs/THUMBS%20500X500/333012.JPG,tabs/detalle-producto/333012,281.000,281.000,281.000,USD,1,,"{""MARCA"":[""RICITOS DE ORO""],""CATEGORIA"":[""Cuidado Personal""]}","[""Cuidado Personal""]",NULL,https://riba.app/imgrs/THUMBS%20500X500/333012.JPG,0,0,"[""82""]",281.000,2026-05-08 9:49:16
750102213328,CHAMPU MIEL ARGAN RICITOS ORO,CHAMPU MIEL ARGAN RICITOS ORO,CHAMPU MIEL ARGAN RICITOS ORO,insert,1,https://riba.app/imgrs/THUMBS%20500X500/333023.JPG,tabs/detalle-producto/333023,281.000,281.000,281.000,USD,1,,"{""MARCA"":[""RICITOS DE ORO""],""CATEGORIA"":[""Cuidado Personal""]}","[""Cuidado Personal""]",NULL,https://riba.app/imgrs/THUMBS%20500X500/333023.JPG,0,0,"[""82""]",281.000,2026-05-08 9:49:16
750102728065,L KIDS SMOOTHIE MANGO NAR 2EN1,L KIDS SMOOTHIE MANGO NAR 2EN1,L KIDS SMOOTHIE MANGO NAR 2EN1,insert,1,https://riba.app/imgrs/THUMBS%20500X500/114915.JPG,tabs/detalle-producto/114915,447.000,447.000,447.000,USD,1,,"{""MARCA"":[""L OREAL""],""CATEGORIA"":[""Cuidado Personal""]}","[""Cuidado Personal""]",NULL,https://riba.app/imgrs/THUMBS%20500X500/114915.JPG,0,0,"[""82""]",447.000,2026-05-08 9:49:16
750103590811,TALCO BM AZUL 100 GR ,TALCO BM AZUL 100 GR ,TALCO BM AZUL 100 GR ,insert,1,https://riba.app/imgrs/THUMBS%20500X500/31142.JPG,tabs/detalle-producto/31142,298.000,298.000,298.000,USD,1,,"{""MARCA"":[""BABY MAGIC""],""CATEGORIA"":[""Cuidado Personal""]}","[""Cuidado Personal""]",NULL,https://riba.app/imgrs/THUMBS%20500X500/31142.JPG,0,0,"[""82""]",298.000,2026-05-08 9:49:16
750103590824,ACEITE MENNE BABY MAGIC 100M,ACEITE MENNE BABY MAGIC 100M,ACEITE MENNE BABY MAGIC 100M,insert,1,https://riba.app/imgrs/THUMBS%20500X500/31531.JPG,tabs/detalle-producto/31531,323.000,323.000,323.000,USD,1,,"{""MARCA"":[""BABY MAGIC""],""CATEGORIA"":[""Cuidado Personal""]}","[""Cuidado Personal""]",NULL,https://riba.app/imgrs/THUMBS%20500X500/31531.JPG,0,0,"[""82""]",323.000,2026-05-08 9:49:16
750103590830,CREMA SUAVIZANTE BABY MAGIC,CREMA SUAVIZANTE BABY MAGIC,CREMA SUAVIZANTE BABY MAGIC,insert,1,https://riba.app/imgrs/THUMBS%20500X500/138249.JPG,tabs/detalle-producto/138249,694.000,694.000,694.000,USD,1,,"{""MARCA"":[""MENNEN""],""CATEGORIA"":[""Cuidado Personal""]}","[""Cuidado Personal""]",NULL,https://riba.app/imgrs/THUMBS%20500X500/138249.JPG,0,0,"[""82""]",694.000,2026-05-08 9:49:16
750103591179,COLONIA BABY MAGIC 200ML,COLONIA BABY MAGIC 200ML,COLONIA BABY MAGIC 200ML,insert,1,https://riba.app/imgrs/THUMBS%20500X500/31566.JPG,tabs/detalle-producto/31566,637.000,637.000,637.000,USD,1,,"{""MARCA"":[""MENNEN""],""CATEGORIA"":[""Cuidado Personal""]}","[""Cuidado Personal""]",NULL,https://riba.app/imgrs/THUMBS%20500X500/31566.JPG,0,0,"[""82""]",637.000,2026-05-08 9:49:16
750103591184,COLONIA BABY MAGIC 100 ML,COLONIA BABY MAGIC 100 ML,COLONIA BABY MAGIC 100 ML,insert,1,https://riba.app/imgrs/THUMBS%20500X500/31567.JPG,tabs/detalle-producto/31567,381.000,381.000,381.000,USD,1,,"{""MARCA"":[""MENNEN""],""CATEGORIA"":[""Cuidado Personal""]}","[""Cuidado Personal""]",NULL,https://riba.app/imgrs/THUMBS%20500X500/31567.JPG,0,0,"[""82""]",381.000,2026-05-08 9:49:16
750105861604,NIDO DESLACTOSADA 1+ 800G,NIDO DESLACTOSADA 1+ 800G,NIDO DESLACTOSADA 1+ 800G,insert,1,https://riba.app/imgrs/THUMBS%20500X500/244895.JPG,tabs/detalle-producto/244895,1.628.000,1.628.000,1.628.000,USD,1,,"{""MARCA"":[""NIDO""],""CATEGORIA"":[""Alimentos""]}","[""Alimentos""]",NULL,https://riba.app/imgrs/THUMBS%20500X500/244895.JPG,0,0,"[""83""]",1.628.000,2026-05-08 9:49:16
750105861656,NIDO KINDER 1 + DESLACTO 1.6KG,NIDO KINDER 1 + DESLACTO 1.6KG,NIDO KINDER 1 + DESLACTO 1.6KG,insert,1,https://riba.app/imgrs/THUMBS%20500X500/279766.JPG,tabs/detalle-producto/279766,3.035.000,3.035.000,3.035.000,USD,1,,"{""MARCA"":[""NIDO""],""CATEGORIA"":[""Alimentos""]}","[""Alimentos""]",NULL,https://riba.app/imgrs/THUMBS%20500X500/279766.JPG,0,0,"[""83""]",3.035.000,2026-05-08 9:49:16
750105863657,NAN OPTIPRO 1 HMO,NAN OPTIPRO 1 HMO,NAN OPTIPRO 1 HMO,insert,1,https://riba.app/imgrs/THUMBS%20500X500/330774.JPG,tabs/detalle-producto/330774,1.339.000,1.339.000,1.339.000,USD,1,,"{""MARCA"":[""NAN""],""CATEGORIA"":[""Alimentos""]}","[""Alimentos""]",NULL,https://riba.app/imgrs/THUMBS%20500X500/330774.JPG,0,0,"[""83""]",1.339.000,2026-05-08 9:49:16
750105863659,NAN OPTIPRO 1 FORMULA INF 900G,NAN OPTIPRO 1 FORMULA INF 900G,NAN OPTIPRO 1 FORMULA INF 900G,insert,1,https://riba.app/imgrs/THUMBS%20500X500/277395.JPG,tabs/detalle-producto/277395,3.086.000,3.086.000,3.086.000,USD,1,,"{""MARCA"":[""NAN""],""CATEGORIA"":[""Alimentos""]}","[""Alimentos""]",NULL,https://riba.app/imgrs/THUMBS%20500X500/277395.JPG,0,0,"[""83""]",3.086.000,2026-05-08 9:49:16
750105863661,NAN OPTIPRO 2 HMO,NAN OPTIPRO 2 HMO,NAN OPTIPRO 2 HMO,insert,1,https://riba.app/imgrs/THUMBS%20500X500/330775.JPG,tabs/detalle-producto/330775,1.339.000,1.339.000,1.339.000,USD,1,,"{""MARCA"":[""NAN""],""CATEGORIA"":[""Alimentos""]}","[""Alimentos""]",NULL,https://riba.app/imgrs/THUMBS%20500X500/330775.JPG,0,0,"[""83""]",1.339.000,2026-05-08 9:49:16
750105863663,NAN OPTIPRO 2 FORMULA INF 900G,NAN OPTIPRO 2 FORMULA INF 900G,NAN OPTIPRO 2 FORMULA INF 900G,insert,1,https://riba.app/imgrs/THUMBS%20500X500/277397.JPG,tabs/detalle-producto/277397,3.050.000,3.050.000,3.050.000,USD,1,,"{""MARCA"":[""NAN""],""CATEGORIA"":[""Alimentos""]}","[""Alimentos""]",NULL,https://riba.app/imgrs/THUMBS%20500X500/277397.JPG,0,0,"[""83""]",3.050.000,2026-05-08 9:49:16
750105863666,LECHE NAN OPTIPRO FORMULA 3,LECHE NAN OPTIPRO FORMULA 3,LECHE NAN OPTIPRO FORMULA 3,insert,1,https://riba.app/imgrs/THUMBS%20500X500/292468.JPG,tabs/detalle-producto/292468,2.220.000,2.220.000,2.220.000,USD,1,,"{""MARCA"":[""NAN""],""CATEGORIA"":[""Alimentos""]}","[""Alimentos""]",NULL,https://riba.app/imgrs/THUMBS%20500X500/292468.JPG,0,0,"[""83""]",2.220.000,2026-05-08 9:49:16
750105863729,NIDO 1+ PROTECCION 800GR,NIDO 1+ PROTECCION 800GR,NIDO 1+ PROTECCION 800GR,insert,1,https://riba.app/imgrs/THUMBS%20500X500/200936.JPG,tabs/detalle-producto/200936,1.355.000,1.355.000,1.355.000,USD,1,,"{""MARCA"":[""NIDO""],""CATEGORIA"":[""Alimentos""]}","[""Alimentos""]",NULL,https://riba.app/imgrs/THUMBS%20500X500/200936.JPG,0,0,"[""83""]",1.355.000,2026-05-08 9:49:16
750105863730,NIDO 1+ PROTECCION 1600GR LATA,NIDO 1+ PROTECCION 1600GR LATA,NIDO 1+ PROTECCION 1600GR LATA,insert,1,https://riba.app/imgrs/THUMBS%20500X500/200942.JPG,tabs/detalle-producto/200942,2.522.000,2.522.000,2.522.000,USD,1,,"{""MARCA"":[""NIDO""],""CATEGORIA"":[""Alimentos""]}","[""Alimentos""]",NULL,https://riba.app/imgrs/THUMBS%20500X500/200942.JPG,0,0,"[""83""]",2.522.000,2026-05-08 9:49:16
750105864086,GERBER POUCH ORGANIC MANZANA,GERBER POUCH ORGANIC MANZANA,GERBER POUCH ORGANIC MANZANA,insert,1,https://riba.app/imgrs/THUMBS%20500X500/291824.JPG,tabs/detalle-producto/291824,121.000,121.000,121.000,USD,1,,"{""MARCA"":[""GERBER""],""CATEGORIA"":[""Alimentos""]}","[""Alimentos""]",NULL,https://riba.app/imgrs/THUMBS%20500X500/291824.JPG,0,0,"[""83""]",121.000,2026-05-08 9:49:16
750105864230,GERBER FRUTAS MIXTAS,GERBER FRUTAS MIXTAS,GERBER FRUTAS MIXTAS,insert,1,https://riba.app/imgrs/THUMBS%20500X500/301038.JPG,tabs/detalle-producto/301038,86.000,86.000,86.000,USD,1,,"{""MARCA"":[""GERBER""],""CATEGORIA"":[""Alimentos""]}","[""Alimentos""]",NULL,https://riba.app/imgrs/THUMBS%20500X500/301038.JPG,0,0,"[""83""]",86.000,2026-05-08 9:49:16
750105864231,GERBER MELOCOTON,GERBER MELOCOTON,GERBER MELOCOTON,insert,1,https://riba.app/imgrs/THUMBS%20500X500/301027.JPG,tabs/detalle-producto/301027,86.000,86.000,86.000,USD,1,,"{""MARCA"":[""GERBER""],""CATEGORIA"":[""Alimentos""]}","[""Alimentos""]",NULL,https://riba.app/imgrs/THUMBS%20500X500/301027.JPG,0,0,"[""83""]",86.000,2026-05-08 9:49:16
750105864232,COLADO GERBER PASO 2 PERA,COLADO GERBER PASO 2 PERA,COLADO GERBER PASO 2 PERA,insert,1,https://riba.app/imgrs/THUMBS%20500X500/310373.JPG,tabs/detalle-producto/310373,86.000,86.000,86.000,USD,1,,"{""MARCA"":[""GERBER""],""CATEGORIA"":[""Alimentos""]}","[""Alimentos""]",NULL,https://riba.app/imgrs/THUMBS%20500X500/310373.JPG,0,0,"[""83""]",86.000,2026-05-08 9:49:16
750105864233,GERBER GUINEO PASO 2,GERBER GUINEO PASO 2,GERBER GUINEO PASO 2,insert,1,https://riba.app/imgrs/THUMBS%20500X500/301040.JPG,tabs/detalle-producto/301040,86.000,86.000,86.000,USD,1,,"{""MARCA"":[""GERBER""],""CATEGORIA"":[""Alimentos""]}","[""Alimentos""]",NULL,https://riba.app/imgrs/THUMBS%20500X500/301040.JPG,0,0,"[""83""]",86.000,2026-05-08 9:49:16
750105864234,GERBER CIRUELA PASA,GERBER CIRUELA PASA,GERBER CIRUELA PASA,insert,1,https://riba.app/imgrs/THUMBS%20500X500/301037.JPG,tabs/detalle-producto/301037,86.000,86.000,86.000,USD,1,,"{""MARCA"":[""GERBER""],""CATEGORIA"":[""Alimentos""]}","[""Alimentos""]",NULL,https://riba.app/imgrs/THUMBS%20500X500/301037.JPG,0,0,"[""83""]",86.000,2026-05-08 9:49:16
750105864237,GERBER MANGO PASO 2,GERBER MANGO PASO 2,GERBER MANGO PASO 2,insert,1,https://riba.app/imgrs/THUMBS%20500X500/301041.JPG,tabs/detalle-producto/301041,86.000,86.000,86.000,USD,1,,"{""MARCA"":[""GERBER""],""CATEGORIA"":[""Alimentos""]}","[""Alimentos""]",NULL,https://riba.app/imgrs/THUMBS%20500X500/301041.JPG,0,0,"[""83""]",86.000,2026-05-08 9:49:16
750105864246,GERBER MANZANA PASO 2,GERBER MANZANA PASO 2,GERBER MANZANA PASO 2,insert,1,https://riba.app/imgrs/THUMBS%20500X500/301042.JPG,tabs/detalle-producto/301042,86.000,86.000,86.000,USD,1,,"{""MARCA"":[""GERBER""],""CATEGORIA"":[""Alimentos""]}","[""Alimentos""]",NULL,https://riba.app/imgrs/THUMBS%20500X500/301042.JPG,0,0,"[""83""]",86.000,2026-05-08 9:49:16
750105864475,LECHE NAN 3 OPTIPRO FORMULA,LECHE NAN 3 OPTIPRO FORMULA,LECHE NAN 3 OPTIPRO FORMULA,insert,1,https://riba.app/imgrs/THUMBS%20500X500/292471.JPG,tabs/detalle-producto/292471,4.176.000,4.176.000,4.176.000,USD,1,,"{""MARCA"":[""NAN""],""CATEGORIA"":[""Alimentos""]}","[""Alimentos""]",NULL,https://riba.app/imgrs/THUMBS%20500X500/292471.JPG,0,0,"[""83""]",4.176.000,2026-05-08 9:49:16
750105864699,LECHE NAN SUPREME 3 800G,LECHE NAN SUPREME 3 800G,LECHE NAN SUPREME 3 800G,insert,1,https://riba.app/imgrs/THUMBS%20500X500/294951.JPG,tabs/detalle-producto/294951,2.410.000,2.410.000,2.410.000,USD,1,,"{""MARCA"":[""NAN""],""CATEGORIA"":[""Alimentos""]}","[""Alimentos""]",NULL,https://riba.app/imgrs/THUMBS%20500X500/294951.JPG,0,0,"[""83""]",2.410.000,2026-05-08 9:49:16
750105865502,GERBER POUCH MANZANA 100G,GERBER POUCH MANZANA 100G,GERBER POUCH MANZANA 100G,insert,1,https://riba.app/imgrs/THUMBS%20500X500/291801.JPG,tabs/detalle-producto/291801,85.000,85.000,85.000,USD,1,,"{""MARCA"":[""GERBER""],""CATEGORIA"":[""Alimentos""]}","[""Alimentos""]",NULL,https://riba.app/imgrs/THUMBS%20500X500/291801.JPG,0,0,"[""83""]",85.000,2026-05-08 9:49:16
750105865503,GERBER POUCH PERA 100G,GERBER POUCH PERA 100G,GERBER POUCH PERA 100G,insert,1,https://riba.app/imgrs/THUMBS%20500X500/291800.JPG,tabs/detalle-producto/291800,85.000,85.000,85.000,USD,1,,"{""MARCA"":[""GERBER""],""CATEGORIA"":[""Alimentos""]}","[""Alimentos""]",NULL,https://riba.app/imgrs/THUMBS%20500X500/291800.JPG,0,0,"[""83""]",85.000,2026-05-08 9:49:16
750105865504,GERBER POUCH BANANO 100G,GERBER POUCH BANANO 100G,GERBER POUCH BANANO 100G,insert,1,https://riba.app/imgrs/THUMBS%20500X500/291803.JPG,tabs/detalle-producto/291803,85.000,85.000,85.000,USD,1,,"{""MARCA"":[""GERBER""],""CATEGORIA"":[""Alimentos""]}","[""Alimentos""]",NULL,https://riba.app/imgrs/THUMBS%20500X500/291803.JPG,0,0,"[""83""]",85.000,2026-05-08 9:49:16
750105865505,GERBER POUCH MANGO 100G,GERBER POUCH MANGO 100G,GERBER POUCH MANGO 100G,insert,1,https://riba.app/imgrs/THUMBS%20500X500/291799.JPG,tabs/detalle-producto/291799,85.000,85.000,85.000,USD,1,,"{""MARCA"":[""GERBER""],""CATEGORIA"":[""Alimentos""]}","[""Alimentos""]",NULL,https://riba.app/imgrs/THUMBS%20500X500/291799.JPG,0,0,"[""83""]",85.000,2026-05-08 9:49:16
750105922559,NIDO 1+ PROTECCION 2200GR,NIDO 1+ PROTECCION 2200GR,NIDO 1+ PROTECCION 2200GR,insert,1,https://riba.app/imgrs/THUMBS%20500X500/179097.JPG,tabs/detalle-producto/179097,3.258.000,3.258.000,3.258.000,USD,1,,"{""MARCA"":[""NIDO""],""CATEGORIA"":[""Alimentos""]}","[""Alimentos""]",NULL,https://riba.app/imgrs/THUMBS%20500X500/179097.JPG,0,0,"[""83""]",3.258.000,2026-05-08 9:49:16
750105923736,NESTOGENO 2 FORMULA INFA 400GR,NESTOGENO 2 FORMULA INFA 400GR,NESTOGENO 2 FORMULA INFA 400GR,insert,1,https://riba.app/imgrs/THUMBS%20500X500/180750.JPG,tabs/detalle-producto/180750,1.124.000,1.124.000,1.124.000,USD,1,,"{""MARCA"":[""NESTOGENO""],""CATEGORIA"":[""Alimentos""]}","[""Alimentos""]",NULL,https://riba.app/imgrs/THUMBS%20500X500/180750.JPG,0,0,"[""83""]",1.124.000,2026-05-08 9:49:16
750301304055,FORMULA PREMIUM A.R.,FORMULA PREMIUM A.R.,FORMULA PREMIUM A.R.,insert,1,https://riba.app/imgrs/THUMBS%20500X500/111241.JPG,tabs/detalle-producto/111241,1.695.000,1.695.000,1.695.000,USD,1,,"{""MARCA"":[""ENFAMIL""],""CATEGORIA"":[""Alimentos""]}","[""Alimentos""]",NULL,https://riba.app/imgrs/THUMBS%20500X500/111241.JPG,0,0,"[""83""]",1.695.000,2026-05-08 9:49:16
750302602969,CREMA OFF PARA BEBE,CREMA OFF PARA BEBE,CREMA OFF PARA BEBE,insert,1,https://riba.app/imgrs/THUMBS%20500X500/344204.JPG,tabs/detalle-producto/344204,649.000,649.000,649.000,USD,1,,"{""MARCA"":[""OFF""],""CATEGORIA"":[""Cuidado Personal""]}","[""Cuidado Personal""]",NULL,https://riba.app/imgrs/THUMBS%20500X500/344204.JPG,0,0,"[""82""]",649.000,2026-05-08 9:49:16
750607891937,SHAMPOO MANZANILLA KIDS,SHAMPOO MANZANILLA KIDS,SHAMPOO MANZANILLA KIDS,insert,1,https://riba.app/imgrs/THUMBS%20500X500/148898.JPG,tabs/detalle-producto/148898,447.000,447.000,447.000,USD,1,,"{""MARCA"":[""L´OREAL""],""CATEGORIA"":[""Cuidado Personal""]}","[""Cuidado Personal""]",NULL,https://riba.app/imgrs/THUMBS%20500X500/148898.JPG,0,0,"[""82""]",447.000,2026-05-08 9:49:16
750607894175,L KIDS 3 1 EXPLOSION FRAMBUESA,L KIDS 3 1 EXPLOSION FRAMBUESA,L KIDS 3 1 EXPLOSION FRAMBUESA,insert,1,https://riba.app/imgrs/THUMBS%20500X500/174547.JPG,tabs/detalle-producto/174547,447.000,447.000,447.000,USD,1,,"{""MARCA"":[""L´OREAL""],""CATEGORIA"":[""Cuidado Personal""]}","[""Cuidado Personal""]",NULL,https://riba.app/imgrs/THUMBS%20500X500/174547.JPG,0,0,"[""82""]",447.000,2026-05-08 9:49:16
750620580165,ENFAMIL PREMIUM SIN LACTOSA ,ENFAMIL PREMIUM SIN LACTOSA ,ENFAMIL PREMIUM SIN LACTOSA ,insert,1,https://riba.app/imgrs/THUMBS%20500X500/69100.JPG,tabs/detalle-producto/69100,2.026.000,2.026.000,2.026.000,USD,1,,"{""MARCA"":[""ENFAMIL""],""CATEGORIA"":[""Alimentos""]}","[""Alimentos""]",NULL,https://riba.app/imgrs/THUMBS%20500X500/69100.JPG,0,0,"[""83""]",2.026.000,2026-05-08 9:49:16
750620580484,NUTRAMIGEN PREMIUM LGG,NUTRAMIGEN PREMIUM LGG,NUTRAMIGEN PREMIUM LGG,insert,1,https://riba.app/imgrs/THUMBS%20500X500/227963.JPG,tabs/detalle-producto/227963,2.680.000,2.680.000,2.680.000,USD,1,,"{""MARCA"":[""ENFAMIL""],""CATEGORIA"":[""Alimentos""]}","[""Alimentos""]",NULL,https://riba.app/imgrs/THUMBS%20500X500/227963.JPG,0,0,"[""83""]",2.680.000,2026-05-08 9:49:16
750620580899,ENFAMIL PROMENTAL PREMIUM,ENFAMIL PROMENTAL PREMIUM,ENFAMIL PROMENTAL PREMIUM,insert,1,https://riba.app/imgrs/THUMBS%20500X500/351831.JPG,tabs/detalle-producto/351831,1.847.000,1.847.000,1.847.000,USD,1,,"{""MARCA"":[""ENFAMIL""],""CATEGORIA"":[""Alimentos""]}","[""Alimentos""]",NULL,https://riba.app/imgrs/THUMBS%20500X500/351831.JPG,0,0,"[""83""]",1.847.000,2026-05-08 9:49:16
750620581134,ENFAMIL PREMIUM PROMENTAL,ENFAMIL PREMIUM PROMENTAL,ENFAMIL PREMIUM PROMENTAL,insert,1,https://riba.app/imgrs/THUMBS%20500X500/351829.JPG,tabs/detalle-producto/351829,3.753.000,3.753.000,3.753.000,USD,1,,"{""MARCA"":[""ENFAMIL""],""CATEGORIA"":[""Alimentos""]}","[""Alimentos""]",NULL,https://riba.app/imgrs/THUMBS%20500X500/351829.JPG,0,0,"[""83""]",3.753.000,2026-05-08 9:49:16
750620581320,ENFAGROW PREMIUM #3 440 GR,ENFAGROW PREMIUM #3 440 GR,ENFAGROW PREMIUM #3 440 GR,insert,1,https://riba.app/imgrs/THUMBS%20500X500/289120.JPG,tabs/detalle-producto/289120,1.675.000,1.675.000,1.675.000,USD,1,,"{""MARCA"":[""ENFAGROW""],""CATEGORIA"":[""Alimentos""]}","[""Alimentos""]",NULL,https://riba.app/imgrs/THUMBS%20500X500/289120.JPG,0,0,"[""83""]",1.675.000,2026-05-08 9:49:16
750620581321,ENFAGROW PREMIUN #3 1000 GR,ENFAGROW PREMIUN #3 1000 GR,ENFAGROW PREMIUN #3 1000 GR,insert,1,https://riba.app/imgrs/THUMBS%20500X500/289122.JPG,tabs/detalle-producto/289122,3.627.000,3.627.000,3.627.000,USD,1,,"{""MARCA"":[""ENFAGROW""],""CATEGORIA"":[""Alimentos""]}","[""Alimentos""]",NULL,https://riba.app/imgrs/THUMBS%20500X500/289122.JPG,0,0,"[""83""]",3.627.000,2026-05-08 9:49:16
750620581323,FORMULA ENFAGROW 3 1650G,FORMULA ENFAGROW 3 1650G,FORMULA ENFAGROW 3 1650G,insert,1,https://riba.app/imgrs/THUMBS%20500X500/306005.JPG,tabs/detalle-producto/306005,5.411.000,5.411.000,5.411.000,USD,1,,"{""MARCA"":[""ENFAGROW""],""CATEGORIA"":[""Alimentos""]}","[""Alimentos""]",NULL,https://riba.app/imgrs/THUMBS%20500X500/306005.JPG,0,0,"[""83""]",5.411.000,2026-05-08 9:49:16
750620581348,ENFAMIL PREMIUM 2 PROMENTAL ,ENFAMIL PREMIUM 2 PROMENTAL ,ENFAMIL PREMIUM 2 PROMENTAL ,insert,1,https://riba.app/imgrs/THUMBS%20500X500/288125.JPG,tabs/detalle-producto/288125,1.672.000,1.672.000,1.672.000,USD,1,,"{""MARCA"":[""ENFAMIL""],""CATEGORIA"":[""Alimentos""]}","[""Alimentos""]",NULL,https://riba.app/imgrs/THUMBS%20500X500/288125.JPG,0,0,"[""83""]",1.672.000,2026-05-08 9:49:16
750620581349,ENFAMIL PREMIUM 2 PROMENTAL,ENFAMIL PREMIUM 2 PROMENTAL,ENFAMIL PREMIUM 2 PROMENTAL,insert,1,https://riba.app/imgrs/THUMBS%20500X500/288126.JPG,tabs/detalle-producto/288126,3.992.000,3.992.000,3.992.000,USD,1,,"{""MARCA"":[""ENFAMIL""],""CATEGORIA"":[""Alimentos""]}","[""Alimentos""]",NULL,https://riba.app/imgrs/THUMBS%20500X500/288126.JPG,0,0,"[""83""]",3.992.000,2026-05-08 9:49:16
750620581533,FORMULA INFANTIL ENFALAC 375G,FORMULA INFANTIL ENFALAC 375G,FORMULA INFANTIL ENFALAC 375G,insert,1,https://riba.app/imgrs/THUMBS%20500X500/320863.JPG,tabs/detalle-producto/320863,1.155.000,1.155.000,1.155.000,USD,1,,"{""MARCA"":[""ENFAMIL""],""CATEGORIA"":[""Alimentos""]}","[""Alimentos""]",NULL,https://riba.app/imgrs/THUMBS%20500X500/320863.JPG,0,0,"[""83""]",1.155.000,2026-05-08 9:49:16
750620581589,ENFAGROW CONFORT 800 GR,ENFAGROW CONFORT 800 GR,ENFAGROW CONFORT 800 GR,insert,1,https://riba.app/imgrs/THUMBS%20500X500/325034.JPG,tabs/detalle-producto/325034,4.381.000,4.381.000,4.381.000,USD,1,,"{""MARCA"":[""ENFAGROW""],""CATEGORIA"":[""Alimentos""]}","[""Alimentos""]",NULL,https://riba.app/imgrs/THUMBS%20500X500/325034.JPG,0,0,"[""83""]",4.381.000,2026-05-08 9:49:16
750647511684,LECHE NIDO 1 LATA,LECHE NIDO 1 LATA,LECHE NIDO 1 LATA,insert,1,https://riba.app/imgrs/THUMBS%20500X500/335275.JPG,tabs/detalle-producto/335275,627.000,627.000,627.000,USD,1,,"{""MARCA"":[""NIDO""],""CATEGORIA"":[""Alimentos""]}","[""Alimentos""]",NULL,https://riba.app/imgrs/THUMBS%20500X500/335275.JPG,0,0,"[""83""]",627.000,2026-05-08 9:49:16
750647511871,NIDO DESLACTOSADA BOLSA,NIDO DESLACTOSADA BOLSA,NIDO DESLACTOSADA BOLSA,insert,1,https://riba.app/imgrs/THUMBS%20500X500/333384.JPG,tabs/detalle-producto/333384,3.587.000,3.587.000,3.587.000,USD,1,,"{""MARCA"":[""NIDO""],""CATEGORIA"":[""Alimentos""]}","[""Alimentos""]",NULL,https://riba.app/imgrs/THUMBS%20500X500/333384.JPG,0,0,"[""83""]",3.587.000,2026-05-08 9:49:16
750954607205,SHAMPOO MENNEN BABY 200 ML,SHAMPOO MENNEN BABY 200 ML,SHAMPOO MENNEN BABY 200 ML,insert,1,https://riba.app/imgrs/THUMBS%20500X500/263530.JPG,tabs/detalle-producto/263530,497.000,497.000,497.000,USD,1,,"{""MARCA"":[""MENNEN""],""CATEGORIA"":[""Cuidado Personal""]}","[""Cuidado Personal""]",NULL,https://riba.app/imgrs/THUMBS%20500X500/263530.JPG,0,0,"[""82""]",497.000,2026-05-08 9:49:16
75443220370,SIMILAC 3 5HMO 350 GR,SIMILAC 3 5HMO 350 GR,SIMILAC 3 5HMO 350 GR,insert,1,https://riba.app/imgrs/THUMBS%20500X500/332767.JPG,tabs/detalle-producto/332767,1.142.000,1.142.000,1.142.000,USD,1,,"{""MARCA"":[""SIMILAC""],""CATEGORIA"":[""Alimentos""]}","[""Alimentos""]",NULL,https://riba.app/imgrs/THUMBS%20500X500/332767.JPG,0,0,"[""83""]",1.142.000,2026-05-08 9:49:16
75443220371,SIMILAC 3 5HMO 800 GR,SIMILAC 3 5HMO 800 GR,SIMILAC 3 5HMO 800 GR,insert,1,https://riba.app/imgrs/THUMBS%20500X500/332768.JPG,tabs/detalle-producto/332768,2.486.000,2.486.000,2.486.000,USD,1,,"{""MARCA"":[""SIMILAC""],""CATEGORIA"":[""Alimentos""]}","[""Alimentos""]",NULL,https://riba.app/imgrs/THUMBS%20500X500/332768.JPG,0,0,"[""83""]",2.486.000,2026-05-08 9:49:16
75443220372,SIMILAC 3 5HMO 1800GR,SIMILAC 3 5HMO 1800GR,SIMILAC 3 5HMO 1800GR,insert,1,https://riba.app/imgrs/THUMBS%20500X500/332766.JPG,tabs/detalle-producto/332766,4.828.000,4.828.000,4.828.000,USD,1,,"{""MARCA"":[""SIMILAC""],""CATEGORIA"":[""Alimentos""]}","[""Alimentos""]",NULL,https://riba.app/imgrs/THUMBS%20500X500/332766.JPG,0,0,"[""83""]",4.828.000,2026-05-08 9:49:16
75443220387,SIMILAC 1 5HMO 350 GR,SIMILAC 1 5HMO 350 GR,SIMILAC 1 5HMO 350 GR,insert,1,https://riba.app/imgrs/THUMBS%20500X500/332762.JPG,tabs/detalle-producto/332762,1.524.000,1.524.000,1.524.000,USD,1,,"{""MARCA"":[""SIMILAC""],""CATEGORIA"":[""Alimentos""]}","[""Alimentos""]",NULL,https://riba.app/imgrs/THUMBS%20500X500/332762.JPG,0,0,"[""83""]",1.524.000,2026-05-08 9:49:16
75443220389,SIMILAC 1 5HMO 800GR,SIMILAC 1 5HMO 800GR,SIMILAC 1 5HMO 800GR,insert,1,https://riba.app/imgrs/THUMBS%20500X500/332763.JPG,tabs/detalle-producto/332763,3.310.000,3.310.000,3.310.000,USD,1,,"{""MARCA"":[""SIMILAC""],""CATEGORIA"":[""Alimentos""]}","[""Alimentos""]",NULL,https://riba.app/imgrs/THUMBS%20500X500/332763.JPG,0,0,"[""83""]",3.310.000,2026-05-08 9:49:16
75443220390,SIMILAC 2 5HMO 350GR,SIMILAC 2 5HMO 350GR,SIMILAC 2 5HMO 350GR,insert,1,https://riba.app/imgrs/THUMBS%20500X500/332764.JPG,tabs/detalle-producto/332764,1.453.000,1.453.000,1.453.000,USD,1,,"{""MARCA"":[""SIMILAC""],""CATEGORIA"":[""Alimentos""]}","[""Alimentos""]",NULL,https://riba.app/imgrs/THUMBS%20500X500/332764.JPG,0,0,"[""83""]",1.453.000,2026-05-08 9:49:16
75443220392,SIMILAC 2 5HMO 800 GR,SIMILAC 2 5HMO 800 GR,SIMILAC 2 5HMO 800 GR,insert,1,https://riba.app/imgrs/THUMBS%20500X500/332765.JPG,tabs/detalle-producto/332765,3.195.000,3.195.000,3.195.000,USD,1,,"{""MARCA"":[""SIMILAC""],""CATEGORIA"":[""Alimentos""]}","[""Alimentos""]",NULL,https://riba.app/imgrs/THUMBS%20500X500/332765.JPG,0,0,"[""83""]",3.195.000,2026-05-08 9:49:16
75443220411,SUPLEMENTO PEDIASURE VAINILLA,SUPLEMENTO PEDIASURE VAINILLA,SUPLEMENTO PEDIASURE VAINILLA,insert,1,https://riba.app/imgrs/THUMBS%20500X500/347529.JPG,tabs/detalle-producto/347529,439.000,439.000,439.000,USD,1,,"{""MARCA"":[""PEDIASURE""],""CATEGORIA"":[""Alimentos""]}","[""Alimentos""]",NULL,https://riba.app/imgrs/THUMBS%20500X500/347529.JPG,0,0,"[""83""]",439.000,2026-05-08 9:49:16
75443220413,PEDUASURE 10 MAS VAINILLA,PEDUASURE 10 MAS VAINILLA,PEDUASURE 10 MAS VAINILLA,insert,1,https://riba.app/imgrs/THUMBS%20500X500/350424.JPG,tabs/detalle-producto/350424,4.066.000,4.066.000,4.066.000,USD,1,,"{""MARCA"":[""PEDIASURE""],""CATEGORIA"":[""Alimentos""]}","[""Alimentos""]",NULL,https://riba.app/imgrs/THUMBS%20500X500/350424.JPG,0,0,"[""83""]",4.066.000,2026-05-08 9:49:16
75443220424,PEDIASURE VAINILLA PTGRO,PEDIASURE VAINILLA PTGRO,PEDIASURE VAINILLA PTGRO,insert,1,https://riba.app/imgrs/THUMBS%20500X500/350426.JPG,tabs/detalle-producto/350426,2.011.000,2.011.000,2.011.000,USD,1,,"{""MARCA"":[""PEDIASURE""],""CATEGORIA"":[""Alimentos""]}","[""Alimentos""]",NULL,https://riba.app/imgrs/THUMBS%20500X500/350426.JPG,0,0,"[""83""]",2.011.000,2026-05-08 9:49:16
75443220425,PEDIASURE VAINILLA PEPTIGRO,PEDIASURE VAINILLA PEPTIGRO,PEDIASURE VAINILLA PEPTIGRO,insert,1,https://riba.app/imgrs/THUMBS%20500X500/349695.JPG,tabs/detalle-producto/349695,4.066.000,4.066.000,4.066.000,USD,1,,"{""MARCA"":[""PEDIASURE""],""CATEGORIA"":[""Alimentos""]}","[""Alimentos""]",NULL,https://riba.app/imgrs/THUMBS%20500X500/349695.JPG,0,0,"[""83""]",4.066.000,2026-05-08 9:49:16
75443220426,COMPLEMENT PEDIASURE CHOCOLATE,COMPLEMENT PEDIASURE CHOCOLATE,COMPLEMENT PEDIASURE CHOCOLATE,insert,1,https://riba.app/imgrs/THUMBS%20500X500/349696.JPG,tabs/detalle-producto/349696,2.011.000,2.011.000,2.011.000,USD,1,,"{""MARCA"":[""PEDIASURE""],""CATEGORIA"":[""Alimentos""]}","[""Alimentos""]",NULL,https://riba.app/imgrs/THUMBS%20500X500/349696.JPG,0,0,"[""83""]",2.011.000,2026-05-08 9:49:16
75443220427,PEDIASURE CHOCOLATE PETIGRO,PEDIASURE CHOCOLATE PETIGRO,PEDIASURE CHOCOLATE PETIGRO,insert,1,https://riba.app/imgrs/THUMBS%20500X500/349698.JPG,tabs/detalle-producto/349698,4.066.000,4.066.000,4.066.000,USD,1,,"{""MARCA"":[""PEDIASURE""],""CATEGORIA"":[""Alimentos""]}","[""Alimentos""]",NULL,https://riba.app/imgrs/THUMBS%20500X500/349698.JPG,0,0,"[""83""]",4.066.000,2026-05-08 9:49:16
75443220428,PEDIASURE FRESA PPTGRO,PEDIASURE FRESA PPTGRO,PEDIASURE FRESA PPTGRO,insert,1,https://riba.app/imgrs/THUMBS%20500X500/350429.JPG,tabs/detalle-producto/350429,2.011.000,2.011.000,2.011.000,USD,1,,"{""MARCA"":[""PEDIASURE""],""CATEGORIA"":[""Alimentos""]}","[""Alimentos""]",NULL,https://riba.app/imgrs/THUMBS%20500X500/350429.JPG,0,0,"[""83""]",2.011.000,2026-05-08 9:49:16
75443220429,PEDIASURE PTGRO FRESA,PEDIASURE PTGRO FRESA,PEDIASURE PTGRO FRESA,insert,1,https://riba.app/imgrs/THUMBS%20500X500/350431.JPG,tabs/detalle-producto/350431,4.066.000,4.066.000,4.066.000,USD,1,,"{""MARCA"":[""PEDIASURE""],""CATEGORIA"":[""Alimentos""]}","[""Alimentos""]",NULL,https://riba.app/imgrs/THUMBS%20500X500/350431.JPG,0,0,"[""83""]",4.066.000,2026-05-08 9:49:16
75443220430,PEDIASURE VAINILLA PEPTIGRO,PEDIASURE VAINILLA PEPTIGRO,PEDIASURE VAINILLA PEPTIGRO,insert,1,https://riba.app/imgrs/THUMBS%20500X500/351498.JPG,tabs/detalle-producto/351498,439.000,439.000,439.000,USD,1,,"{""MARCA"":[""PEDIASURE""],""CATEGORIA"":[""Alimentos""]}","[""Alimentos""]",NULL,https://riba.app/imgrs/THUMBS%20500X500/351498.JPG,0,0,"[""83""]",439.000,2026-05-08 9:49:16
75443220431,PEDIASURE LIQ CHOCOLATE,PEDIASURE LIQ CHOCOLATE,PEDIASURE LIQ CHOCOLATE,insert,1,https://riba.app/imgrs/THUMBS%20500X500/349694.JPG,tabs/detalle-producto/349694,439.000,439.000,439.000,USD,1,,"{""MARCA"":[""PEDIASURE""],""CATEGORIA"":[""Alimentos""]}","[""Alimentos""]",NULL,https://riba.app/imgrs/THUMBS%20500X500/349694.JPG,0,0,"[""83""]",439.000,2026-05-08 9:49:16
75443220432,PEDIASURE FRESA PEPTIGRO,PEDIASURE FRESA PEPTIGRO,PEDIASURE FRESA PEPTIGRO,insert,1,https://riba.app/imgrs/THUMBS%20500X500/351497.JPG,tabs/detalle-producto/351497,439.000,439.000,439.000,USD,1,,"{""MARCA"":[""PEDIASURE""],""CATEGORIA"":[""Alimentos""]}","[""Alimentos""]",NULL,https://riba.app/imgrs/THUMBS%20500X500/351497.JPG,0,0,"[""83""]",439.000,2026-05-08 9:49:16
75443220458,SIMILAC TOTAL CONFORT ETAPA 2,SIMILAC TOTAL CONFORT ETAPA 2,SIMILAC TOTAL CONFORT ETAPA 2,insert,1,https://riba.app/imgrs/THUMBS%20500X500/350421.JPG,tabs/detalle-producto/350421,4.069.000,4.069.000,4.069.000,USD,1,,"{""MARCA"":[""SIMILAC""],""CATEGORIA"":[""Alimentos""]}","[""Alimentos""]",NULL,https://riba.app/imgrs/THUMBS%20500X500/350421.JPG,0,0,"[""83""]",4.069.000,2026-05-08 9:49:16
75443220463,SIMILAC ANTI REFLUJO AR,SIMILAC ANTI REFLUJO AR,SIMILAC ANTI REFLUJO AR,insert,1,https://riba.app/imgrs/THUMBS%20500X500/350422.JPG,tabs/detalle-producto/350422,1.353.000,1.353.000,1.353.000,USD,1,,"{""MARCA"":[""SIMILAC""],""CATEGORIA"":[""Alimentos""]}","[""Alimentos""]",NULL,https://riba.app/imgrs/THUMBS%20500X500/350422.JPG,0,0,"[""83""]",1.353.000,2026-05-08 9:49:16
7548608860,PROTECTOR SOLAR HT BEBE 50 SPF,PROTECTOR SOLAR HT BEBE 50 SPF,PROTECTOR SOLAR HT BEBE 50 SPF,insert,1,https://riba.app/imgrs/THUMBS%20500X500/346248.JPG,tabs/detalle-producto/346248,1.692.000,1.692.000,1.692.000,USD,1,,"{""MARCA"":[""HAWAIIAN TROPIC""],""CATEGORIA"":[""Cuidado Personal""]}","[""Cuidado Personal""]",NULL,https://riba.app/imgrs/THUMBS%20500X500/346248.JPG,0,0,"[""82""]",1.692.000,2026-05-08 9:49:16
761241242717,CHUPETE PARA BEBE AZUL CLARO,CHUPETE PARA BEBE AZUL CLARO,CHUPETE PARA BEBE AZUL CLARO,insert,1,https://riba.app/imgrs/THUMBS%20500X500/350750.JPG,tabs/detalle-producto/350750,1.420.000,1.420.000,1.420.000,USD,1,,"{""MARCA"":[""CURAPROX""],""CATEGORIA"":[""Utensilios De Bebe""]}","[""Utensilios De Bebe""]",NULL,https://riba.app/imgrs/THUMBS%20500X500/350750.JPG,0,0,"[""85""]",1.420.000,2026-05-08 9:49:16
761241242720,CHUPETE PARA BEBE ROSA,CHUPETE PARA BEBE ROSA,CHUPETE PARA BEBE ROSA,insert,1,https://riba.app/imgrs/THUMBS%20500X500/350749.JPG,tabs/detalle-producto/350749,1.420.000,1.420.000,1.420.000,USD,1,,"{""MARCA"":[""CURAPROX""],""CATEGORIA"":[""Utensilios De Bebe""]}","[""Utensilios De Bebe""]",NULL,https://riba.app/imgrs/THUMBS%20500X500/350749.JPG,0,0,"[""85""]",1.420.000,2026-05-08 9:49:16
761303104586,NESTUN CEREAL INF ARROZ 200GR,NESTUN CEREAL INF ARROZ 200GR,NESTUN CEREAL INF ARROZ 200GR,insert,1,https://riba.app/imgrs/THUMBS%20500X500/7557.JPG,tabs/detalle-producto/7557,282.000,282.000,282.000,USD,1,,"{""MARCA"":[""NESTUM""],""CATEGORIA"":[""Alimentos""]}","[""Alimentos""]",NULL,https://riba.app/imgrs/THUMBS%20500X500/7557.JPG,0,0,"[""83""]",282.000,2026-05-08 9:49:16
761303225845,NESTUM 8 CEREALES 200G,NESTUM 8 CEREALES 200G,NESTUM 8 CEREALES 200G,insert,1,https://riba.app/imgrs/THUMBS%20500X500/169220.JPG,tabs/detalle-producto/169220,281.000,281.000,281.000,USD,1,,"{""MARCA"":[""NESTUM""],""CATEGORIA"":[""Alimentos""]}","[""Alimentos""]",NULL,https://riba.app/imgrs/THUMBS%20500X500/169220.JPG,0,0,"[""83""]",281.000,2026-05-08 9:49:16
761303225856,NESTUM AVENA 200 GR,NESTUM AVENA 200 GR,NESTUM AVENA 200 GR,insert,1,https://riba.app/imgrs/THUMBS%20500X500/170331.JPG,tabs/detalle-producto/170331,283.000,283.000,283.000,USD,1,,"{""MARCA"":[""NESTUM""],""CATEGORIA"":[""Alimentos""]}","[""Alimentos""]",NULL,https://riba.app/imgrs/THUMBS%20500X500/170331.JPG,0,0,"[""83""]",283.000,2026-05-08 9:49:16
761303225939,NESTUM 5 CEREALES 200GR,NESTUM 5 CEREALES 200GR,NESTUM 5 CEREALES 200GR,insert,1,https://riba.app/imgrs/THUMBS%20500X500/81464.JPG,tabs/detalle-producto/81464,283.000,283.000,283.000,USD,1,,"{""MARCA"":[""NESTUM""],""CATEGORIA"":[""Alimentos""]}","[""Alimentos""]",NULL,https://riba.app/imgrs/THUMBS%20500X500/81464.JPG,0,0,"[""83""]",283.000,2026-05-08 9:49:16
761303226991,CEREAL  DE TRIGO MIEL ,CEREAL  DE TRIGO MIEL ,CEREAL  DE TRIGO MIEL ,insert,1,https://riba.app/imgrs/THUMBS%20500X500/81471.JPG,tabs/detalle-producto/81471,282.000,282.000,282.000,USD,1,,"{""MARCA"":[""NESTUM""],""CATEGORIA"":[""Alimentos""]}","[""Alimentos""]",NULL,https://riba.app/imgrs/THUMBS%20500X500/81471.JPG,0,0,"[""83""]",282.000,2026-05-08 9:49:16
761303306334,NAN FORMULA INFANTIL A.R. 400G,NAN FORMULA INFANTIL A.R. 400G,NAN FORMULA INFANTIL A.R. 400G,insert,1,https://riba.app/imgrs/THUMBS%20500X500/199310.JPG,tabs/detalle-producto/199310,1.485.000,1.485.000,1.485.000,USD,1,,"{""MARCA"":[""NAN""],""CATEGORIA"":[""Alimentos""]}","[""Alimentos""]",NULL,https://riba.app/imgrs/THUMBS%20500X500/199310.JPG,0,0,"[""83""]",1.485.000,2026-05-08 9:49:16
761303358470,NIDO 3+ DESARROLLO 1600GR,NIDO 3+ DESARROLLO 1600GR,NIDO 3+ DESARROLLO 1600GR,insert,1,https://riba.app/imgrs/THUMBS%20500X500/200934.JPG,tabs/detalle-producto/200934,2.568.000,2.568.000,2.568.000,USD,1,,"{""MARCA"":[""NIDO""],""CATEGORIA"":[""Alimentos""]}","[""Alimentos""]",NULL,https://riba.app/imgrs/THUMBS%20500X500/200934.JPG,0,0,"[""83""]",2.568.000,2026-05-08 9:49:16
761303358473,NIDO 3+ DESARROLLO 800GR,NIDO 3+ DESARROLLO 800GR,NIDO 3+ DESARROLLO 800GR,insert,1,https://riba.app/imgrs/THUMBS%20500X500/200935.JPG,tabs/detalle-producto/200935,1.356.000,1.356.000,1.356.000,USD,1,,"{""MARCA"":[""NIDO""],""CATEGORIA"":[""Alimentos""]}","[""Alimentos""]",NULL,https://riba.app/imgrs/THUMBS%20500X500/200935.JPG,0,0,"[""83""]",1.356.000,2026-05-08 9:49:16
761303358479,NIDO 3+ DESARROLLO 360GR,NIDO 3+ DESARROLLO 360GR,NIDO 3+ DESARROLLO 360GR,insert,1,https://riba.app/imgrs/THUMBS%20500X500/200937.JPG,tabs/detalle-producto/200937,602.000,602.000,602.000,USD,1,,"{""MARCA"":[""NIDO""],""CATEGORIA"":[""Alimentos""]}","[""Alimentos""]",NULL,https://riba.app/imgrs/THUMBS%20500X500/200937.JPG,0,0,"[""83""]",602.000,2026-05-08 9:49:16
761303446633,KLIM FORTICRECE ENTERA INSTANE,KLIM FORTICRECE ENTERA INSTANE,KLIM FORTICRECE ENTERA INSTANE,insert,1,https://riba.app/imgrs/THUMBS%20500X500/204765.JPG,tabs/detalle-producto/204765,1.184.000,1.184.000,1.184.000,USD,1,,"{""MARCA"":[""KLIM""],""CATEGORIA"":[""Alimentos""]}","[""Alimentos""]",NULL,https://riba.app/imgrs/THUMBS%20500X500/204765.JPG,0,0,"[""83""]",1.184.000,2026-05-08 9:49:16
761303446645,KLIM LECHE ENTERA POLVO INSTAN,KLIM LECHE ENTERA POLVO INSTAN,KLIM LECHE ENTERA POLVO INSTAN,insert,1,https://riba.app/imgrs/THUMBS%20500X500/204766.JPG,tabs/detalle-producto/204766,376.000,376.000,376.000,USD,1,,"{""MARCA"":[""KLIM""],""CATEGORIA"":[""Alimentos""]}","[""Alimentos""]",NULL,https://riba.app/imgrs/THUMBS%20500X500/204766.JPG,0,0,"[""83""]",376.000,2026-05-08 9:49:16
761303446650,KLIM LECHE ENTERA POLVO INSTAN,KLIM LECHE ENTERA POLVO INSTAN,KLIM LECHE ENTERA POLVO INSTAN,insert,1,https://riba.app/imgrs/THUMBS%20500X500/204767.JPG,tabs/detalle-producto/204767,2.202.000,2.202.000,2.202.000,USD,1,,"{""MARCA"":[""KLIM""],""CATEGORIA"":[""Alimentos""]}","[""Alimentos""]",NULL,https://riba.app/imgrs/THUMBS%20500X500/204767.JPG,0,0,"[""83""]",2.202.000,2026-05-08 9:49:16
761303496665,NAN FORMULA INF SIN LACT 400GR,NAN FORMULA INF SIN LACT 400GR,NAN FORMULA INF SIN LACT 400GR,insert,1,https://riba.app/imgrs/THUMBS%20500X500/257424.JPG,tabs/detalle-producto/257424,1.613.000,1.613.000,1.613.000,USD,1,,"{""MARCA"":[""NAN""],""CATEGORIA"":[""Alimentos""]}","[""Alimentos""]",NULL,https://riba.app/imgrs/THUMBS%20500X500/257424.JPG,0,0,"[""83""]",1.613.000,2026-05-08 9:49:16
761303524862,NESTUM TRIGO Y MIEL 350GR,NESTUM TRIGO Y MIEL 350GR,NESTUM TRIGO Y MIEL 350GR,insert,1,https://riba.app/imgrs/THUMBS%20500X500/232564.JPG,tabs/detalle-producto/232564,447.000,447.000,447.000,USD,1,,"{""MARCA"":[""NESTUM""],""CATEGORIA"":[""Alimentos""]}","[""Alimentos""]",NULL,https://riba.app/imgrs/THUMBS%20500X500/232564.JPG,0,0,"[""83""]",447.000,2026-05-08 9:49:16
761303537766,CERELAC CEREAL INFANTIL 400GR,CERELAC CEREAL INFANTIL 400GR,CERELAC CEREAL INFANTIL 400GR,insert,1,https://riba.app/imgrs/THUMBS%20500X500/247958.JPG,tabs/detalle-producto/247958,519.000,519.000,519.000,USD,1,,"{""MARCA"":[""NESTUM""],""CATEGORIA"":[""Alimentos""]}","[""Alimentos""]",NULL,https://riba.app/imgrs/THUMBS%20500X500/247958.JPG,0,0,"[""83""]",519.000,2026-05-08 9:49:16
761303593516,NESTUM CEREAL TRIGO LECHE 250G,NESTUM CEREAL TRIGO LECHE 250G,NESTUM CEREAL TRIGO LECHE 250G,insert,1,https://riba.app/imgrs/THUMBS%20500X500/252062.JPG,tabs/detalle-producto/252062,349.000,349.000,349.000,USD,1,,"{""MARCA"":[""NESTUM""],""CATEGORIA"":[""Alimentos""]}","[""Alimentos""]",NULL,https://riba.app/imgrs/THUMBS%20500X500/252062.JPG,0,0,"[""83""]",349.000,2026-05-08 9:49:16
761303594514,NAN FORMULA INFANTIL AE 400GR,NAN FORMULA INFANTIL AE 400GR,NAN FORMULA INFANTIL AE 400GR,insert,1,https://riba.app/imgrs/THUMBS%20500X500/277398.JPG,tabs/detalle-producto/277398,1.941.000,1.941.000,1.941.000,USD,1,,"{""MARCA"":[""NAN""],""CATEGORIA"":[""Alimentos""]}","[""Alimentos""]",NULL,https://riba.app/imgrs/THUMBS%20500X500/277398.JPG,0,0,"[""83""]",1.941.000,2026-05-08 9:49:16
761303700713,LECHE NAN SUPREME 1 800G,LECHE NAN SUPREME 1 800G,LECHE NAN SUPREME 1 800G,insert,1,https://riba.app/imgrs/THUMBS%20500X500/294946.JPG,tabs/detalle-producto/294946,3.233.000,3.233.000,3.233.000,USD,1,,"{""MARCA"":[""NAN""],""CATEGORIA"":[""Alimentos""]}","[""Alimentos""]",NULL,https://riba.app/imgrs/THUMBS%20500X500/294946.JPG,0,0,"[""83""]",3.233.000,2026-05-08 9:49:16
761303700743,LECHE NAN SUPREME 2,LECHE NAN SUPREME 2,LECHE NAN SUPREME 2,insert,1,https://riba.app/imgrs/THUMBS%20500X500/294947.JPG,tabs/detalle-producto/294947,3.127.000,3.127.000,3.127.000,USD,1,,"{""MARCA"":[""NAN""],""CATEGORIA"":[""Alimentos""]}","[""Alimentos""]",NULL,https://riba.app/imgrs/THUMBS%20500X500/294947.JPG,0,0,"[""83""]",3.127.000,2026-05-08 9:49:16
761303791701,NIDO 5+ HUESOS FUERTES 800GR,NIDO 5+ HUESOS FUERTES 800GR,NIDO 5+ HUESOS FUERTES 800GR,insert,1,https://riba.app/imgrs/THUMBS%20500X500/200932.JPG,tabs/detalle-producto/200932,1.340.000,1.340.000,1.340.000,USD,1,,"{""MARCA"":[""NIDO""],""CATEGORIA"":[""Alimentos""]}","[""Alimentos""]",NULL,https://riba.app/imgrs/THUMBS%20500X500/200932.JPG,0,0,"[""83""]",1.340.000,2026-05-08 9:49:16
761303981933,NAN EXPERTPRO N3 CONFORT,NAN EXPERTPRO N3 CONFORT,NAN EXPERTPRO N3 CONFORT,insert,1,https://riba.app/imgrs/THUMBS%20500X500/314973.JPG,tabs/detalle-producto/314973,2.986.000,2.986.000,2.986.000,USD,1,,"{""MARCA"":[""NAN""],""CATEGORIA"":[""Alimentos""]}","[""Alimentos""]",NULL,https://riba.app/imgrs/THUMBS%20500X500/314973.JPG,0,0,"[""83""]",2.986.000,2026-05-08 9:49:16
761328764926,FORMULA EXPERTPRO NAN,FORMULA EXPERTPRO NAN,FORMULA EXPERTPRO NAN,insert,1,https://riba.app/imgrs/THUMBS%20500X500/326055.JPG,tabs/detalle-producto/326055,3.219.000,3.219.000,3.219.000,USD,1,,"{""MARCA"":[""NAN""],""CATEGORIA"":[""Alimentos""]}","[""Alimentos""]",NULL,https://riba.app/imgrs/THUMBS%20500X500/326055.JPG,0,0,"[""83""]",3.219.000,2026-05-08 9:49:16
7644083045,16 OZ CRYSTAL MUG,16 OZ CRYSTAL MUG,16 OZ CRYSTAL MUG,insert,1,https://riba.app/imgrs/THUMBS%20500X500/36400.JPG,tabs/detalle-producto/36400,450.000,450.000,450.000,USD,1,,"{""MARCA"":[""ANCHOR HOCKING/GLASS""],""CATEGORIA"":[""Utensilios De Bebe""]}","[""Utensilios De Bebe""]",NULL,https://riba.app/imgrs/THUMBS%20500X500/36400.JPG,0,0,"[""85""]",450.000,2026-05-08 9:49:16
770203103674,CREMA LIQ  ANTES DE DORMIR 200,CREMA LIQ  ANTES DE DORMIR 200,CREMA LIQ  ANTES DE DORMIR 200,insert,1,https://riba.app/imgrs/THUMBS%20500X500/68455.JPG,tabs/detalle-producto/68455,599.000,599.000,599.000,USD,1,,"{""MARCA"":[""JOHNSON & JOHNSON""],""CATEGORIA"":[""Cuidado Personal""]}","[""Cuidado Personal""]",NULL,https://riba.app/imgrs/THUMBS%20500X500/68455.JPG,0,0,"[""82""]",599.000,2026-05-08 9:49:16
770203124458,TALCO P BEBE DERMOPROTEC  ORIG,TALCO P BEBE DERMOPROTEC  ORIG,TALCO P BEBE DERMOPROTEC  ORIG,insert,1,https://riba.app/imgrs/THUMBS%20500X500/342049.JPG,tabs/detalle-producto/342049,388.000,388.000,388.000,USD,1,,"{""MARCA"":[""JOHNSON & JOHNSON""],""CATEGORIA"":[""Cuidado Personal""]}","[""Cuidado Personal""]",NULL,https://riba.app/imgrs/THUMBS%20500X500/342049.JPG,0,0,"[""82""]",388.000,2026-05-08 9:49:16
770203124459,POLVO JBABY DERMO ORIGINAL,POLVO JBABY DERMO ORIGINAL,POLVO JBABY DERMO ORIGINAL,insert,1,https://riba.app/imgrs/THUMBS%20500X500/336585.JPG,tabs/detalle-producto/336585,663.000,663.000,663.000,USD,1,,"{""MARCA"":[""JOHNSON & JOHNSON""],""CATEGORIA"":[""Cuidado Personal""]}","[""Cuidado Personal""]",NULL,https://riba.app/imgrs/THUMBS%20500X500/336585.JPG,0,0,"[""82""]",663.000,2026-05-08 9:49:16
770203124460,TALCO JBABY DERMO ORIGINAL,TALCO JBABY DERMO ORIGINAL,TALCO JBABY DERMO ORIGINAL,insert,1,https://riba.app/imgrs/THUMBS%20500X500/336586.JPG,tabs/detalle-producto/336586,1.019.000,1.019.000,1.019.000,USD,1,,"{""MARCA"":[""JOHNSON & JOHNSON""],""CATEGORIA"":[""Cuidado Personal""]}","[""Cuidado Personal""]",NULL,https://riba.app/imgrs/THUMBS%20500X500/336586.JPG,0,0,"[""82""]",1.019.000,2026-05-08 9:49:16
770203124462,POLVO ANTES DE DORMIR JBABY,POLVO ANTES DE DORMIR JBABY,POLVO ANTES DE DORMIR JBABY,insert,1,https://riba.app/imgrs/THUMBS%20500X500/336587.JPG,tabs/detalle-producto/336587,663.000,663.000,663.000,USD,1,,"{""MARCA"":[""JOHNSON & JOHNSON""],""CATEGORIA"":[""Cuidado Personal""]}","[""Cuidado Personal""]",NULL,https://riba.app/imgrs/THUMBS%20500X500/336587.JPG,0,0,"[""82""]",663.000,2026-05-08 9:49:16
770203124507,DESITIN UNGUENTO M,DESITIN UNGUENTO M,DESITIN UNGUENTO M,insert,1,https://riba.app/imgrs/THUMBS%20500X500/351600.JPG,tabs/detalle-producto/351600,972.000,972.000,972.000,USD,1,,"{""MARCA"":[""DESITIN""],""CATEGORIA"":[""Cuidado Personal""]}","[""Cuidado Personal""]",NULL,https://riba.app/imgrs/THUMBS%20500X500/351600.JPG,0,0,"[""82""]",972.000,2026-05-08 9:49:16
770203124508,DESITIN UNGUENTO G,DESITIN UNGUENTO G,DESITIN UNGUENTO G,insert,1,https://riba.app/imgrs/THUMBS%20500X500/351599.JPG,tabs/detalle-producto/351599,1.670.000,1.670.000,1.670.000,USD,1,,"{""MARCA"":[""DESITIN""],""CATEGORIA"":[""Cuidado Personal""]}","[""Cuidado Personal""]",NULL,https://riba.app/imgrs/THUMBS%20500X500/351599.JPG,0,0,"[""82""]",1.670.000,2026-05-08 9:49:16
770203124511,DESITIN UNGUENTO S,DESITIN UNGUENTO S,DESITIN UNGUENTO S,insert,1,https://riba.app/imgrs/THUMBS%20500X500/351598.JPG,tabs/detalle-producto/351598,493.000,493.000,493.000,USD,1,,"{""MARCA"":[""DESITIN""],""CATEGORIA"":[""Cuidado Personal""]}","[""Cuidado Personal""]",NULL,https://riba.app/imgrs/THUMBS%20500X500/351598.JPG,0,0,"[""82""]",493.000,2026-05-08 9:49:16
770203126048,VASELINA X 100GR,VASELINA X 100GR,VASELINA X 100GR,insert,1,https://riba.app/imgrs/THUMBS%20500X500/17629.JPG,tabs/detalle-producto/17629,605.000,605.000,605.000,USD,1,,"{""MARCA"":[""JOHNSON & JOHNSON""],""CATEGORIA"":[""Cuidado Personal""]}","[""Cuidado Personal""]",NULL,https://riba.app/imgrs/THUMBS%20500X500/17629.JPG,0,0,"[""82""]",605.000,2026-05-08 9:49:16
770203129151,SHAMPOO ORIGINAL 400 ML,SHAMPOO ORIGINAL 400 ML,SHAMPOO ORIGINAL 400 ML,insert,1,https://riba.app/imgrs/THUMBS%20500X500/17639.JPG,tabs/detalle-producto/17639,960.000,960.000,960.000,USD,1,,"{""MARCA"":[""JOHNSON & JOHNSON""],""CATEGORIA"":[""Cuidado Personal""]}","[""Cuidado Personal""]",NULL,https://riba.app/imgrs/THUMBS%20500X500/17639.JPG,0,0,"[""82""]",960.000,2026-05-08 9:49:16
770203129156,SHAMPOO ORIGINAL 200 ML,SHAMPOO ORIGINAL 200 ML,SHAMPOO ORIGINAL 200 ML,insert,1,https://riba.app/imgrs/THUMBS%20500X500/17632.JPG,tabs/detalle-producto/17632,598.000,598.000,598.000,USD,1,,"{""MARCA"":[""JOHNSON & JOHNSON""],""CATEGORIA"":[""Cuidado Personal""]}","[""Cuidado Personal""]",NULL,https://riba.app/imgrs/THUMBS%20500X500/17632.JPG,0,0,"[""82""]",598.000,2026-05-08 9:49:16
770203129319,J BABY SHAMPOO HID INTENSA ,J BABY SHAMPOO HID INTENSA ,J BABY SHAMPOO HID INTENSA ,insert,1,https://riba.app/imgrs/THUMBS%20500X500/174595.JPG,tabs/detalle-producto/174595,960.000,960.000,960.000,USD,1,,"{""MARCA"":[""JOHNSON & JOHNSON""],""CATEGORIA"":[""Cuidado Personal""]}","[""Cuidado Personal""]",NULL,https://riba.app/imgrs/THUMBS%20500X500/174595.JPG,0,0,"[""82""]",960.000,2026-05-08 9:49:16
770203129323,SHAMPOO MANZANILLA 200 ML,SHAMPOO MANZANILLA 200 ML,SHAMPOO MANZANILLA 200 ML,insert,1,https://riba.app/imgrs/THUMBS%20500X500/17637.JPG,tabs/detalle-producto/17637,598.000,598.000,598.000,USD,1,,"{""MARCA"":[""JOHNSON & JOHNSON""],""CATEGORIA"":[""Cuidado Personal""]}","[""Cuidado Personal""]",NULL,https://riba.app/imgrs/THUMBS%20500X500/17637.JPG,0,0,"[""82""]",598.000,2026-05-08 9:49:16
770203129324,SHAMPOO MANZANILLA 400 ML,SHAMPOO MANZANILLA 400 ML,SHAMPOO MANZANILLA 400 ML,insert,1,https://riba.app/imgrs/THUMBS%20500X500/17634.JPG,tabs/detalle-producto/17634,960.000,960.000,960.000,USD,1,,"{""MARCA"":[""JOHNSON & JOHNSON""],""CATEGORIA"":[""Cuidado Personal""]}","[""Cuidado Personal""]",NULL,https://riba.app/imgrs/THUMBS%20500X500/17634.JPG,0,0,"[""82""]",960.000,2026-05-08 9:49:16
770203129328,CHAMPU PARA CABELLO OSCURO,CHAMPU PARA CABELLO OSCURO,CHAMPU PARA CABELLO OSCURO,insert,1,https://riba.app/imgrs/THUMBS%20500X500/345118.JPG,tabs/detalle-producto/345118,598.000,598.000,598.000,USD,1,,"{""MARCA"":[""JOHNSON´S BABY""],""CATEGORIA"":[""Cuidado Personal""]}","[""Cuidado Personal""]",NULL,https://riba.app/imgrs/THUMBS%20500X500/345118.JPG,0,0,"[""82""]",598.000,2026-05-08 9:49:16
770203129329,CHAMPU JSBABY CABELLO OSCURO,CHAMPU JSBABY CABELLO OSCURO,CHAMPU JSBABY CABELLO OSCURO,insert,1,https://riba.app/imgrs/THUMBS%20500X500/320845.JPG,tabs/detalle-producto/320845,960.000,960.000,960.000,USD,1,,"{""MARCA"":[""JOHNSON & JOHNSON""],""CATEGORIA"":[""Cuidado Personal""]}","[""Cuidado Personal""]",NULL,https://riba.app/imgrs/THUMBS%20500X500/320845.JPG,0,0,"[""82""]",960.000,2026-05-08 9:49:16
770203129331,ACONDIC MANZANILLA  200ML,ACONDIC MANZANILLA  200ML,ACONDIC MANZANILLA  200ML,insert,1,https://riba.app/imgrs/THUMBS%20500X500/17470.JPG,tabs/detalle-producto/17470,598.000,598.000,598.000,USD,1,,"{""MARCA"":[""JOHNSON & JOHNSON""],""CATEGORIA"":[""Cuidado Personal""]}","[""Cuidado Personal""]",NULL,https://riba.app/imgrs/THUMBS%20500X500/17470.JPG,0,0,"[""82""]",598.000,2026-05-08 9:49:16
770203129332,ACONDIC MANZANILLA 400ML,ACONDIC MANZANILLA 400ML,ACONDIC MANZANILLA 400ML,insert,1,https://riba.app/imgrs/THUMBS%20500X500/17472.JPG,tabs/detalle-producto/17472,960.000,960.000,960.000,USD,1,,"{""MARCA"":[""JOHNSON & JOHNSON""],""CATEGORIA"":[""Cuidado Personal""]}","[""Cuidado Personal""]",NULL,https://riba.app/imgrs/THUMBS%20500X500/17472.JPG,0,0,"[""82""]",960.000,2026-05-08 9:49:16
770203129335,BABY SHAMPOO  GOTA DE BRILLO ,BABY SHAMPOO  GOTA DE BRILLO ,BABY SHAMPOO  GOTA DE BRILLO ,insert,1,https://riba.app/imgrs/THUMBS%20500X500/230053.JPG,tabs/detalle-producto/230053,598.000,598.000,598.000,USD,1,,"{""MARCA"":[""JOHNSON & JOHNSON""],""CATEGORIA"":[""Cuidado Personal""]}","[""Cuidado Personal""]",NULL,https://riba.app/imgrs/THUMBS%20500X500/230053.JPG,0,0,"[""82""]",598.000,2026-05-08 9:49:16
770203129336,BABY SHAMP GOTA BRILLO,BABY SHAMP GOTA BRILLO,BABY SHAMP GOTA BRILLO,insert,1,https://riba.app/imgrs/THUMBS%20500X500/230055.JPG,tabs/detalle-producto/230055,960.000,960.000,960.000,USD,1,,"{""MARCA"":[""JOHNSON & JOHNSON""],""CATEGORIA"":[""Cuidado Personal""]}","[""Cuidado Personal""]",NULL,https://riba.app/imgrs/THUMBS%20500X500/230055.JPG,0,0,"[""82""]",960.000,2026-05-08 9:49:16
770203129343,ACONDICIONADOR ORIGINAL 400ML,ACONDICIONADOR ORIGINAL 400ML,ACONDICIONADOR ORIGINAL 400ML,insert,1,https://riba.app/imgrs/THUMBS%20500X500/17471.JPG,tabs/detalle-producto/17471,960.000,960.000,960.000,USD,1,,"{""MARCA"":[""JOHNSON & JOHNSON""],""CATEGORIA"":[""Cuidado Personal""]}","[""Cuidado Personal""]",NULL,https://riba.app/imgrs/THUMBS%20500X500/17471.JPG,0,0,"[""82""]",960.000,2026-05-08 9:49:16
770203129344,J BABY ACONDIC HID INTENSA,J BABY ACONDIC HID INTENSA,J BABY ACONDIC HID INTENSA,insert,1,https://riba.app/imgrs/THUMBS%20500X500/174598.JPG,tabs/detalle-producto/174598,960.000,960.000,960.000,USD,1,,"{""MARCA"":[""JOHNSON & JOHNSON""],""CATEGORIA"":[""Cuidado Personal""]}","[""Cuidado Personal""]",NULL,https://riba.app/imgrs/THUMBS%20500X500/174598.JPG,0,0,"[""82""]",960.000,2026-05-08 9:49:16
770203129353,SHAMPOO  FRAG PROLONGADA ,SHAMPOO  FRAG PROLONGADA ,SHAMPOO  FRAG PROLONGADA ,insert,1,https://riba.app/imgrs/THUMBS%20500X500/208207.JPG,tabs/detalle-producto/208207,960.000,960.000,960.000,USD,1,,"{""MARCA"":[""JOHNSON & JOHNSON""],""CATEGORIA"":[""Cuidado Personal""]}","[""Cuidado Personal""]",NULL,https://riba.app/imgrs/THUMBS%20500X500/208207.JPG,0,0,"[""82""]",960.000,2026-05-08 9:49:16
770203129361,JBABY SHAMPOO FUERZA Y VIT ,JBABY SHAMPOO FUERZA Y VIT ,JBABY SHAMPOO FUERZA Y VIT ,insert,1,https://riba.app/imgrs/THUMBS%20500X500/277033.JPG,tabs/detalle-producto/277033,598.000,598.000,598.000,USD,1,,"{""MARCA"":[""JOHNSON & JOHNSON""],""CATEGORIA"":[""Cuidado Personal""]}","[""Cuidado Personal""]",NULL,https://riba.app/imgrs/THUMBS%20500X500/277033.JPG,0,0,"[""82""]",598.000,2026-05-08 9:49:16
770203129362,JBABY SHAMPOO FUERZA Y VIT ,JBABY SHAMPOO FUERZA Y VIT ,JBABY SHAMPOO FUERZA Y VIT ,insert,1,https://riba.app/imgrs/THUMBS%20500X500/277034.JPG,tabs/detalle-producto/277034,960.000,960.000,960.000,USD,1,,"{""MARCA"":[""JOHNSON & JOHNSON""],""CATEGORIA"":[""Cuidado Personal""]}","[""Cuidado Personal""]",NULL,https://riba.app/imgrs/THUMBS%20500X500/277034.JPG,0,0,"[""82""]",960.000,2026-05-08 9:49:16
770203131829,BANO LIQ CON GLICERINA 200ML,BANO LIQ CON GLICERINA 200ML,BANO LIQ CON GLICERINA 200ML,insert,1,https://riba.app/imgrs/THUMBS%20500X500/17484.JPG,tabs/detalle-producto/17484,591.000,591.000,591.000,USD,1,,"{""MARCA"":[""JOHNSON & JOHNSON""],""CATEGORIA"":[""Cuidado Personal""]}","[""Cuidado Personal""]",NULL,https://riba.app/imgrs/THUMBS%20500X500/17484.JPG,0,0,"[""82""]",591.000,2026-05-08 9:49:16
770203131831,BAÑO LIQ PIES A CABEZA PIES ,BAÑO LIQ PIES A CABEZA PIES ,BAÑO LIQ PIES A CABEZA PIES ,insert,1,https://riba.app/imgrs/THUMBS%20500X500/266912.JPG,tabs/detalle-producto/266912,952.000,952.000,952.000,USD,1,,"{""MARCA"":[""JOHNSON & JOHNSON""],""CATEGORIA"":[""Cuidado Personal""]}","[""Cuidado Personal""]",NULL,https://riba.app/imgrs/THUMBS%20500X500/266912.JPG,0,0,"[""82""]",952.000,2026-05-08 9:49:16
770203131851,BANO LIQ ANTES DE DORMIR 12 20,BANO LIQ ANTES DE DORMIR 12 20,BANO LIQ ANTES DE DORMIR 12 20,insert,1,https://riba.app/imgrs/THUMBS%20500X500/59940.JPG,tabs/detalle-producto/59940,591.000,591.000,591.000,USD,1,,"{""MARCA"":[""JOHNSON & JOHNSON""],""CATEGORIA"":[""Cuidado Personal""]}","[""Cuidado Personal""]",NULL,https://riba.app/imgrs/THUMBS%20500X500/59940.JPG,0,0,"[""82""]",591.000,2026-05-08 9:49:16
770203133877,CREMA HIDRATA JOHNSON BABY,CREMA HIDRATA JOHNSON BABY,CREMA HIDRATA JOHNSON BABY,insert,1,https://riba.app/imgrs/THUMBS%20500X500/294108.JPG,tabs/detalle-producto/294108,574.000,574.000,574.000,USD,1,,"{""MARCA"":[""JOHNSON & JOHNSON""],""CATEGORIA"":[""Cuidado Personal""]}","[""Cuidado Personal""]",NULL,https://riba.app/imgrs/THUMBS%20500X500/294108.JPG,0,0,"[""82""]",574.000,2026-05-08 9:49:16
770203133878,JABON LIQ JOHNSON BABY RNACIDO,JABON LIQ JOHNSON BABY RNACIDO,JABON LIQ JOHNSON BABY RNACIDO,insert,1,https://riba.app/imgrs/THUMBS%20500X500/294107.JPG,tabs/detalle-producto/294107,566.000,566.000,566.000,USD,1,,"{""MARCA"":[""JOHNSON & JOHNSON""],""CATEGORIA"":[""Cuidado Personal""]}","[""Cuidado Personal""]",NULL,https://riba.app/imgrs/THUMBS%20500X500/294107.JPG,0,0,"[""82""]",566.000,2026-05-08 9:49:16
770203140102,JABON DE AVENA ,JABON DE AVENA ,JABON DE AVENA ,insert,1,https://riba.app/imgrs/THUMBS%20500X500/170584.JPG,tabs/detalle-producto/170584,214.000,214.000,214.000,USD,1,,"{""MARCA"":[""JOHNSON & JOHNSON""],""CATEGORIA"":[""Cuidado Personal""]}","[""Cuidado Personal""]",NULL,https://riba.app/imgrs/THUMBS%20500X500/170584.JPG,0,0,"[""82""]",214.000,2026-05-08 9:49:16
770203140103,JABON CREMOSO ORIGINAL 110 GR,JABON CREMOSO ORIGINAL 110 GR,JABON CREMOSO ORIGINAL 110 GR,insert,1,https://riba.app/imgrs/THUMBS%20500X500/290589.JPG,tabs/detalle-producto/290589,222.000,222.000,222.000,USD,1,,"{""MARCA"":[""JOHNSON & JOHNSON""],""CATEGORIA"":[""Cuidado Personal""]}","[""Cuidado Personal""]",NULL,https://riba.app/imgrs/THUMBS%20500X500/290589.JPG,0,0,"[""82""]",222.000,2026-05-08 9:49:16
770203140104,JABON CREMOSO  HUMECTANTE  ,JABON CREMOSO  HUMECTANTE  ,JABON CREMOSO  HUMECTANTE  ,insert,1,https://riba.app/imgrs/THUMBS%20500X500/167260.JPG,tabs/detalle-producto/167260,222.000,222.000,222.000,USD,1,,"{""MARCA"":[""JOHNSON & JOHNSON""],""CATEGORIA"":[""Cuidado Personal""]}","[""Cuidado Personal""]",NULL,https://riba.app/imgrs/THUMBS%20500X500/167260.JPG,0,0,"[""82""]",222.000,2026-05-08 9:49:16
770203141346,JBABY SPRAY FUERZA Y VIT ,JBABY SPRAY FUERZA Y VIT ,JBABY SPRAY FUERZA Y VIT ,insert,1,https://riba.app/imgrs/THUMBS%20500X500/277037.JPG,tabs/detalle-producto/277037,598.000,598.000,598.000,USD,1,,"{""MARCA"":[""JOHNSON & JOHNSON""],""CATEGORIA"":[""Cuidado Personal""]}","[""Cuidado Personal""]",NULL,https://riba.app/imgrs/THUMBS%20500X500/277037.JPG,0,0,"[""82""]",598.000,2026-05-08 9:49:16
770203151499,COLONIA SORNRISAS,COLONIA SORNRISAS,COLONIA SORNRISAS,insert,1,https://riba.app/imgrs/THUMBS%20500X500/214158.JPG,tabs/detalle-producto/214158,386.000,386.000,386.000,USD,1,,"{""MARCA"":[""JOHNSON & JOHNSON""],""CATEGORIA"":[""Cuidado Personal""]}","[""Cuidado Personal""]",NULL,https://riba.app/imgrs/THUMBS%20500X500/214158.JPG,0,0,"[""82""]",386.000,2026-05-08 9:49:16
770203151520,COLONIA SONRISAS ,COLONIA SONRISAS ,COLONIA SONRISAS ,insert,1,https://riba.app/imgrs/THUMBS%20500X500/214159.JPG,tabs/detalle-producto/214159,650.000,650.000,650.000,USD,1,,"{""MARCA"":[""JOHNSON & JOHNSON""],""CATEGORIA"":[""Cuidado Personal""]}","[""Cuidado Personal""]",NULL,https://riba.app/imgrs/THUMBS%20500X500/214159.JPG,0,0,"[""82""]",650.000,2026-05-08 9:49:16
770203160414,BABY SPRAY GOTAS DE BRILLO,BABY SPRAY GOTAS DE BRILLO,BABY SPRAY GOTAS DE BRILLO,insert,1,https://riba.app/imgrs/THUMBS%20500X500/230060.JPG,tabs/detalle-producto/230060,598.000,598.000,598.000,USD,1,,"{""MARCA"":[""JOHNSON & JOHNSON""],""CATEGORIA"":[""Cuidado Personal""]}","[""Cuidado Personal""]",NULL,https://riba.app/imgrs/THUMBS%20500X500/230060.JPG,0,0,"[""82""]",598.000,2026-05-08 9:49:16
770203173462,BABY ACEITE BED TIME 100 ML,BABY ACEITE BED TIME 100 ML,BABY ACEITE BED TIME 100 ML,insert,1,https://riba.app/imgrs/THUMBS%20500X500/143402.JPG,tabs/detalle-producto/143402,326.000,326.000,326.000,USD,1,,"{""MARCA"":[""JOHNSON & JOHNSON""],""CATEGORIA"":[""Cuidado Personal""]}","[""Cuidado Personal""]",NULL,https://riba.app/imgrs/THUMBS%20500X500/143402.JPG,0,0,"[""82""]",326.000,2026-05-08 9:49:16
770203187845,J BABY CREMA PEINA HID INTENSA,J BABY CREMA PEINA HID INTENSA,J BABY CREMA PEINA HID INTENSA,insert,1,https://riba.app/imgrs/THUMBS%20500X500/174599.JPG,tabs/detalle-producto/174599,960.000,960.000,960.000,USD,1,,"{""MARCA"":[""JOHNSON & JOHNSON""],""CATEGORIA"":[""Cuidado Personal""]}","[""Cuidado Personal""]",NULL,https://riba.app/imgrs/THUMBS%20500X500/174599.JPG,0,0,"[""82""]",960.000,2026-05-08 9:49:16
770203192743,DAILY CARE DESITIN 2 OZ  ,DAILY CARE DESITIN 2 OZ  ,DAILY CARE DESITIN 2 OZ  ,insert,1,https://riba.app/imgrs/THUMBS%20500X500/42180.JPG,tabs/detalle-producto/42180,928.000,928.000,928.000,USD,1,,"{""MARCA"":[""DESITIN""],""CATEGORIA"":[""Cuidado Personal""]}","[""Cuidado Personal""]",NULL,https://riba.app/imgrs/THUMBS%20500X500/42180.JPG,0,0,"[""82""]",928.000,2026-05-08 9:49:16
770203192745,DESITIN CREAMY   ,DESITIN CREAMY   ,DESITIN CREAMY   ,insert,1,https://riba.app/imgrs/THUMBS%20500X500/183589.JPG,tabs/detalle-producto/183589,1.588.000,1.588.000,1.588.000,USD,1,,"{""MARCA"":[""DESITIN""],""CATEGORIA"":[""Cuidado Personal""]}","[""Cuidado Personal""]",NULL,https://riba.app/imgrs/THUMBS%20500X500/183589.JPG,0,0,"[""82""]",1.588.000,2026-05-08 9:49:16
770219166297,BABY JAB HIDRAT SENSIBLE 3 UN,BABY JAB HIDRAT SENSIBLE 3 UN,BABY JAB HIDRAT SENSIBLE 3 UN,insert,1,https://riba.app/imgrs/THUMBS%20500X500/256404.JPG,tabs/detalle-producto/256404,435.000,435.000,435.000,USD,1,,"{""MARCA"":[""DOVE (JABON)""],""CATEGORIA"":[""Cuidado Personal""]}","[""Cuidado Personal""]",NULL,https://riba.app/imgrs/THUMBS%20500X500/256404.JPG,0,0,"[""82""]",435.000,2026-05-08 9:49:16
770242524421,HUGGIES NATCARE XXG 4X54,HUGGIES NATCARE XXG 4X54,HUGGIES NATCARE XXG 4X54,insert,1,https://riba.app/imgrs/THUMBS%20500X500/324549.JPG,tabs/detalle-producto/324549,3.023.000,3.023.000,3.023.000,USD,1,,"{""MARCA"":[""HUGGIES""],""CATEGORIA"":[""Pañales""]}","[""Pañales""]",NULL,https://riba.app/imgrs/THUMBS%20500X500/324549.JPG,0,0,"[""84""]",3.023.000,2026-05-08 9:49:16
770242528236,PANAL HUG ACTIVSEC L ,PANAL HUG ACTIVSEC L ,PANAL HUG ACTIVSEC L ,insert,1,https://riba.app/imgrs/THUMBS%20500X500/335256.JPG,tabs/detalle-producto/335256,915.000,915.000,915.000,USD,1,,"{""MARCA"":[""HUGGIES""],""CATEGORIA"":[""Pañales""]}","[""Pañales""]",NULL,https://riba.app/imgrs/THUMBS%20500X500/335256.JPG,0,0,"[""84""]",915.000,2026-05-08 9:49:16
770242540957,PANAL HUGGIES ACTIVO XG,PANAL HUGGIES ACTIVO XG,PANAL HUGGIES ACTIVO XG,insert,1,https://riba.app/imgrs/THUMBS%20500X500/358122.JPG,tabs/detalle-producto/358122,910.000,910.000,910.000,USD,1,,"{""MARCA"":[""HUGGIES""],""CATEGORIA"":[""Pañales""]}","[""Pañales""]",NULL,https://riba.app/imgrs/THUMBS%20500X500/358122.JPG,0,0,"[""84""]",910.000,2026-05-08 9:49:16
770242544681,HUGGIES NATCARE XL 4X56,HUGGIES NATCARE XL 4X56,HUGGIES NATCARE XL 4X56,insert,1,https://riba.app/imgrs/THUMBS%20500X500/324548.JPG,tabs/detalle-producto/324548,3.023.000,3.023.000,3.023.000,USD,1,,"{""MARCA"":[""HUGGIES""],""CATEGORIA"":[""Pañales""]}","[""Pañales""]",NULL,https://riba.app/imgrs/THUMBS%20500X500/324548.JPG,0,0,"[""84""]",3.023.000,2026-05-08 9:49:16
770242554089,TOALLITAS HUMEDAS HUGGIES,TOALLITAS HUMEDAS HUGGIES,TOALLITAS HUMEDAS HUGGIES,insert,1,https://riba.app/imgrs/THUMBS%20500X500/347195.JPG,tabs/detalle-producto/347195,535.000,535.000,535.000,USD,1,,"{""MARCA"":[""HUGGIES""],""CATEGORIA"":[""Cuidado Personal""]}","[""Cuidado Personal""]",NULL,https://riba.app/imgrs/THUMBS%20500X500/347195.JPG,0,0,"[""82""]",535.000,2026-05-08 9:49:16
770242558971,TOALLITAS HUGGIES LIMP DIA,TOALLITAS HUGGIES LIMP DIA,TOALLITAS HUGGIES LIMP DIA,insert,1,https://riba.app/imgrs/THUMBS%20500X500/358118.JPG,tabs/detalle-producto/358118,506.000,506.000,506.000,USD,1,,"{""MARCA"":[""HUGGIES""],""CATEGORIA"":[""Cuidado Personal""]}","[""Cuidado Personal""]",NULL,https://riba.app/imgrs/THUMBS%20500X500/358118.JPG,0,0,"[""82""]",506.000,2026-05-08 9:49:16
770242560770,PANAL HUGGIES ACTIVO XXG,PANAL HUGGIES ACTIVO XXG,PANAL HUGGIES ACTIVO XXG,insert,1,https://riba.app/imgrs/THUMBS%20500X500/358123.JPG,tabs/detalle-producto/358123,910.000,910.000,910.000,USD,1,,"{""MARCA"":[""HUGGIES""],""CATEGORIA"":[""Pañales""]}","[""Pañales""]",NULL,https://riba.app/imgrs/THUMBS%20500X500/358123.JPG,0,0,"[""84""]",910.000,2026-05-08 9:49:16
770242574835,HUGGIES ACT SEC XXL ULTRA 4X25,HUGGIES ACT SEC XXL ULTRA 4X25,HUGGIES ACT SEC XXL ULTRA 4X25,insert,1,https://riba.app/imgrs/THUMBS%20500X500/339679.JPG,tabs/detalle-producto/339679,915.000,915.000,915.000,USD,1,,"{""MARCA"":[""HUGGIES""],""CATEGORIA"":[""Pañales""]}","[""Pañales""]",NULL,https://riba.app/imgrs/THUMBS%20500X500/339679.JPG,0,0,"[""84""]",915.000,2026-05-08 9:49:16
770242580070,TOA HUMEDAS ONE AND DONE,TOA HUMEDAS ONE AND DONE,TOA HUMEDAS ONE AND DONE,insert,1,https://riba.app/imgrs/THUMBS%20500X500/238688.JPG,tabs/detalle-producto/238688,343.000,343.000,343.000,USD,1,,"{""MARCA"":[""HUGGIES""],""CATEGORIA"":[""Cuidado Personal""]}","[""Cuidado Personal""]",NULL,https://riba.app/imgrs/THUMBS%20500X500/238688.JPG,0,0,"[""82""]",343.000,2026-05-08 9:49:16
770242580071,TOA HUMEDAS ONE ND DONE ,TOA HUMEDAS ONE ND DONE ,TOA HUMEDAS ONE ND DONE ,insert,1,https://riba.app/imgrs/THUMBS%20500X500/238686.JPG,tabs/detalle-producto/238686,544.000,544.000,544.000,USD,1,,"{""MARCA"":[""HUGGIES""],""CATEGORIA"":[""Cuidado Personal""]}","[""Cuidado Personal""]",NULL,https://riba.app/imgrs/THUMBS%20500X500/238686.JPG,0,0,"[""82""]",544.000,2026-05-08 9:49:16
770242580454,BW HUGG LIMP FRESC FTOP 240 TO,BW HUGG LIMP FRESC FTOP 240 TO,BW HUGG LIMP FRESC FTOP 240 TO,insert,1,https://riba.app/imgrs/THUMBS%20500X500/268160.JPG,tabs/detalle-producto/268160,1.312.000,1.312.000,1.312.000,USD,1,,"{""MARCA"":[""HUGGIES""],""CATEGORIA"":[""Cuidado Personal""]}","[""Cuidado Personal""]",NULL,https://riba.app/imgrs/THUMBS%20500X500/268160.JPG,0,0,"[""82""]",1.312.000,2026-05-08 9:49:16
770242580476,BW HUG ACTIVE FRESH FTOP ,BW HUG ACTIVE FRESH FTOP ,BW HUG ACTIVE FRESH FTOP ,insert,1,https://riba.app/imgrs/THUMBS%20500X500/246007.JPG,tabs/detalle-producto/246007,487.000,487.000,487.000,USD,1,,"{""MARCA"":[""HUGGIES""],""CATEGORIA"":[""Cuidado Personal""]}","[""Cuidado Personal""]",NULL,https://riba.app/imgrs/THUMBS%20500X500/246007.JPG,0,0,"[""82""]",487.000,2026-05-08 9:49:16
770242580482,BW HUGG MANITO CARITA ,BW HUGG MANITO CARITA ,BW HUGG MANITO CARITA ,insert,1,https://riba.app/imgrs/THUMBS%20500X500/291615.JPG,tabs/detalle-producto/291615,372.000,372.000,372.000,USD,1,,"{""MARCA"":[""HUGGIES""],""CATEGORIA"":[""Cuidado Personal""]}","[""Cuidado Personal""]",NULL,https://riba.app/imgrs/THUMBS%20500X500/291615.JPG,0,0,"[""82""]",372.000,2026-05-08 9:49:16
770242580914,HUGG WIPES EFECT FTOP,HUGG WIPES EFECT FTOP,HUGG WIPES EFECT FTOP,insert,1,https://riba.app/imgrs/THUMBS%20500X500/286233.JPG,tabs/detalle-producto/286233,860.000,860.000,860.000,USD,1,,"{""MARCA"":[""HUGGIES""],""CATEGORIA"":[""Cuidado Personal""]}","[""Cuidado Personal""]",NULL,https://riba.app/imgrs/THUMBS%20500X500/286233.JPG,0,0,"[""82""]",860.000,2026-05-08 9:49:16
770266135126,CREMA CERO 30 GR  ,CREMA CERO 30 GR  ,CREMA CERO 30 GR  ,insert,1,https://riba.app/imgrs/THUMBS%20500X500/68120.JPG,tabs/detalle-producto/68120,232.000,232.000,232.000,USD,1,,"{""MARCA"":[""CERO""],""CATEGORIA"":[""Cuidado Personal""]}","[""Cuidado Personal""]",NULL,https://riba.app/imgrs/THUMBS%20500X500/68120.JPG,0,0,"[""82""]",232.000,2026-05-08 9:49:16
770266135127,CREMA CERO C/ALOE VERA   ,CREMA CERO C/ALOE VERA   ,CREMA CERO C/ALOE VERA   ,insert,1,https://riba.app/imgrs/THUMBS%20500X500/81111.JPG,tabs/detalle-producto/81111,231.000,231.000,231.000,USD,1,,"{""MARCA"":[""CERO""],""CATEGORIA"":[""Cuidado Personal""]}","[""Cuidado Personal""]",NULL,https://riba.app/imgrs/THUMBS%20500X500/81111.JPG,0,0,"[""82""]",231.000,2026-05-08 9:49:16
770266135301,CREMA CERO X 50GR  ,CREMA CERO X 50GR  ,CREMA CERO X 50GR  ,insert,1,https://riba.app/imgrs/THUMBS%20500X500/30480.JPG,tabs/detalle-producto/30480,408.000,408.000,408.000,USD,1,,"{""MARCA"":[""CERO""],""CATEGORIA"":[""Cuidado Personal""]}","[""Cuidado Personal""]",NULL,https://riba.app/imgrs/THUMBS%20500X500/30480.JPG,0,0,"[""82""]",408.000,2026-05-08 9:49:16
770266135307,CREMA CERO 50 GR  ALOE VERA   ,CREMA CERO 50 GR  ALOE VERA   ,CREMA CERO 50 GR  ALOE VERA   ,insert,1,https://riba.app/imgrs/THUMBS%20500X500/80613.JPG,tabs/detalle-producto/80613,406.000,406.000,406.000,USD,1,,"{""MARCA"":[""CERO""],""CATEGORIA"":[""Cuidado Personal""]}","[""Cuidado Personal""]",NULL,https://riba.app/imgrs/THUMBS%20500X500/80613.JPG,0,0,"[""82""]",406.000,2026-05-08 9:49:16
770266135401,CREMA CERO X 110 GR   ,CREMA CERO X 110 GR   ,CREMA CERO X 110 GR   ,insert,1,https://riba.app/imgrs/THUMBS%20500X500/30481.JPG,tabs/detalle-producto/30481,603.000,603.000,603.000,USD,1,,"{""MARCA"":[""CERO""],""CATEGORIA"":[""Cuidado Personal""]}","[""Cuidado Personal""]",NULL,https://riba.app/imgrs/THUMBS%20500X500/30481.JPG,0,0,"[""82""]",603.000,2026-05-08 9:49:16
770266135419,CREMA CERO TUBO 114 GR  ,CREMA CERO TUBO 114 GR  ,CREMA CERO TUBO 114 GR  ,insert,1,https://riba.app/imgrs/THUMBS%20500X500/120566.JPG,tabs/detalle-producto/120566,607.000,607.000,607.000,USD,1,,"{""MARCA"":[""CERO""],""CATEGORIA"":[""Cuidado Personal""]}","[""Cuidado Personal""]",NULL,https://riba.app/imgrs/THUMBS%20500X500/120566.JPG,0,0,"[""82""]",607.000,2026-05-08 9:49:16
770266135425,CREMA CERO ALOE VERA TUBO 114G  ,CREMA CERO ALOE VERA TUBO 114G  ,CREMA CERO ALOE VERA TUBO 114G  ,insert,1,https://riba.app/imgrs/THUMBS%20500X500/120570.JPG,tabs/detalle-producto/120570,632.000,632.000,632.000,USD,1,,"{""MARCA"":[""CERO""],""CATEGORIA"":[""Cuidado Personal""]}","[""Cuidado Personal""]",NULL,https://riba.app/imgrs/THUMBS%20500X500/120570.JPG,0,0,"[""82""]",632.000,2026-05-08 9:49:16
770266135503,CREMA CERO ALOE VERA 110 GR  ,CREMA CERO ALOE VERA 110 GR  ,CREMA CERO ALOE VERA 110 GR  ,insert,1,https://riba.app/imgrs/THUMBS%20500X500/81047.JPG,tabs/detalle-producto/81047,601.000,601.000,601.000,USD,1,,"{""MARCA"":[""CERO""],""CATEGORIA"":[""Cuidado Personal""]}","[""Cuidado Personal""]",NULL,https://riba.app/imgrs/THUMBS%20500X500/81047.JPG,0,0,"[""82""]",601.000,2026-05-08 9:49:16
775605000108,ENFAMIL CONFORT PREMIUM,ENFAMIL CONFORT PREMIUM,ENFAMIL CONFORT PREMIUM,insert,1,https://riba.app/imgrs/THUMBS%20500X500/275264.JPG,tabs/detalle-producto/275264,2.263.000,2.263.000,2.263.000,USD,1,,"{""MARCA"":[""ENFAMIL""],""CATEGORIA"":[""Alimentos""]}","[""Alimentos""]",NULL,https://riba.app/imgrs/THUMBS%20500X500/275264.JPG,0,0,"[""83""]",2.263.000,2026-05-08 9:49:16
775605000109,ENFAMIL CONFORT ,ENFAMIL CONFORT ,ENFAMIL CONFORT ,insert,1,https://riba.app/imgrs/THUMBS%20500X500/275263.JPG,tabs/detalle-producto/275263,4.705.000,4.705.000,4.705.000,USD,1,,"{""MARCA"":[""ENFAMIL""],""CATEGORIA"":[""Alimentos""]}","[""Alimentos""]",NULL,https://riba.app/imgrs/THUMBS%20500X500/275263.JPG,0,0,"[""83""]",4.705.000,2026-05-08 9:49:16
775746200052,CHAMPU 3EN1 GOKU DB,CHAMPU 3EN1 GOKU DB,CHAMPU 3EN1 GOKU DB,insert,1,https://riba.app/imgrs/THUMBS%20500X500/338164.JPG,tabs/detalle-producto/338164,374.000,374.000,374.000,USD,1,,"{""MARCA"":[""DRAGON BALL""],""CATEGORIA"":[""Cuidado Personal""]}","[""Cuidado Personal""]",NULL,https://riba.app/imgrs/THUMBS%20500X500/338164.JPG,0,0,"[""82""]",374.000,2026-05-08 9:49:16
775746200073,TOALLITAS HUMEDAS BOB ESPONJA ,TOALLITAS HUMEDAS BOB ESPONJA ,TOALLITAS HUMEDAS BOB ESPONJA ,insert,1,https://riba.app/imgrs/THUMBS%20500X500/353115.JPG,tabs/detalle-producto/353115,296.000,296.000,296.000,USD,1,,"{""MARCA"":[""GELATTI""],""CATEGORIA"":[""Cuidado Personal""]}","[""Cuidado Personal""]",NULL,https://riba.app/imgrs/THUMBS%20500X500/353115.JPG,0,0,"[""82""]",296.000,2026-05-08 9:49:16
775746200076,TOALLITAS HUMEDAS BARBIE ,TOALLITAS HUMEDAS BARBIE ,TOALLITAS HUMEDAS BARBIE ,insert,1,https://riba.app/imgrs/THUMBS%20500X500/353116.JPG,tabs/detalle-producto/353116,296.000,296.000,296.000,USD,1,,"{""MARCA"":[""GELATTI""],""CATEGORIA"":[""Cuidado Personal""]}","[""Cuidado Personal""]",NULL,https://riba.app/imgrs/THUMBS%20500X500/353116.JPG,0,0,"[""82""]",296.000,2026-05-08 9:49:16
775746200077,TOALLITAS BARBIE PARA NINAS,TOALLITAS BARBIE PARA NINAS,TOALLITAS BARBIE PARA NINAS,insert,1,https://riba.app/imgrs/THUMBS%20500X500/346487.JPG,tabs/detalle-producto/346487,155.000,155.000,155.000,USD,1,,"{""MARCA"":[""GELATTI""],""CATEGORIA"":[""Cuidado Personal""]}","[""Cuidado Personal""]",NULL,https://riba.app/imgrs/THUMBS%20500X500/346487.JPG,0,0,"[""82""]",155.000,2026-05-08 9:49:16
775746200081,DESENREDANTE SPRAY BABIE ,DESENREDANTE SPRAY BABIE ,DESENREDANTE SPRAY BABIE ,insert,1,https://riba.app/imgrs/THUMBS%20500X500/353108.JPG,tabs/detalle-producto/353108,367.000,367.000,367.000,USD,1,,"{""MARCA"":[""GELATTI""],""CATEGORIA"":[""Cuidado Personal""]}","[""Cuidado Personal""]",NULL,https://riba.app/imgrs/THUMBS%20500X500/353108.JPG,0,0,"[""82""]",367.000,2026-05-08 9:49:16
775746200099,TOALLITAS HUMEDAS UNICORNIO ,TOALLITAS HUMEDAS UNICORNIO ,TOALLITAS HUMEDAS UNICORNIO ,insert,1,https://riba.app/imgrs/THUMBS%20500X500/353114.JPG,tabs/detalle-producto/353114,296.000,296.000,296.000,USD,1,,"{""MARCA"":[""GELATTI""],""CATEGORIA"":[""Cuidado Personal""]}","[""Cuidado Personal""]",NULL,https://riba.app/imgrs/THUMBS%20500X500/353114.JPG,0,0,"[""82""]",296.000,2026-05-08 9:49:16
775746200100,TOALLITAS HUMEDAS UNICORNIO,TOALLITAS HUMEDAS UNICORNIO,TOALLITAS HUMEDAS UNICORNIO,insert,1,https://riba.app/imgrs/THUMBS%20500X500/339832.JPG,tabs/detalle-producto/339832,156.000,156.000,156.000,USD,1,,"{""MARCA"":[""NICKELODEON""],""CATEGORIA"":[""Cuidado Personal""]}","[""Cuidado Personal""]",NULL,https://riba.app/imgrs/THUMBS%20500X500/339832.JPG,0,0,"[""82""]",156.000,2026-05-08 9:49:16
775746200117,CHAMPU LADYBUG,CHAMPU LADYBUG,CHAMPU LADYBUG,insert,1,https://riba.app/imgrs/THUMBS%20500X500/333366.JPG,tabs/detalle-producto/333366,463.000,463.000,463.000,USD,1,,"{""MARCA"":[""NICKELODEON""],""CATEGORIA"":[""Cuidado Personal""]}","[""Cuidado Personal""]",NULL,https://riba.app/imgrs/THUMBS%20500X500/333366.JPG,0,0,"[""82""]",463.000,2026-05-08 9:49:16
775746200134,TOALLITAS HUMEDAS STITCH ,TOALLITAS HUMEDAS STITCH ,TOALLITAS HUMEDAS STITCH ,insert,1,https://riba.app/imgrs/THUMBS%20500X500/353113.JPG,tabs/detalle-producto/353113,296.000,296.000,296.000,USD,1,,"{""MARCA"":[""GELATTI""],""CATEGORIA"":[""Cuidado Personal""]}","[""Cuidado Personal""]",NULL,https://riba.app/imgrs/THUMBS%20500X500/353113.JPG,0,0,"[""82""]",296.000,2026-05-08 9:49:16
779818164001,FORMULA NUTRIBABY ET1 400G,FORMULA NUTRIBABY ET1 400G,FORMULA NUTRIBABY ET1 400G,insert,1,https://riba.app/imgrs/THUMBS%20500X500/346488.JPG,tabs/detalle-producto/346488,1.176.000,1.176.000,1.176.000,USD,1,,"{""MARCA"":[""NUTRIBABY""],""CATEGORIA"":[""Alimentos""]}","[""Alimentos""]",NULL,https://riba.app/imgrs/THUMBS%20500X500/346488.JPG,0,0,"[""83""]",1.176.000,2026-05-08 9:49:16
779818164002,FORMULA NUTRIBABY ET1 900G,FORMULA NUTRIBABY ET1 900G,FORMULA NUTRIBABY ET1 900G,insert,1,https://riba.app/imgrs/THUMBS%20500X500/346489.JPG,tabs/detalle-producto/346489,2.538.000,2.538.000,2.538.000,USD,1,,"{""MARCA"":[""NUTRIBABY""],""CATEGORIA"":[""Alimentos""]}","[""Alimentos""]",NULL,https://riba.app/imgrs/THUMBS%20500X500/346489.JPG,0,0,"[""83""]",2.538.000,2026-05-08 9:49:16
779818164006,FORMULA NUTRIBABY ET2 400G,FORMULA NUTRIBABY ET2 400G,FORMULA NUTRIBABY ET2 400G,insert,1,https://riba.app/imgrs/THUMBS%20500X500/346490.JPG,tabs/detalle-producto/346490,1.121.000,1.121.000,1.121.000,USD,1,,"{""MARCA"":[""NUTRIBABY""],""CATEGORIA"":[""Alimentos""]}","[""Alimentos""]",NULL,https://riba.app/imgrs/THUMBS%20500X500/346490.JPG,0,0,"[""83""]",1.121.000,2026-05-08 9:49:16
779818164007,FORMULA NUTRIBABY ET2 900G,FORMULA NUTRIBABY ET2 900G,FORMULA NUTRIBABY ET2 900G,insert,1,https://riba.app/imgrs/THUMBS%20500X500/346491.JPG,tabs/detalle-producto/346491,2.245.000,2.245.000,2.245.000,USD,1,,"{""MARCA"":[""NUTRIBABY""],""CATEGORIA"":[""Alimentos""]}","[""Alimentos""]",NULL,https://riba.app/imgrs/THUMBS%20500X500/346491.JPG,0,0,"[""83""]",2.245.000,2026-05-08 9:49:16
779818164026,FORMULA NB BAJA LACTOSA 400G,FORMULA NB BAJA LACTOSA 400G,FORMULA NB BAJA LACTOSA 400G,insert,1,https://riba.app/imgrs/THUMBS%20500X500/346495.JPG,tabs/detalle-producto/346495,1.296.000,1.296.000,1.296.000,USD,1,,"{""MARCA"":[""NUTRIBABY""],""CATEGORIA"":[""Alimentos""]}","[""Alimentos""]",NULL,https://riba.app/imgrs/THUMBS%20500X500/346495.JPG,0,0,"[""83""]",1.296.000,2026-05-08 9:49:16
780491500523,COLONIA SPIDERMAN 175 ML,COLONIA SPIDERMAN 175 ML,COLONIA SPIDERMAN 175 ML,insert,1,https://riba.app/imgrs/THUMBS%20500X500/327741.JPG,tabs/detalle-producto/327741,487.000,487.000,487.000,USD,1,,"{""MARCA"":[""MARVEL HEROES ""],""CATEGORIA"":[""Cuidado Personal""]}","[""Cuidado Personal""]",NULL,https://riba.app/imgrs/THUMBS%20500X500/327741.JPG,0,0,"[""82""]",487.000,2026-05-08 9:49:16
780491500925,JABON LIQ SPIDERMAN 300 ML,JABON LIQ SPIDERMAN 300 ML,JABON LIQ SPIDERMAN 300 ML,insert,1,https://riba.app/imgrs/THUMBS%20500X500/327735.JPG,tabs/detalle-producto/327735,398.000,398.000,398.000,USD,1,,"{""MARCA"":[""MARVEL HEROES ""],""CATEGORIA"":[""Cuidado Personal""]}","[""Cuidado Personal""]",NULL,https://riba.app/imgrs/THUMBS%20500X500/327735.JPG,0,0,"[""82""]",398.000,2026-05-08 9:49:16
780491501075,COLONIA MINNIE GELATTI,COLONIA MINNIE GELATTI,COLONIA MINNIE GELATTI,insert,1,https://riba.app/imgrs/THUMBS%20500X500/333355.JPG,tabs/detalle-producto/333355,475.000,475.000,475.000,USD,1,,"{""MARCA"":[""DISNEY""],""CATEGORIA"":[""Cuidado Personal""]}","[""Cuidado Personal""]",NULL,https://riba.app/imgrs/THUMBS%20500X500/333355.JPG,0,0,"[""82""]",475.000,2026-05-08 9:49:16
780491501099,ESPUMA DE BANO FROZEN,ESPUMA DE BANO FROZEN,ESPUMA DE BANO FROZEN,insert,1,https://riba.app/imgrs/THUMBS%20500X500/333354.JPG,tabs/detalle-producto/333354,940.000,940.000,940.000,USD,1,,"{""MARCA"":[""DISNEY""],""CATEGORIA"":[""Cuidado Personal""]}","[""Cuidado Personal""]",NULL,https://riba.app/imgrs/THUMBS%20500X500/333354.JPG,0,0,"[""82""]",940.000,2026-05-08 9:49:16
780491501118,DESENREDANTE FROZEN,DESENREDANTE FROZEN,DESENREDANTE FROZEN,insert,1,https://riba.app/imgrs/THUMBS%20500X500/327752.JPG,tabs/detalle-producto/327752,384.000,384.000,384.000,USD,1,,"{""MARCA"":[""DISNEY""],""CATEGORIA"":[""Cuidado Personal""]}","[""Cuidado Personal""]",NULL,https://riba.app/imgrs/THUMBS%20500X500/327752.JPG,0,0,"[""82""]",384.000,2026-05-08 9:49:16
780491501130,JABON LIQ BOB ESPONJA,JABON LIQ BOB ESPONJA,JABON LIQ BOB ESPONJA,insert,1,https://riba.app/imgrs/THUMBS%20500X500/333353.JPG,tabs/detalle-producto/333353,366.000,366.000,366.000,USD,1,,"{""MARCA"":[""NICKELODEON""],""CATEGORIA"":[""Cuidado Personal""]}","[""Cuidado Personal""]",NULL,https://riba.app/imgrs/THUMBS%20500X500/333353.JPG,0,0,"[""82""]",366.000,2026-05-08 9:49:16
780491501229,JABON LIQ UNICORNIO 300 ML,JABON LIQ UNICORNIO 300 ML,JABON LIQ UNICORNIO 300 ML,insert,1,https://riba.app/imgrs/THUMBS%20500X500/327737.JPG,tabs/detalle-producto/327737,398.000,398.000,398.000,USD,1,,"{""MARCA"":[""NICKELODEON""],""CATEGORIA"":[""Cuidado Personal""]}","[""Cuidado Personal""]",NULL,https://riba.app/imgrs/THUMBS%20500X500/327737.JPG,0,0,"[""82""]",398.000,2026-05-08 9:49:16
780491501230,JABON LIQ PAW PATROL 350ML,JABON LIQ PAW PATROL 350ML,JABON LIQ PAW PATROL 350ML,insert,1,https://riba.app/imgrs/THUMBS%20500X500/327734.JPG,tabs/detalle-producto/327734,494.000,494.000,494.000,USD,1,,"{""MARCA"":[""NICKELODEON""],""CATEGORIA"":[""Cuidado Personal""]}","[""Cuidado Personal""]",NULL,https://riba.app/imgrs/THUMBS%20500X500/327734.JPG,0,0,"[""82""]",494.000,2026-05-08 9:49:16
780491501234,DESENREDANTE UNICORN,DESENREDANTE UNICORN,DESENREDANTE UNICORN,insert,1,https://riba.app/imgrs/THUMBS%20500X500/327753.JPG,tabs/detalle-producto/327753,384.000,384.000,384.000,USD,1,,"{""MARCA"":[""NICKELODEON""],""CATEGORIA"":[""Cuidado Personal""]}","[""Cuidado Personal""]",NULL,https://riba.app/imgrs/THUMBS%20500X500/327753.JPG,0,0,"[""82""]",384.000,2026-05-08 9:49:16
780491551471,CHAMPU PATRULLA CANINA,CHAMPU PATRULLA CANINA,CHAMPU PATRULLA CANINA,insert,1,https://riba.app/imgrs/THUMBS%20500X500/338165.JPG,tabs/detalle-producto/338165,562.000,562.000,562.000,USD,1,,"{""MARCA"":[""NICKELODEON""],""CATEGORIA"":[""Cuidado Personal""]}","[""Cuidado Personal""]",NULL,https://riba.app/imgrs/THUMBS%20500X500/338165.JPG,0,0,"[""82""]",562.000,2026-05-08 9:49:16
780491551596,CHAMPU HOMBRE ARANA,CHAMPU HOMBRE ARANA,CHAMPU HOMBRE ARANA,insert,1,https://riba.app/imgrs/THUMBS%20500X500/338168.JPG,tabs/detalle-producto/338168,562.000,562.000,562.000,USD,1,,"{""MARCA"":[""MARVEL HEROES ""],""CATEGORIA"":[""Cuidado Personal""]}","[""Cuidado Personal""]",NULL,https://riba.app/imgrs/THUMBS%20500X500/338168.JPG,0,0,"[""82""]",562.000,2026-05-08 9:49:16
780491551788,COLONIA SKYPE PAW PATROL 175ML,COLONIA SKYPE PAW PATROL 175ML,COLONIA SKYPE PAW PATROL 175ML,insert,1,https://riba.app/imgrs/THUMBS%20500X500/327740.JPG,tabs/detalle-producto/327740,492.000,492.000,492.000,USD,1,,"{""MARCA"":[""NICKELODEON""],""CATEGORIA"":[""Cuidado Personal""]}","[""Cuidado Personal""]",NULL,https://riba.app/imgrs/THUMBS%20500X500/327740.JPG,0,0,"[""82""]",492.000,2026-05-08 9:49:16
780491552332,CHAMPU BIOTOONS STITCH,CHAMPU BIOTOONS STITCH,CHAMPU BIOTOONS STITCH,insert,1,https://riba.app/imgrs/THUMBS%20500X500/352724.JPG,tabs/detalle-producto/352724,566.000,566.000,566.000,USD,1,,"{""MARCA"":[""GELATTI""],""CATEGORIA"":[""Cuidado Personal""]}","[""Cuidado Personal""]",NULL,https://riba.app/imgrs/THUMBS%20500X500/352724.JPG,0,0,"[""82""]",566.000,2026-05-08 9:49:16
780491552333,CHAMPU BIOTOONS SONIC,CHAMPU BIOTOONS SONIC,CHAMPU BIOTOONS SONIC,insert,1,https://riba.app/imgrs/THUMBS%20500X500/352725.JPG,tabs/detalle-producto/352725,566.000,566.000,566.000,USD,1,,"{""MARCA"":[""GELATTI""],""CATEGORIA"":[""Cuidado Personal""]}","[""Cuidado Personal""]",NULL,https://riba.app/imgrs/THUMBS%20500X500/352725.JPG,0,0,"[""82""]",566.000,2026-05-08 9:49:16
780491552690,CHAMPU MARSHALL CHASE SHOOBIES,CHAMPU MARSHALL CHASE SHOOBIES,CHAMPU MARSHALL CHASE SHOOBIES,insert,1,https://riba.app/imgrs/THUMBS%20500X500/333356.JPG,tabs/detalle-producto/333356,881.000,881.000,881.000,USD,1,,"{""MARCA"":[""NICKELODEON""],""CATEGORIA"":[""Cuidado Personal""]}","[""Cuidado Personal""]",NULL,https://riba.app/imgrs/THUMBS%20500X500/333356.JPG,0,0,"[""82""]",881.000,2026-05-08 9:49:16
780491552705,CHAMPU HOMBRE ARANA ESPONJA,CHAMPU HOMBRE ARANA ESPONJA,CHAMPU HOMBRE ARANA ESPONJA,insert,1,https://riba.app/imgrs/THUMBS%20500X500/333358.JPG,tabs/detalle-producto/333358,881.000,881.000,881.000,USD,1,,"{""MARCA"":[""MARVEL HEROES ""],""CATEGORIA"":[""Cuidado Personal""]}","[""Cuidado Personal""]",NULL,https://riba.app/imgrs/THUMBS%20500X500/333358.JPG,0,0,"[""82""]",881.000,2026-05-08 9:49:16
780491552707,CHAMPU ARIEL ESPONJA FLOUNDER,CHAMPU ARIEL ESPONJA FLOUNDER,CHAMPU ARIEL ESPONJA FLOUNDER,insert,1,https://riba.app/imgrs/THUMBS%20500X500/333357.JPG,tabs/detalle-producto/333357,881.000,881.000,881.000,USD,1,,"{""MARCA"":[""DISNEY""],""CATEGORIA"":[""Cuidado Personal""]}","[""Cuidado Personal""]",NULL,https://riba.app/imgrs/THUMBS%20500X500/333357.JPG,0,0,"[""82""]",881.000,2026-05-08 9:49:16
780491552888,SHAMPOO BARBIE ,SHAMPOO BARBIE ,SHAMPOO BARBIE ,insert,1,https://riba.app/imgrs/THUMBS%20500X500/353107.JPG,tabs/detalle-producto/353107,464.000,464.000,464.000,USD,1,,"{""MARCA"":[""GELATTI""],""CATEGORIA"":[""Cuidado Personal""]}","[""Cuidado Personal""]",NULL,https://riba.app/imgrs/THUMBS%20500X500/353107.JPG,0,0,"[""82""]",464.000,2026-05-08 9:49:16
780491553349,CHAMPU Y GUANTE SPIDERMAN,CHAMPU Y GUANTE SPIDERMAN,CHAMPU Y GUANTE SPIDERMAN,insert,1,https://riba.app/imgrs/THUMBS%20500X500/357542.JPG,tabs/detalle-producto/357542,842.000,842.000,842.000,USD,1,,"{""MARCA"":[""MARVEL HEROES ""],""CATEGORIA"":[""Cuidado Personal""]}","[""Cuidado Personal""]",NULL,https://riba.app/imgrs/THUMBS%20500X500/357542.JPG,0,0,"[""82""]",842.000,2026-05-08 9:49:16
780960403148,PANAL HUG CUIDADO PIEL MEDIANO,PANAL HUG CUIDADO PIEL MEDIANO,PANAL HUG CUIDADO PIEL MEDIANO,insert,1,https://riba.app/imgrs/THUMBS%20500X500/350133.JPG,tabs/detalle-producto/350133,1.919.000,1.919.000,1.919.000,USD,1,,"{""MARCA"":[""HUGGIES""],""CATEGORIA"":[""Pañales""]}","[""Pañales""]",NULL,https://riba.app/imgrs/THUMBS%20500X500/350133.JPG,0,0,"[""84""]",1.919.000,2026-05-08 9:49:16
780960403149,PANAL HUG CUIDADO PIEL GRANDE,PANAL HUG CUIDADO PIEL GRANDE,PANAL HUG CUIDADO PIEL GRANDE,insert,1,https://riba.app/imgrs/THUMBS%20500X500/350132.JPG,tabs/detalle-producto/350132,1.919.000,1.919.000,1.919.000,USD,1,,"{""MARCA"":[""HUGGIES""],""CATEGORIA"":[""Pañales""]}","[""Pañales""]",NULL,https://riba.app/imgrs/THUMBS%20500X500/350132.JPG,0,0,"[""84""]",1.919.000,2026-05-08 9:49:16
780960403150,PANAL HUG CUIDADO PIEL XG,PANAL HUG CUIDADO PIEL XG,PANAL HUG CUIDADO PIEL XG,insert,1,https://riba.app/imgrs/THUMBS%20500X500/350131.JPG,tabs/detalle-producto/350131,1.919.000,1.919.000,1.919.000,USD,1,,"{""MARCA"":[""HUGGIES""],""CATEGORIA"":[""Pañales""]}","[""Pañales""]",NULL,https://riba.app/imgrs/THUMBS%20500X500/350131.JPG,0,0,"[""84""]",1.919.000,2026-05-08 9:49:16
780960403152,PANAL HUG CUIDADO PEQUENO,PANAL HUG CUIDADO PEQUENO,PANAL HUG CUIDADO PEQUENO,insert,1,https://riba.app/imgrs/THUMBS%20500X500/350134.JPG,tabs/detalle-producto/350134,1.919.000,1.919.000,1.919.000,USD,1,,"{""MARCA"":[""HUGGIES""],""CATEGORIA"":[""Pañales""]}","[""Pañales""]",NULL,https://riba.app/imgrs/THUMBS%20500X500/350134.JPG,0,0,"[""84""]",1.919.000,2026-05-08 9:49:16
789100033161,GERBER NUTRIPUFF FRESA BANANA,GERBER NUTRIPUFF FRESA BANANA,GERBER NUTRIPUFF FRESA BANANA,insert,1,https://riba.app/imgrs/THUMBS%20500X500/304194.JPG,tabs/detalle-producto/304194,279.000,279.000,279.000,USD,1,,"{""MARCA"":[""GERBER""],""CATEGORIA"":[""Alimentos""]}","[""Alimentos""]",NULL,https://riba.app/imgrs/THUMBS%20500X500/304194.JPG,0,0,"[""83""]",279.000,2026-05-08 9:49:16
789101003104,ACEITE ORIGINAL 100ML,ACEITE ORIGINAL 100ML,ACEITE ORIGINAL 100ML,insert,1,https://riba.app/imgrs/THUMBS%20500X500/17476.JPG,tabs/detalle-producto/17476,326.000,326.000,326.000,USD,1,,"{""MARCA"":[""JOHNSON & JOHNSON""],""CATEGORIA"":[""Cuidado Personal""]}","[""Cuidado Personal""]",NULL,https://riba.app/imgrs/THUMBS%20500X500/17476.JPG,0,0,"[""82""]",326.000,2026-05-08 9:49:16
789101003105,ACEITE ORIGINAL 200ML,ACEITE ORIGINAL 200ML,ACEITE ORIGINAL 200ML,insert,1,https://riba.app/imgrs/THUMBS%20500X500/17477.JPG,tabs/detalle-producto/17477,561.000,561.000,561.000,USD,1,,"{""MARCA"":[""JOHNSON & JOHNSON""],""CATEGORIA"":[""Cuidado Personal""]}","[""Cuidado Personal""]",NULL,https://riba.app/imgrs/THUMBS%20500X500/17477.JPG,0,0,"[""82""]",561.000,2026-05-08 9:49:16
789101003597,JABON BARRA JJBABY GLICERINA,JABON BARRA JJBABY GLICERINA,JABON BARRA JJBABY GLICERINA,insert,1,https://riba.app/imgrs/THUMBS%20500X500/354411.JPG,tabs/detalle-producto/354411,130.000,130.000,130.000,USD,1,,"{""MARCA"":[""JOHNSON & JOHNSON""],""CATEGORIA"":[""Cuidado Personal""]}","[""Cuidado Personal""]",NULL,https://riba.app/imgrs/THUMBS%20500X500/354411.JPG,0,0,"[""82""]",130.000,2026-05-08 9:49:16
789101003718,CREMA LIQUIDA 200ML,CREMA LIQUIDA 200ML,CREMA LIQUIDA 200ML,insert,1,https://riba.app/imgrs/THUMBS%20500X500/17497.JPG,tabs/detalle-producto/17497,599.000,599.000,599.000,USD,1,,"{""MARCA"":[""JOHNSON & JOHNSON""],""CATEGORIA"":[""Cuidado Personal""]}","[""Cuidado Personal""]",NULL,https://riba.app/imgrs/THUMBS%20500X500/17497.JPG,0,0,"[""82""]",599.000,2026-05-08 9:49:16
789101003719,CREMA LIQUIDA 400 ML,CREMA LIQUIDA 400 ML,CREMA LIQUIDA 400 ML,insert,1,https://riba.app/imgrs/THUMBS%20500X500/17498.JPG,tabs/detalle-producto/17498,965.000,965.000,965.000,USD,1,,"{""MARCA"":[""JOHNSON & JOHNSON""],""CATEGORIA"":[""Cuidado Personal""]}","[""Cuidado Personal""]",NULL,https://riba.app/imgrs/THUMBS%20500X500/17498.JPG,0,0,"[""82""]",965.000,2026-05-08 9:49:16
789101025599,CREMA LIQUIDA JB DERMAPROTECTO,CREMA LIQUIDA JB DERMAPROTECTO,CREMA LIQUIDA JB DERMAPROTECTO,insert,1,https://riba.app/imgrs/THUMBS%20500X500/350188.JPG,tabs/detalle-producto/350188,1.300.000,1.300.000,1.300.000,USD,1,,"{""MARCA"":[""JOHNSON´S BABY""],""CATEGORIA"":[""Cuidado Personal""]}","[""Cuidado Personal""]",NULL,https://riba.app/imgrs/THUMBS%20500X500/350188.JPG,0,0,"[""82""]",1.300.000,2026-05-08 9:49:16
789101025600,JABON DE BANO JB DERMAPROTECTO,JABON DE BANO JB DERMAPROTECTO,JABON DE BANO JB DERMAPROTECTO,insert,1,https://riba.app/imgrs/THUMBS%20500X500/350186.JPG,tabs/detalle-producto/350186,1.195.000,1.195.000,1.195.000,USD,1,,"{""MARCA"":[""JOHNSON´S BABY""],""CATEGORIA"":[""Cuidado Personal""]}","[""Cuidado Personal""]",NULL,https://riba.app/imgrs/THUMBS%20500X500/350186.JPG,0,0,"[""82""]",1.195.000,2026-05-08 9:49:16
789101091922,LOCION ANTIMOSQUITO JSBABY,LOCION ANTIMOSQUITO JSBABY,LOCION ANTIMOSQUITO JSBABY,insert,1,https://riba.app/imgrs/THUMBS%20500X500/320843.JPG,tabs/detalle-producto/320843,1.236.000,1.236.000,1.236.000,USD,1,,"{""MARCA"":[""JOHNSON & JOHNSON""],""CATEGORIA"":[""Cuidado Personal""]}","[""Cuidado Personal""]",NULL,https://riba.app/imgrs/THUMBS%20500X500/320843.JPG,0,0,"[""82""]",1.236.000,2026-05-08 9:49:16
789115002596,BABY JAB LIQ HIDRAT SENSIBLE ,BABY JAB LIQ HIDRAT SENSIBLE ,BABY JAB LIQ HIDRAT SENSIBLE ,insert,1,https://riba.app/imgrs/THUMBS%20500X500/256410.JPG,tabs/detalle-producto/256410,519.000,519.000,519.000,USD,1,,"{""MARCA"":[""DOVE (JABON)""],""CATEGORIA"":[""Cuidado Personal""]}","[""Cuidado Personal""]",NULL,https://riba.app/imgrs/THUMBS%20500X500/256410.JPG,0,0,"[""82""]",519.000,2026-05-08 9:49:16
789115002598,JABON DOVE BEBE LIQ HIDRATACIO,JABON DOVE BEBE LIQ HIDRATACIO,JABON DOVE BEBE LIQ HIDRATACIO,insert,1,https://riba.app/imgrs/THUMBS%20500X500/256411.JPG,tabs/detalle-producto/256411,499.000,499.000,499.000,USD,1,,"{""MARCA"":[""DOVE (JABON)""],""CATEGORIA"":[""Cuidado Personal""]}","[""Cuidado Personal""]",NULL,https://riba.app/imgrs/THUMBS%20500X500/256411.JPG,0,0,"[""82""]",499.000,2026-05-08 9:49:16
789115002599,BABY JABON HIDRAT SENCIBLE ,BABY JABON HIDRAT SENCIBLE ,BABY JABON HIDRAT SENCIBLE ,insert,1,https://riba.app/imgrs/THUMBS%20500X500/256412.JPG,tabs/detalle-producto/256412,172.000,172.000,172.000,USD,1,,"{""MARCA"":[""DOVE (JABON)""],""CATEGORIA"":[""Cuidado Personal""]}","[""Cuidado Personal""]",NULL,https://riba.app/imgrs/THUMBS%20500X500/256412.JPG,0,0,"[""82""]",172.000,2026-05-08 9:49:16
789115002602,JABON DOVE BEBE ENRIQUECIDO,JABON DOVE BEBE ENRIQUECIDO,JABON DOVE BEBE ENRIQUECIDO,insert,1,https://riba.app/imgrs/THUMBS%20500X500/256414.JPG,tabs/detalle-producto/256414,172.000,172.000,172.000,USD,1,,"{""MARCA"":[""DOVE (JABON)""],""CATEGORIA"":[""Cuidado Personal""]}","[""Cuidado Personal""]",NULL,https://riba.app/imgrs/THUMBS%20500X500/256414.JPG,0,0,"[""82""]",172.000,2026-05-08 9:49:16
789601870062,TOA HUM HUG ACTIVE FRESH F TOP,TOA HUM HUG ACTIVE FRESH F TOP,TOA HUM HUG ACTIVE FRESH F TOP,insert,1,https://riba.app/imgrs/THUMBS%20500X500/143192.JPG,tabs/detalle-producto/143192,257.000,257.000,257.000,USD,1,,"{""MARCA"":[""HUGGIES""],""CATEGORIA"":[""Cuidado Personal""]}","[""Cuidado Personal""]",NULL,https://riba.app/imgrs/THUMBS%20500X500/143192.JPG,0,0,"[""82""]",257.000,2026-05-08 9:49:16
79069310100,PANDA SNACK CONTAINER,PANDA SNACK CONTAINER,PANDA SNACK CONTAINER,insert,1,https://riba.app/imgrs/THUMBS%20500X500/314693.JPG,tabs/detalle-producto/314693,632.000,632.000,632.000,USD,1,,"{""MARCA"":[""MELII""],""CATEGORIA"":[""Utensilios De Bebe""]}","[""Utensilios De Bebe""]",NULL,https://riba.app/imgrs/THUMBS%20500X500/314693.JPG,0,0,"[""85""]",632.000,2026-05-08 9:49:16
79069310200,BULDOG SNACK CONTAINER,BULDOG SNACK CONTAINER,BULDOG SNACK CONTAINER,insert,1,https://riba.app/imgrs/THUMBS%20500X500/314694.JPG,tabs/detalle-producto/314694,652.000,652.000,652.000,USD,1,,"{""MARCA"":[""MELII""],""CATEGORIA"":[""Utensilios De Bebe""]}","[""Utensilios De Bebe""]",NULL,https://riba.app/imgrs/THUMBS%20500X500/314694.JPG,0,0,"[""85""]",652.000,2026-05-08 9:49:16
79069310300,LION SNACK CONTAINER,LION SNACK CONTAINER,LION SNACK CONTAINER,insert,1,https://riba.app/imgrs/THUMBS%20500X500/314695.JPG,tabs/detalle-producto/314695,632.000,632.000,632.000,USD,1,,"{""MARCA"":[""MELII""],""CATEGORIA"":[""Utensilios De Bebe""]}","[""Utensilios De Bebe""]",NULL,https://riba.app/imgrs/THUMBS%20500X500/314695.JPG,0,0,"[""85""]",632.000,2026-05-08 9:49:16
79069310500,ELEPHANT PACIFIER HOLDER PINK ,ELEPHANT PACIFIER HOLDER PINK ,ELEPHANT PACIFIER HOLDER PINK ,insert,1,https://riba.app/imgrs/THUMBS%20500X500/314711.JPG,tabs/detalle-producto/314711,684.000,684.000,684.000,USD,1,,"{""MARCA"":[""MELII""],""CATEGORIA"":[""Utensilios De Bebe""]}","[""Utensilios De Bebe""]",NULL,https://riba.app/imgrs/THUMBS%20500X500/314711.JPG,0,0,"[""85""]",684.000,2026-05-08 9:49:16
79069310600,ELEPHANT PACIFIER HOLDER GRAY,ELEPHANT PACIFIER HOLDER GRAY,ELEPHANT PACIFIER HOLDER GRAY,insert,1,https://riba.app/imgrs/THUMBS%20500X500/314712.JPG,tabs/detalle-producto/314712,690.000,690.000,690.000,USD,1,,"{""MARCA"":[""MELII""],""CATEGORIA"":[""Utensilios De Bebe""]}","[""Utensilios De Bebe""]",NULL,https://riba.app/imgrs/THUMBS%20500X500/314712.JPG,0,0,"[""85""]",690.000,2026-05-08 9:49:16
79069310700,PACIFIER POD PINK GREY,PACIFIER POD PINK GREY,PACIFIER POD PINK GREY,insert,1,https://riba.app/imgrs/THUMBS%20500X500/314713.JPG,tabs/detalle-producto/314713,453.000,453.000,453.000,USD,1,,"{""MARCA"":[""MELII""],""CATEGORIA"":[""Utensilios De Bebe""]}","[""Utensilios De Bebe""]",NULL,https://riba.app/imgrs/THUMBS%20500X500/314713.JPG,0,0,"[""85""]",453.000,2026-05-08 9:49:16
79069310800,PACIFIER POD GREY BLUE,PACIFIER POD GREY BLUE,PACIFIER POD GREY BLUE,insert,1,https://riba.app/imgrs/THUMBS%20500X500/314714.JPG,tabs/detalle-producto/314714,453.000,453.000,453.000,USD,1,,"{""MARCA"":[""MELII""],""CATEGORIA"":[""Utensilios De Bebe""]}","[""Utensilios De Bebe""]",NULL,https://riba.app/imgrs/THUMBS%20500X500/314714.JPG,0,0,"[""85""]",453.000,2026-05-08 9:49:16
79069310900,DUCK BOTTLE BRUSH,DUCK BOTTLE BRUSH,DUCK BOTTLE BRUSH,insert,1,https://riba.app/imgrs/THUMBS%20500X500/338445.JPG,tabs/detalle-producto/338445,707.000,707.000,707.000,USD,1,,"{""MARCA"":[""MELII""],""CATEGORIA"":[""Utensilios De Bebe""]}","[""Utensilios De Bebe""]",NULL,https://riba.app/imgrs/THUMBS%20500X500/338445.JPG,0,0,"[""85""]",707.000,2026-05-08 9:49:16
79069311050,SNAP AND GO PODS 4 PCS 4OZ,SNAP AND GO PODS 4 PCS 4OZ,SNAP AND GO PODS 4 PCS 4OZ,insert,1,https://riba.app/imgrs/THUMBS%20500X500/314689.JPG,tabs/detalle-producto/314689,959.000,959.000,959.000,USD,1,,"{""MARCA"":[""MELII""],""CATEGORIA"":[""Utensilios De Bebe""]}","[""Utensilios De Bebe""]",NULL,https://riba.app/imgrs/THUMBS%20500X500/314689.JPG,0,0,"[""85""]",959.000,2026-05-08 9:49:16
79069311060,SNAP & GO PODS 6OZ 4 PC,SNAP & GO PODS 6OZ 4 PC,SNAP & GO PODS 6OZ 4 PC,insert,1,https://riba.app/imgrs/THUMBS%20500X500/328562.JPG,tabs/detalle-producto/328562,1.288.000,1.288.000,1.288.000,USD,1,,"{""MARCA"":[""MELII""],""CATEGORIA"":[""Utensilios De Bebe""]}","[""Utensilios De Bebe""]",NULL,https://riba.app/imgrs/THUMBS%20500X500/328562.JPG,0,0,"[""85""]",1.288.000,2026-05-08 9:49:16
79069311100,SPORK ON THE GO PINK PURPLE,SPORK ON THE GO PINK PURPLE,SPORK ON THE GO PINK PURPLE,insert,1,https://riba.app/imgrs/THUMBS%20500X500/314706.JPG,tabs/detalle-producto/314706,830.000,830.000,830.000,USD,1,,"{""MARCA"":[""MELII""],""CATEGORIA"":[""Utensilios De Bebe""]}","[""Utensilios De Bebe""]",NULL,https://riba.app/imgrs/THUMBS%20500X500/314706.JPG,0,0,"[""85""]",830.000,2026-05-08 9:49:16
79069311200,SPORK ON THE GO BLUE PURPLE,SPORK ON THE GO BLUE PURPLE,SPORK ON THE GO BLUE PURPLE,insert,1,https://riba.app/imgrs/THUMBS%20500X500/314707.JPG,tabs/detalle-producto/314707,830.000,830.000,830.000,USD,1,,"{""MARCA"":[""MELII""],""CATEGORIA"":[""Utensilios De Bebe""]}","[""Utensilios De Bebe""]",NULL,https://riba.app/imgrs/THUMBS%20500X500/314707.JPG,0,0,"[""85""]",830.000,2026-05-08 9:49:16
79069311400,BABY FOOD FREEZER TRAY ASST CL,BABY FOOD FREEZER TRAY ASST CL,BABY FOOD FREEZER TRAY ASST CL,insert,1,https://riba.app/imgrs/THUMBS%20500X500/314705.JPG,tabs/detalle-producto/314705,2.295.000,2.295.000,2.295.000,USD,1,,"{""MARCA"":[""MELII""],""CATEGORIA"":[""Utensilios De Bebe""]}","[""Utensilios De Bebe""]",NULL,https://riba.app/imgrs/THUMBS%20500X500/314705.JPG,0,0,"[""85""]",2.295.000,2026-05-08 9:49:16
79069311410,SILICON BABY FOOD FREEZER PINK,SILICON BABY FOOD FREEZER PINK,SILICON BABY FOOD FREEZER PINK,insert,1,https://riba.app/imgrs/THUMBS%20500X500/329440.JPG,tabs/detalle-producto/329440,1.147.000,1.147.000,1.147.000,USD,1,,"{""MARCA"":[""MELII""],""CATEGORIA"":[""Utensilios De Bebe""]}","[""Utensilios De Bebe""]",NULL,https://riba.app/imgrs/THUMBS%20500X500/329440.JPG,0,0,"[""85""]",1.147.000,2026-05-08 9:49:16
79069311420,SILICON BABY FOOD FREEZER MINT,SILICON BABY FOOD FREEZER MINT,SILICON BABY FOOD FREEZER MINT,insert,1,https://riba.app/imgrs/THUMBS%20500X500/329441.JPG,tabs/detalle-producto/329441,1.147.000,1.147.000,1.147.000,USD,1,,"{""MARCA"":[""MELII""],""CATEGORIA"":[""Utensilios De Bebe""]}","[""Utensilios De Bebe""]",NULL,https://riba.app/imgrs/THUMBS%20500X500/329441.JPG,0,0,"[""85""]",1.147.000,2026-05-08 9:49:16
79069311430,SILICON BABY FOOD FREEZER GREY,SILICON BABY FOOD FREEZER GREY,SILICON BABY FOOD FREEZER GREY,insert,1,https://riba.app/imgrs/THUMBS%20500X500/329442.JPG,tabs/detalle-producto/329442,1.206.000,1.206.000,1.206.000,USD,1,,"{""MARCA"":[""MELII""],""CATEGORIA"":[""Utensilios De Bebe""]}","[""Utensilios De Bebe""]",NULL,https://riba.app/imgrs/THUMBS%20500X500/329442.JPG,0,0,"[""85""]",1.206.000,2026-05-08 9:49:16
79069311500,ABACUS SNACK CONTAINER MINT,ABACUS SNACK CONTAINER MINT,ABACUS SNACK CONTAINER MINT,insert,1,https://riba.app/imgrs/THUMBS%20500X500/314696.JPG,tabs/detalle-producto/314696,830.000,830.000,830.000,USD,1,,"{""MARCA"":[""MELII""],""CATEGORIA"":[""Utensilios De Bebe""]}","[""Utensilios De Bebe""]",NULL,https://riba.app/imgrs/THUMBS%20500X500/314696.JPG,0,0,"[""85""]",830.000,2026-05-08 9:49:16
79069311600,ABACUS SNACK CONTAINER BLUE,ABACUS SNACK CONTAINER BLUE,ABACUS SNACK CONTAINER BLUE,insert,1,https://riba.app/imgrs/THUMBS%20500X500/314697.JPG,tabs/detalle-producto/314697,830.000,830.000,830.000,USD,1,,"{""MARCA"":[""MELII""],""CATEGORIA"":[""Utensilios De Bebe""]}","[""Utensilios De Bebe""]",NULL,https://riba.app/imgrs/THUMBS%20500X500/314697.JPG,0,0,"[""85""]",830.000,2026-05-08 9:49:16
79069311700,ABACUS SNACK CONTAINER PINK,ABACUS SNACK CONTAINER PINK,ABACUS SNACK CONTAINER PINK,insert,1,https://riba.app/imgrs/THUMBS%20500X500/314698.JPG,tabs/detalle-producto/314698,830.000,830.000,830.000,USD,1,,"{""MARCA"":[""MELII""],""CATEGORIA"":[""Utensilios De Bebe""]}","[""Utensilios De Bebe""]",NULL,https://riba.app/imgrs/THUMBS%20500X500/314698.JPG,0,0,"[""85""]",830.000,2026-05-08 9:49:16
79069311900,ABACUS SIPPY CUP MINT,ABACUS SIPPY CUP MINT,ABACUS SIPPY CUP MINT,insert,1,https://riba.app/imgrs/THUMBS%20500X500/314708.JPG,tabs/detalle-producto/314708,1.013.000,1.013.000,1.013.000,USD,1,,"{""MARCA"":[""MELII""],""CATEGORIA"":[""Utensilios De Bebe""]}","[""Utensilios De Bebe""]",NULL,https://riba.app/imgrs/THUMBS%20500X500/314708.JPG,0,0,"[""85""]",1.013.000,2026-05-08 9:49:16
79069312000,ABACUS SIPPY CUP BLUE,ABACUS SIPPY CUP BLUE,ABACUS SIPPY CUP BLUE,insert,1,https://riba.app/imgrs/THUMBS%20500X500/314709.JPG,tabs/detalle-producto/314709,1.013.000,1.013.000,1.013.000,USD,1,,"{""MARCA"":[""MELII""],""CATEGORIA"":[""Utensilios De Bebe""]}","[""Utensilios De Bebe""]",NULL,https://riba.app/imgrs/THUMBS%20500X500/314709.JPG,0,0,"[""85""]",1.013.000,2026-05-08 9:49:16
79069312100,ABACUS SIPPY CUP PINK,ABACUS SIPPY CUP PINK,ABACUS SIPPY CUP PINK,insert,1,https://riba.app/imgrs/THUMBS%20500X500/314710.JPG,tabs/detalle-producto/314710,1.013.000,1.013.000,1.013.000,USD,1,,"{""MARCA"":[""MELII""],""CATEGORIA"":[""Utensilios De Bebe""]}","[""Utensilios De Bebe""]",NULL,https://riba.app/imgrs/THUMBS%20500X500/314710.JPG,0,0,"[""85""]",1.013.000,2026-05-08 9:49:16
79069312500,RAINBOW SILICONE FOOD CUPS,RAINBOW SILICONE FOOD CUPS,RAINBOW SILICONE FOOD CUPS,insert,1,https://riba.app/imgrs/THUMBS%20500X500/314703.JPG,tabs/detalle-producto/314703,632.000,632.000,632.000,USD,1,,"{""MARCA"":[""MELII""],""CATEGORIA"":[""Utensilios De Bebe""]}","[""Utensilios De Bebe""]",NULL,https://riba.app/imgrs/THUMBS%20500X500/314703.JPG,0,0,"[""85""]",632.000,2026-05-08 9:49:16
79069312560,RAINBOW SILICONE FOOD CUPS 12P,RAINBOW SILICONE FOOD CUPS 12P,RAINBOW SILICONE FOOD CUPS 12P,insert,1,https://riba.app/imgrs/THUMBS%20500X500/338444.JPG,tabs/detalle-producto/338444,1.091.000,1.091.000,1.091.000,USD,1,,"{""MARCA"":[""MELII""],""CATEGORIA"":[""Utensilios De Bebe""]}","[""Utensilios De Bebe""]",NULL,https://riba.app/imgrs/THUMBS%20500X500/338444.JPG,0,0,"[""85""]",1.091.000,2026-05-08 9:49:16
79069313010,SILICONE CAT BIB,SILICONE CAT BIB,SILICONE CAT BIB,insert,1,https://riba.app/imgrs/THUMBS%20500X500/338438.JPG,tabs/detalle-producto/338438,1.288.000,1.288.000,1.288.000,USD,1,,"{""MARCA"":[""MELII""],""CATEGORIA"":[""Utensilios De Bebe""]}","[""Utensilios De Bebe""]",NULL,https://riba.app/imgrs/THUMBS%20500X500/338438.JPG,0,0,"[""85""]",1.288.000,2026-05-08 9:49:16
79069313020,SILICONE SHARK BIB,SILICONE SHARK BIB,SILICONE SHARK BIB,insert,1,https://riba.app/imgrs/THUMBS%20500X500/338439.JPG,tabs/detalle-producto/338439,1.288.000,1.288.000,1.288.000,USD,1,,"{""MARCA"":[""MELII""],""CATEGORIA"":[""Utensilios De Bebe""]}","[""Utensilios De Bebe""]",NULL,https://riba.app/imgrs/THUMBS%20500X500/338439.JPG,0,0,"[""85""]",1.288.000,2026-05-08 9:49:16
79069313100,SILICONE STRAWS CLEANING BRUSH,SILICONE STRAWS CLEANING BRUSH,SILICONE STRAWS CLEANING BRUSH,insert,1,https://riba.app/imgrs/THUMBS%20500X500/348782.JPG,tabs/detalle-producto/348782,872.000,872.000,872.000,USD,1,,"{""MARCA"":[""MELII""],""CATEGORIA"":[""Utensilios De Bebe""]}","[""Utensilios De Bebe""]",NULL,https://riba.app/imgrs/THUMBS%20500X500/348782.JPG,0,0,"[""85""]",872.000,2026-05-08 9:49:16
79069313110,SILICONE STRAWS CLEANING BRUSH,SILICONE STRAWS CLEANING BRUSH,SILICONE STRAWS CLEANING BRUSH,insert,1,https://riba.app/imgrs/THUMBS%20500X500/348783.JPG,tabs/detalle-producto/348783,872.000,872.000,872.000,USD,1,,"{""MARCA"":[""MELII""],""CATEGORIA"":[""Utensilios De Bebe""]}","[""Utensilios De Bebe""]",NULL,https://riba.app/imgrs/THUMBS%20500X500/348783.JPG,0,0,"[""85""]",872.000,2026-05-08 9:49:16
79069315200,PUZZLE CONTAINER PNK GRY PURPL,PUZZLE CONTAINER PNK GRY PURPL,PUZZLE CONTAINER PNK GRY PURPL,insert,1,https://riba.app/imgrs/THUMBS%20500X500/317520.JPG,tabs/detalle-producto/317520,992.000,992.000,992.000,USD,1,,"{""MARCA"":[""MELII""],""CATEGORIA"":[""Utensilios De Bebe""]}","[""Utensilios De Bebe""]",NULL,https://riba.app/imgrs/THUMBS%20500X500/317520.JPG,0,0,"[""85""]",992.000,2026-05-08 9:49:16
79069316100,CAT & BULLDOG SPOON FORK KNIFE,CAT & BULLDOG SPOON FORK KNIFE,CAT & BULLDOG SPOON FORK KNIFE,insert,1,https://riba.app/imgrs/THUMBS%20500X500/328569.JPG,tabs/detalle-producto/328569,1.331.000,1.331.000,1.331.000,USD,1,,"{""MARCA"":[""MELII""],""CATEGORIA"":[""Utensilios De Bebe""]}","[""Utensilios De Bebe""]",NULL,https://riba.app/imgrs/THUMBS%20500X500/328569.JPG,0,0,"[""85""]",1.331.000,2026-05-08 9:49:16
79069316200,BEAR & SHARK SPOON FORK KNIFE,BEAR & SHARK SPOON FORK KNIFE,BEAR & SHARK SPOON FORK KNIFE,insert,1,https://riba.app/imgrs/THUMBS%20500X500/328570.JPG,tabs/detalle-producto/328570,1.275.000,1.275.000,1.275.000,USD,1,,"{""MARCA"":[""MELII""],""CATEGORIA"":[""Utensilios De Bebe""]}","[""Utensilios De Bebe""]",NULL,https://riba.app/imgrs/THUMBS%20500X500/328570.JPG,0,0,"[""85""]",1.275.000,2026-05-08 9:49:16
79069316600,GLASS BABY FOOD CONTAINER,GLASS BABY FOOD CONTAINER,GLASS BABY FOOD CONTAINER,insert,1,https://riba.app/imgrs/THUMBS%20500X500/329748.JPG,tabs/detalle-producto/329748,1.379.000,1.379.000,1.379.000,USD,1,,"{""MARCA"":[""MELII""],""CATEGORIA"":[""Utensilios De Bebe""]}","[""Utensilios De Bebe""]",NULL,https://riba.app/imgrs/THUMBS%20500X500/329748.JPG,0,0,"[""85""]",1.379.000,2026-05-08 9:49:16
79069316800,GLASS BABY FOOD CONTAINERS 4OZ,GLASS BABY FOOD CONTAINERS 4OZ,GLASS BABY FOOD CONTAINERS 4OZ,insert,1,https://riba.app/imgrs/THUMBS%20500X500/330565.JPG,tabs/detalle-producto/330565,2.537.000,2.537.000,2.537.000,USD,1,,"{""MARCA"":[""MELII""],""CATEGORIA"":[""Utensilios De Bebe""]}","[""Utensilios De Bebe""]",NULL,https://riba.app/imgrs/THUMBS%20500X500/330565.JPG,0,0,"[""85""]",2.537.000,2026-05-08 9:49:16
79069316900,GLASS BABY FOOD CONTAINERS ,GLASS BABY FOOD CONTAINERS ,GLASS BABY FOOD CONTAINERS ,insert,1,https://riba.app/imgrs/THUMBS%20500X500/329749.JPG,tabs/detalle-producto/329749,2.473.000,2.473.000,2.473.000,USD,1,,"{""MARCA"":[""MELII""],""CATEGORIA"":[""Utensilios De Bebe""]}","[""Utensilios De Bebe""]",NULL,https://riba.app/imgrs/THUMBS%20500X500/329749.JPG,0,0,"[""85""]",2.473.000,2026-05-08 9:49:16
79069317000,REUSABLE PEVA SNACK BAG,REUSABLE PEVA SNACK BAG,REUSABLE PEVA SNACK BAG,insert,1,https://riba.app/imgrs/THUMBS%20500X500/348658.JPG,tabs/detalle-producto/348658,1.379.000,1.379.000,1.379.000,USD,1,,"{""MARCA"":[""MELII""],""CATEGORIA"":[""Utensilios De Bebe""]}","[""Utensilios De Bebe""]",NULL,https://riba.app/imgrs/THUMBS%20500X500/348658.JPG,0,0,"[""85""]",1.379.000,2026-05-08 9:49:16
79069317165,PEVA BAGS UNICORN FLOWER RAINB,PEVA BAGS UNICORN FLOWER RAINB,PEVA BAGS UNICORN FLOWER RAINB,insert,1,https://riba.app/imgrs/THUMBS%20500X500/350011.JPG,tabs/detalle-producto/350011,1.380.000,1.380.000,1.380.000,USD,1,,"{""MARCA"":[""MELII""],""CATEGORIA"":[""Utensilios De Bebe""]}","[""Utensilios De Bebe""]",NULL,https://riba.app/imgrs/THUMBS%20500X500/350011.JPG,0,0,"[""85""]",1.380.000,2026-05-08 9:49:16
79069317200,SILICONE SUCTION PLATE DINASOU,SILICONE SUCTION PLATE DINASOU,SILICONE SUCTION PLATE DINASOU,insert,1,https://riba.app/imgrs/THUMBS%20500X500/328563.JPG,tabs/detalle-producto/328563,1.071.000,1.071.000,1.071.000,USD,1,,"{""MARCA"":[""MELII""],""CATEGORIA"":[""Utensilios De Bebe""]}","[""Utensilios De Bebe""]",NULL,https://riba.app/imgrs/THUMBS%20500X500/328563.JPG,0,0,"[""85""]",1.071.000,2026-05-08 9:49:16
79069317300,SILICONE SUCTION PLATE UNICORN,SILICONE SUCTION PLATE UNICORN,SILICONE SUCTION PLATE UNICORN,insert,1,https://riba.app/imgrs/THUMBS%20500X500/328565.JPG,tabs/detalle-producto/328565,1.071.000,1.071.000,1.071.000,USD,1,,"{""MARCA"":[""MELII""],""CATEGORIA"":[""Utensilios De Bebe""]}","[""Utensilios De Bebe""]",NULL,https://riba.app/imgrs/THUMBS%20500X500/328565.JPG,0,0,"[""85""]",1.071.000,2026-05-08 9:49:16
79069317400,SILICONE SUCTION PLATE BULLDOG,SILICONE SUCTION PLATE BULLDOG,SILICONE SUCTION PLATE BULLDOG,insert,1,https://riba.app/imgrs/THUMBS%20500X500/328566.JPG,tabs/detalle-producto/328566,1.071.000,1.071.000,1.071.000,USD,1,,"{""MARCA"":[""MELII""],""CATEGORIA"":[""Utensilios De Bebe""]}","[""Utensilios De Bebe""]",NULL,https://riba.app/imgrs/THUMBS%20500X500/328566.JPG,0,0,"[""85""]",1.071.000,2026-05-08 9:49:16
79069317700,SILICONE SUCTION BOWL DINOSAUR,SILICONE SUCTION BOWL DINOSAUR,SILICONE SUCTION BOWL DINOSAUR,insert,1,https://riba.app/imgrs/THUMBS%20500X500/338431.JPG,tabs/detalle-producto/338431,1.091.000,1.091.000,1.091.000,USD,1,,"{""MARCA"":[""MELII""],""CATEGORIA"":[""Utensilios De Bebe""]}","[""Utensilios De Bebe""]",NULL,https://riba.app/imgrs/THUMBS%20500X500/338431.JPG,0,0,"[""85""]",1.091.000,2026-05-08 9:49:16
79069317710,SILICONE SUCTION BOWL UNICORN,SILICONE SUCTION BOWL UNICORN,SILICONE SUCTION BOWL UNICORN,insert,1,https://riba.app/imgrs/THUMBS%20500X500/338434.JPG,tabs/detalle-producto/338434,1.091.000,1.091.000,1.091.000,USD,1,,"{""MARCA"":[""MELII""],""CATEGORIA"":[""Utensilios De Bebe""]}","[""Utensilios De Bebe""]",NULL,https://riba.app/imgrs/THUMBS%20500X500/338434.JPG,0,0,"[""85""]",1.091.000,2026-05-08 9:49:16
79069317720,SILICONE SUCTIN BOWL BULLDOG,SILICONE SUCTIN BOWL BULLDOG,SILICONE SUCTIN BOWL BULLDOG,insert,1,https://riba.app/imgrs/THUMBS%20500X500/338435.JPG,tabs/detalle-producto/338435,1.091.000,1.091.000,1.091.000,USD,1,,"{""MARCA"":[""MELII""],""CATEGORIA"":[""Utensilios De Bebe""]}","[""Utensilios De Bebe""]",NULL,https://riba.app/imgrs/THUMBS%20500X500/338435.JPG,0,0,"[""85""]",1.091.000,2026-05-08 9:49:16
79069317730,SILICONE SUCTION BOWL SHARK,SILICONE SUCTION BOWL SHARK,SILICONE SUCTION BOWL SHARK,insert,1,https://riba.app/imgrs/THUMBS%20500X500/338436.JPG,tabs/detalle-producto/338436,1.091.000,1.091.000,1.091.000,USD,1,,"{""MARCA"":[""MELII""],""CATEGORIA"":[""Utensilios De Bebe""]}","[""Utensilios De Bebe""]",NULL,https://riba.app/imgrs/THUMBS%20500X500/338436.JPG,0,0,"[""85""]",1.091.000,2026-05-08 9:49:16
79069317740,SILICONE SUCTION BOWL CAT,SILICONE SUCTION BOWL CAT,SILICONE SUCTION BOWL CAT,insert,1,https://riba.app/imgrs/THUMBS%20500X500/338437.JPG,tabs/detalle-producto/338437,1.091.000,1.091.000,1.091.000,USD,1,,"{""MARCA"":[""MELII""],""CATEGORIA"":[""Utensilios De Bebe""]}","[""Utensilios De Bebe""]",NULL,https://riba.app/imgrs/THUMBS%20500X500/338437.JPG,0,0,"[""85""]",1.091.000,2026-05-08 9:49:16
79069318000,CLOUD DRYING RACK - WHITE ,CLOUD DRYING RACK - WHITE ,CLOUD DRYING RACK - WHITE ,insert,1,https://riba.app/imgrs/THUMBS%20500X500/328568.JPG,tabs/detalle-producto/328568,1.532.000,1.532.000,1.532.000,USD,1,,"{""MARCA"":[""MELII""],""CATEGORIA"":[""Utensilios De Bebe""]}","[""Utensilios De Bebe""]",NULL,https://riba.app/imgrs/THUMBS%20500X500/328568.JPG,0,0,"[""85""]",1.532.000,2026-05-08 9:49:16
79069318100,SLICONE STRAWS 6ET W CLNG BRU,SLICONE STRAWS 6ET W CLNG BRU,SLICONE STRAWS 6ET W CLNG BRU,insert,1,https://riba.app/imgrs/THUMBS%20500X500/329764.JPG,tabs/detalle-producto/329764,872.000,872.000,872.000,USD,1,,"{""MARCA"":[""MELII""],""CATEGORIA"":[""Utensilios De Bebe""]}","[""Utensilios De Bebe""]",NULL,https://riba.app/imgrs/THUMBS%20500X500/329764.JPG,0,0,"[""85""]",872.000,2026-05-08 9:49:16
79069318200,SNACK CONTAINER FT BULLDOG,SNACK CONTAINER FT BULLDOG,SNACK CONTAINER FT BULLDOG,insert,1,https://riba.app/imgrs/THUMBS%20500X500/338411.JPG,tabs/detalle-producto/338411,635.000,635.000,635.000,USD,1,,"{""MARCA"":[""MELII""],""CATEGORIA"":[""Utensilios De Bebe""]}","[""Utensilios De Bebe""]",NULL,https://riba.app/imgrs/THUMBS%20500X500/338411.JPG,0,0,"[""85""]",635.000,2026-05-08 9:49:16
79069318300,SNACK CONTAINER FT LION,SNACK CONTAINER FT LION,SNACK CONTAINER FT LION,insert,1,https://riba.app/imgrs/THUMBS%20500X500/338412.JPG,tabs/detalle-producto/338412,622.000,622.000,622.000,USD,1,,"{""MARCA"":[""MELII""],""CATEGORIA"":[""Utensilios De Bebe""]}","[""Utensilios De Bebe""]",NULL,https://riba.app/imgrs/THUMBS%20500X500/338412.JPG,0,0,"[""85""]",622.000,2026-05-08 9:49:16
79069318500,SNACK CONTAINER FT CAT,SNACK CONTAINER FT CAT,SNACK CONTAINER FT CAT,insert,1,https://riba.app/imgrs/THUMBS%20500X500/338417.JPG,tabs/detalle-producto/338417,625.000,625.000,625.000,USD,1,,"{""MARCA"":[""MELII""],""CATEGORIA"":[""Utensilios De Bebe""]}","[""Utensilios De Bebe""]",NULL,https://riba.app/imgrs/THUMBS%20500X500/338417.JPG,0,0,"[""85""]",625.000,2026-05-08 9:49:16
79069318600,SPIN CONTAINER PINK GREY,SPIN CONTAINER PINK GREY,SPIN CONTAINER PINK GREY,insert,1,https://riba.app/imgrs/THUMBS%20500X500/329752.JPG,tabs/detalle-producto/329752,1.071.000,1.071.000,1.071.000,USD,1,,"{""MARCA"":[""MELII""],""CATEGORIA"":[""Utensilios De Bebe""]}","[""Utensilios De Bebe""]",NULL,https://riba.app/imgrs/THUMBS%20500X500/329752.JPG,0,0,"[""85""]",1.071.000,2026-05-08 9:49:16
79069318700,SPIN CONTAINER BLUE MINT,SPIN CONTAINER BLUE MINT,SPIN CONTAINER BLUE MINT,insert,1,https://riba.app/imgrs/THUMBS%20500X500/329756.JPG,tabs/detalle-producto/329756,1.059.000,1.059.000,1.059.000,USD,1,,"{""MARCA"":[""MELII""],""CATEGORIA"":[""Utensilios De Bebe""]}","[""Utensilios De Bebe""]",NULL,https://riba.app/imgrs/THUMBS%20500X500/329756.JPG,0,0,"[""85""]",1.059.000,2026-05-08 9:49:16
79069318800,SNACKLE BOX PINK,SNACKLE BOX PINK,SNACKLE BOX PINK,insert,1,https://riba.app/imgrs/THUMBS%20500X500/329762.JPG,tabs/detalle-producto/329762,1.077.000,1.077.000,1.077.000,USD,1,,"{""MARCA"":[""MELII""],""CATEGORIA"":[""Utensilios De Bebe""]}","[""Utensilios De Bebe""]",NULL,https://riba.app/imgrs/THUMBS%20500X500/329762.JPG,0,0,"[""85""]",1.077.000,2026-05-08 9:49:16
79069318900,SNACKLE BOX BLUE,SNACKLE BOX BLUE,SNACKLE BOX BLUE,insert,1,https://riba.app/imgrs/THUMBS%20500X500/329763.JPG,tabs/detalle-producto/329763,1.059.000,1.059.000,1.059.000,USD,1,,"{""MARCA"":[""MELII""],""CATEGORIA"":[""Utensilios De Bebe""]}","[""Utensilios De Bebe""]",NULL,https://riba.app/imgrs/THUMBS%20500X500/329763.JPG,0,0,"[""85""]",1.059.000,2026-05-08 9:49:16
79069319300,6 PCS ANIMAL ICE POPS W TRAY,6 PCS ANIMAL ICE POPS W TRAY,6 PCS ANIMAL ICE POPS W TRAY,insert,1,https://riba.app/imgrs/THUMBS%20500X500/338448.JPG,tabs/detalle-producto/338448,1.298.000,1.298.000,1.298.000,USD,1,,"{""MARCA"":[""MELII""],""CATEGORIA"":[""Utensilios De Bebe""]}","[""Utensilios De Bebe""]",NULL,https://riba.app/imgrs/THUMBS%20500X500/338448.JPG,0,0,"[""85""]",1.298.000,2026-05-08 9:49:16
79069319900,SILICONE TUMBLER PINK,SILICONE TUMBLER PINK,SILICONE TUMBLER PINK,insert,1,https://riba.app/imgrs/THUMBS%20500X500/348796.JPG,tabs/detalle-producto/348796,1.298.000,1.298.000,1.298.000,USD,1,,"{""MARCA"":[""MELII""],""CATEGORIA"":[""Utensilios De Bebe""]}","[""Utensilios De Bebe""]",NULL,https://riba.app/imgrs/THUMBS%20500X500/348796.JPG,0,0,"[""85""]",1.298.000,2026-05-08 9:49:16
79069319910,SILICONE TUMBLER BLUE,SILICONE TUMBLER BLUE,SILICONE TUMBLER BLUE,insert,1,https://riba.app/imgrs/THUMBS%20500X500/348799.JPG,tabs/detalle-producto/348799,1.298.000,1.298.000,1.298.000,USD,1,,"{""MARCA"":[""MELII""],""CATEGORIA"":[""Utensilios De Bebe""]}","[""Utensilios De Bebe""]",NULL,https://riba.app/imgrs/THUMBS%20500X500/348799.JPG,0,0,"[""85""]",1.298.000,2026-05-08 9:49:16
79069319920,SILICONE TUMBLER GRAY,SILICONE TUMBLER GRAY,SILICONE TUMBLER GRAY,insert,1,https://riba.app/imgrs/THUMBS%20500X500/348700.JPG,tabs/detalle-producto/348700,1.298.000,1.298.000,1.298.000,USD,1,,"{""MARCA"":[""MELII""],""CATEGORIA"":[""Utensilios De Bebe""]}","[""Utensilios De Bebe""]",NULL,https://riba.app/imgrs/THUMBS%20500X500/348700.JPG,0,0,"[""85""]",1.298.000,2026-05-08 9:49:16
79069320400,TRAVEL FORMULA CONTAINER W SCO,TRAVEL FORMULA CONTAINER W SCO,TRAVEL FORMULA CONTAINER W SCO,insert,1,https://riba.app/imgrs/THUMBS%20500X500/338442.JPG,tabs/detalle-producto/338442,792.000,792.000,792.000,USD,1,,"{""MARCA"":[""MELII""],""CATEGORIA"":[""Utensilios De Bebe""]}","[""Utensilios De Bebe""]",NULL,https://riba.app/imgrs/THUMBS%20500X500/338442.JPG,0,0,"[""85""]",792.000,2026-05-08 9:49:16
79069320410,TRAVEL FORMULA CONTAINER W SCO,TRAVEL FORMULA CONTAINER W SCO,TRAVEL FORMULA CONTAINER W SCO,insert,1,https://riba.app/imgrs/THUMBS%20500X500/338443.JPG,tabs/detalle-producto/338443,792.000,792.000,792.000,USD,1,,"{""MARCA"":[""MELII""],""CATEGORIA"":[""Utensilios De Bebe""]}","[""Utensilios De Bebe""]",NULL,https://riba.app/imgrs/THUMBS%20500X500/338443.JPG,0,0,"[""85""]",792.000,2026-05-08 9:49:16
79069320930,BAMBOO BOTTLE BRUSH,BAMBOO BOTTLE BRUSH,BAMBOO BOTTLE BRUSH,insert,1,https://riba.app/imgrs/THUMBS%20500X500/348815.JPG,tabs/detalle-producto/348815,1.800.000,1.800.000,1.800.000,USD,1,,"{""MARCA"":[""MELII""],""CATEGORIA"":[""Utensilios De Bebe""]}","[""Utensilios De Bebe""]",NULL,https://riba.app/imgrs/THUMBS%20500X500/348815.JPG,0,0,"[""85""]",1.800.000,2026-05-08 9:49:16
79069321000,FIDGET THERMOS 300ML PINK,FIDGET THERMOS 300ML PINK,FIDGET THERMOS 300ML PINK,insert,1,https://riba.app/imgrs/THUMBS%20500X500/338420.JPG,tabs/detalle-producto/338420,1.722.000,1.722.000,1.722.000,USD,1,,"{""MARCA"":[""MELII""],""CATEGORIA"":[""Utensilios De Bebe""]}","[""Utensilios De Bebe""]",NULL,https://riba.app/imgrs/THUMBS%20500X500/338420.JPG,0,0,"[""85""]",1.722.000,2026-05-08 9:49:16
79069321050,FIDGET THERMOS 300 ML BLUE,FIDGET THERMOS 300 ML BLUE,FIDGET THERMOS 300 ML BLUE,insert,1,https://riba.app/imgrs/THUMBS%20500X500/338422.JPG,tabs/detalle-producto/338422,1.722.000,1.722.000,1.722.000,USD,1,,"{""MARCA"":[""MELII""],""CATEGORIA"":[""Utensilios De Bebe""]}","[""Utensilios De Bebe""]",NULL,https://riba.app/imgrs/THUMBS%20500X500/338422.JPG,0,0,"[""85""]",1.722.000,2026-05-08 9:49:16
79069321200,EVA REUSABLE SNACK BAG,EVA REUSABLE SNACK BAG,EVA REUSABLE SNACK BAG,insert,1,https://riba.app/imgrs/THUMBS%20500X500/338423.JPG,tabs/detalle-producto/338423,877.000,877.000,877.000,USD,1,,"{""MARCA"":[""MELII""],""CATEGORIA"":[""Utensilios De Bebe""]}","[""Utensilios De Bebe""]",NULL,https://riba.app/imgrs/THUMBS%20500X500/338423.JPG,0,0,"[""85""]",877.000,2026-05-08 9:49:16
79069321210,EVA REUSABLE SNACK BG BULL SHA,EVA REUSABLE SNACK BG BULL SHA,EVA REUSABLE SNACK BG BULL SHA,insert,1,https://riba.app/imgrs/THUMBS%20500X500/338427.JPG,tabs/detalle-producto/338427,877.000,877.000,877.000,USD,1,,"{""MARCA"":[""MELII""],""CATEGORIA"":[""Utensilios De Bebe""]}","[""Utensilios De Bebe""]",NULL,https://riba.app/imgrs/THUMBS%20500X500/338427.JPG,0,0,"[""85""]",877.000,2026-05-08 9:49:16
79069321400,GEL ICE PACK DINO + SHARK,GEL ICE PACK DINO + SHARK,GEL ICE PACK DINO + SHARK,insert,1,https://riba.app/imgrs/THUMBS%20500X500/338449.JPG,tabs/detalle-producto/338449,877.000,877.000,877.000,USD,1,,"{""MARCA"":[""MELII""],""CATEGORIA"":[""Utensilios De Bebe""]}","[""Utensilios De Bebe""]",NULL,https://riba.app/imgrs/THUMBS%20500X500/338449.JPG,0,0,"[""85""]",877.000,2026-05-08 9:49:16
79069321410,GEL ICE PACK UNICORN + CAT,GEL ICE PACK UNICORN + CAT,GEL ICE PACK UNICORN + CAT,insert,1,https://riba.app/imgrs/THUMBS%20500X500/338450.JPG,tabs/detalle-producto/338450,877.000,877.000,877.000,USD,1,,"{""MARCA"":[""MELII""],""CATEGORIA"":[""Utensilios De Bebe""]}","[""Utensilios De Bebe""]",NULL,https://riba.app/imgrs/THUMBS%20500X500/338450.JPG,0,0,"[""85""]",877.000,2026-05-08 9:49:16
79069321420,GEL ICE PACK BULLDOG + CAT,GEL ICE PACK BULLDOG + CAT,GEL ICE PACK BULLDOG + CAT,insert,1,https://riba.app/imgrs/THUMBS%20500X500/338451.JPG,tabs/detalle-producto/338451,877.000,877.000,877.000,USD,1,,"{""MARCA"":[""MELII""],""CATEGORIA"":[""Utensilios De Bebe""]}","[""Utensilios De Bebe""]",NULL,https://riba.app/imgrs/THUMBS%20500X500/338451.JPG,0,0,"[""85""]",877.000,2026-05-08 9:49:16
79069321710,SILICONE TOY DINO + SHARK,SILICONE TOY DINO + SHARK,SILICONE TOY DINO + SHARK,insert,1,https://riba.app/imgrs/THUMBS%20500X500/338440.JPG,tabs/detalle-producto/338440,575.000,575.000,575.000,USD,1,,"{""MARCA"":[""MELII""],""CATEGORIA"":[""Utensilios De Bebe""]}","[""Utensilios De Bebe""]",NULL,https://riba.app/imgrs/THUMBS%20500X500/338440.JPG,0,0,"[""85""]",575.000,2026-05-08 9:49:16
79069321712,SILICONE TOY BULLDOG + CAT,SILICONE TOY BULLDOG + CAT,SILICONE TOY BULLDOG + CAT,insert,1,https://riba.app/imgrs/THUMBS%20500X500/338441.JPG,tabs/detalle-producto/338441,575.000,575.000,575.000,USD,1,,"{""MARCA"":[""MELII""],""CATEGORIA"":[""Utensilios De Bebe""]}","[""Utensilios De Bebe""]",NULL,https://riba.app/imgrs/THUMBS%20500X500/338441.JPG,0,0,"[""85""]",575.000,2026-05-08 9:49:16
79069324100,SANDWICH CUTTER SQUARE & TRIAN,SANDWICH CUTTER SQUARE & TRIAN,SANDWICH CUTTER SQUARE & TRIAN,insert,1,https://riba.app/imgrs/THUMBS%20500X500/348716.JPG,tabs/detalle-producto/348716,1.018.000,1.018.000,1.018.000,USD,1,,"{""MARCA"":[""MELII""],""CATEGORIA"":[""Utensilios De Bebe""]}","[""Utensilios De Bebe""]",NULL,https://riba.app/imgrs/THUMBS%20500X500/348716.JPG,0,0,"[""85""]",1.018.000,2026-05-08 9:49:16
79069324300,SILICONE FOODS CUP DINOSAUR,SILICONE FOODS CUP DINOSAUR,SILICONE FOODS CUP DINOSAUR,insert,1,https://riba.app/imgrs/THUMBS%20500X500/348776.JPG,tabs/detalle-producto/348776,755.000,755.000,755.000,USD,1,,"{""MARCA"":[""MELII""],""CATEGORIA"":[""Utensilios De Bebe""]}","[""Utensilios De Bebe""]",NULL,https://riba.app/imgrs/THUMBS%20500X500/348776.JPG,0,0,"[""85""]",755.000,2026-05-08 9:49:16
79069324310,SILICONE FOOD CUPS UNICORN,SILICONE FOOD CUPS UNICORN,SILICONE FOOD CUPS UNICORN,insert,1,https://riba.app/imgrs/THUMBS%20500X500/348780.JPG,tabs/detalle-producto/348780,755.000,755.000,755.000,USD,1,,"{""MARCA"":[""MELII""],""CATEGORIA"":[""Utensilios De Bebe""]}","[""Utensilios De Bebe""]",NULL,https://riba.app/imgrs/THUMBS%20500X500/348780.JPG,0,0,"[""85""]",755.000,2026-05-08 9:49:16
79069324320,SILICONE FOOS CUPS BULLDOG,SILICONE FOOS CUPS BULLDOG,SILICONE FOOS CUPS BULLDOG,insert,1,https://riba.app/imgrs/THUMBS%20500X500/348781.JPG,tabs/detalle-producto/348781,755.000,755.000,755.000,USD,1,,"{""MARCA"":[""MELII""],""CATEGORIA"":[""Utensilios De Bebe""]}","[""Utensilios De Bebe""]",NULL,https://riba.app/imgrs/THUMBS%20500X500/348781.JPG,0,0,"[""85""]",755.000,2026-05-08 9:49:16
79069324330,SILICONE FOOD CUPS - SHARK,SILICONE FOOD CUPS - SHARK,SILICONE FOOD CUPS - SHARK,insert,1,https://riba.app/imgrs/THUMBS%20500X500/348710.JPG,tabs/detalle-producto/348710,755.000,755.000,755.000,USD,1,,"{""MARCA"":[""MELII""],""CATEGORIA"":[""Utensilios De Bebe""]}","[""Utensilios De Bebe""]",NULL,https://riba.app/imgrs/THUMBS%20500X500/348710.JPG,0,0,"[""85""]",755.000,2026-05-08 9:49:16
79069324340,SILICONE FOOD CUPS - CAT,SILICONE FOOD CUPS - CAT,SILICONE FOOD CUPS - CAT,insert,1,https://riba.app/imgrs/THUMBS%20500X500/348711.JPG,tabs/detalle-producto/348711,755.000,755.000,755.000,USD,1,,"{""MARCA"":[""MELII""],""CATEGORIA"":[""Utensilios De Bebe""]}","[""Utensilios De Bebe""]",NULL,https://riba.app/imgrs/THUMBS%20500X500/348711.JPG,0,0,"[""85""]",755.000,2026-05-08 9:49:16
79069324350,SILICONE FOOD CUPS - BEAR,SILICONE FOOD CUPS - BEAR,SILICONE FOOD CUPS - BEAR,insert,1,https://riba.app/imgrs/THUMBS%20500X500/348712.JPG,tabs/detalle-producto/348712,755.000,755.000,755.000,USD,1,,"{""MARCA"":[""MELII""],""CATEGORIA"":[""Utensilios De Bebe""]}","[""Utensilios De Bebe""]",NULL,https://riba.app/imgrs/THUMBS%20500X500/348712.JPG,0,0,"[""85""]",755.000,2026-05-08 9:49:16
805866413865,CHICCO BABY MOMENTS BLOTION,CHICCO BABY MOMENTS BLOTION,CHICCO BABY MOMENTS BLOTION,insert,1,https://riba.app/imgrs/THUMBS%20500X500/332016.JPG,tabs/detalle-producto/332016,522.000,522.000,522.000,USD,1,,"{""MARCA"":[""CHICCO""],""CATEGORIA"":[""Cuidado Personal""]}","[""Cuidado Personal""]",NULL,https://riba.app/imgrs/THUMBS%20500X500/332016.JPG,0,0,"[""82""]",522.000,2026-05-08 9:49:16
81000351550,"OUF IMNBLND,OG2,APL,CHRY,EBRY","OUF IMNBLND,OG2,APL,CHRY,EBRY","OUF IMNBLND,OG2,APL,CHRY,EBRY",insert,1,https://riba.app/imgrs/THUMBS%20500X500/336137.JPG,tabs/detalle-producto/336137,526.000,526.000,526.000,USD,1,,"{""MARCA"":[""ONCE UPON A FARM""],""CATEGORIA"":[""Alimentos""]}","[""Alimentos""]",NULL,https://riba.app/imgrs/THUMBS%20500X500/336137.JPG,0,0,"[""83""]",526.000,2026-05-08 9:49:16
81000351551,ONCE FARM PNP BNNA FRUIT DRAG,ONCE FARM PNP BNNA FRUIT DRAG,ONCE FARM PNP BNNA FRUIT DRAG,insert,1,https://riba.app/imgrs/THUMBS%20500X500/322159.JPG,tabs/detalle-producto/322159,526.000,526.000,526.000,USD,1,,"{""MARCA"":[""ONCE UPON A FARM""],""CATEGORIA"":[""Alimentos""]}","[""Alimentos""]",NULL,https://riba.app/imgrs/THUMBS%20500X500/322159.JPG,0,0,"[""83""]",526.000,2026-05-08 9:49:16
81000351552,IMNBLBLND MNGO BAN SPLN,IMNBLBLND MNGO BAN SPLN,IMNBLBLND MNGO BAN SPLN,insert,1,https://riba.app/imgrs/THUMBS%20500X500/322148.JPG,tabs/detalle-producto/322148,526.000,526.000,526.000,USD,1,,"{""MARCA"":[""ONCE UPON A FARM""],""CATEGORIA"":[""Alimentos""]}","[""Alimentos""]",NULL,https://riba.app/imgrs/THUMBS%20500X500/322148.JPG,0,0,"[""83""]",526.000,2026-05-08 9:49:16
81000351704,ORGANIC FRUIT BLEND APPLE & BL,ORGANIC FRUIT BLEND APPLE & BL,ORGANIC FRUIT BLEND APPLE & BL,insert,1,https://riba.app/imgrs/THUMBS%20500X500/347848.JPG,tabs/detalle-producto/347848,449.000,449.000,449.000,USD,1,,"{""MARCA"":[""ONCE UPON A FARM""],""CATEGORIA"":[""Alimentos""]}","[""Alimentos""]",NULL,https://riba.app/imgrs/THUMBS%20500X500/347848.JPG,0,0,"[""83""]",449.000,2026-05-08 9:49:16
81000351706,"OUF BBY FD,OG2,APL BAN SPN AV","OUF BBY FD,OG2,APL BAN SPN AV","OUF BBY FD,OG2,APL BAN SPN AV",insert,1,https://riba.app/imgrs/THUMBS%20500X500/336135.JPG,tabs/detalle-producto/336135,449.000,449.000,449.000,USD,1,,"{""MARCA"":[""ONCE UPON A FARM""],""CATEGORIA"":[""Alimentos""]}","[""Alimentos""]",NULL,https://riba.app/imgrs/THUMBS%20500X500/336135.JPG,0,0,"[""83""]",449.000,2026-05-08 9:49:16
81000351754,ONCE FARM ORG BA-NILLA,ONCE FARM ORG BA-NILLA,ONCE FARM ORG BA-NILLA,insert,1,https://riba.app/imgrs/THUMBS%20500X500/344880.JPG,tabs/detalle-producto/344880,449.000,449.000,449.000,USD,1,,"{""MARCA"":[""ONCE UPON A FARM""],""CATEGORIA"":[""Alimentos""]}","[""Alimentos""]",NULL,https://riba.app/imgrs/THUMBS%20500X500/344880.JPG,0,0,"[""83""]",449.000,2026-05-08 9:49:16
81000351755,"OUF CNUT YOG,OG2,STRAW BAN","OUF CNUT YOG,OG2,STRAW BAN","OUF CNUT YOG,OG2,STRAW BAN",insert,1,https://riba.app/imgrs/THUMBS%20500X500/336138.JPG,tabs/detalle-producto/336138,449.000,449.000,449.000,USD,1,,"{""MARCA"":[""ONCE UPON A FARM""],""CATEGORIA"":[""Alimentos""]}","[""Alimentos""]",NULL,https://riba.app/imgrs/THUMBS%20500X500/336138.JPG,0,0,"[""83""]",449.000,2026-05-08 9:49:16
81005246083,SILICONE PLACE MATS PLANETS,SILICONE PLACE MATS PLANETS,SILICONE PLACE MATS PLANETS,insert,1,https://riba.app/imgrs/THUMBS%20500X500/314746.JPG,tabs/detalle-producto/314746,1.450.000,1.450.000,1.450.000,USD,1,,"{""MARCA"":[""MUSHIE""],""CATEGORIA"":[""Utensilios De Bebe""]}","[""Utensilios De Bebe""]",NULL,https://riba.app/imgrs/THUMBS%20500X500/314746.JPG,0,0,"[""85""]",1.450.000,2026-05-08 9:49:16
81005246498,EXTRA SOFT MUSLIN PAD  BLUSH,EXTRA SOFT MUSLIN PAD  BLUSH,EXTRA SOFT MUSLIN PAD  BLUSH,insert,1,https://riba.app/imgrs/THUMBS%20500X500/310212.JPG,tabs/detalle-producto/310212,2.060.000,2.060.000,2.060.000,USD,1,,"{""MARCA"":[""MUSHIE""],""CATEGORIA"":[""Utensilios De Bebe""]}","[""Utensilios De Bebe""]",NULL,https://riba.app/imgrs/THUMBS%20500X500/310212.JPG,0,0,"[""85""]",2.060.000,2026-05-08 9:49:16
81009455333,TRAINING PANT 2T 3T COLOR,TRAINING PANT 2T 3T COLOR,TRAINING PANT 2T 3T COLOR,insert,1,https://riba.app/imgrs/THUMBS%20500X500/345305.JPG,tabs/detalle-producto/345305,2.025.000,2.025.000,2.025.000,USD,1,,"{""MARCA"":[""HONEST (Pañales)""],""CATEGORIA"":[""Pañales""]}","[""Pañales""]",NULL,https://riba.app/imgrs/THUMBS%20500X500/345305.JPG,0,0,"[""84""]",2.025.000,2026-05-08 9:49:16
81009455335,TRAINING PANT 4T 5T COLOR,TRAINING PANT 4T 5T COLOR,TRAINING PANT 4T 5T COLOR,insert,1,https://riba.app/imgrs/THUMBS%20500X500/345302.JPG,tabs/detalle-producto/345302,2.015.000,2.015.000,2.015.000,USD,1,,"{""MARCA"":[""HONEST (Pañales)""],""CATEGORIA"":[""Pañales""]}","[""Pañales""]",NULL,https://riba.app/imgrs/THUMBS%20500X500/345302.JPG,0,0,"[""84""]",2.015.000,2026-05-08 9:49:16
81042503087,DIAPERS PANDAS SIZE 1 35CT,DIAPERS PANDAS SIZE 1 35CT,DIAPERS PANDAS SIZE 1 35CT,insert,1,https://riba.app/imgrs/THUMBS%20500X500/345304.JPG,tabs/detalle-producto/345304,2.010.000,2.010.000,2.010.000,USD,1,,"{""MARCA"":[""HONEST (Pañales)""],""CATEGORIA"":[""Pañales""]}","[""Pañales""]",NULL,https://riba.app/imgrs/THUMBS%20500X500/345304.JPG,0,0,"[""84""]",2.010.000,2026-05-08 9:49:16
81042503089,DIAPERS GIGGLY BOO SIZE 3,DIAPERS GIGGLY BOO SIZE 3,DIAPERS GIGGLY BOO SIZE 3,insert,1,https://riba.app/imgrs/THUMBS%20500X500/345295.JPG,tabs/detalle-producto/345295,2.025.000,2.025.000,2.025.000,USD,1,,"{""MARCA"":[""HONEST (Pañales)""],""CATEGORIA"":[""Pañales""]}","[""Pañales""]",NULL,https://riba.app/imgrs/THUMBS%20500X500/345295.JPG,0,0,"[""84""]",2.025.000,2026-05-08 9:49:16
81042503091,DIAPERS PANDAS SIZE 5 20CT,DIAPERS PANDAS SIZE 5 20CT,DIAPERS PANDAS SIZE 5 20CT,insert,1,https://riba.app/imgrs/THUMBS%20500X500/345303.JPG,tabs/detalle-producto/345303,2.095.000,2.095.000,2.095.000,USD,1,,"{""MARCA"":[""HONEST (Pañales)""],""CATEGORIA"":[""Pañales""]}","[""Pañales""]",NULL,https://riba.app/imgrs/THUMBS%20500X500/345303.JPG,0,0,"[""84""]",2.095.000,2026-05-08 9:49:16
81042503092,DIAPERS SO DELISH 6 18 UN,DIAPERS SO DELISH 6 18 UN,DIAPERS SO DELISH 6 18 UN,insert,1,https://riba.app/imgrs/THUMBS%20500X500/345298.JPG,tabs/detalle-producto/345298,1.995.000,1.995.000,1.995.000,USD,1,,"{""MARCA"":[""HONEST (Pañales)""],""CATEGORIA"":[""Pañales""]}","[""Pañales""]",NULL,https://riba.app/imgrs/THUMBS%20500X500/345298.JPG,0,0,"[""84""]",1.995.000,2026-05-08 9:49:16
81042503111,DIAPERS TIE DYE SIZE4 23CT,DIAPERS TIE DYE SIZE4 23CT,DIAPERS TIE DYE SIZE4 23CT,insert,1,https://riba.app/imgrs/THUMBS%20500X500/345306.JPG,tabs/detalle-producto/345306,2.240.000,2.240.000,2.240.000,USD,1,,"{""MARCA"":[""HONEST (Pañales)""],""CATEGORIA"":[""Pañales""]}","[""Pañales""]",NULL,https://riba.app/imgrs/THUMBS%20500X500/345306.JPG,0,0,"[""84""]",2.240.000,2026-05-08 9:49:16
81042503112,DIAPERS CLEAN CONSCIOUS 20C,DIAPERS CLEAN CONSCIOUS 20C,DIAPERS CLEAN CONSCIOUS 20C,insert,1,https://riba.app/imgrs/THUMBS%20500X500/345292.JPG,tabs/detalle-producto/345292,1.995.000,1.995.000,1.995.000,USD,1,,"{""MARCA"":[""HONEST (Pañales)""],""CATEGORIA"":[""Pañales""]}","[""Pañales""]",NULL,https://riba.app/imgrs/THUMBS%20500X500/345292.JPG,0,0,"[""84""]",1.995.000,2026-05-08 9:49:16
81751301544,ACOND CANTU FKID DETANGLER,ACOND CANTU FKID DETANGLER,ACOND CANTU FKID DETANGLER,insert,1,https://riba.app/imgrs/THUMBS%20500X500/312150.JPG,tabs/detalle-producto/312150,613.000,613.000,613.000,USD,1,,"{""MARCA"":[""CANTU""],""CATEGORIA"":[""Cuidado Personal""]}","[""Cuidado Personal""]",NULL,https://riba.app/imgrs/THUMBS%20500X500/312150.JPG,0,0,"[""82""]",613.000,2026-05-08 9:49:16
81851201152,CARROT APPLE MANGO  ,CARROT APPLE MANGO  ,CARROT APPLE MANGO  ,insert,1,https://riba.app/imgrs/THUMBS%20500X500/303272.JPG,tabs/detalle-producto/303272,325.000,325.000,325.000,USD,1,,"{""MARCA"":[""SPROUT""],""CATEGORIA"":[""Alimentos""]}","[""Alimentos""]",NULL,https://riba.app/imgrs/THUMBS%20500X500/303272.JPG,0,0,"[""83""]",325.000,2026-05-08 9:49:16
81851201500,SNACK SPROUT FRUTOS ROJOS,SNACK SPROUT FRUTOS ROJOS,SNACK SPROUT FRUTOS ROJOS,insert,1,https://riba.app/imgrs/THUMBS%20500X500/298502.JPG,tabs/detalle-producto/298502,820.000,820.000,820.000,USD,1,,"{""MARCA"":[""SPROUT""],""CATEGORIA"":[""Alimentos""]}","[""Alimentos""]",NULL,https://riba.app/imgrs/THUMBS%20500X500/298502.JPG,0,0,"[""83""]",820.000,2026-05-08 9:49:16
81957301172,"HAPPY TOT APPLE,PEACH,PUMP,CIN","HAPPY TOT APPLE,PEACH,PUMP,CIN","HAPPY TOT APPLE,PEACH,PUMP,CIN",insert,1,https://riba.app/imgrs/THUMBS%20500X500/234062.JPG,tabs/detalle-producto/234062,300.000,300.000,300.000,USD,1,,"{""MARCA"":[""HAPPYTOT""],""CATEGORIA"":[""Alimentos""]}","[""Alimentos""]",NULL,https://riba.app/imgrs/THUMBS%20500X500/234062.JPG,0,0,"[""83""]",300.000,2026-05-08 9:49:16
81957301174,HAPPYB ORG BLUE & CARROT TEETH,HAPPYB ORG BLUE & CARROT TEETH,HAPPYB ORG BLUE & CARROT TEETH,insert,1,https://riba.app/imgrs/THUMBS%20500X500/357263.JPG,tabs/detalle-producto/357263,746.000,746.000,746.000,USD,1,,"{""MARCA"":[""HAPPYBABY""],""CATEGORIA"":[""Alimentos""]}","[""Alimentos""]",NULL,https://riba.app/imgrs/THUMBS%20500X500/357263.JPG,0,0,"[""83""]",746.000,2026-05-08 9:49:16
81957301175,HAPPYB ORG BANA & POTAT TEETHE,HAPPYB ORG BANA & POTAT TEETHE,HAPPYB ORG BANA & POTAT TEETHE,insert,1,https://riba.app/imgrs/THUMBS%20500X500/357261.JPG,tabs/detalle-producto/357261,746.000,746.000,746.000,USD,1,,"{""MARCA"":[""HAPPYBABY""],""CATEGORIA"":[""Alimentos""]}","[""Alimentos""]",NULL,https://riba.app/imgrs/THUMBS%20500X500/357261.JPG,0,0,"[""83""]",746.000,2026-05-08 9:49:16
81957301178,YOGIS STRAWBERRY BANANA ORG,YOGIS STRAWBERRY BANANA ORG,YOGIS STRAWBERRY BANANA ORG,insert,1,https://riba.app/imgrs/THUMBS%20500X500/336810.JPG,tabs/detalle-producto/336810,634.000,634.000,634.000,USD,1,,"{""MARCA"":[""HAPPY( BABY-TIMES)""],""CATEGORIA"":[""Alimentos""]}","[""Alimentos""]",NULL,https://riba.app/imgrs/THUMBS%20500X500/336810.JPG,0,0,"[""83""]",634.000,2026-05-08 9:49:16
81957301320,HB ORG APPLES GUAVAS BEETS,HB ORG APPLES GUAVAS BEETS,HB ORG APPLES GUAVAS BEETS,insert,1,https://riba.app/imgrs/THUMBS%20500X500/299156.JPG,tabs/detalle-producto/299156,300.000,300.000,300.000,USD,1,,"{""MARCA"":[""HAPPY( BABY-TIMES)""],""CATEGORIA"":[""Alimentos""]}","[""Alimentos""]",NULL,https://riba.app/imgrs/THUMBS%20500X500/299156.JPG,0,0,"[""83""]",300.000,2026-05-08 9:49:16
81957301322,HB ORG PEAR SQUASH BLACKBEERY,HB ORG PEAR SQUASH BLACKBEERY,HB ORG PEAR SQUASH BLACKBEERY,insert,1,https://riba.app/imgrs/THUMBS%20500X500/299158.JPG,tabs/detalle-producto/299158,300.000,300.000,300.000,USD,1,,"{""MARCA"":[""HAPPY( BABY-TIMES)""],""CATEGORIA"":[""Alimentos""]}","[""Alimentos""]",NULL,https://riba.app/imgrs/THUMBS%20500X500/299158.JPG,0,0,"[""83""]",300.000,2026-05-08 9:49:16
81957301323,HB APPLES BLUEB & OAT,HB APPLES BLUEB & OAT,HB APPLES BLUEB & OAT,insert,1,https://riba.app/imgrs/THUMBS%20500X500/299155.JPG,tabs/detalle-producto/299155,300.000,300.000,300.000,USD,1,,"{""MARCA"":[""HAPPY( BABY-TIMES)""],""CATEGORIA"":[""Alimentos""]}","[""Alimentos""]",NULL,https://riba.app/imgrs/THUMBS%20500X500/299155.JPG,0,0,"[""83""]",300.000,2026-05-08 9:49:16
81957301326,HB ORG BANANAS RASPBE & OATS,HB ORG BANANAS RASPBE & OATS,HB ORG BANANAS RASPBE & OATS,insert,1,https://riba.app/imgrs/THUMBS%20500X500/299157.JPG,tabs/detalle-producto/299157,300.000,300.000,300.000,USD,1,,"{""MARCA"":[""HAPPY( BABY-TIMES)""],""CATEGORIA"":[""Alimentos""]}","[""Alimentos""]",NULL,https://riba.app/imgrs/THUMBS%20500X500/299157.JPG,0,0,"[""83""]",300.000,2026-05-08 9:49:16
81957301389,HB BANANAS PLUMS & GRANOLA ORG,HB BANANAS PLUMS & GRANOLA ORG,HB BANANAS PLUMS & GRANOLA ORG,insert,1,https://riba.app/imgrs/THUMBS%20500X500/299165.JPG,tabs/detalle-producto/299165,300.000,300.000,300.000,USD,1,,"{""MARCA"":[""HAPPY( BABY-TIMES)""],""CATEGORIA"":[""Alimentos""]}","[""Alimentos""]",NULL,https://riba.app/imgrs/THUMBS%20500X500/299165.JPG,0,0,"[""83""]",300.000,2026-05-08 9:49:16
81957301390,HB APPLES SWT POTATOES GRANOLA,HB APPLES SWT POTATOES GRANOLA,HB APPLES SWT POTATOES GRANOLA,insert,1,https://riba.app/imgrs/THUMBS%20500X500/299166.JPG,tabs/detalle-producto/299166,300.000,300.000,300.000,USD,1,,"{""MARCA"":[""HAPPY( BABY-TIMES)""],""CATEGORIA"":[""Alimentos""]}","[""Alimentos""]",NULL,https://riba.app/imgrs/THUMBS%20500X500/299166.JPG,0,0,"[""83""]",300.000,2026-05-08 9:49:16
81957301554,HAPPYB ORG MANGO PUMPK TEETHER,HAPPYB ORG MANGO PUMPK TEETHER,HAPPYB ORG MANGO PUMPK TEETHER,insert,1,https://riba.app/imgrs/THUMBS%20500X500/357260.JPG,tabs/detalle-producto/357260,746.000,746.000,746.000,USD,1,,"{""MARCA"":[""HAPPYBABY""],""CATEGORIA"":[""Alimentos""]}","[""Alimentos""]",NULL,https://riba.app/imgrs/THUMBS%20500X500/357260.JPG,0,0,"[""83""]",746.000,2026-05-08 9:49:16
81957301592,HAPPYTOT ORG APL ACAI MILK CHI,HAPPYTOT ORG APL ACAI MILK CHI,HAPPYTOT ORG APL ACAI MILK CHI,insert,1,https://riba.app/imgrs/THUMBS%20500X500/349302.JPG,tabs/detalle-producto/349302,310.000,310.000,310.000,USD,1,,"{""MARCA"":[""HAPPYTOT""],""CATEGORIA"":[""Alimentos""]}","[""Alimentos""]",NULL,https://riba.app/imgrs/THUMBS%20500X500/349302.JPG,0,0,"[""83""]",310.000,2026-05-08 9:49:16
81957301638,HB ORG PURPLE CARROTS & CAULIF,HB ORG PURPLE CARROTS & CAULIF,HB ORG PURPLE CARROTS & CAULIF,insert,1,https://riba.app/imgrs/THUMBS%20500X500/299178.JPG,tabs/detalle-producto/299178,300.000,300.000,300.000,USD,1,,"{""MARCA"":[""HAPPY( BABY-TIMES)""],""CATEGORIA"":[""Alimentos""]}","[""Alimentos""]",NULL,https://riba.app/imgrs/THUMBS%20500X500/299178.JPG,0,0,"[""83""]",300.000,2026-05-08 9:49:16
81957301639,HB ORG SQUASH CHICKPEAS SPINAC,HB ORG SQUASH CHICKPEAS SPINAC,HB ORG SQUASH CHICKPEAS SPINAC,insert,1,https://riba.app/imgrs/THUMBS%20500X500/299180.JPG,tabs/detalle-producto/299180,300.000,300.000,300.000,USD,1,,"{""MARCA"":[""HAPPY( BABY-TIMES)""],""CATEGORIA"":[""Alimentos""]}","[""Alimentos""]",NULL,https://riba.app/imgrs/THUMBS%20500X500/299180.JPG,0,0,"[""83""]",300.000,2026-05-08 9:49:16
83463300005,BANANA PEA & BLUBERRY T SNACK,BANANA PEA & BLUBERRY T SNACK,BANANA PEA & BLUBERRY T SNACK,insert,1,https://riba.app/imgrs/THUMBS%20500X500/339202.JPG,tabs/detalle-producto/339202,543.000,543.000,543.000,USD,1,,"{""MARCA"":[""FIRST FOOD ""],""CATEGORIA"":[""Alimentos""]}","[""Alimentos""]",NULL,https://riba.app/imgrs/THUMBS%20500X500/339202.JPG,0,0,"[""83""]",543.000,2026-05-08 9:49:16
83463300027,SF STARS S APPLE ORANGE CARROT,SF STARS S APPLE ORANGE CARROT,SF STARS S APPLE ORANGE CARROT,insert,1,https://riba.app/imgrs/THUMBS%20500X500/339204.JPG,tabs/detalle-producto/339204,640.000,640.000,640.000,USD,1,,"{""MARCA"":[""FIRST FOOD ""],""CATEGORIA"":[""Alimentos""]}","[""Alimentos""]",NULL,https://riba.app/imgrs/THUMBS%20500X500/339204.JPG,0,0,"[""83""]",640.000,2026-05-08 9:49:16
841017504482,SUPERFRUTA MEDITERRANEO,SUPERFRUTA MEDITERRANEO,SUPERFRUTA MEDITERRANEO,insert,1,https://riba.app/imgrs/THUMBS%20500X500/227872.JPG,tabs/detalle-producto/227872,90.000,90.000,90.000,USD,1,,"{""MARCA"":[""HERO BABY""],""CATEGORIA"":[""Alimentos""]}","[""Alimentos""]",NULL,https://riba.app/imgrs/THUMBS%20500X500/227872.JPG,0,0,"[""83""]",90.000,2026-05-08 9:49:16
841017504486,MI MERIENDA YOGURT PLAT FRESA,MI MERIENDA YOGURT PLAT FRESA,MI MERIENDA YOGURT PLAT FRESA,insert,1,https://riba.app/imgrs/THUMBS%20500X500/282377.JPG,tabs/detalle-producto/282377,118.000,118.000,118.000,USD,1,,"{""MARCA"":[""HERO BABY""],""CATEGORIA"":[""Alimentos""]}","[""Alimentos""]",NULL,https://riba.app/imgrs/THUMBS%20500X500/282377.JPG,0,0,"[""83""]",118.000,2026-05-08 9:49:16
841017505012,ARROZ CON POLLO,ARROZ CON POLLO,ARROZ CON POLLO,insert,1,https://riba.app/imgrs/THUMBS%20500X500/256652.JPG,tabs/detalle-producto/256652,223.000,223.000,223.000,USD,1,,"{""MARCA"":[""HERO BABY""],""CATEGORIA"":[""Alimentos""]}","[""Alimentos""]",NULL,https://riba.app/imgrs/THUMBS%20500X500/256652.JPG,0,0,"[""83""]",223.000,2026-05-08 9:49:16
841017505022,BABY ZANAHORIA BB CON TERNERA,BABY ZANAHORIA BB CON TERNERA,BABY ZANAHORIA BB CON TERNERA,insert,1,https://riba.app/imgrs/THUMBS%20500X500/246137.JPG,tabs/detalle-producto/246137,250.000,250.000,250.000,USD,1,,"{""MARCA"":[""HERO BABY""],""CATEGORIA"":[""Alimentos""]}","[""Alimentos""]",NULL,https://riba.app/imgrs/THUMBS%20500X500/246137.JPG,0,0,"[""83""]",250.000,2026-05-08 9:49:16
841017505242,BABY VERD CON DELICIAS PAVO ,BABY VERD CON DELICIAS PAVO ,BABY VERD CON DELICIAS PAVO ,insert,1,https://riba.app/imgrs/THUMBS%20500X500/246138.JPG,tabs/detalle-producto/246138,250.000,250.000,250.000,USD,1,,"{""MARCA"":[""HERO BABY""],""CATEGORIA"":[""Alimentos""]}","[""Alimentos""]",NULL,https://riba.app/imgrs/THUMBS%20500X500/246138.JPG,0,0,"[""83""]",250.000,2026-05-08 9:49:16
841017505961,HERO MANZANA Y PLATANO,HERO MANZANA Y PLATANO,HERO MANZANA Y PLATANO,insert,1,https://riba.app/imgrs/THUMBS%20500X500/282682.JPG,tabs/detalle-producto/282682,90.000,90.000,90.000,USD,1,,"{""MARCA"":[""HERO BABY""],""CATEGORIA"":[""Alimentos""]}","[""Alimentos""]",NULL,https://riba.app/imgrs/THUMBS%20500X500/282682.JPG,0,0,"[""83""]",90.000,2026-05-08 9:49:16
841017505962,HERO MANOS 3 FRUTAS ,HERO MANOS 3 FRUTAS ,HERO MANOS 3 FRUTAS ,insert,1,https://riba.app/imgrs/THUMBS%20500X500/270323.JPG,tabs/detalle-producto/270323,90.000,90.000,90.000,USD,1,,"{""MARCA"":[""HERO BABY""],""CATEGORIA"":[""Alimentos""]}","[""Alimentos""]",NULL,https://riba.app/imgrs/THUMBS%20500X500/270323.JPG,0,0,"[""83""]",90.000,2026-05-08 9:49:16
841017505963,MULTIFRUTA CON GALLETA ,MULTIFRUTA CON GALLETA ,MULTIFRUTA CON GALLETA ,insert,1,https://riba.app/imgrs/THUMBS%20500X500/282378.JPG,tabs/detalle-producto/282378,90.000,90.000,90.000,USD,1,,"{""MARCA"":[""HERO BABY""],""CATEGORIA"":[""Alimentos""]}","[""Alimentos""]",NULL,https://riba.app/imgrs/THUMBS%20500X500/282378.JPG,0,0,"[""83""]",90.000,2026-05-08 9:49:16
841017508006,HERO BABY PAPILLA ARROZ 220GR,HERO BABY PAPILLA ARROZ 220GR,HERO BABY PAPILLA ARROZ 220GR,insert,1,https://riba.app/imgrs/THUMBS%20500X500/314309.JPG,tabs/detalle-producto/314309,387.000,387.000,387.000,USD,1,,"{""MARCA"":[""HERO BABY""],""CATEGORIA"":[""Alimentos""]}","[""Alimentos""]",NULL,https://riba.app/imgrs/THUMBS%20500X500/314309.JPG,0,0,"[""83""]",387.000,2026-05-08 9:49:16
841017509128,HERO SOLO NATILLAS CON GALLETA,HERO SOLO NATILLAS CON GALLETA,HERO SOLO NATILLAS CON GALLETA,insert,1,https://riba.app/imgrs/THUMBS%20500X500/353960.JPG,tabs/detalle-producto/353960,322.000,322.000,322.000,USD,1,,"{""MARCA"":[""HERO BABY""],""CATEGORIA"":[""Alimentos""]}","[""Alimentos""]",NULL,https://riba.app/imgrs/THUMBS%20500X500/353960.JPG,0,0,"[""83""]",322.000,2026-05-08 9:49:16
841104710141,GEL LINEA BEBE 500ML,GEL LINEA BEBE 500ML,GEL LINEA BEBE 500ML,insert,1,https://riba.app/imgrs/THUMBS%20500X500/276568.JPG,tabs/detalle-producto/276568,806.000,806.000,806.000,USD,1,,"{""MARCA"":[""INSTITUTO ESPAÑOL""],""CATEGORIA"":[""Cuidado Personal""]}","[""Cuidado Personal""]",NULL,https://riba.app/imgrs/THUMBS%20500X500/276568.JPG,0,0,"[""82""]",806.000,2026-05-08 9:49:16
841104710142,CHAMPU EXTRA SUAVE 300ML,CHAMPU EXTRA SUAVE 300ML,CHAMPU EXTRA SUAVE 300ML,insert,1,https://riba.app/imgrs/THUMBS%20500X500/276569.JPG,tabs/detalle-producto/276569,742.000,742.000,742.000,USD,1,,"{""MARCA"":[""INSTITUTO ESPAÑOL""],""CATEGORIA"":[""Cuidado Personal""]}","[""Cuidado Personal""]",NULL,https://riba.app/imgrs/THUMBS%20500X500/276569.JPG,0,0,"[""82""]",742.000,2026-05-08 9:49:16
841104710143,LOCION HIDRATANTE CORPORAL BEB,LOCION HIDRATANTE CORPORAL BEB,LOCION HIDRATANTE CORPORAL BEB,insert,1,https://riba.app/imgrs/THUMBS%20500X500/276572.JPG,tabs/detalle-producto/276572,866.000,866.000,866.000,USD,1,,"{""MARCA"":[""INSTITUTO ESPAÑOL""],""CATEGORIA"":[""Cuidado Personal""]}","[""Cuidado Personal""]",NULL,https://riba.app/imgrs/THUMBS%20500X500/276572.JPG,0,0,"[""82""]",866.000,2026-05-08 9:49:16
841104710145,TUBO CREMA PAÑAL BEBE 150ML,TUBO CREMA PAÑAL BEBE 150ML,TUBO CREMA PAÑAL BEBE 150ML,insert,1,https://riba.app/imgrs/THUMBS%20500X500/276566.JPG,tabs/detalle-producto/276566,612.000,612.000,612.000,USD,1,,"{""MARCA"":[""INSTITUTO ESPAÑOL""],""CATEGORIA"":[""Cuidado Personal""]}","[""Cuidado Personal""]",NULL,https://riba.app/imgrs/THUMBS%20500X500/276566.JPG,0,0,"[""82""]",612.000,2026-05-08 9:49:16
841104710153,AGUA DE COLONIA BEBE,AGUA DE COLONIA BEBE,AGUA DE COLONIA BEBE,insert,1,https://riba.app/imgrs/THUMBS%20500X500/319372.JPG,tabs/detalle-producto/319372,1.320.000,1.320.000,1.320.000,USD,1,,"{""MARCA"":[""INSTITUTO ESPAÑOL""],""CATEGORIA"":[""Cuidado Personal""]}","[""Cuidado Personal""]",NULL,https://riba.app/imgrs/THUMBS%20500X500/319372.JPG,0,0,"[""82""]",1.320.000,2026-05-08 9:49:16
841104713701,CHAMPU SUAVE ANTIPIOJO ,CHAMPU SUAVE ANTIPIOJO ,CHAMPU SUAVE ANTIPIOJO ,insert,1,https://riba.app/imgrs/THUMBS%20500X500/216292.JPG,tabs/detalle-producto/216292,1.023.000,1.023.000,1.023.000,USD,1,,"{""MARCA"":[""INSTITUTO ESPAÑOL""],""CATEGORIA"":[""Cuidado Personal""]}","[""Cuidado Personal""]",NULL,https://riba.app/imgrs/THUMBS%20500X500/216292.JPG,0,0,"[""82""]",1.023.000,2026-05-08 9:49:16
841400207500,CHAMPU PARA NINOS TE NATURVITA,CHAMPU PARA NINOS TE NATURVITA,CHAMPU PARA NINOS TE NATURVITA,insert,1,https://riba.app/imgrs/THUMBS%20500X500/356526.JPG,tabs/detalle-producto/356526,822.000,822.000,822.000,USD,1,,"{""MARCA"":[""NATURVITAL""],""CATEGORIA"":[""Cuidado Personal""]}","[""Cuidado Personal""]",NULL,https://riba.app/imgrs/THUMBS%20500X500/356526.JPG,0,0,"[""82""]",822.000,2026-05-08 9:49:16
842703000313,FORMULA SENSITIVE L F EYE Q,FORMULA SENSITIVE L F EYE Q,FORMULA SENSITIVE L F EYE Q,insert,1,https://riba.app/imgrs/THUMBS%20500X500/180703.JPG,tabs/detalle-producto/180703,1.727.000,1.727.000,1.727.000,USD,1,,"{""MARCA"":[""SIMILAC""],""CATEGORIA"":[""Alimentos""]}","[""Alimentos""]",NULL,https://riba.app/imgrs/THUMBS%20500X500/180703.JPG,0,0,"[""83""]",1.727.000,2026-05-08 9:49:16
842703000620,SIMILAC TOTAL COMFORT 2 HMO,SIMILAC TOTAL COMFORT 2 HMO,SIMILAC TOTAL COMFORT 2 HMO,insert,1,https://riba.app/imgrs/THUMBS%20500X500/274318.JPG,tabs/detalle-producto/274318,4.093.000,4.093.000,4.093.000,USD,1,,"{""MARCA"":[""SIMILAC""],""CATEGORIA"":[""Alimentos""]}","[""Alimentos""]",NULL,https://riba.app/imgrs/THUMBS%20500X500/274318.JPG,0,0,"[""83""]",4.093.000,2026-05-08 9:49:16
842703000621,SIMILAC TOTAL COMFORT 1 HMO,SIMILAC TOTAL COMFORT 1 HMO,SIMILAC TOTAL COMFORT 1 HMO,insert,1,https://riba.app/imgrs/THUMBS%20500X500/274313.JPG,tabs/detalle-producto/274313,1.959.000,1.959.000,1.959.000,USD,1,,"{""MARCA"":[""SIMILAC""],""CATEGORIA"":[""Alimentos""]}","[""Alimentos""]",NULL,https://riba.app/imgrs/THUMBS%20500X500/274313.JPG,0,0,"[""83""]",1.959.000,2026-05-08 9:49:16
842703000808,SIMILAC NEOSURE HMO 370GR,SIMILAC NEOSURE HMO 370GR,SIMILAC NEOSURE HMO 370GR,insert,1,https://riba.app/imgrs/THUMBS%20500X500/20807.JPG,tabs/detalle-producto/20807,1.656.000,1.656.000,1.656.000,USD,1,,"{""MARCA"":[""SIMILAC""],""CATEGORIA"":[""Alimentos""]}","[""Alimentos""]",NULL,https://riba.app/imgrs/THUMBS%20500X500/20807.JPG,0,0,"[""83""]",1.656.000,2026-05-08 9:49:16
842703000867,FORMULA SIMILAC TC ETAPA 1,FORMULA SIMILAC TC ETAPA 1,FORMULA SIMILAC TC ETAPA 1,insert,1,https://riba.app/imgrs/THUMBS%20500X500/340494.JPG,tabs/detalle-producto/340494,3.260.000,3.260.000,3.260.000,USD,1,,"{""MARCA"":[""SIMILAC""],""CATEGORIA"":[""Alimentos""]}","[""Alimentos""]",NULL,https://riba.app/imgrs/THUMBS%20500X500/340494.JPG,0,0,"[""83""]",3.260.000,2026-05-08 9:49:16
842703000902,SIMILAC TOTAL CONFORT 2 NINOS,SIMILAC TOTAL CONFORT 2 NINOS,SIMILAC TOTAL CONFORT 2 NINOS,insert,1,https://riba.app/imgrs/THUMBS%20500X500/359228.JPG,tabs/detalle-producto/359228,4.069.000,4.069.000,4.069.000,USD,1,,"{""MARCA"":[""SIMILAC""],""CATEGORIA"":[""Alimentos""]}","[""Alimentos""]",NULL,https://riba.app/imgrs/THUMBS%20500X500/359228.JPG,0,0,"[""83""]",4.069.000,2026-05-08 9:49:16
842703000918,FORMULA SIMILAC SIN LACTOSA,FORMULA SIMILAC SIN LACTOSA,FORMULA SIMILAC SIN LACTOSA,insert,1,https://riba.app/imgrs/THUMBS%20500X500/359453.JPG,tabs/detalle-producto/359453,3.891.000,3.891.000,3.891.000,USD,1,,"{""MARCA"":[""SIMILAC""],""CATEGORIA"":[""Alimentos""]}","[""Alimentos""]",NULL,https://riba.app/imgrs/THUMBS%20500X500/359453.JPG,0,0,"[""83""]",3.891.000,2026-05-08 9:49:16
843009430911,5 CEREALES,5 CEREALES,5 CEREALES,insert,1,https://riba.app/imgrs/THUMBS%20500X500/33327.JPG,tabs/detalle-producto/33327,312.000,312.000,312.000,USD,1,,"{""MARCA"":[""NUTRIBEN""],""CATEGORIA"":[""Alimentos""]}","[""Alimentos""]",NULL,https://riba.app/imgrs/THUMBS%20500X500/33327.JPG,0,0,"[""83""]",312.000,2026-05-08 9:49:16
843009430912,CEREAL SIN GLUTEN ,CEREAL SIN GLUTEN ,CEREAL SIN GLUTEN ,insert,1,https://riba.app/imgrs/THUMBS%20500X500/201433.JPG,tabs/detalle-producto/201433,281.000,281.000,281.000,USD,1,,"{""MARCA"":[""NUTRIBEN""],""CATEGORIA"":[""Alimentos""]}","[""Alimentos""]",NULL,https://riba.app/imgrs/THUMBS%20500X500/201433.JPG,0,0,"[""83""]",281.000,2026-05-08 9:49:16
843009430913,CEREAL CRECIMIENTO ,CEREAL CRECIMIENTO ,CEREAL CRECIMIENTO ,insert,1,https://riba.app/imgrs/THUMBS%20500X500/268585.JPG,tabs/detalle-producto/268585,308.000,308.000,308.000,USD,1,,"{""MARCA"":[""NUTRIBEN""],""CATEGORIA"":[""Alimentos""]}","[""Alimentos""]",NULL,https://riba.app/imgrs/THUMBS%20500X500/268585.JPG,0,0,"[""83""]",308.000,2026-05-08 9:49:16
843009431002,8 CEREALES MIEL & CALCIO,8 CEREALES MIEL & CALCIO,8 CEREALES MIEL & CALCIO,insert,1,https://riba.app/imgrs/THUMBS%20500X500/124013.JPG,tabs/detalle-producto/124013,350.000,350.000,350.000,USD,1,,"{""MARCA"":[""NUTRIBEN""],""CATEGORIA"":[""Alimentos""]}","[""Alimentos""]",NULL,https://riba.app/imgrs/THUMBS%20500X500/124013.JPG,0,0,"[""83""]",350.000,2026-05-08 9:49:16
843009431003,8 CEREALES MIEL BIFUDUS ,8 CEREALES MIEL BIFUDUS ,8 CEREALES MIEL BIFUDUS ,insert,1,https://riba.app/imgrs/THUMBS%20500X500/82063.JPG,tabs/detalle-producto/82063,350.000,350.000,350.000,USD,1,,"{""MARCA"":[""NUTRIBEN""],""CATEGORIA"":[""Alimentos""]}","[""Alimentos""]",NULL,https://riba.app/imgrs/THUMBS%20500X500/82063.JPG,0,0,"[""83""]",350.000,2026-05-08 9:49:16
843009431004,8 CEREALES MIEL & FIBRA,8 CEREALES MIEL & FIBRA,8 CEREALES MIEL & FIBRA,insert,1,https://riba.app/imgrs/THUMBS%20500X500/124014.JPG,tabs/detalle-producto/124014,350.000,350.000,350.000,USD,1,,"{""MARCA"":[""NUTRIBEN""],""CATEGORIA"":[""Alimentos""]}","[""Alimentos""]",NULL,https://riba.app/imgrs/THUMBS%20500X500/124014.JPG,0,0,"[""83""]",350.000,2026-05-08 9:49:16
843009431005,8 CEREALES MIEL CON GALLETA M,8 CEREALES MIEL CON GALLETA M,8 CEREALES MIEL CON GALLETA M,insert,1,https://riba.app/imgrs/THUMBS%20500X500/141439.JPG,tabs/detalle-producto/141439,346.000,346.000,346.000,USD,1,,"{""MARCA"":[""NUTRIBEN""],""CATEGORIA"":[""Alimentos""]}","[""Alimentos""]",NULL,https://riba.app/imgrs/THUMBS%20500X500/141439.JPG,0,0,"[""83""]",346.000,2026-05-08 9:49:16
843009431006,8 CEREALES MIEL CON 4 FRUTAS,8 CEREALES MIEL CON 4 FRUTAS,8 CEREALES MIEL CON 4 FRUTAS,insert,1,https://riba.app/imgrs/THUMBS%20500X500/127778.JPG,tabs/detalle-producto/127778,346.000,346.000,346.000,USD,1,,"{""MARCA"":[""NUTRIBEN""],""CATEGORIA"":[""Alimentos""]}","[""Alimentos""]",NULL,https://riba.app/imgrs/THUMBS%20500X500/127778.JPG,0,0,"[""83""]",346.000,2026-05-08 9:49:16
843009431212,NUTRIBEN NATAL PRO ALFA 400GR,NUTRIBEN NATAL PRO ALFA 400GR,NUTRIBEN NATAL PRO ALFA 400GR,insert,1,https://riba.app/imgrs/THUMBS%20500X500/268348.JPG,tabs/detalle-producto/268348,1.043.000,1.043.000,1.043.000,USD,1,,"{""MARCA"":[""NUTRIBEN""],""CATEGORIA"":[""Alimentos""]}","[""Alimentos""]",NULL,https://riba.app/imgrs/THUMBS%20500X500/268348.JPG,0,0,"[""83""]",1.043.000,2026-05-08 9:49:16
843009431215,NUTRIBEN NATAL PROALFA 800G,NUTRIBEN NATAL PROALFA 800G,NUTRIBEN NATAL PROALFA 800G,insert,1,https://riba.app/imgrs/THUMBS%20500X500/287492.JPG,tabs/detalle-producto/287492,1.883.000,1.883.000,1.883.000,USD,1,,"{""MARCA"":[""NUTRIBEN""],""CATEGORIA"":[""Alimentos""]}","[""Alimentos""]",NULL,https://riba.app/imgrs/THUMBS%20500X500/287492.JPG,0,0,"[""83""]",1.883.000,2026-05-08 9:49:16
843009431217,NUTRIB CRECIMIENTO PRO + 800GR,NUTRIB CRECIMIENTO PRO + 800GR,NUTRIB CRECIMIENTO PRO + 800GR,insert,1,https://riba.app/imgrs/THUMBS%20500X500/286555.JPG,tabs/detalle-producto/286555,1.702.000,1.702.000,1.702.000,USD,1,,"{""MARCA"":[""NUTRIBEN""],""CATEGORIA"":[""Alimentos""]}","[""Alimentos""]",NULL,https://riba.app/imgrs/THUMBS%20500X500/286555.JPG,0,0,"[""83""]",1.702.000,2026-05-08 9:49:16
843009431235,CREMA DE ARROZ SIN GLUTEN,CREMA DE ARROZ SIN GLUTEN,CREMA DE ARROZ SIN GLUTEN,insert,1,https://riba.app/imgrs/THUMBS%20500X500/33330.JPG,tabs/detalle-producto/33330,301.000,301.000,301.000,USD,1,,"{""MARCA"":[""NUTRIBEN""],""CATEGORIA"":[""Alimentos""]}","[""Alimentos""]",NULL,https://riba.app/imgrs/THUMBS%20500X500/33330.JPG,0,0,"[""83""]",301.000,2026-05-08 9:49:16
843658548422,COLONIA PARA NINOS SEVEN KIDS,COLONIA PARA NINOS SEVEN KIDS,COLONIA PARA NINOS SEVEN KIDS,insert,1,https://riba.app/imgrs/THUMBS%20500X500/340977.JPG,tabs/detalle-producto/340977,721.000,721.000,721.000,USD,1,,"{""MARCA"":[""SEVEN KIDS""],""CATEGORIA"":[""Cuidado Personal""]}","[""Cuidado Personal""]",NULL,https://riba.app/imgrs/THUMBS%20500X500/340977.JPG,0,0,"[""82""]",721.000,2026-05-08 9:49:16
843658548508,CHAMPU SK PROBIOTICOS VITAMINA,CHAMPU SK PROBIOTICOS VITAMINA,CHAMPU SK PROBIOTICOS VITAMINA,insert,1,https://riba.app/imgrs/THUMBS%20500X500/340978.JPG,tabs/detalle-producto/340978,1.087.000,1.087.000,1.087.000,USD,1,,"{""MARCA"":[""SEVEN KIDS""],""CATEGORIA"":[""Cuidado Personal""]}","[""Cuidado Personal""]",NULL,https://riba.app/imgrs/THUMBS%20500X500/340978.JPG,0,0,"[""82""]",1.087.000,2026-05-08 9:49:16
843658548509,LECHE CORPORAL SEVEN KIDS,LECHE CORPORAL SEVEN KIDS,LECHE CORPORAL SEVEN KIDS,insert,1,https://riba.app/imgrs/THUMBS%20500X500/341021.JPG,tabs/detalle-producto/341021,1.116.000,1.116.000,1.116.000,USD,1,,"{""MARCA"":[""SEVEN KIDS""],""CATEGORIA"":[""Cuidado Personal""]}","[""Cuidado Personal""]",NULL,https://riba.app/imgrs/THUMBS%20500X500/341021.JPG,0,0,"[""82""]",1.116.000,2026-05-08 9:49:16
843658548684,ESTUCHE NECESER MINI TALLAS,ESTUCHE NECESER MINI TALLAS,ESTUCHE NECESER MINI TALLAS,insert,1,https://riba.app/imgrs/THUMBS%20500X500/341022.JPG,tabs/detalle-producto/341022,1.817.000,1.817.000,1.817.000,USD,1,,"{""MARCA"":[""SEVEN KIDS""],""CATEGORIA"":[""Cuidado Personal""]}","[""Cuidado Personal""]",NULL,https://riba.app/imgrs/THUMBS%20500X500/341022.JPG,0,0,"[""82""]",1.817.000,2026-05-08 9:49:16
843700094568,LECHE HIDRATANTE CORPORAL PEDI,LECHE HIDRATANTE CORPORAL PEDI,LECHE HIDRATANTE CORPORAL PEDI,insert,1,https://riba.app/imgrs/THUMBS%20500X500/327859.JPG,tabs/detalle-producto/327859,1.238.000,1.238.000,1.238.000,USD,1,,"{""MARCA"":[""BABE LABORATORIOS""],""CATEGORIA"":[""Cuidado Personal""]}","[""Cuidado Personal""]",NULL,https://riba.app/imgrs/THUMBS%20500X500/327859.JPG,0,0,"[""82""]",1.238.000,2026-05-08 9:49:16
843700094569,CHAMPU EXTRASUAVE PEDIATRIC,CHAMPU EXTRASUAVE PEDIATRIC,CHAMPU EXTRASUAVE PEDIATRIC,insert,1,https://riba.app/imgrs/THUMBS%20500X500/327855.JPG,tabs/detalle-producto/327855,803.000,803.000,803.000,USD,1,,"{""MARCA"":[""BABE LABORATORIOS""],""CATEGORIA"":[""Cuidado Personal""]}","[""Cuidado Personal""]",NULL,https://riba.app/imgrs/THUMBS%20500X500/327855.JPG,0,0,"[""82""]",803.000,2026-05-08 9:49:16
843700094571,JABON DE ACEITE SKIN PEDIATRIC,JABON DE ACEITE SKIN PEDIATRIC,JABON DE ACEITE SKIN PEDIATRIC,insert,1,https://riba.app/imgrs/THUMBS%20500X500/327862.JPG,tabs/detalle-producto/327862,1.320.000,1.320.000,1.320.000,USD,1,,"{""MARCA"":[""BABE LABORATORIOS""],""CATEGORIA"":[""Cuidado Personal""]}","[""Cuidado Personal""]",NULL,https://riba.app/imgrs/THUMBS%20500X500/327862.JPG,0,0,"[""82""]",1.320.000,2026-05-08 9:49:16
843700094572,ATOPIC SKIN CREMA EMOLIENTE,ATOPIC SKIN CREMA EMOLIENTE,ATOPIC SKIN CREMA EMOLIENTE,insert,1,https://riba.app/imgrs/THUMBS%20500X500/327863.JPG,tabs/detalle-producto/327863,1.532.000,1.532.000,1.532.000,USD,1,,"{""MARCA"":[""BABE LABORATORIOS""],""CATEGORIA"":[""Cuidado Personal""]}","[""Cuidado Personal""]",NULL,https://riba.app/imgrs/THUMBS%20500X500/327863.JPG,0,0,"[""82""]",1.532.000,2026-05-08 9:49:16
843700094573,GEL DE BAÑO PEDIATRIC ,GEL DE BAÑO PEDIATRIC ,GEL DE BAÑO PEDIATRIC ,insert,1,https://riba.app/imgrs/THUMBS%20500X500/327858.JPG,tabs/detalle-producto/327858,967.000,967.000,967.000,USD,1,,"{""MARCA"":[""BABE LABORATORIOS""],""CATEGORIA"":[""Cuidado Personal""]}","[""Cuidado Personal""]",NULL,https://riba.app/imgrs/THUMBS%20500X500/327858.JPG,0,0,"[""82""]",967.000,2026-05-08 9:49:16
843700094575,CHAMPU COSTRALACTEA PEDIATRIC ,CHAMPU COSTRALACTEA PEDIATRIC ,CHAMPU COSTRALACTEA PEDIATRIC ,insert,1,https://riba.app/imgrs/THUMBS%20500X500/327853.JPG,tabs/detalle-producto/327853,875.000,875.000,875.000,USD,1,,"{""MARCA"":[""BABE LABORATORIOS""],""CATEGORIA"":[""Cuidado Personal""]}","[""Cuidado Personal""]",NULL,https://riba.app/imgrs/THUMBS%20500X500/327853.JPG,0,0,"[""82""]",875.000,2026-05-08 9:49:16
843700695880,PURE DE MANZANA HOP,PURE DE MANZANA HOP,PURE DE MANZANA HOP,insert,1,https://riba.app/imgrs/THUMBS%20500X500/328970.JPG,tabs/detalle-producto/328970,140.000,140.000,140.000,USD,1,,"{""MARCA"":[""ANELA FRUITS""],""CATEGORIA"":[""Alimentos""]}","[""Alimentos""]",NULL,https://riba.app/imgrs/THUMBS%20500X500/328970.JPG,0,0,"[""83""]",140.000,2026-05-08 9:49:16
843700695881,PURE MANZANA Y PERA HOP,PURE MANZANA Y PERA HOP,PURE MANZANA Y PERA HOP,insert,1,https://riba.app/imgrs/THUMBS%20500X500/328971.JPG,tabs/detalle-producto/328971,151.000,151.000,151.000,USD,1,,"{""MARCA"":[""ANELA FRUITS""],""CATEGORIA"":[""Alimentos""]}","[""Alimentos""]",NULL,https://riba.app/imgrs/THUMBS%20500X500/328971.JPG,0,0,"[""83""]",151.000,2026-05-08 9:49:16
843700695882,PURE DE MANZANA Y PLATANO HOP,PURE DE MANZANA Y PLATANO HOP,PURE DE MANZANA Y PLATANO HOP,insert,1,https://riba.app/imgrs/THUMBS%20500X500/328972.JPG,tabs/detalle-producto/328972,151.000,151.000,151.000,USD,1,,"{""MARCA"":[""ANELA FRUITS""],""CATEGORIA"":[""Alimentos""]}","[""Alimentos""]",NULL,https://riba.app/imgrs/THUMBS%20500X500/328972.JPG,0,0,"[""83""]",151.000,2026-05-08 9:49:16
843701438908,PASTA AL AGUA CREMA PEDIATRIC,PASTA AL AGUA CREMA PEDIATRIC,PASTA AL AGUA CREMA PEDIATRIC,insert,1,https://riba.app/imgrs/THUMBS%20500X500/327861.JPG,tabs/detalle-producto/327861,990.000,990.000,990.000,USD,1,,"{""MARCA"":[""BABE LABORATORIOS""],""CATEGORIA"":[""Cuidado Personal""]}","[""Cuidado Personal""]",NULL,https://riba.app/imgrs/THUMBS%20500X500/327861.JPG,0,0,"[""82""]",990.000,2026-05-08 9:49:16
844529000330,FORMULA NAN EXPERT PRO,FORMULA NAN EXPERT PRO,FORMULA NAN EXPERT PRO,insert,1,https://riba.app/imgrs/THUMBS%20500X500/326054.JPG,tabs/detalle-producto/326054,1.833.000,1.833.000,1.833.000,USD,1,,"{""MARCA"":[""NAN""],""CATEGORIA"":[""Alimentos""]}","[""Alimentos""]",NULL,https://riba.app/imgrs/THUMBS%20500X500/326054.JPG,0,0,"[""83""]",1.833.000,2026-05-08 9:49:16
84761002406,CREMA CORP DISNEY FROZEN,CREMA CORP DISNEY FROZEN,CREMA CORP DISNEY FROZEN,insert,1,https://riba.app/imgrs/THUMBS%20500X500/327910.JPG,tabs/detalle-producto/327910,325.000,325.000,325.000,USD,1,,"{""MARCA"":[""DISNEY""],""CATEGORIA"":[""Cuidado Personal""]}","[""Cuidado Personal""]",NULL,https://riba.app/imgrs/THUMBS%20500X500/327910.JPG,0,0,"[""82""]",325.000,2026-05-08 9:49:16
84761002430,SPRAY CAPILAR DISNEY MINNIE,SPRAY CAPILAR DISNEY MINNIE,SPRAY CAPILAR DISNEY MINNIE,insert,1,https://riba.app/imgrs/THUMBS%20500X500/315260.JPG,tabs/detalle-producto/315260,333.000,333.000,333.000,USD,1,,"{""MARCA"":[""NEVADA KIDS""],""CATEGORIA"":[""Cuidado Personal""]}","[""Cuidado Personal""]",NULL,https://riba.app/imgrs/THUMBS%20500X500/315260.JPG,0,0,"[""82""]",333.000,2026-05-08 9:49:16
84761002434,SHAMPOO DISNEY MINNIE MOUS 2-1,SHAMPOO DISNEY MINNIE MOUS 2-1,SHAMPOO DISNEY MINNIE MOUS 2-1,insert,1,https://riba.app/imgrs/THUMBS%20500X500/315256.JPG,tabs/detalle-producto/315256,338.000,338.000,338.000,USD,1,,"{""MARCA"":[""NEVADA KIDS""],""CATEGORIA"":[""Cuidado Personal""]}","[""Cuidado Personal""]",NULL,https://riba.app/imgrs/THUMBS%20500X500/315256.JPG,0,0,"[""82""]",338.000,2026-05-08 9:49:16
84761002451,SHAMPOO DISNEY MICKEY 2 EN 1,SHAMPOO DISNEY MICKEY 2 EN 1,SHAMPOO DISNEY MICKEY 2 EN 1,insert,1,https://riba.app/imgrs/THUMBS%20500X500/315257.JPG,tabs/detalle-producto/315257,380.000,380.000,380.000,USD,1,,"{""MARCA"":[""NEVADA KIDS""],""CATEGORIA"":[""Cuidado Personal""]}","[""Cuidado Personal""]",NULL,https://riba.app/imgrs/THUMBS%20500X500/315257.JPG,0,0,"[""82""]",380.000,2026-05-08 9:49:16
84761002587,SHAMPOO DISNEY FROZEN 2 EN 1,SHAMPOO DISNEY FROZEN 2 EN 1,SHAMPOO DISNEY FROZEN 2 EN 1,insert,1,https://riba.app/imgrs/THUMBS%20500X500/315255.JPG,tabs/detalle-producto/315255,380.000,380.000,380.000,USD,1,,"{""MARCA"":[""NEVADA KIDS""],""CATEGORIA"":[""Cuidado Personal""]}","[""Cuidado Personal""]",NULL,https://riba.app/imgrs/THUMBS%20500X500/315255.JPG,0,0,"[""82""]",380.000,2026-05-08 9:49:16
84761002605,SHAMPOO MARVEL AVENGERS 2 EN 1,SHAMPOO MARVEL AVENGERS 2 EN 1,SHAMPOO MARVEL AVENGERS 2 EN 1,insert,1,https://riba.app/imgrs/THUMBS%20500X500/315258.JPG,tabs/detalle-producto/315258,320.000,320.000,320.000,USD,1,,"{""MARCA"":[""NEVADA KIDS""],""CATEGORIA"":[""Cuidado Personal""]}","[""Cuidado Personal""]",NULL,https://riba.app/imgrs/THUMBS%20500X500/315258.JPG,0,0,"[""82""]",320.000,2026-05-08 9:49:16
84761002761,TOALLITAS HUMEDAS DISNEY 80UN,TOALLITAS HUMEDAS DISNEY 80UN,TOALLITAS HUMEDAS DISNEY 80UN,insert,1,https://riba.app/imgrs/THUMBS%20500X500/340073.JPG,tabs/detalle-producto/340073,326.000,326.000,326.000,USD,1,,"{""MARCA"":[""NEVADA KIDS""],""CATEGORIA"":[""Cuidado Personal""]}","[""Cuidado Personal""]",NULL,https://riba.app/imgrs/THUMBS%20500X500/340073.JPG,0,0,"[""82""]",326.000,2026-05-08 9:49:16
84761002863,TOALLITAS HUMEDAS AVENGERS,TOALLITAS HUMEDAS AVENGERS,TOALLITAS HUMEDAS AVENGERS,insert,1,https://riba.app/imgrs/THUMBS%20500X500/340074.JPG,tabs/detalle-producto/340074,163.000,163.000,163.000,USD,1,,"{""MARCA"":[""NEVADA KIDS""],""CATEGORIA"":[""Cuidado Personal""]}","[""Cuidado Personal""]",NULL,https://riba.app/imgrs/THUMBS%20500X500/340074.JPG,0,0,"[""82""]",163.000,2026-05-08 9:49:16
84761003117,WIPES DISNEY FROZEN 80 UN,WIPES DISNEY FROZEN 80 UN,WIPES DISNEY FROZEN 80 UN,insert,1,https://riba.app/imgrs/THUMBS%20500X500/327909.JPG,tabs/detalle-producto/327909,331.000,331.000,331.000,USD,1,,"{""MARCA"":[""DISNEY""],""CATEGORIA"":[""Cuidado Personal""]}","[""Cuidado Personal""]",NULL,https://riba.app/imgrs/THUMBS%20500X500/327909.JPG,0,0,"[""82""]",331.000,2026-05-08 9:49:16
84761003118,WIPES DISNEY FROZEN 20,WIPES DISNEY FROZEN 20,WIPES DISNEY FROZEN 20,insert,1,https://riba.app/imgrs/THUMBS%20500X500/327905.JPG,tabs/detalle-producto/327905,164.000,164.000,164.000,USD,1,,"{""MARCA"":[""DISNEY""],""CATEGORIA"":[""Cuidado Personal""]}","[""Cuidado Personal""]",NULL,https://riba.app/imgrs/THUMBS%20500X500/327905.JPG,0,0,"[""82""]",164.000,2026-05-08 9:49:16
84761003607,CREMA DISNEY MINNIE MOUSE,CREMA DISNEY MINNIE MOUSE,CREMA DISNEY MINNIE MOUSE,insert,1,https://riba.app/imgrs/THUMBS%20500X500/327917.JPG,tabs/detalle-producto/327917,325.000,325.000,325.000,USD,1,,"{""MARCA"":[""DISNEY""],""CATEGORIA"":[""Cuidado Personal""]}","[""Cuidado Personal""]",NULL,https://riba.app/imgrs/THUMBS%20500X500/327917.JPG,0,0,"[""82""]",325.000,2026-05-08 9:49:16
84761004032,TOALLITAS HUMEDAS HASBRO,TOALLITAS HUMEDAS HASBRO,TOALLITAS HUMEDAS HASBRO,insert,1,https://riba.app/imgrs/THUMBS%20500X500/340059.JPG,tabs/detalle-producto/340059,326.000,326.000,326.000,USD,1,,"{""MARCA"":[""NEVADA KIDS""],""CATEGORIA"":[""Cuidado Personal""]}","[""Cuidado Personal""]",NULL,https://riba.app/imgrs/THUMBS%20500X500/340059.JPG,0,0,"[""82""]",326.000,2026-05-08 9:49:16
84761004305,TOALLITAS HUMEDAS PRINCESA,TOALLITAS HUMEDAS PRINCESA,TOALLITAS HUMEDAS PRINCESA,insert,1,https://riba.app/imgrs/THUMBS%20500X500/340056.JPG,tabs/detalle-producto/340056,254.000,254.000,254.000,USD,1,,"{""MARCA"":[""NEVADA KIDS""],""CATEGORIA"":[""Cuidado Personal""]}","[""Cuidado Personal""]",NULL,https://riba.app/imgrs/THUMBS%20500X500/340056.JPG,0,0,"[""82""]",254.000,2026-05-08 9:49:16
84761004306,WIPES DISNEY PRINCESS,WIPES DISNEY PRINCESS,WIPES DISNEY PRINCESS,insert,1,https://riba.app/imgrs/THUMBS%20500X500/327908.JPG,tabs/detalle-producto/327908,164.000,164.000,164.000,USD,1,,"{""MARCA"":[""DISNEY""],""CATEGORIA"":[""Cuidado Personal""]}","[""Cuidado Personal""]",NULL,https://riba.app/imgrs/THUMBS%20500X500/327908.JPG,0,0,"[""82""]",164.000,2026-05-08 9:49:16
85000041124,SK GRAIN F PUFFS CARROT & BEET,SK GRAIN F PUFFS CARROT & BEET,SK GRAIN F PUFFS CARROT & BEET,insert,1,https://riba.app/imgrs/THUMBS%20500X500/340014.JPG,tabs/detalle-producto/340014,705.000,705.000,705.000,USD,1,,"{""MARCA"":[""SERENITY KIDS""],""CATEGORIA"":[""Alimentos""]}","[""Alimentos""]",NULL,https://riba.app/imgrs/THUMBS%20500X500/340014.JPG,0,0,"[""83""]",705.000,2026-05-08 9:49:16
85004094077,CREMA DE PEINAR RIZOS PERFECTO,CREMA DE PEINAR RIZOS PERFECTO,CREMA DE PEINAR RIZOS PERFECTO,insert,1,https://riba.app/imgrs/THUMBS%20500X500/350615.JPG,tabs/detalle-producto/350615,851.000,851.000,851.000,USD,1,,"{""MARCA"":[""RICITOS DE ORO""],""CATEGORIA"":[""Cuidado Personal""]}","[""Cuidado Personal""]",NULL,https://riba.app/imgrs/THUMBS%20500X500/350615.JPG,0,0,"[""82""]",851.000,2026-05-08 9:49:16
85004094078,LOCION DESENREDANTE RIZOS PERF,LOCION DESENREDANTE RIZOS PERF,LOCION DESENREDANTE RIZOS PERF,insert,1,https://riba.app/imgrs/THUMBS%20500X500/350616.JPG,tabs/detalle-producto/350616,588.000,588.000,588.000,USD,1,,"{""MARCA"":[""RICITOS DE ORO""],""CATEGORIA"":[""Cuidado Personal""]}","[""Cuidado Personal""]",NULL,https://riba.app/imgrs/THUMBS%20500X500/350616.JPG,0,0,"[""82""]",588.000,2026-05-08 9:49:16
85004094079,ACOND RIZOS PERFECTOS,ACOND RIZOS PERFECTOS,ACOND RIZOS PERFECTOS,insert,1,https://riba.app/imgrs/THUMBS%20500X500/350612.JPG,tabs/detalle-producto/350612,688.000,688.000,688.000,USD,1,,"{""MARCA"":[""RICITOS DE ORO""],""CATEGORIA"":[""Cuidado Personal""]}","[""Cuidado Personal""]",NULL,https://riba.app/imgrs/THUMBS%20500X500/350612.JPG,0,0,"[""82""]",688.000,2026-05-08 9:49:16
85177000300,ORGAIN KIDS PROTEIN CHOCOLATE,ORGAIN KIDS PROTEIN CHOCOLATE,ORGAIN KIDS PROTEIN CHOCOLATE,insert,1,https://riba.app/imgrs/THUMBS%20500X500/219624.JPG,tabs/detalle-producto/219624,337.000,337.000,337.000,USD,1,,"{""MARCA"":[""ORGAIN""],""CATEGORIA"":[""Alimentos""]}","[""Alimentos""]",NULL,https://riba.app/imgrs/THUMBS%20500X500/219624.JPG,0,0,"[""83""]",337.000,2026-05-08 9:49:16
85177000301,ORGAIN KIDS PROTEIN VAINILLA,ORGAIN KIDS PROTEIN VAINILLA,ORGAIN KIDS PROTEIN VAINILLA,insert,1,https://riba.app/imgrs/THUMBS%20500X500/219625.JPG,tabs/detalle-producto/219625,338.000,338.000,338.000,USD,1,,"{""MARCA"":[""ORGAIN""],""CATEGORIA"":[""Alimentos""]}","[""Alimentos""]",NULL,https://riba.app/imgrs/THUMBS%20500X500/219625.JPG,0,0,"[""83""]",338.000,2026-05-08 9:49:16
85269700130,HAPPY TOT ORGANIC SUPERFOODS ,HAPPY TOT ORGANIC SUPERFOODS ,HAPPY TOT ORGANIC SUPERFOODS ,insert,1,https://riba.app/imgrs/THUMBS%20500X500/182462.JPG,tabs/detalle-producto/182462,306.000,306.000,306.000,USD,1,,"{""MARCA"":[""HAPPY( BABY-TIMES)""],""CATEGORIA"":[""Alimentos""]}","[""Alimentos""]",NULL,https://riba.app/imgrs/THUMBS%20500X500/182462.JPG,0,0,"[""83""]",306.000,2026-05-08 9:49:16
85269700147,HAPPYMELTS STRAWBERRY,HAPPYMELTS STRAWBERRY,HAPPYMELTS STRAWBERRY,insert,1,https://riba.app/imgrs/THUMBS%20500X500/173202.JPG,tabs/detalle-producto/173202,690.000,690.000,690.000,USD,1,,"{""MARCA"":[""HAPPY( BABY-TIMES)""],""CATEGORIA"":[""Alimentos""]}","[""Alimentos""]",NULL,https://riba.app/imgrs/THUMBS%20500X500/173202.JPG,0,0,"[""83""]",690.000,2026-05-08 9:49:16
85269700148,YGRT MELTS OF MIXED BERRY,YGRT MELTS OF MIXED BERRY,YGRT MELTS OF MIXED BERRY,insert,1,https://riba.app/imgrs/THUMBS%20500X500/174972.JPG,tabs/detalle-producto/174972,690.000,690.000,690.000,USD,1,,"{""MARCA"":[""HAPPY( BABY-TIMES)""],""CATEGORIA"":[""Alimentos""]}","[""Alimentos""]",NULL,https://riba.app/imgrs/THUMBS%20500X500/174972.JPG,0,0,"[""83""]",690.000,2026-05-08 9:49:16
85282300600,OUAF ORG FRUIT&VEG APPLE&KALE,OUAF ORG FRUIT&VEG APPLE&KALE,OUAF ORG FRUIT&VEG APPLE&KALE,insert,1,https://riba.app/imgrs/THUMBS%20500X500/353106.JPG,tabs/detalle-producto/353106,500.000,500.000,500.000,USD,1,,"{""MARCA"":[""ONCE UPON A FARM""],""CATEGORIA"":[""Alimentos""]}","[""Alimentos""]",NULL,https://riba.app/imgrs/THUMBS%20500X500/353106.JPG,0,0,"[""83""]",500.000,2026-05-08 9:49:16
85282300608,ONCE FARM FRIT & VEGGIE BLUEBR,ONCE FARM FRIT & VEGGIE BLUEBR,ONCE FARM FRIT & VEGGIE BLUEBR,insert,1,https://riba.app/imgrs/THUMBS%20500X500/322141.JPG,tabs/detalle-producto/322141,500.000,500.000,500.000,USD,1,,"{""MARCA"":[""ONCE UPON A FARM""],""CATEGORIA"":[""Alimentos""]}","[""Alimentos""]",NULL,https://riba.app/imgrs/THUMBS%20500X500/322141.JPG,0,0,"[""83""]",500.000,2026-05-08 9:49:16
85282300645,ONCE FARM ORG SMOOTHIE BERRY ,ONCE FARM ORG SMOOTHIE BERRY ,ONCE FARM ORG SMOOTHIE BERRY ,insert,1,https://riba.app/imgrs/THUMBS%20500X500/346048.JPG,tabs/detalle-producto/346048,500.000,500.000,500.000,USD,1,,"{""MARCA"":[""ONCE UPON A FARM""],""CATEGORIA"":[""Alimentos""]}","[""Alimentos""]",NULL,https://riba.app/imgrs/THUMBS%20500X500/346048.JPG,0,0,"[""83""]",500.000,2026-05-08 9:49:16
85282300647,"OUF SMOOTHIE,OG2,MNGO CCNUT","OUF SMOOTHIE,OG2,MNGO CCNUT","OUF SMOOTHIE,OG2,MNGO CCNUT",insert,1,https://riba.app/imgrs/THUMBS%20500X500/336136.JPG,tabs/detalle-producto/336136,500.000,500.000,500.000,USD,1,,"{""MARCA"":[""ONCE UPON A FARM""],""CATEGORIA"":[""Alimentos""]}","[""Alimentos""]",NULL,https://riba.app/imgrs/THUMBS%20500X500/336136.JPG,0,0,"[""83""]",500.000,2026-05-08 9:49:16
85282300652,"ONCE FRM PER, BLEBERRY, SPINCH","ONCE FRM PER, BLEBERRY, SPINCH","ONCE FRM PER, BLEBERRY, SPINCH",insert,1,https://riba.app/imgrs/THUMBS%20500X500/322164.JPG,tabs/detalle-producto/322164,525.000,525.000,525.000,USD,1,,"{""MARCA"":[""ONCE UPON A FARM""],""CATEGORIA"":[""Alimentos""]}","[""Alimentos""]",NULL,https://riba.app/imgrs/THUMBS%20500X500/322164.JPG,0,0,"[""83""]",525.000,2026-05-08 9:49:16
85282300680,BABY FOODS VLVT MNGO ,BABY FOODS VLVT MNGO ,BABY FOODS VLVT MNGO ,insert,1,https://riba.app/imgrs/THUMBS%20500X500/322133.JPG,tabs/detalle-producto/322133,449.000,449.000,449.000,USD,1,,"{""MARCA"":[""ONCE UPON A FARM""],""CATEGORIA"":[""Alimentos""]}","[""Alimentos""]",NULL,https://riba.app/imgrs/THUMBS%20500X500/322133.JPG,0,0,"[""83""]",449.000,2026-05-08 9:49:16
85282300683,"ONCE FARM PINN,BNN,AVO,MINT","ONCE FARM PINN,BNN,AVO,MINT","ONCE FARM PINN,BNN,AVO,MINT",insert,1,https://riba.app/imgrs/THUMBS%20500X500/322134.JPG,tabs/detalle-producto/322134,449.000,449.000,449.000,USD,1,,"{""MARCA"":[""ONCE UPON A FARM""],""CATEGORIA"":[""Alimentos""]}","[""Alimentos""]",NULL,https://riba.app/imgrs/THUMBS%20500X500/322134.JPG,0,0,"[""83""]",449.000,2026-05-08 9:49:16
85282300684,"ONCE FARM STRAWB, SQUASH, COCO","ONCE FARM STRAWB, SQUASH, COCO","ONCE FARM STRAWB, SQUASH, COCO",insert,1,https://riba.app/imgrs/THUMBS%20500X500/355926.JPG,tabs/detalle-producto/355926,449.000,449.000,449.000,USD,1,,"{""MARCA"":[""ONCE UPON A FARM""],""CATEGORIA"":[""Alimentos""]}","[""Alimentos""]",NULL,https://riba.app/imgrs/THUMBS%20500X500/355926.JPG,0,0,"[""83""]",449.000,2026-05-08 9:49:16
85286500702,SILICONE BATH SCRUB/BLUE FISH,SILICONE BATH SCRUB/BLUE FISH,SILICONE BATH SCRUB/BLUE FISH,insert,1,https://riba.app/imgrs/THUMBS%20500X500/263404.JPG,tabs/detalle-producto/263404,1.272.000,1.272.000,1.272.000,USD,1,,"{""MARCA"":[""INNO BABY""],""CATEGORIA"":[""Cuidado Personal""]}","[""Cuidado Personal""]",NULL,https://riba.app/imgrs/THUMBS%20500X500/263404.JPG,0,0,"[""82""]",1.272.000,2026-05-08 9:49:16
85286500704,SILICONE BATH SCRUB/GOLD FISH,SILICONE BATH SCRUB/GOLD FISH,SILICONE BATH SCRUB/GOLD FISH,insert,1,https://riba.app/imgrs/THUMBS%20500X500/263406.JPG,tabs/detalle-producto/263406,1.272.000,1.272.000,1.272.000,USD,1,,"{""MARCA"":[""INNO BABY""],""CATEGORIA"":[""Cuidado Personal""]}","[""Cuidado Personal""]",NULL,https://riba.app/imgrs/THUMBS%20500X500/263406.JPG,0,0,"[""82""]",1.272.000,2026-05-08 9:49:16
8667931388,ATTENDS WASHCLOTHS  ,ATTENDS WASHCLOTHS  ,ATTENDS WASHCLOTHS  ,insert,1,https://riba.app/imgrs/THUMBS%20500X500/185499.JPG,tabs/detalle-producto/185499,967.000,967.000,967.000,USD,1,,"{""MARCA"":[""ATTENDS""],""CATEGORIA"":[""Cuidado Personal""]}","[""Cuidado Personal""]",NULL,https://riba.app/imgrs/THUMBS%20500X500/185499.JPG,0,0,"[""82""]",967.000,2026-05-08 9:49:16
871010360661,MICROWAVE STERILIZER BAGS,MICROWAVE STERILIZER BAGS,MICROWAVE STERILIZER BAGS,insert,1,https://riba.app/imgrs/THUMBS%20500X500/217833.JPG,tabs/detalle-producto/217833,1.699.000,1.699.000,1.699.000,USD,1,,"{""MARCA"":[""AVENT""],""CATEGORIA"":[""Utensilios De Bebe""]}","[""Utensilios De Bebe""]",NULL,https://riba.app/imgrs/THUMBS%20500X500/217833.JPG,0,0,"[""85""]",1.699.000,2026-05-08 9:49:16
871010363736,BOLSA RECOLECT ALM LECHE MATER,BOLSA RECOLECT ALM LECHE MATER,BOLSA RECOLECT ALM LECHE MATER,insert,1,https://riba.app/imgrs/THUMBS%20500X500/221909.JPG,tabs/detalle-producto/221909,1.319.000,1.319.000,1.319.000,USD,1,,"{""MARCA"":[""AVENT""],""CATEGORIA"":[""Utensilios De Bebe""]}","[""Utensilios De Bebe""]",NULL,https://riba.app/imgrs/THUMBS%20500X500/221909.JPG,0,0,"[""85""]",1.319.000,2026-05-08 9:49:16
871010364888,CEPILLO PARA BIBERON,CEPILLO PARA BIBERON,CEPILLO PARA BIBERON,insert,1,https://riba.app/imgrs/THUMBS%20500X500/221914.JPG,tabs/detalle-producto/221914,941.000,941.000,941.000,USD,1,,"{""MARCA"":[""AVENT""],""CATEGORIA"":[""Utensilios De Bebe""]}","[""Utensilios De Bebe""]",NULL,https://riba.app/imgrs/THUMBS%20500X500/221914.JPG,0,0,"[""85""]",941.000,2026-05-08 9:49:16
871010367158,ENV RECOLECT LECHE CON ADAPTAD,ENV RECOLECT LECHE CON ADAPTAD,ENV RECOLECT LECHE CON ADAPTAD,insert,1,https://riba.app/imgrs/THUMBS%20500X500/237002.JPG,tabs/detalle-producto/237002,2.359.000,2.359.000,2.359.000,USD,1,,"{""MARCA"":[""AVENT""],""CATEGORIA"":[""Utensilios De Bebe""]}","[""Utensilios De Bebe""]",NULL,https://riba.app/imgrs/THUMBS%20500X500/237002.JPG,0,0,"[""85""]",2.359.000,2026-05-08 9:49:16
871010367991,DOSIFICADOR DE LECHE POLVO,DOSIFICADOR DE LECHE POLVO,DOSIFICADOR DE LECHE POLVO,insert,1,https://riba.app/imgrs/THUMBS%20500X500/300332.JPG,tabs/detalle-producto/300332,941.000,941.000,941.000,USD,1,,"{""MARCA"":[""AVENT""],""CATEGORIA"":[""Utensilios De Bebe""]}","[""Utensilios De Bebe""]",NULL,https://riba.app/imgrs/THUMBS%20500X500/300332.JPG,0,0,"[""85""]",941.000,2026-05-08 9:49:16
871010377980,VASO CON BOQUILLA SUAVE SILICO,VASO CON BOQUILLA SUAVE SILICO,VASO CON BOQUILLA SUAVE SILICO,insert,1,https://riba.app/imgrs/THUMBS%20500X500/291867.JPG,tabs/detalle-producto/291867,941.000,941.000,941.000,USD,1,,"{""MARCA"":[""AVENT""],""CATEGORIA"":[""Utensilios De Bebe""]}","[""Utensilios De Bebe""]",NULL,https://riba.app/imgrs/THUMBS%20500X500/291867.JPG,0,0,"[""85""]",941.000,2026-05-08 9:49:16
871010377981,VASO CON BOQUILLA BLANDA NIÑO,VASO CON BOQUILLA BLANDA NIÑO,VASO CON BOQUILLA BLANDA NIÑO,insert,1,https://riba.app/imgrs/THUMBS%20500X500/291869.JPG,tabs/detalle-producto/291869,941.000,941.000,941.000,USD,1,,"{""MARCA"":[""AVENT""],""CATEGORIA"":[""Utensilios De Bebe""]}","[""Utensilios De Bebe""]",NULL,https://riba.app/imgrs/THUMBS%20500X500/291869.JPG,0,0,"[""85""]",941.000,2026-05-08 9:49:16
871010377982,VASO CON BOQUILLA BLANDA NIÑA,VASO CON BOQUILLA BLANDA NIÑA,VASO CON BOQUILLA BLANDA NIÑA,insert,1,https://riba.app/imgrs/THUMBS%20500X500/291872.JPG,tabs/detalle-producto/291872,1.130.000,1.130.000,1.130.000,USD,1,,"{""MARCA"":[""AVENT""],""CATEGORIA"":[""Utensilios De Bebe""]}","[""Utensilios De Bebe""]",NULL,https://riba.app/imgrs/THUMBS%20500X500/291872.JPG,0,0,"[""85""]",1.130.000,2026-05-08 9:49:16
871010378666,STRAW CUP 7 OZ SINGLE GIRL,STRAW CUP 7 OZ SINGLE GIRL,STRAW CUP 7 OZ SINGLE GIRL,insert,1,https://riba.app/imgrs/THUMBS%20500X500/291876.JPG,tabs/detalle-producto/291876,1.319.000,1.319.000,1.319.000,USD,1,,"{""MARCA"":[""AVENT""],""CATEGORIA"":[""Utensilios De Bebe""]}","[""Utensilios De Bebe""]",NULL,https://riba.app/imgrs/THUMBS%20500X500/291876.JPG,0,0,"[""85""]",1.319.000,2026-05-08 9:49:16
871010378667,STRAW CUP 7 OZ SINGLE BOY,STRAW CUP 7 OZ SINGLE BOY,STRAW CUP 7 OZ SINGLE BOY,insert,1,https://riba.app/imgrs/THUMBS%20500X500/291875.JPG,tabs/detalle-producto/291875,1.319.000,1.319.000,1.319.000,USD,1,,"{""MARCA"":[""AVENT""],""CATEGORIA"":[""Utensilios De Bebe""]}","[""Utensilios De Bebe""]",NULL,https://riba.app/imgrs/THUMBS%20500X500/291875.JPG,0,0,"[""85""]",1.319.000,2026-05-08 9:49:16
871010378668,STRAW CUP 10 OZ SINGLE BOY,STRAW CUP 10 OZ SINGLE BOY,STRAW CUP 10 OZ SINGLE BOY,insert,1,https://riba.app/imgrs/THUMBS%20500X500/291877.JPG,tabs/detalle-producto/291877,1.319.000,1.319.000,1.319.000,USD,1,,"{""MARCA"":[""AVENT""],""CATEGORIA"":[""Utensilios De Bebe""]}","[""Utensilios De Bebe""]",NULL,https://riba.app/imgrs/THUMBS%20500X500/291877.JPG,0,0,"[""85""]",1.319.000,2026-05-08 9:49:16
871010378669,STRAW CUP 10 OZ SINGLE GIRL,STRAW CUP 10 OZ SINGLE GIRL,STRAW CUP 10 OZ SINGLE GIRL,insert,1,https://riba.app/imgrs/THUMBS%20500X500/291878.JPG,tabs/detalle-producto/291878,1.319.000,1.319.000,1.319.000,USD,1,,"{""MARCA"":[""AVENT""],""CATEGORIA"":[""Utensilios De Bebe""]}","[""Utensilios De Bebe""]",NULL,https://riba.app/imgrs/THUMBS%20500X500/291878.JPG,0,0,"[""85""]",1.319.000,2026-05-08 9:49:16
871010385551,VASO CON BOQUILLA 12M+ NIÑO,VASO CON BOQUILLA 12M+ NIÑO,VASO CON BOQUILLA 12M+ NIÑO,insert,1,https://riba.app/imgrs/THUMBS%20500X500/324853.JPG,tabs/detalle-producto/324853,1.414.000,1.414.000,1.414.000,USD,1,,"{""MARCA"":[""AVENT""],""CATEGORIA"":[""Utensilios De Bebe""]}","[""Utensilios De Bebe""]",NULL,https://riba.app/imgrs/THUMBS%20500X500/324853.JPG,0,0,"[""85""]",1.414.000,2026-05-08 9:49:16
871010385554,VASO CON BOQUILLA 13M+ NIÑA,VASO CON BOQUILLA 13M+ NIÑA,VASO CON BOQUILLA 13M+ NIÑA,insert,1,https://riba.app/imgrs/THUMBS%20500X500/324856.JPG,tabs/detalle-producto/324856,1.414.000,1.414.000,1.414.000,USD,1,,"{""MARCA"":[""AVENT""],""CATEGORIA"":[""Utensilios De Bebe""]}","[""Utensilios De Bebe""]",NULL,https://riba.app/imgrs/THUMBS%20500X500/324856.JPG,0,0,"[""85""]",1.414.000,2026-05-08 9:49:16
871010388133,BIBERON CLASSIC PLUS PP ,BIBERON CLASSIC PLUS PP ,BIBERON CLASSIC PLUS PP ,insert,1,https://riba.app/imgrs/THUMBS%20500X500/241894.JPG,tabs/detalle-producto/241894,1.036.000,1.036.000,1.036.000,USD,1,,"{""MARCA"":[""AVENT""],""CATEGORIA"":[""Utensilios De Bebe""]}","[""Utensilios De Bebe""]",NULL,https://riba.app/imgrs/THUMBS%20500X500/241894.JPG,0,0,"[""85""]",1.036.000,2026-05-08 9:49:16
871010388145,BIBERON CLASSIC PLUS PP SINGLE,BIBERON CLASSIC PLUS PP SINGLE,BIBERON CLASSIC PLUS PP SINGLE,insert,1,https://riba.app/imgrs/THUMBS%20500X500/242071.JPG,tabs/detalle-producto/242071,1.224.000,1.224.000,1.224.000,USD,1,,"{""MARCA"":[""AVENT""],""CATEGORIA"":[""Utensilios De Bebe""]}","[""Utensilios De Bebe""]",NULL,https://riba.app/imgrs/THUMBS%20500X500/242071.JPG,0,0,"[""85""]",1.224.000,2026-05-08 9:49:16
871010393881,CHUPETE ULTRA SOFT 6-18 PRINCE,CHUPETE ULTRA SOFT 6-18 PRINCE,CHUPETE ULTRA SOFT 6-18 PRINCE,insert,1,https://riba.app/imgrs/THUMBS%20500X500/324849.JPG,tabs/detalle-producto/324849,941.000,941.000,941.000,USD,1,,"{""MARCA"":[""AVENT""],""CATEGORIA"":[""Utensilios De Bebe""]}","[""Utensilios De Bebe""]",NULL,https://riba.app/imgrs/THUMBS%20500X500/324849.JPG,0,0,"[""85""]",941.000,2026-05-08 9:49:16
871010394051,TETINA ANTICOLICO 3M+ F. MEDIO,TETINA ANTICOLICO 3M+ F. MEDIO,TETINA ANTICOLICO 3M+ F. MEDIO,insert,1,https://riba.app/imgrs/THUMBS%20500X500/324829.JPG,tabs/detalle-producto/324829,658.000,658.000,658.000,USD,1,,"{""MARCA"":[""AVENT""],""CATEGORIA"":[""Utensilios De Bebe""]}","[""Utensilios De Bebe""]",NULL,https://riba.app/imgrs/THUMBS%20500X500/324829.JPG,0,0,"[""85""]",658.000,2026-05-08 9:49:16
871010399981,CHUPETE ULTRA 6 18 MESES OSO,CHUPETE ULTRA 6 18 MESES OSO,CHUPETE ULTRA 6 18 MESES OSO,insert,1,https://riba.app/imgrs/THUMBS%20500X500/342723.JPG,tabs/detalle-producto/342723,945.000,945.000,945.000,USD,1,,"{""MARCA"":[""AVENT""],""CATEGORIA"":[""Utensilios De Bebe""]}","[""Utensilios De Bebe""]",NULL,https://riba.app/imgrs/THUMBS%20500X500/342723.JPG,0,0,"[""85""]",945.000,2026-05-08 9:49:16
871042800603,FORMULA #1 SIN LACTOSA,FORMULA #1 SIN LACTOSA,FORMULA #1 SIN LACTOSA,insert,1,https://riba.app/imgrs/THUMBS%20500X500/188682.JPG,tabs/detalle-producto/188682,3.195.000,3.195.000,3.195.000,USD,1,,"{""MARCA"":[""ISOMIL""],""CATEGORIA"":[""Alimentos""]}","[""Alimentos""]",NULL,https://riba.app/imgrs/THUMBS%20500X500/188682.JPG,0,0,"[""83""]",3.195.000,2026-05-08 9:49:16
871042800605,FORMULA #2 SIN LACTOSA,FORMULA #2 SIN LACTOSA,FORMULA #2 SIN LACTOSA,insert,1,https://riba.app/imgrs/THUMBS%20500X500/187561.JPG,tabs/detalle-producto/187561,3.195.000,3.195.000,3.195.000,USD,1,,"{""MARCA"":[""ISOMIL""],""CATEGORIA"":[""Alimentos""]}","[""Alimentos""]",NULL,https://riba.app/imgrs/THUMBS%20500X500/187561.JPG,0,0,"[""83""]",3.195.000,2026-05-08 9:49:16
871042801004,FORMULA #1 SIN LACTOSA,FORMULA #1 SIN LACTOSA,FORMULA #1 SIN LACTOSA,insert,1,https://riba.app/imgrs/THUMBS%20500X500/190141.JPG,tabs/detalle-producto/190141,1.667.000,1.667.000,1.667.000,USD,1,,"{""MARCA"":[""ISOMIL""],""CATEGORIA"":[""Alimentos""]}","[""Alimentos""]",NULL,https://riba.app/imgrs/THUMBS%20500X500/190141.JPG,0,0,"[""83""]",1.667.000,2026-05-08 9:49:16
871042802021,PEDIASURE VAINILLA 220ML,PEDIASURE VAINILLA 220ML,PEDIASURE VAINILLA 220ML,insert,1,https://riba.app/imgrs/THUMBS%20500X500/317800.JPG,tabs/detalle-producto/317800,438.000,438.000,438.000,USD,1,,"{""MARCA"":[""PEDIASURE""],""CATEGORIA"":[""Alimentos""]}","[""Alimentos""]",NULL,https://riba.app/imgrs/THUMBS%20500X500/317800.JPG,0,0,"[""83""]",438.000,2026-05-08 9:49:16
871240071410,NUTRILON SIN LACTOSA 400GR,NUTRILON SIN LACTOSA 400GR,NUTRILON SIN LACTOSA 400GR,insert,1,https://riba.app/imgrs/THUMBS%20500X500/75611.JPG,tabs/detalle-producto/75611,1.497.000,1.497.000,1.497.000,USD,1,,"{""MARCA"":[""NUTRILON""],""CATEGORIA"":[""Alimentos""]}","[""Alimentos""]",NULL,https://riba.app/imgrs/THUMBS%20500X500/75611.JPG,0,0,"[""83""]",1.497.000,2026-05-08 9:49:16
871240071427,NUTRILON PEPTI JUNIOR,NUTRILON PEPTI JUNIOR,NUTRILON PEPTI JUNIOR,insert,1,https://riba.app/imgrs/THUMBS%20500X500/226364.JPG,tabs/detalle-producto/226364,2.595.000,2.595.000,2.595.000,USD,1,,"{""MARCA"":[""NUTRILON""],""CATEGORIA"":[""Alimentos""]}","[""Alimentos""]",NULL,https://riba.app/imgrs/THUMBS%20500X500/226364.JPG,0,0,"[""83""]",2.595.000,2026-05-08 9:49:16
871240071798,FORMULA CONFORT OMNEO #1,FORMULA CONFORT OMNEO #1,FORMULA CONFORT OMNEO #1,insert,1,https://riba.app/imgrs/THUMBS%20500X500/117429.JPG,tabs/detalle-producto/117429,1.643.000,1.643.000,1.643.000,USD,1,,"{""MARCA"":[""NUTRILON""],""CATEGORIA"":[""Alimentos""]}","[""Alimentos""]",NULL,https://riba.app/imgrs/THUMBS%20500X500/117429.JPG,0,0,"[""83""]",1.643.000,2026-05-08 9:49:16
871240071799,FORMULA CONFORT OMNEO #1,FORMULA CONFORT OMNEO #1,FORMULA CONFORT OMNEO #1,insert,1,https://riba.app/imgrs/THUMBS%20500X500/115064.JPG,tabs/detalle-producto/115064,3.297.000,3.297.000,3.297.000,USD,1,,"{""MARCA"":[""NUTRILON""],""CATEGORIA"":[""Alimentos""]}","[""Alimentos""]",NULL,https://riba.app/imgrs/THUMBS%20500X500/115064.JPG,0,0,"[""83""]",3.297.000,2026-05-08 9:49:16
871240071807,NUTRILON A.R.,NUTRILON A.R.,NUTRILON A.R.,insert,1,https://riba.app/imgrs/THUMBS%20500X500/258759.JPG,tabs/detalle-producto/258759,1.587.000,1.587.000,1.587.000,USD,1,,"{""MARCA"":[""NUTRILON""],""CATEGORIA"":[""Alimentos""]}","[""Alimentos""]",NULL,https://riba.app/imgrs/THUMBS%20500X500/258759.JPG,0,0,"[""83""]",1.587.000,2026-05-08 9:49:16
871620070246,LECHE ENTERA INSTANTANEA,LECHE ENTERA INSTANTANEA,LECHE ENTERA INSTANTANEA,insert,1,https://riba.app/imgrs/THUMBS%20500X500/213128.JPG,tabs/detalle-producto/213128,376.000,376.000,376.000,USD,1,,"{""MARCA"":[""COAST LECHE""],""CATEGORIA"":[""Alimentos""]}","[""Alimentos""]",NULL,https://riba.app/imgrs/THUMBS%20500X500/213128.JPG,0,0,"[""83""]",376.000,2026-05-08 9:49:16
871811761088,FORMULA NUTRILON PEPTI SYNEO,FORMULA NUTRILON PEPTI SYNEO,FORMULA NUTRILON PEPTI SYNEO,insert,1,https://riba.app/imgrs/THUMBS%20500X500/341116.JPG,tabs/detalle-producto/341116,2.860.000,2.860.000,2.860.000,USD,1,,"{""MARCA"":[""NUTRILON""],""CATEGORIA"":[""Alimentos""]}","[""Alimentos""]",NULL,https://riba.app/imgrs/THUMBS%20500X500/341116.JPG,0,0,"[""83""]",2.860.000,2026-05-08 9:49:16
871811761411,NUTRILON PREMIUM + C-BIOTIK,NUTRILON PREMIUM + C-BIOTIK,NUTRILON PREMIUM + C-BIOTIK,insert,1,https://riba.app/imgrs/THUMBS%20500X500/342196.JPG,tabs/detalle-producto/342196,1.665.000,1.665.000,1.665.000,USD,1,,"{""MARCA"":[""NUTRILON""],""CATEGORIA"":[""Alimentos""]}","[""Alimentos""]",NULL,https://riba.app/imgrs/THUMBS%20500X500/342196.JPG,0,0,"[""83""]",1.665.000,2026-05-08 9:49:16
872068900648,BIBERON NATURAL DECORA JIRAFA,BIBERON NATURAL DECORA JIRAFA,BIBERON NATURAL DECORA JIRAFA,insert,1,https://riba.app/imgrs/THUMBS%20500X500/334835.JPG,tabs/detalle-producto/334835,1.414.000,1.414.000,1.414.000,USD,1,,"{""MARCA"":[""AVENT""],""CATEGORIA"":[""Utensilios De Bebe""]}","[""Utensilios De Bebe""]",NULL,https://riba.app/imgrs/THUMBS%20500X500/334835.JPG,0,0,"[""85""]",1.414.000,2026-05-08 9:49:16
872068900666,BIBERON NATURAL DECORADO KOALA,BIBERON NATURAL DECORADO KOALA,BIBERON NATURAL DECORADO KOALA,insert,1,https://riba.app/imgrs/THUMBS%20500X500/334834.JPG,tabs/detalle-producto/334834,1.414.000,1.414.000,1.414.000,USD,1,,"{""MARCA"":[""AVENT""],""CATEGORIA"":[""Utensilios De Bebe""]}","[""Utensilios De Bebe""]",NULL,https://riba.app/imgrs/THUMBS%20500X500/334834.JPG,0,0,"[""85""]",1.414.000,2026-05-08 9:49:16
872068900669,BIBERON CON VENTILACION AVENT,BIBERON CON VENTILACION AVENT,BIBERON CON VENTILACION AVENT,insert,1,https://riba.app/imgrs/THUMBS%20500X500/342725.JPG,tabs/detalle-producto/342725,1.420.000,1.420.000,1.420.000,USD,1,,"{""MARCA"":[""AVENT""],""CATEGORIA"":[""Utensilios De Bebe""]}","[""Utensilios De Bebe""]",NULL,https://riba.app/imgrs/THUMBS%20500X500/342725.JPG,0,0,"[""85""]",1.420.000,2026-05-08 9:49:16
872068900671,BIBERON NATURAL CON ABERTURA,BIBERON NATURAL CON ABERTURA,BIBERON NATURAL CON ABERTURA,insert,1,https://riba.app/imgrs/THUMBS%20500X500/348501.JPG,tabs/detalle-producto/348501,1.691.000,1.691.000,1.691.000,USD,1,,"{""MARCA"":[""AVENT""],""CATEGORIA"":[""Utensilios De Bebe""]}","[""Utensilios De Bebe""]",NULL,https://riba.app/imgrs/THUMBS%20500X500/348501.JPG,0,0,"[""85""]",1.691.000,2026-05-08 9:49:16
872068900672,BIBERON NR 9 OZ AVENT,BIBERON NR 9 OZ AVENT,BIBERON NR 9 OZ AVENT,insert,1,https://riba.app/imgrs/THUMBS%20500X500/342722.JPG,tabs/detalle-producto/342722,1.420.000,1.420.000,1.420.000,USD,1,,"{""MARCA"":[""AVENT""],""CATEGORIA"":[""Utensilios De Bebe""]}","[""Utensilios De Bebe""]",NULL,https://riba.app/imgrs/THUMBS%20500X500/342722.JPG,0,0,"[""85""]",1.420.000,2026-05-08 9:49:16
872068900679,BIBERON NATURAL ROSADO 9 OZ,BIBERON NATURAL ROSADO 9 OZ,BIBERON NATURAL ROSADO 9 OZ,insert,1,https://riba.app/imgrs/THUMBS%20500X500/334833.JPG,tabs/detalle-producto/334833,1.414.000,1.414.000,1.414.000,USD,1,,"{""MARCA"":[""AVENT""],""CATEGORIA"":[""Utensilios De Bebe""]}","[""Utensilios De Bebe""]",NULL,https://riba.app/imgrs/THUMBS%20500X500/334833.JPG,0,0,"[""85""]",1.414.000,2026-05-08 9:49:16
872068900694,BIBERON NAUTRAL AZUL 9OZ,BIBERON NAUTRAL AZUL 9OZ,BIBERON NAUTRAL AZUL 9OZ,insert,1,https://riba.app/imgrs/THUMBS%20500X500/334832.JPG,tabs/detalle-producto/334832,1.414.000,1.414.000,1.414.000,USD,1,,"{""MARCA"":[""AVENT""],""CATEGORIA"":[""Utensilios De Bebe""]}","[""Utensilios De Bebe""]",NULL,https://riba.app/imgrs/THUMBS%20500X500/334832.JPG,0,0,"[""85""]",1.414.000,2026-05-08 9:49:16
872068900704,TETINA NATURAL FLUJO 4 3M,TETINA NATURAL FLUJO 4 3M,TETINA NATURAL FLUJO 4 3M,insert,1,https://riba.app/imgrs/THUMBS%20500X500/334862.JPG,tabs/detalle-producto/334862,941.000,941.000,941.000,USD,1,,"{""MARCA"":[""AVENT""],""CATEGORIA"":[""Utensilios De Bebe""]}","[""Utensilios De Bebe""]",NULL,https://riba.app/imgrs/THUMBS%20500X500/334862.JPG,0,0,"[""85""]",941.000,2026-05-08 9:49:16
872068900707,TETINA NATURAL FLUJO 6 6M,TETINA NATURAL FLUJO 6 6M,TETINA NATURAL FLUJO 6 6M,insert,1,https://riba.app/imgrs/THUMBS%20500X500/334863.JPG,tabs/detalle-producto/334863,941.000,941.000,941.000,USD,1,,"{""MARCA"":[""AVENT""],""CATEGORIA"":[""Utensilios De Bebe""]}","[""Utensilios De Bebe""]",NULL,https://riba.app/imgrs/THUMBS%20500X500/334863.JPG,0,0,"[""85""]",941.000,2026-05-08 9:49:16
872068900738,TETINA NATURAL FLUJO3 1M,TETINA NATURAL FLUJO3 1M,TETINA NATURAL FLUJO3 1M,insert,1,https://riba.app/imgrs/THUMBS%20500X500/334861.JPG,tabs/detalle-producto/334861,941.000,941.000,941.000,USD,1,,"{""MARCA"":[""AVENT""],""CATEGORIA"":[""Utensilios De Bebe""]}","[""Utensilios De Bebe""]",NULL,https://riba.app/imgrs/THUMBS%20500X500/334861.JPG,0,0,"[""85""]",941.000,2026-05-08 9:49:16
872068900746,BIBERON NATURAL RESPONSE,BIBERON NATURAL RESPONSE,BIBERON NATURAL RESPONSE,insert,1,https://riba.app/imgrs/THUMBS%20500X500/334831.JPG,tabs/detalle-producto/334831,1.224.000,1.224.000,1.224.000,USD,1,,"{""MARCA"":[""AVENT""],""CATEGORIA"":[""Utensilios De Bebe""]}","[""Utensilios De Bebe""]",NULL,https://riba.app/imgrs/THUMBS%20500X500/334831.JPG,0,0,"[""85""]",1.224.000,2026-05-08 9:49:16
872068900747,TETINA NATURAL FLUJO1 0M,TETINA NATURAL FLUJO1 0M,TETINA NATURAL FLUJO1 0M,insert,1,https://riba.app/imgrs/THUMBS%20500X500/334856.JPG,tabs/detalle-producto/334856,941.000,941.000,941.000,USD,1,,"{""MARCA"":[""AVENT""],""CATEGORIA"":[""Utensilios De Bebe""]}","[""Utensilios De Bebe""]",NULL,https://riba.app/imgrs/THUMBS%20500X500/334856.JPG,0,0,"[""85""]",941.000,2026-05-08 9:49:16
872068900751,TETINA NATURAL FLUJO2 0M,TETINA NATURAL FLUJO2 0M,TETINA NATURAL FLUJO2 0M,insert,1,https://riba.app/imgrs/THUMBS%20500X500/334860.JPG,tabs/detalle-producto/334860,941.000,941.000,941.000,USD,1,,"{""MARCA"":[""AVENT""],""CATEGORIA"":[""Utensilios De Bebe""]}","[""Utensilios De Bebe""]",NULL,https://riba.app/imgrs/THUMBS%20500X500/334860.JPG,0,0,"[""85""]",941.000,2026-05-08 9:49:16
872068901245,BIBERON ANTICOLICOS AVENT,BIBERON ANTICOLICOS AVENT,BIBERON ANTICOLICOS AVENT,insert,1,https://riba.app/imgrs/THUMBS%20500X500/342720.JPG,tabs/detalle-producto/342720,1.420.000,1.420.000,1.420.000,USD,1,,"{""MARCA"":[""AVENT""],""CATEGORIA"":[""Utensilios De Bebe""]}","[""Utensilios De Bebe""]",NULL,https://riba.app/imgrs/THUMBS%20500X500/342720.JPG,0,0,"[""85""]",1.420.000,2026-05-08 9:49:16
872068901247,BIBERON ANTICOLICOS 2PZAS,BIBERON ANTICOLICOS 2PZAS,BIBERON ANTICOLICOS 2PZAS,insert,1,https://riba.app/imgrs/THUMBS%20500X500/342721.JPG,tabs/detalle-producto/342721,2.084.000,2.084.000,2.084.000,USD,1,,"{""MARCA"":[""AVENT""],""CATEGORIA"":[""Utensilios De Bebe""]}","[""Utensilios De Bebe""]",NULL,https://riba.app/imgrs/THUMBS%20500X500/342721.JPG,0,0,"[""85""]",2.084.000,2026-05-08 9:49:16
872068901283,CHUPETE NOCTURNO NINA 6M,CHUPETE NOCTURNO NINA 6M,CHUPETE NOCTURNO NINA 6M,insert,1,https://riba.app/imgrs/THUMBS%20500X500/349438.JPG,tabs/detalle-producto/349438,1.220.000,1.220.000,1.220.000,USD,1,,"{""MARCA"":[""AVENT""],""CATEGORIA"":[""Utensilios De Bebe""]}","[""Utensilios De Bebe""]",NULL,https://riba.app/imgrs/THUMBS%20500X500/349438.JPG,0,0,"[""85""]",1.220.000,2026-05-08 9:49:16
872068901297,2 CHUPETE ULTRA NOCTURNO 6M,2 CHUPETE ULTRA NOCTURNO 6M,2 CHUPETE ULTRA NOCTURNO 6M,insert,1,https://riba.app/imgrs/THUMBS%20500X500/348499.JPG,tabs/detalle-producto/348499,1.220.000,1.220.000,1.220.000,USD,1,,"{""MARCA"":[""AVENT""],""CATEGORIA"":[""Utensilios De Bebe""]}","[""Utensilios De Bebe""]",NULL,https://riba.app/imgrs/THUMBS%20500X500/348499.JPG,0,0,"[""85""]",1.220.000,2026-05-08 9:49:16
872068901397,2 TETINA ANTICOLICO 6M,2 TETINA ANTICOLICO 6M,2 TETINA ANTICOLICO 6M,insert,1,https://riba.app/imgrs/THUMBS%20500X500/348498.JPG,tabs/detalle-producto/348498,938.000,938.000,938.000,USD,1,,"{""MARCA"":[""AVENT""],""CATEGORIA"":[""Utensilios De Bebe""]}","[""Utensilios De Bebe""]",NULL,https://riba.app/imgrs/THUMBS%20500X500/348498.JPG,0,0,"[""85""]",938.000,2026-05-08 9:49:16
872068901400,TETINA ANTICOLICO FLUJO RAPIDO,TETINA ANTICOLICO FLUJO RAPIDO,TETINA ANTICOLICO FLUJO RAPIDO,insert,1,https://riba.app/imgrs/THUMBS%20500X500/342724.JPG,tabs/detalle-producto/342724,660.000,660.000,660.000,USD,1,,"{""MARCA"":[""AVENT""],""CATEGORIA"":[""Utensilios De Bebe""]}","[""Utensilios De Bebe""]",NULL,https://riba.app/imgrs/THUMBS%20500X500/342724.JPG,0,0,"[""85""]",660.000,2026-05-08 9:49:16
872068901403,TETINA ANTICOLICO FLUJO LENTO,TETINA ANTICOLICO FLUJO LENTO,TETINA ANTICOLICO FLUJO LENTO,insert,1,https://riba.app/imgrs/THUMBS%20500X500/348500.JPG,tabs/detalle-producto/348500,655.000,655.000,655.000,USD,1,,"{""MARCA"":[""AVENT""],""CATEGORIA"":[""Utensilios De Bebe""]}","[""Utensilios De Bebe""]",NULL,https://riba.app/imgrs/THUMBS%20500X500/348500.JPG,0,0,"[""85""]",655.000,2026-05-08 9:49:16
872068901405,TETINA ANTICOLICO FLUJO MEDIO,TETINA ANTICOLICO FLUJO MEDIO,TETINA ANTICOLICO FLUJO MEDIO,insert,1,https://riba.app/imgrs/THUMBS%20500X500/349437.JPG,tabs/detalle-producto/349437,938.000,938.000,938.000,USD,1,,"{""MARCA"":[""AVENT""],""CATEGORIA"":[""Utensilios De Bebe""]}","[""Utensilios De Bebe""]",NULL,https://riba.app/imgrs/THUMBS%20500X500/349437.JPG,0,0,"[""85""]",938.000,2026-05-08 9:49:16
87893100102,OUTLET PLUGS 12 PACK,OUTLET PLUGS 12 PACK,OUTLET PLUGS 12 PACK,insert,1,https://riba.app/imgrs/THUMBS%20500X500/296774.JPG,tabs/detalle-producto/296774,143.000,143.000,143.000,USD,1,,"{""MARCA"":[""DREAM BABY""],""CATEGORIA"":[""Utensilios De Bebe""]}","[""Utensilios De Bebe""]",NULL,https://riba.app/imgrs/THUMBS%20500X500/296774.JPG,0,0,"[""85""]",143.000,2026-05-08 9:49:16
87893100121,REFRIGERATOR LATCH,REFRIGERATOR LATCH,REFRIGERATOR LATCH,insert,1,https://riba.app/imgrs/THUMBS%20500X500/345010.JPG,tabs/detalle-producto/345010,315.000,315.000,315.000,USD,1,,"{""MARCA"":[""DREAM BABY""],""CATEGORIA"":[""Utensilios De Bebe""]}","[""Utensilios De Bebe""]",NULL,https://riba.app/imgrs/THUMBS%20500X500/345010.JPG,0,0,"[""85""]",315.000,2026-05-08 9:49:16
87893100123,TOILET LOCK ,TOILET LOCK ,TOILET LOCK ,insert,1,https://riba.app/imgrs/THUMBS%20500X500/227532.JPG,tabs/detalle-producto/227532,300.000,300.000,300.000,USD,1,,"{""MARCA"":[""DREAM BABY""],""CATEGORIA"":[""Utensilios De Bebe""]}","[""Utensilios De Bebe""]",NULL,https://riba.app/imgrs/THUMBS%20500X500/227532.JPG,0,0,"[""85""]",300.000,2026-05-08 9:49:16
87893100182,OUTLET PLUGS 24PK,OUTLET PLUGS 24PK,OUTLET PLUGS 24PK,insert,1,https://riba.app/imgrs/THUMBS%20500X500/335201.JPG,tabs/detalle-producto/335201,225.000,225.000,225.000,USD,1,,"{""MARCA"":[""DREAM BABY""],""CATEGORIA"":[""Utensilios De Bebe""]}","[""Utensilios De Bebe""]",NULL,https://riba.app/imgrs/THUMBS%20500X500/335201.JPG,0,0,"[""85""]",225.000,2026-05-08 9:49:16
87893100211,BABY ON BOARD SIGN ,BABY ON BOARD SIGN ,BABY ON BOARD SIGN ,insert,1,https://riba.app/imgrs/THUMBS%20500X500/227535.JPG,tabs/detalle-producto/227535,280.000,280.000,280.000,USD,1,,"{""MARCA"":[""DREAM BABY""],""CATEGORIA"":[""Utensilios De Bebe""]}","[""Utensilios De Bebe""]",NULL,https://riba.app/imgrs/THUMBS%20500X500/227535.JPG,0,0,"[""85""]",280.000,2026-05-08 9:49:16
87893100260,STROLLER HOOK CARABINER 2PK SL,STROLLER HOOK CARABINER 2PK SL,STROLLER HOOK CARABINER 2PK SL,insert,1,https://riba.app/imgrs/THUMBS%20500X500/335199.JPG,tabs/detalle-producto/335199,795.000,795.000,795.000,USD,1,,"{""MARCA"":[""DREAM BABY""],""CATEGORIA"":[""Utensilios De Bebe""]}","[""Utensilios De Bebe""]",NULL,https://riba.app/imgrs/THUMBS%20500X500/335199.JPG,0,0,"[""85""]",795.000,2026-05-08 9:49:16
87893100302,NAIL CLIPPERS WITH HOLDER ,NAIL CLIPPERS WITH HOLDER ,NAIL CLIPPERS WITH HOLDER ,insert,1,https://riba.app/imgrs/THUMBS%20500X500/227536.JPG,tabs/detalle-producto/227536,140.000,140.000,140.000,USD,1,,"{""MARCA"":[""DREAM BABY""],""CATEGORIA"":[""Cuidado Personal""]}","[""Cuidado Personal""]",NULL,https://riba.app/imgrs/THUMBS%20500X500/227536.JPG,0,0,"[""82""]",140.000,2026-05-08 9:49:16
87893100305,NASAL ASPIRATOR ,NASAL ASPIRATOR ,NASAL ASPIRATOR ,insert,1,https://riba.app/imgrs/THUMBS%20500X500/227537.JPG,tabs/detalle-producto/227537,321.000,321.000,321.000,USD,1,,"{""MARCA"":[""DREAM BABY""],""CATEGORIA"":[""Utensilios De Bebe""]}","[""Utensilios De Bebe""]",NULL,https://riba.app/imgrs/THUMBS%20500X500/227537.JPG,0,0,"[""85""]",321.000,2026-05-08 9:49:16
87893100317,MEDICINE SET ,MEDICINE SET ,MEDICINE SET ,insert,1,https://riba.app/imgrs/THUMBS%20500X500/227538.JPG,tabs/detalle-producto/227538,352.000,352.000,352.000,USD,1,,"{""MARCA"":[""DREAM BABY""],""CATEGORIA"":[""Utensilios De Bebe""]}","[""Utensilios De Bebe""]",NULL,https://riba.app/imgrs/THUMBS%20500X500/227538.JPG,0,0,"[""85""]",352.000,2026-05-08 9:49:16
87893100330,ESSENTIAL GROOMING KIT ,ESSENTIAL GROOMING KIT ,ESSENTIAL GROOMING KIT ,insert,1,https://riba.app/imgrs/THUMBS%20500X500/227539.JPG,tabs/detalle-producto/227539,1.237.000,1.237.000,1.237.000,USD,1,,"{""MARCA"":[""DREAM BABY""],""CATEGORIA"":[""Cuidado Personal""]}","[""Cuidado Personal""]",NULL,https://riba.app/imgrs/THUMBS%20500X500/227539.JPG,0,0,"[""82""]",1.237.000,2026-05-08 9:49:16
87893100355,NAIL CLIPPERS W MAGNIFYING GLA,NAIL CLIPPERS W MAGNIFYING GLA,NAIL CLIPPERS W MAGNIFYING GLA,insert,1,https://riba.app/imgrs/THUMBS%20500X500/331822.JPG,tabs/detalle-producto/331822,370.000,370.000,370.000,USD,1,,"{""MARCA"":[""DREAM BABY""],""CATEGORIA"":[""Cuidado Personal""]}","[""Cuidado Personal""]",NULL,https://riba.app/imgrs/THUMBS%20500X500/331822.JPG,0,0,"[""82""]",370.000,2026-05-08 9:49:16
87893100516,HEAT SENSING SOFT TIP SPOON ,HEAT SENSING SOFT TIP SPOON ,HEAT SENSING SOFT TIP SPOON ,insert,1,https://riba.app/imgrs/THUMBS%20500X500/335203.JPG,tabs/detalle-producto/335203,332.000,332.000,332.000,USD,1,,"{""MARCA"":[""DREAM BABY""],""CATEGORIA"":[""Utensilios De Bebe""]}","[""Utensilios De Bebe""]",NULL,https://riba.app/imgrs/THUMBS%20500X500/335203.JPG,0,0,"[""85""]",332.000,2026-05-08 9:49:16
87893100803,APPLIANCE LOCK EZY CHECK,APPLIANCE LOCK EZY CHECK,APPLIANCE LOCK EZY CHECK,insert,1,https://riba.app/imgrs/THUMBS%20500X500/296768.JPG,tabs/detalle-producto/296768,398.000,398.000,398.000,USD,1,,"{""MARCA"":[""DREAM BABY""],""CATEGORIA"":[""Utensilios De Bebe""]}","[""Utensilios De Bebe""]",NULL,https://riba.app/imgrs/THUMBS%20500X500/296768.JPG,0,0,"[""85""]",398.000,2026-05-08 9:49:16
8816928108,CEREVITA ATOL DE MAIZ ,CEREVITA ATOL DE MAIZ ,CEREVITA ATOL DE MAIZ ,insert,1,https://riba.app/imgrs/THUMBS%20500X500/7622.JPG,tabs/detalle-producto/7622,254.000,254.000,254.000,USD,1,,"{""MARCA"":[""NESTLE (CEREALES)""],""CATEGORIA"":[""Alimentos""]}","[""Alimentos""]",NULL,https://riba.app/imgrs/THUMBS%20500X500/7622.JPG,0,0,"[""83""]",254.000,2026-05-08 9:49:16
8816928138,CEREVITA AVENA INSTANT 300 GRS,CEREVITA AVENA INSTANT 300 GRS,CEREVITA AVENA INSTANT 300 GRS,insert,1,https://riba.app/imgrs/THUMBS%20500X500/7627.JPG,tabs/detalle-producto/7627,254.000,254.000,254.000,USD,1,,"{""MARCA"":[""NESTLE (CEREALES)""],""CATEGORIA"":[""Alimentos""]}","[""Alimentos""]",NULL,https://riba.app/imgrs/THUMBS%20500X500/7627.JPG,0,0,"[""83""]",254.000,2026-05-08 9:49:16
88607400007,COMOTOMO NIPPLE SLOW FLOW 2PAC,COMOTOMO NIPPLE SLOW FLOW 2PAC,COMOTOMO NIPPLE SLOW FLOW 2PAC,insert,1,https://riba.app/imgrs/THUMBS%20500X500/278340.JPG,tabs/detalle-producto/278340,760.000,760.000,760.000,USD,1,,"{""MARCA"":[""COMO TOMO""],""CATEGORIA"":[""Utensilios De Bebe""]}","[""Utensilios De Bebe""]",NULL,https://riba.app/imgrs/THUMBS%20500X500/278340.JPG,0,0,"[""85""]",760.000,2026-05-08 9:49:16
88607400008,COMOTOMO NIPPLE MEDIUM FLOW ,COMOTOMO NIPPLE MEDIUM FLOW ,COMOTOMO NIPPLE MEDIUM FLOW ,insert,1,https://riba.app/imgrs/THUMBS%20500X500/278341.JPG,tabs/detalle-producto/278341,760.000,760.000,760.000,USD,1,,"{""MARCA"":[""COMO TOMO""],""CATEGORIA"":[""Utensilios De Bebe""]}","[""Utensilios De Bebe""]",NULL,https://riba.app/imgrs/THUMBS%20500X500/278341.JPG,0,0,"[""85""]",760.000,2026-05-08 9:49:16
88607400009,COMO TOMO NIPPLE FAST FLOW,COMO TOMO NIPPLE FAST FLOW,COMO TOMO NIPPLE FAST FLOW,insert,1,https://riba.app/imgrs/THUMBS%20500X500/278342.JPG,tabs/detalle-producto/278342,760.000,760.000,760.000,USD,1,,"{""MARCA"":[""COMO TOMO""],""CATEGORIA"":[""Utensilios De Bebe""]}","[""Utensilios De Bebe""]",NULL,https://riba.app/imgrs/THUMBS%20500X500/278342.JPG,0,0,"[""85""]",760.000,2026-05-08 9:49:16
88607400010,COMOTOMO NIPPLE VARIABLE FLOW,COMOTOMO NIPPLE VARIABLE FLOW,COMOTOMO NIPPLE VARIABLE FLOW,insert,1,https://riba.app/imgrs/THUMBS%20500X500/278343.JPG,tabs/detalle-producto/278343,760.000,760.000,760.000,USD,1,,"{""MARCA"":[""COMO TOMO""],""CATEGORIA"":[""Utensilios De Bebe""]}","[""Utensilios De Bebe""]",NULL,https://riba.app/imgrs/THUMBS%20500X500/278343.JPG,0,0,"[""85""]",760.000,2026-05-08 9:49:16
88607400011,COMOTOMO BABY BOTTLE 5OZ GREEN,COMOTOMO BABY BOTTLE 5OZ GREEN,COMOTOMO BABY BOTTLE 5OZ GREEN,insert,1,https://riba.app/imgrs/THUMBS%20500X500/278336.JPG,tabs/detalle-producto/278336,1.555.000,1.555.000,1.555.000,USD,1,,"{""MARCA"":[""COMO TOMO""],""CATEGORIA"":[""Utensilios De Bebe""]}","[""Utensilios De Bebe""]",NULL,https://riba.app/imgrs/THUMBS%20500X500/278336.JPG,0,0,"[""85""]",1.555.000,2026-05-08 9:49:16
88607400012,COMOTOMO BABY BOTTLE 5OZ PINK,COMOTOMO BABY BOTTLE 5OZ PINK,COMOTOMO BABY BOTTLE 5OZ PINK,insert,1,https://riba.app/imgrs/THUMBS%20500X500/278337.JPG,tabs/detalle-producto/278337,1.555.000,1.555.000,1.555.000,USD,1,,"{""MARCA"":[""COMO TOMO""],""CATEGORIA"":[""Utensilios De Bebe""]}","[""Utensilios De Bebe""]",NULL,https://riba.app/imgrs/THUMBS%20500X500/278337.JPG,0,0,"[""85""]",1.555.000,2026-05-08 9:49:16
88607400013,COMOTOMO BABY BOTTLE 8OZ GREEN,COMOTOMO BABY BOTTLE 8OZ GREEN,COMOTOMO BABY BOTTLE 8OZ GREEN,insert,1,https://riba.app/imgrs/THUMBS%20500X500/278338.JPG,tabs/detalle-producto/278338,1.620.000,1.620.000,1.620.000,USD,1,,"{""MARCA"":[""COMO TOMO""],""CATEGORIA"":[""Utensilios De Bebe""]}","[""Utensilios De Bebe""]",NULL,https://riba.app/imgrs/THUMBS%20500X500/278338.JPG,0,0,"[""85""]",1.620.000,2026-05-08 9:49:16
888645100499,PEDIASURE TRIPLE SURE VAINILLA,PEDIASURE TRIPLE SURE VAINILLA,PEDIASURE TRIPLE SURE VAINILLA,insert,1,https://riba.app/imgrs/THUMBS%20500X500/279498.JPG,tabs/detalle-producto/279498,7.034.000,7.034.000,7.034.000,USD,1,,"{""MARCA"":[""PEDIASURE""],""CATEGORIA"":[""Alimentos""]}","[""Alimentos""]",NULL,https://riba.app/imgrs/THUMBS%20500X500/279498.JPG,0,0,"[""83""]",7.034.000,2026-05-08 9:49:16
888645100998,PEDIASURE VANILLA PEPTIGRO,PEDIASURE VANILLA PEPTIGRO,PEDIASURE VANILLA PEPTIGRO,insert,1,https://riba.app/imgrs/THUMBS%20500X500/352939.JPG,tabs/detalle-producto/352939,7.036.000,7.036.000,7.036.000,USD,1,,"{""MARCA"":[""PEDIASURE""],""CATEGORIA"":[""Alimentos""]}","[""Alimentos""]",NULL,https://riba.app/imgrs/THUMBS%20500X500/352939.JPG,0,0,"[""83""]",7.036.000,2026-05-08 9:49:16
89018000120,PEAR & MANGO ORGANIC ,PEAR & MANGO ORGANIC ,PEAR & MANGO ORGANIC ,insert,1,https://riba.app/imgrs/THUMBS%20500X500/324608.JPG,tabs/detalle-producto/324608,294.000,294.000,294.000,USD,1,,"{""MARCA"":[""PLUM""],""CATEGORIA"":[""Alimentos""]}","[""Alimentos""]",NULL,https://riba.app/imgrs/THUMBS%20500X500/324608.JPG,0,0,"[""83""]",294.000,2026-05-08 9:49:16
89018000123,BANANA & PUMPKIN ORGANIC,BANANA & PUMPKIN ORGANIC,BANANA & PUMPKIN ORGANIC,insert,1,https://riba.app/imgrs/THUMBS%20500X500/340959.JPG,tabs/detalle-producto/340959,294.000,294.000,294.000,USD,1,,"{""MARCA"":[""PLUM""],""CATEGORIA"":[""Alimentos""]}","[""Alimentos""]",NULL,https://riba.app/imgrs/THUMBS%20500X500/340959.JPG,0,0,"[""83""]",294.000,2026-05-08 9:49:16
931274251409,SLIMLINE SLIDE LOCK 2PK,SLIMLINE SLIDE LOCK 2PK,SLIMLINE SLIDE LOCK 2PK,insert,1,https://riba.app/imgrs/THUMBS%20500X500/296772.JPG,tabs/detalle-producto/296772,590.000,590.000,590.000,USD,1,,"{""MARCA"":[""DREAM BABY""],""CATEGORIA"":[""Utensilios De Bebe""]}","[""Utensilios De Bebe""]",NULL,https://riba.app/imgrs/THUMBS%20500X500/296772.JPG,0,0,"[""85""]",590.000,2026-05-08 9:49:16
931274251419,EZY CHECK TOILET AND APPL LOCK,EZY CHECK TOILET AND APPL LOCK,EZY CHECK TOILET AND APPL LOCK,insert,1,https://riba.app/imgrs/THUMBS%20500X500/344470.JPG,tabs/detalle-producto/344470,393.000,393.000,393.000,USD,1,,"{""MARCA"":[""DREAM BABY""],""CATEGORIA"":[""Utensilios De Bebe""]}","[""Utensilios De Bebe""]",NULL,https://riba.app/imgrs/THUMBS%20500X500/344470.JPG,0,0,"[""85""]",393.000,2026-05-08 9:49:16
931274252320,DELUXE EZY FIT CLIP ON FAN BLA,DELUXE EZY FIT CLIP ON FAN BLA,DELUXE EZY FIT CLIP ON FAN BLA,insert,1,https://riba.app/imgrs/THUMBS%20500X500/344469.JPG,tabs/detalle-producto/344469,1.295.000,1.295.000,1.295.000,USD,1,,"{""MARCA"":[""DREAM BABY""],""CATEGORIA"":[""Utensilios De Bebe""]}","[""Utensilios De Bebe""]",NULL,https://riba.app/imgrs/THUMBS%20500X500/344469.JPG,0,0,"[""85""]",1.295.000,2026-05-08 9:49:16
931274252321,EZY-FIT DELUXE CLIP-ON FAN,EZY-FIT DELUXE CLIP-ON FAN,EZY-FIT DELUXE CLIP-ON FAN,insert,1,https://riba.app/imgrs/THUMBS%20500X500/335197.JPG,tabs/detalle-producto/335197,1.256.000,1.256.000,1.256.000,USD,1,,"{""MARCA"":[""DREAM BABY""],""CATEGORIA"":[""Utensilios De Bebe""]}","[""Utensilios De Bebe""]",NULL,https://riba.app/imgrs/THUMBS%20500X500/335197.JPG,0,0,"[""85""]",1.256.000,2026-05-08 9:49:16
932110481598,GIRA Y GIRA SUPER SHAKER,GIRA Y GIRA SUPER SHAKER,GIRA Y GIRA SUPER SHAKER,insert,1,https://riba.app/imgrs/THUMBS%20500X500/324599.JPG,tabs/detalle-producto/324599,755.000,755.000,755.000,USD,1,,"{""MARCA"":[""PLAY GRO""],""CATEGORIA"":[""Juguetes""]}","[""Juguetes""]",NULL,https://riba.app/imgrs/THUMBS%20500X500/324599.JPG,0,0,"[""87""]",755.000,2026-05-08 9:49:16
932110483192,MORDEDOR GIRA Y TUERCE,MORDEDOR GIRA Y TUERCE,MORDEDOR GIRA Y TUERCE,insert,1,https://riba.app/imgrs/THUMBS%20500X500/324595.JPG,tabs/detalle-producto/324595,803.000,803.000,803.000,USD,1,,"{""MARCA"":[""PLAY GRO""],""CATEGORIA"":[""Juguetes""]}","[""Juguetes""]",NULL,https://riba.app/imgrs/THUMBS%20500X500/324595.JPG,0,0,"[""87""]",803.000,2026-05-08 9:49:16
932110483818,ROUNDABOUT SONAJERO MORDEDOR,ROUNDABOUT SONAJERO MORDEDOR,ROUNDABOUT SONAJERO MORDEDOR,insert,1,https://riba.app/imgrs/THUMBS%20500X500/324593.JPG,tabs/detalle-producto/324593,803.000,803.000,803.000,USD,1,,"{""MARCA"":[""PLAY GRO""],""CATEGORIA"":[""Utensilios De Bebe""]}","[""Utensilios De Bebe""]",NULL,https://riba.app/imgrs/THUMBS%20500X500/324593.JPG,0,0,"[""85""]",803.000,2026-05-08 9:49:16
932110484558,MORDEDOR DE ZEBRA CON CADENAS,MORDEDOR DE ZEBRA CON CADENAS,MORDEDOR DE ZEBRA CON CADENAS,insert,1,https://riba.app/imgrs/THUMBS%20500X500/324580.JPG,tabs/detalle-producto/324580,568.000,568.000,568.000,USD,1,,"{""MARCA"":[""PLAY GRO""],""CATEGORIA"":[""Utensilios De Bebe""]}","[""Utensilios De Bebe""]",NULL,https://riba.app/imgrs/THUMBS%20500X500/324580.JPG,0,0,"[""85""]",568.000,2026-05-08 9:49:16
932110486335,MODEDORES DE AGUA BEBE,MODEDORES DE AGUA BEBE,MODEDORES DE AGUA BEBE,insert,1,https://riba.app/imgrs/THUMBS%20500X500/334238.JPG,tabs/detalle-producto/334238,466.000,466.000,466.000,USD,1,,"{""MARCA"":[""PLAY GRO""],""CATEGORIA"":[""Utensilios De Bebe""]}","[""Utensilios De Bebe""]",NULL,https://riba.app/imgrs/THUMBS%20500X500/334238.JPG,0,0,"[""85""]",466.000,2026-05-08 9:49:16
932110486336,MORDEDOR 2 EN 1 JERRY LA JIRAF,MORDEDOR 2 EN 1 JERRY LA JIRAF,MORDEDOR 2 EN 1 JERRY LA JIRAF,insert,1,https://riba.app/imgrs/THUMBS%20500X500/348496.JPG,tabs/detalle-producto/348496,517.000,517.000,517.000,USD,1,,"{""MARCA"":[""PLAY GRO""],""CATEGORIA"":[""Utensilios De Bebe""]}","[""Utensilios De Bebe""]",NULL,https://riba.app/imgrs/THUMBS%20500X500/348496.JPG,0,0,"[""85""]",517.000,2026-05-08 9:49:16
932110488043,MORDEDOR CON TEXTURAS,MORDEDOR CON TEXTURAS,MORDEDOR CON TEXTURAS,insert,1,https://riba.app/imgrs/THUMBS%20500X500/324579.JPG,tabs/detalle-producto/324579,553.000,553.000,553.000,USD,1,,"{""MARCA"":[""PLAY GRO""],""CATEGORIA"":[""Juguetes""]}","[""Juguetes""]",NULL,https://riba.app/imgrs/THUMBS%20500X500/324579.JPG,0,0,"[""87""]",553.000,2026-05-08 9:49:16
932110488044,MORDEDOR SENSORIAL REMOLINO,MORDEDOR SENSORIAL REMOLINO,MORDEDOR SENSORIAL REMOLINO,insert,1,https://riba.app/imgrs/THUMBS%20500X500/348495.JPG,tabs/detalle-producto/348495,561.000,561.000,561.000,USD,1,,"{""MARCA"":[""PLAY GRO""],""CATEGORIA"":[""Utensilios De Bebe""]}","[""Utensilios De Bebe""]",NULL,https://riba.app/imgrs/THUMBS%20500X500/348495.JPG,0,0,"[""85""]",561.000,2026-05-08 9:49:16
932110488758,SONAJERO GIRA Y GIRA PLAYGRO,SONAJERO GIRA Y GIRA PLAYGRO,SONAJERO GIRA Y GIRA PLAYGRO,insert,1,https://riba.app/imgrs/THUMBS%20500X500/348494.JPG,tabs/detalle-producto/348494,564.000,564.000,564.000,USD,1,,"{""MARCA"":[""PLAY GRO""],""CATEGORIA"":[""Juguetes""]}","[""Juguetes""]",NULL,https://riba.app/imgrs/THUMBS%20500X500/348494.JPG,0,0,"[""87""]",564.000,2026-05-08 9:49:16
932110488797,SONAJERO DE LEON CON AGARADERO,SONAJERO DE LEON CON AGARADERO,SONAJERO DE LEON CON AGARADERO,insert,1,https://riba.app/imgrs/THUMBS%20500X500/348497.JPG,tabs/detalle-producto/348497,752.000,752.000,752.000,USD,1,,"{""MARCA"":[""PLAY GRO""],""CATEGORIA"":[""Juguetes""]}","[""Juguetes""]",NULL,https://riba.app/imgrs/THUMBS%20500X500/348497.JPG,0,0,"[""87""]",752.000,2026-05-08 9:49:16
9418706717,HUGGIES LITTLE SWIMMER M,HUGGIES LITTLE SWIMMER M,HUGGIES LITTLE SWIMMER M,insert,1,https://riba.app/imgrs/THUMBS%20500X500/310942.JPG,tabs/detalle-producto/310942,350.000,350.000,350.000,USD,1,,"{""MARCA"":[""HUGGIES""],""CATEGORIA"":[""Pañales""]}","[""Pañales""]",NULL,https://riba.app/imgrs/THUMBS%20500X500/310942.JPG,0,0,"[""84""]",350.000,2026-05-08 9:49:16
9418706718,HUGGIES LITTLE SWIMMER L,HUGGIES LITTLE SWIMMER L,HUGGIES LITTLE SWIMMER L,insert,1,https://riba.app/imgrs/THUMBS%20500X500/310941.JPG,tabs/detalle-producto/310941,365.000,365.000,365.000,USD,1,,"{""MARCA"":[""HUGGIES""],""CATEGORIA"":[""Pañales""]}","[""Pañales""]",NULL,https://riba.app/imgrs/THUMBS%20500X500/310941.JPG,0,0,"[""84""]",365.000,2026-05-08 9:49:16