item,nombre,sku,nombredepa,marca,nombrecat,dieta,estado,image
206965,WEL PAC SUSHI SHOGA,1115225499,Despensa,WEL PAC,Conservas Y Encurtidos,"[""Kosher""]",1,https://riba.app/imgrs/THUMBS%20500X500/206965.JPG
342601,PREMIUM RICE SUSHI MUSENMAI,1115228589,Despensa,NISHIKI,Arroz Y Granos,"[""Kosher""]",1,https://riba.app/imgrs/THUMBS%20500X500/342601.JPG
6239,SW MAIZ GRANO ENTERO 303,1119430122,Despensa,S&W,Conservas Y Encurtidos,NULL,1,https://riba.app/imgrs/THUMBS%20500X500/6239.JPG
23360,SALSA PICANTE TABASCO,1121000001,Despensa,TABASCO,Aderezos Y Salsas,"[""Kosher""]",1,https://riba.app/imgrs/THUMBS%20500X500/23360.JPG
23361,SALSA PICANTE AJI ROJO,1121000015,Despensa,TABASCO,Aderezos Y Salsas,"[""Kosher""]",1,https://riba.app/imgrs/THUMBS%20500X500/23361.JPG
196678,CIH BUFF HOT SAUCE,1121000250,Despensa,TABASCO,Aderezos Y Salsas,"[""Kosher""]",1,https://riba.app/imgrs/THUMBS%20500X500/196678.JPG
115905,PEPPER JELLY SPICY TABASCO,1121000310,Despensa,TABASCO,Jaleas Mantequillas Y Mermeladas,NULL,1,https://riba.app/imgrs/THUMBS%20500X500/115905.JPG
180023,SALSA PICANTE HABANERO,1121000650,Despensa,TABASCO,Aderezos Y Salsas,"[""Kosher""]",1,https://riba.app/imgrs/THUMBS%20500X500/180023.JPG
23366,SALSA PICANTE CON AJO,1121000725,Despensa,TABASCO,Aderezos Y Salsas,NULL,1,https://riba.app/imgrs/THUMBS%20500X500/23366.JPG
46454,SALSA PICANTE C JALAPENO TABA1,1121000930,Despensa,TABASCO,Aderezos Y Salsas,"[""Kosher""]",1,https://riba.app/imgrs/THUMBS%20500X500/46454.JPG
23365,SALSA PICANTE LEVE JALAPEÑA,1121000953,Despensa,TABASCO,Aderezos Y Salsas,NULL,1,https://riba.app/imgrs/THUMBS%20500X500/23365.JPG
312925,SALSA TABASCO SRIRACHA,1121069700,Despensa,TABASCO,Aderezos Y Salsas,"[""Gluten-free"",""Kosher""]",1,https://riba.app/imgrs/THUMBS%20500X500/312925.JPG
299623,SPAGHETTI 454 GR,1215710344,Despensa,DE LA ABUELA,Pastas Secas,"[""Kosher""]",1,https://riba.app/imgrs/THUMBS%20500X500/299623.JPG
162206,WS BLUE AGAVE ORGANIC ,1251120231,Despensa,WHOLESOME,Siropes,"[""Kosher"",""Orgánico""]",1,https://riba.app/imgrs/THUMBS%20500X500/162206.JPG
162207,WS BLUE AGAVE OG RAW,1251121232,Despensa,WHOLESOME,Siropes,"[""Kosher"",""Orgánico""]",1,https://riba.app/imgrs/THUMBS%20500X500/162207.JPG
277487,ZERO CALORIES SWEETENER POUCH,1251134711,Despensa,WHOLESOME,Azucar Y Endulzantes,"[""Gluten-free"",""Keto"",""Kosher"",""Orgánico"",""Vegano""]",1,https://riba.app/imgrs/THUMBS%20500X500/277487.JPG
162208,WS ORGANIC MOLASSES,1251160000,Despensa,WHOLESOME,Siropes,"[""Gluten-free"",""Kosher"",""Orgánico""]",1,https://riba.app/imgrs/THUMBS%20500X500/162208.JPG
207856,NEW STEVIA ORGANIC NATURAL,1251194635,Despensa,WHOLESOME,Azucar Y Endulzantes,"[""Keto"",""Kosher"",""Orgánico""]",1,https://riba.app/imgrs/THUMBS%20500X500/207856.JPG
22889,HEINZ KETCHUP 14 OZ,1300000075,Despensa,HEINZ,Aderezos Y Salsas,"[""Kosher""]",1,https://riba.app/imgrs/THUMBS%20500X500/22889.JPG
75502,KETCHUP ,1300000076,Despensa,HEINZ,Aderezos Y Salsas,"[""Kosher""]",1,https://riba.app/imgrs/THUMBS%20500X500/75502.JPG
82111,HEINZ CHILI SAUCE 12 OZ,1300000112,Despensa,HEINZ,Aderezos Y Salsas,"[""Kosher""]",1,https://riba.app/imgrs/THUMBS%20500X500/82111.JPG
44435,HEINZ SEAFOOD SAUCE 12 OZ,1300000113,Despensa,HEINZ,Aderezos Y Salsas,NULL,1,https://riba.app/imgrs/THUMBS%20500X500/44435.JPG
338534,HEINZ KETCHUP PICKLE,1300000180,Despensa,HEINZ,Aderezos Y Salsas,"[""Kosher""]",1,https://riba.app/imgrs/THUMBS%20500X500/338534.JPG
279339,HEINZ YELLOW MUSTARD 8 OZ,1300000211,Despensa,HEINZ,Aderezos Y Salsas,"[""Kosher""]",1,https://riba.app/imgrs/THUMBS%20500X500/279339.JPG
279346,HEINZ YELLOW MUSTARD 14 OZ,1300000212,Despensa,HEINZ,Aderezos Y Salsas,NULL,1,https://riba.app/imgrs/THUMBS%20500X500/279346.JPG
44427,HZ57 SAUCE 10 OZ,1300000264,Despensa,HEINZ,Aderezos Y Salsas,"[""Kosher""]",1,https://riba.app/imgrs/THUMBS%20500X500/44427.JPG
22549,STEAK SAUCE 57  00178,1300000269,Despensa,HEINZ,Aderezos Y Salsas,"[""Kosher""]",1,https://riba.app/imgrs/THUMBS%20500X500/22549.JPG
273844,SIMPLY TOMATO KETCHUP,1300000464,Despensa,HEINZ,Aderezos Y Salsas,"[""Kosher""]",1,https://riba.app/imgrs/THUMBS%20500X500/273844.JPG
138263,KETCHUP ,1300000605,Despensa,HEINZ,Aderezos Y Salsas,"[""Kosher""]",1,https://riba.app/imgrs/THUMBS%20500X500/138263.JPG
22896,SALSA RELISH DULCE,1300000629,Despensa,HEINZ,Conservas Y Encurtidos,NULL,1,https://riba.app/imgrs/THUMBS%20500X500/22896.JPG
242437,HEINZ KETCHUP 3PK,1300000735,Despensa,HEINZ,Aderezos Y Salsas,"[""Kosher""]",1,https://riba.app/imgrs/THUMBS%20500X500/242437.JPG
50058,HEINZ VINEGAR DESTILLED WHITE,1300000754,Despensa,HEINZ,Vinagre,"[""Kosher""]",1,https://riba.app/imgrs/THUMBS%20500X500/50058.JPG
287704,HEINS APPLE CIDE VINEGAR ,1300000765,Despensa,HEINZ,Vinagre,"[""Kosher""]",1,https://riba.app/imgrs/THUMBS%20500X500/287704.JPG
217533,KETCHUP TOMATO REDUCED SUGAR ,1300000799,Despensa,HEINZ,Aderezos Y Salsas,"[""Kosher""]",1,https://riba.app/imgrs/THUMBS%20500X500/217533.JPG
22417,HAINZ APPLE CIDER VINEGAR,1300000812,Despensa,HEINZ,Vinagre,"[""Kosher""]",1,https://riba.app/imgrs/THUMBS%20500X500/22417.JPG
22919,VINAGRE DE MANZANA,1300000814,Despensa,HEINZ,Vinagre,"[""Kosher""]",1,https://riba.app/imgrs/THUMBS%20500X500/22919.JPG
22918,WHITE VINEGAR 00755,1300000852,Despensa,HEINZ,Vinagre,"[""Kosher""]",1,https://riba.app/imgrs/THUMBS%20500X500/22918.JPG
22920,VINAGRE BLANCO,1300000854,Despensa,HEINZ,Vinagre,"[""Kosher""]",1,https://riba.app/imgrs/THUMBS%20500X500/22920.JPG
332739,HEINZ TOMATO KETCHUP NO SALT A,1300000897,Despensa,HEINZ,Aderezos Y Salsas,"[""Kosher""]",1,https://riba.app/imgrs/THUMBS%20500X500/332739.JPG
203458,HEINZ ORGANIC KETCHUP 14 OZ,1300000899,Despensa,HEINZ,Aderezos Y Salsas,"[""Kosher"",""Orgánico""]",1,https://riba.app/imgrs/THUMBS%20500X500/203458.JPG
268162,KETCHUP SQUEESE CON JALAPEÑO,1300000954,Despensa,HEINZ,Aderezos Y Salsas,NULL,1,https://riba.app/imgrs/THUMBS%20500X500/268162.JPG
242416,HEINZ PICNIC PACK,1300000983,Despensa,HEINZ,Aderezos Y Salsas,"[""Kosher""]",1,https://riba.app/imgrs/THUMBS%20500X500/242416.JPG
65695,HEINZ HOME STYLE SAVORY BEEF G,1300079800,Despensa,HEINZ,Aderezos Y Salsas,NULL,1,https://riba.app/imgrs/THUMBS%20500X500/65695.JPG
45636,HEINZ HOME STYLE CLASSIC CHICK,1300079820,Despensa,HEINZ,Aderezos Y Salsas,NULL,1,https://riba.app/imgrs/THUMBS%20500X500/45636.JPG
65696,HEINZ HOME STYLE RICH MUSHROOM,1300079830,Despensa,HEINZ,Aderezos Y Salsas,NULL,1,https://riba.app/imgrs/THUMBS%20500X500/65696.JPG
45637,HEINZ TURKEY GRAVY 12 OZ,1300079910,Despensa,HEINZ,Aderezos Y Salsas,NULL,1,https://riba.app/imgrs/THUMBS%20500X500/45637.JPG
10717,CREAM OF WHEAT QUICK   24 14,1313000611,Despensa,NABISCO,Avenas Y Cremas,"[""Kosher""]",1,https://riba.app/imgrs/THUMBS%20500X500/10717.JPG
22591,VAINILLA ,1326813084,Despensa,AROMA,Reposteria,"[""Kosher""]",1,https://riba.app/imgrs/THUMBS%20500X500/22591.JPG
296579,PILLS CAKE FUNFETT UNICORN,1330000010,Despensa,PILLSBURY ,Reposteria,"[""Kosher""]",1,https://riba.app/imgrs/THUMBS%20500X500/296579.JPG
346115,HUNGRY JACK ZERO SUGAR,1330000959,Despensa,HUNGRY JACK,Siropes,"[""Kosher""]",1,https://riba.app/imgrs/THUMBS%20500X500/346115.JPG
347549,HUNGRY JACK LITE SYRUP ,1330000960,Despensa,HUNGRY JACK,Siropes,"[""Keto""]",1,https://riba.app/imgrs/THUMBS%20500X500/347549.JPG
344762,HUNGRY JACK REGULAR SYRUP,1330000961,Despensa,HUNGRY JACK,Siropes,"[""Kosher""]",1,https://riba.app/imgrs/THUMBS%20500X500/344762.JPG
320108,HUNGRY JACK WAFFLE MIX,1330010162,Despensa,HUNGRY JACK,Harinas,"[""Kosher""]",1,https://riba.app/imgrs/THUMBS%20500X500/320108.JPG
320107,PILSBURY BUTTERMILK PANCAKE ,1330010888,Despensa,HUNGRY JACK,Harinas,"[""Kosher""]",1,https://riba.app/imgrs/THUMBS%20500X500/320107.JPG
299034,HARINA DE TRIGO TODO PROPOSITO,1330020430,Despensa,PILLSBURY ,Harinas,"[""Kosher""]",1,https://riba.app/imgrs/THUMBS%20500X500/299034.JPG
309202,PILL SELF RISING FLOUR,1330021100,Despensa,PILLSBURY ,Harinas,"[""Kosher""]",1,https://riba.app/imgrs/THUMBS%20500X500/309202.JPG
336068,HUNGRY JACK ORIGINAL PANCAK MI,1330028063,Despensa,HUNGRY JACK,Harinas,"[""Kosher""]",1,https://riba.app/imgrs/THUMBS%20500X500/336068.JPG
336067,HUNGRY JACK BU MILK PANCAKE,1330028064,Despensa,HUNGRY JACK,Harinas,"[""Kosher""]",1,https://riba.app/imgrs/THUMBS%20500X500/336067.JPG
333705,PANCAKE & WFFL EXTRA LIGHT ,1330028065,Despensa,HUNGRY JACK,Harinas,"[""Kosher""]",1,https://riba.app/imgrs/THUMBS%20500X500/333705.JPG
333707,PANCAKE & WAFFLE MIX BUTTERMIL,1330028066,Despensa,HUNGRY JACK,Harinas,"[""Kosher""]",1,https://riba.app/imgrs/THUMBS%20500X500/333707.JPG
333704, PANCAKE & WFFL  EXTRA LIGHT ,1330028067,Despensa,HUNGRY JACK,Harinas,"[""Kosher""]",1,https://riba.app/imgrs/THUMBS%20500X500/333704.JPG
333718,MIX PANCAKE & WAFFLE CHOCOCHIP,1330028254,Despensa,HUNGRY JACK,Harinas,"[""Kosher""]",1,https://riba.app/imgrs/THUMBS%20500X500/333718.JPG
299036,PB CHOCOLA FUDGE BROWNIE,1330055538,Despensa,PILLSBURY ,Reposteria,"[""Kosher""]",1,https://riba.app/imgrs/THUMBS%20500X500/299036.JPG
299037,PILLS MILK CHOCOLATE BROWNIE,1330055539,Despensa,PILLSBURY ,Reposteria,"[""Kosher""]",1,https://riba.app/imgrs/THUMBS%20500X500/299037.JPG
295227,FUNFETTI FROSTING,1330076310,Despensa,PILLSBURY ,Reposteria,"[""Gluten-free"",""Kosher""]",1,https://riba.app/imgrs/THUMBS%20500X500/295227.JPG
295226,FLUFFY FUNFETTI FROASTING FRST,1330092905,Despensa,PILLSBURY ,Reposteria,"[""Gluten-free"",""Kosher""]",1,https://riba.app/imgrs/THUMBS%20500X500/295226.JPG
313902,SALSA HONEY TERIYAKI MARINADE,1340912842,Despensa,SWEET BABY RAYS,Aderezos Y Salsas,NULL,1,https://riba.app/imgrs/THUMBS%20500X500/313902.JPG
313900,SALSA ORIGINAL SWEET BABY BBQ,1340991810,Despensa,SWEET BABY RAYS,Aderezos Y Salsas,"[""Kosher""]",1,https://riba.app/imgrs/THUMBS%20500X500/313900.JPG
266512,SHELLS & WHITE CHEDDAR MACAR,1356200004,Despensa,ANNIE S,Pastas Secas,NULL,1,https://riba.app/imgrs/THUMBS%20500X500/266512.JPG
266510,MACARONI & CHEESE CLASSIC ,1356200045,Despensa,ANNIE S,Pastas Secas,"[""Orgánico""]",1,https://riba.app/imgrs/THUMBS%20500X500/266510.JPG
325738,VEGAN SHELL ORG MAC & CHEESE,1356200170,Despensa,ANNIE S,Pastas Secas,"[""Orgánico"",""Vegano""]",1,https://riba.app/imgrs/THUMBS%20500X500/325738.JPG
325741,COCOA BUNNIES ORG CEREAL,1356200247,Despensa,ANNIE S,Cereales Y Granola,"[""Kosher"",""Orgánico""]",1,https://riba.app/imgrs/THUMBS%20500X500/325741.JPG
329890,ORG CHEWY GRAN CHOCOCHIP BARS,1356200260,Despensa,ANNIE S,Cereales Y Granola,"[""Orgánico""]",1,https://riba.app/imgrs/THUMBS%20500X500/329890.JPG
341355,MAC&CHS CHEDDAR P&K,1356212121,Despensa,ANNIE S,Pastas Secas,NULL,1,https://riba.app/imgrs/THUMBS%20500X500/341355.JPG
325829,BIRTHDAY CAKE ORG CRISPY BARS,1356212183,Despensa,ANNIE S,Cereales Y Granola,"[""Gluten-free"",""Orgánico""]",1,https://riba.app/imgrs/THUMBS%20500X500/325829.JPG
341357,PASTA MICKEY FRIENDS ANNIE S,1356212887,Despensa,ANNIE S,Pastas Secas,NULL,1,https://riba.app/imgrs/THUMBS%20500X500/341357.JPG
341353,MAC&CHS DISNEY CHEDDAR ANNIE S,1356213368,Despensa,ANNIE S,Pastas Secas,NULL,1,https://riba.app/imgrs/THUMBS%20500X500/341353.JPG
341358,SPIDEY MAC& CHS ANNIE S,1356213372,Despensa,ANNIE S,Pastas Secas,NULL,1,https://riba.app/imgrs/THUMBS%20500X500/341358.JPG
329894,ORG GF CRISPY SNACK BARS,1356228972,Despensa,ANNIE S,Cereales Y Granola,"[""Orgánico""]",1,https://riba.app/imgrs/THUMBS%20500X500/329894.JPG
325730,MAC & CHEESE 25% LESS SODIUM,1356230011,Despensa,ANNIE S,Pastas Secas,NULL,1,https://riba.app/imgrs/THUMBS%20500X500/325730.JPG
321007,ANNIES YUMMY BUNNIES & CHEDDAR,1356230060,Despensa,ANNIE S,Pastas Secas,NULL,1,https://riba.app/imgrs/THUMBS%20500X500/321007.JPG
266511,SHELLS & REAL CHEDDAR MAC,1356230084,Despensa,ANNIE S,Pastas Secas,NULL,1,https://riba.app/imgrs/THUMBS%20500X500/266511.JPG
325733,DOUBLE CHOCO CHIP GRANOLA BAR,1356246050,Despensa,ANNIE S,Cereales Y Granola,"[""Gluten-free""]",1,https://riba.app/imgrs/THUMBS%20500X500/325733.JPG
325745,VEGAN CHEDDAR ORG MAC & CHEESE,1356249901,Despensa,ANNIE S,Pastas Secas,"[""Orgánico""]",1,https://riba.app/imgrs/THUMBS%20500X500/325745.JPG
14186,CHOW MEIN ,145781,Despensa,DELICIAS,Pastas Secas,NULL,1,https://riba.app/imgrs/THUMBS%20500X500/14186.JPG
14187,CHOW MEIN,146881,Despensa,GRAN CHINA,Pastas Secas,NULL,1,https://riba.app/imgrs/THUMBS%20500X500/14187.JPG
148419,MOTTS NAT APPLE SAUCE N S ADD,1480000007,Despensa,MOTT S,Jaleas Mantequillas Y Mermeladas,"[""Gluten-free"",""Kosher""]",1,https://riba.app/imgrs/THUMBS%20500X500/148419.JPG
162696,MOTTS ORIGINAL APPLE SAUCE,1480000010,Despensa,MOTT S,Jaleas Mantequillas Y Mermeladas,"[""Gluten-free"",""Kosher""]",1,https://riba.app/imgrs/THUMBS%20500X500/162696.JPG
163077,MOTTS CINNAMON APPLE SAUCE 24Z,1480000023,Despensa,MOTT S,Jaleas Mantequillas Y Mermeladas,"[""Kosher""]",1,https://riba.app/imgrs/THUMBS%20500X500/163077.JPG
138938,MOTTS STRAW FLV APPLE SAUCE,1480000082,Despensa,MOTT S,Jaleas Mantequillas Y Mermeladas,"[""Gluten-free"",""Kosher""]",1,https://riba.app/imgrs/THUMBS%20500X500/138938.JPG
212463,MOTTS APPLESAUCE CINAMON,1480000180,Despensa,MOTT S,Jaleas Mantequillas Y Mermeladas,"[""Kosher""]",1,https://riba.app/imgrs/THUMBS%20500X500/212463.JPG
210984,MOTTS APPLESAUCE NATURALS,1480000181,Despensa,MOTT S,Jaleas Mantequillas Y Mermeladas,"[""Gluten-free"",""Kosher""]",1,https://riba.app/imgrs/THUMBS%20500X500/210984.JPG
163078,MOTTS MANGO PEACH APPLE SC 24Z,1480021078,Despensa,MOTT S,Jaleas Mantequillas Y Mermeladas,"[""Kosher""]",1,https://riba.app/imgrs/THUMBS%20500X500/163078.JPG
279399,PASTA ARROZ MACARRONI S GLUTEN,1497951071,Despensa,NNOVA RICE ,Pastas Secas,"[""Gluten-free"",""Kosher""]",1,https://riba.app/imgrs/THUMBS%20500X500/279399.JPG
269839,PASTA ARROZ ESPAGUETTI,1497951073,Despensa,NNOVA RICE ,Pastas Secas,"[""Gluten-free"",""Kosher""]",1,https://riba.app/imgrs/THUMBS%20500X500/269839.JPG
279394,PASTA ARROZ CARACOLITO S GLUTT,1497951074,Despensa,NNOVA RICE ,Pastas Secas,"[""Gluten-free"",""Kosher""]",1,https://riba.app/imgrs/THUMBS%20500X500/279394.JPG
221989,PASTA ARROZ LASAGÑA GLUTEN FR ,1497951075,Despensa,NNOVA RICE ,Pastas Secas,"[""Gluten-free"",""Kosher""]",1,https://riba.app/imgrs/THUMBS%20500X500/221989.JPG
269840,PASTA ARROZ ESPAGUETTI INTEGRA,1497951143,Despensa,NNOVA RICE ,Pastas Secas,"[""Gluten-free"",""Kosher""]",1,https://riba.app/imgrs/THUMBS%20500X500/269840.JPG
23280,BULTO HABAS CHICAS CAMELIA,156501,Despensa,CAMELLIA,Arroz Y Granos,NULL,1,https://riba.app/imgrs/THUMBS%20500X500/23280.JPG
15370,ARVEJAS VERDE,156502,Despensa,CAMELLIA,Arroz Y Granos,NULL,1,https://riba.app/imgrs/THUMBS%20500X500/15370.JPG
15365,BEANS LIMAS LARGE CAMELIA,156506,Despensa,CAMELLIA,Arroz Y Granos,NULL,1,https://riba.app/imgrs/THUMBS%20500X500/15365.JPG
15367,FRIJOLES PINTOS,156508,Despensa,CAMELLIA,Arroz Y Granos,NULL,1,https://riba.app/imgrs/THUMBS%20500X500/15367.JPG
15374,BEANS GARBANZON CAMELIA,156509,Despensa,CAMELLIA,Arroz Y Granos,NULL,1,https://riba.app/imgrs/THUMBS%20500X500/15374.JPG
282485,CHEX RICE CRL CINN,1600010371,Despensa,GENERAL MILLS,Cereales Y Granola,"[""Gluten-free"",""Kosher""]",1,https://riba.app/imgrs/THUMBS%20500X500/282485.JPG
118372,GOLD MEDAL ALL PURPOSE,1600010610,Despensa,GOLD MEDAL,Harinas,"[""Kosher""]",1,https://riba.app/imgrs/THUMBS%20500X500/118372.JPG
46006,GOLD MEDAL PRESIFTED FLOUR,1600010640,Despensa,GOLD MEDAL,Harinas,"[""Kosher""]",1,https://riba.app/imgrs/THUMBS%20500X500/46006.JPG
158210,GOLD MEDAL SELF RISING,1600011610,Despensa,GOLD MEDAL,Harinas,"[""Kosher""]",1,https://riba.app/imgrs/THUMBS%20500X500/158210.JPG
296655,CEREAL GOLD GRAHAMS,1600012025,Despensa,GENERAL MILLS,Cereales Y Granola,"[""Kosher""]",1,https://riba.app/imgrs/THUMBS%20500X500/296655.JPG
290050,GM REESE S PUFFS CEREAL,1600012222,Despensa,GENERAL MILLS,Cereales Y Granola,"[""Kosher""]",1,https://riba.app/imgrs/THUMBS%20500X500/290050.JPG
270028,LUCKY CHARMS,1600012399,Despensa,GENERAL MILLS,Cereales Y Granola,"[""Gluten-free""]",1,https://riba.app/imgrs/THUMBS%20500X500/270028.JPG
270300,HONEY NUT CHEERIOS,1600012479,Despensa,GENERAL MILLS,Cereales Y Granola,"[""Gluten-free"",""Kosher""]",1,https://riba.app/imgrs/THUMBS%20500X500/270300.JPG
270633,GM HONEY NUT CHERRIOS LS,1600012506,Despensa,GENERAL MILLS,Cereales Y Granola,"[""Gluten-free""]",1,https://riba.app/imgrs/THUMBS%20500X500/270633.JPG
267826,APPLE CINNAMON CHERRIOS,1600012542,Despensa,GENERAL MILLS,Cereales Y Granola,"[""Gluten-free"",""Kosher""]",1,https://riba.app/imgrs/THUMBS%20500X500/267826.JPG
269797,FRUITY CHEERIOS CEREAL,1600012544,Despensa,GENERAL MILLS,Cereales Y Granola,"[""Gluten-free"",""Kosher""]",1,https://riba.app/imgrs/THUMBS%20500X500/269797.JPG
275957,FROSTED CHERRIOS WHOLE GRAIN,1600012554,Despensa,GENERAL MILLS,Cereales Y Granola,"[""Gluten-free"",""Kosher""]",1,https://riba.app/imgrs/THUMBS%20500X500/275957.JPG
301735,CINNAMON TOAST CRUNCH,1600012593,Despensa,GENERAL MILLS,Cereales Y Granola,"[""Kosher""]",1,https://riba.app/imgrs/THUMBS%20500X500/301735.JPG
268207,CINNAMON TOAST CRUNCH 340GR,1600013503,Despensa,NESTLE (CEREALES),Cereales Y Granola,"[""Kosher""]",1,https://riba.app/imgrs/THUMBS%20500X500/268207.JPG
297705,DULCE BCROCKER COOKIE BROWNIE,1600013978,Despensa,BETTY CROCKER,Reposteria,"[""Kosher""]",1,https://riba.app/imgrs/THUMBS%20500X500/297705.JPG
241140,CINNAMON TOAST CRUNCH CUPS,1600014154,Despensa,GENERAL MILLS,Cereales Y Granola,"[""Kosher""]",1,https://riba.app/imgrs/THUMBS%20500X500/241140.JPG
241142,HONEY NUT CHEERIOS CEREAL CUPS,1600014155,Despensa,GENERAL MILLS,Cereales Y Granola,"[""Gluten-free"",""Kosher""]",1,https://riba.app/imgrs/THUMBS%20500X500/241142.JPG
275417,BROWNIES BIRTHDAY CAKE ,1600014525,Despensa,GENERAL MILLS,Cereales Y Granola,NULL,1,https://riba.app/imgrs/THUMBS%20500X500/275417.JPG
46653,HARINA PARA PANCAKES COMPLETO,1600015760,Despensa,BETTY CROCKER,Harinas,"[""Kosher""]",1,https://riba.app/imgrs/THUMBS%20500X500/46653.JPG
293129,GMILL FIBER ONE CEREAL ,1600015762,Despensa,GENERAL MILLS,Cereales Y Granola,"[""Kosher""]",1,https://riba.app/imgrs/THUMBS%20500X500/293129.JPG
291894,CEREAL BASIC 4,1600015764,Despensa,GENERAL MILLS,Cereales Y Granola,"[""Kosher""]",1,https://riba.app/imgrs/THUMBS%20500X500/291894.JPG
312635,RAISIN NUT BRAN,1600015781,Despensa,GENERAL MILLS,Cereales Y Granola,"[""Kosher""]",1,https://riba.app/imgrs/THUMBS%20500X500/312635.JPG
296656,CHEERIOS OAT CRUNCH HONEY,1600016344,Despensa,GENERAL MILLS,Cereales Y Granola,"[""Kosher""]",1,https://riba.app/imgrs/THUMBS%20500X500/296656.JPG
290054,GM APPLE CINNA CHERRIOS LS,1600016346,Despensa,GENERAL MILLS,Cereales Y Granola,"[""Gluten-free""]",1,https://riba.app/imgrs/THUMBS%20500X500/290054.JPG
289836,VERY BERRY CHERRIOS LS,1600016349,Despensa,GENERAL MILLS,Cereales Y Granola,"[""Gluten-free"",""Kosher""]",1,https://riba.app/imgrs/THUMBS%20500X500/289836.JPG
302080,CHEERIOS OAT CRUNCH ALMOND,1600016849,Despensa,GENERAL MILLS,Cereales Y Granola,"[""Kosher""]",1,https://riba.app/imgrs/THUMBS%20500X500/302080.JPG
148049,NV  SWEET AND SALTY CASHEWS,1600016893,Despensa,NATURE VALLEY,Cereales Y Granola,NULL,1,https://riba.app/imgrs/THUMBS%20500X500/148049.JPG
148050,N VALLEY SWEET SALTY MIXED NUT,1600016894,Despensa,NATURE VALLEY,Cereales Y Granola,NULL,1,https://riba.app/imgrs/THUMBS%20500X500/148050.JPG
328605,CINNAGRAHAM TOAST CRUNCH MID,1600018486,Despensa,GENERAL MILLS,Cereales Y Granola,"[""Kosher""]",1,https://riba.app/imgrs/THUMBS%20500X500/328605.JPG
309598,CHEERIOS STRWBANANA LG,1600018517,Despensa,GENERAL MILLS,Cereales Y Granola,"[""Gluten-free"",""Kosher""]",1,https://riba.app/imgrs/THUMBS%20500X500/309598.JPG
328606,CTC ROLLS MID,1600018675,Despensa,GENERAL MILLS,Cereales Y Granola,"[""Kosher""]",1,https://riba.app/imgrs/THUMBS%20500X500/328606.JPG
322643,GM OAT CRUNCH BERRY CHEERIOS  ,1600018915,Despensa,GENERAL MILLS,Cereales Y Granola,"[""Kosher""]",1,https://riba.app/imgrs/THUMBS%20500X500/322643.JPG
138952,BISQUICK SHAKE N POUR BUTT MX,1600019426,Despensa,BISQUICK,Harinas,"[""Kosher""]",1,https://riba.app/imgrs/THUMBS%20500X500/138952.JPG
322641,GM LUCKY CHARMSSMORES MID SZ  ,1600019457,Despensa,GENERAL MILLS,Cereales Y Granola,NULL,1,https://riba.app/imgrs/THUMBS%20500X500/322641.JPG
156792,GOLD MEDAL ALL PURP UNBLEACHED,1600019610,Despensa,GOLD MEDAL,Harinas,"[""Kosher""]",1,https://riba.app/imgrs/THUMBS%20500X500/156792.JPG
341173,CHEERIOS VEGGIE STRAWBERRIES,1600020004,Despensa,GENERAL MILLS,Cereales Y Granola,"[""Gluten-free"",""Kosher""]",1,https://riba.app/imgrs/THUMBS%20500X500/341173.JPG
339938,PURE DE CAMOTE BETTY CROCKER,1600020066,Despensa,BETTY CROCKER,Conservas Y Encurtidos,NULL,1,https://riba.app/imgrs/THUMBS%20500X500/339938.JPG
330976,MASHED POTATO FOUR CHEESE,1600020067,Despensa,BETTY CROCKER,Conservas Y Encurtidos,NULL,1,https://riba.app/imgrs/THUMBS%20500X500/330976.JPG
329942,MASHED POTATOES ROASTED GARLIC,1600020069,Despensa,BETTY CROCKER,Conservas Y Encurtidos,NULL,1,https://riba.app/imgrs/THUMBS%20500X500/329942.JPG
346614,PURE DE PAPA CREMA CEBOLLA BC,1600020073,Despensa,BETTY CROCKER,Conservas Y Encurtidos,NULL,1,https://riba.app/imgrs/THUMBS%20500X500/346614.JPG
330977,MASHED POTATO HERBAL BCROCKER,1600020075,Despensa,BETTY CROCKER,Conservas Y Encurtidos,NULL,1,https://riba.app/imgrs/THUMBS%20500X500/330977.JPG
343474,LOADED COCOA PUFF,1600020679,Despensa,GENERAL MILLS,Cereales Y Granola,"[""Kosher""]",1,https://riba.app/imgrs/THUMBS%20500X500/343474.JPG
332244,HARINA P PASTEL CAKE AMARILLO ,1600020711,Despensa,BETTY CROCKER,Reposteria,"[""Kosher""]",1,https://riba.app/imgrs/THUMBS%20500X500/332244.JPG
331569,HARINA P PASTEL GOLDEN VANILLA,1600020752,Despensa,BETTY CROCKER,Reposteria,"[""Kosher""]",1,https://riba.app/imgrs/THUMBS%20500X500/331569.JPG
331574,HARINA P PASTEL RED VELVET CAK,1600020755,Despensa,BETTY CROCKER,Reposteria,"[""Kosher""]",1,https://riba.app/imgrs/THUMBS%20500X500/331574.JPG
331573,HARINA P PASTEL RAINBOW CHIP,1600020757,Despensa,BETTY CROCKER,Reposteria,"[""Kosher""]",1,https://riba.app/imgrs/THUMBS%20500X500/331573.JPG
332251,HARINA P PASTEL MIX MILK CHOCO,1600020759,Despensa,BETTY CROCKER,Reposteria,NULL,1,https://riba.app/imgrs/THUMBS%20500X500/332251.JPG
332252,HARINA P PASTEL MIX BUTTER YEL,1600020761,Despensa,BETTY CROCKER,Reposteria,"[""Kosher""]",1,https://riba.app/imgrs/THUMBS%20500X500/332252.JPG
331571,HARINA P PASTEL CARROT,1600020763,Despensa,BETTY CROCKER,Reposteria,"[""Kosher""]",1,https://riba.app/imgrs/THUMBS%20500X500/331571.JPG
331570,HARINA P PASTEL CHOCOLATE FUDG,1600020765,Despensa,BETTY CROCKER,Reposteria,"[""Kosher""]",1,https://riba.app/imgrs/THUMBS%20500X500/331570.JPG
332250,HARINA P PASTEL CAKE MIX LIMON,1600020766,Despensa,BETTY CROCKER,Reposteria,"[""Kosher""]",1,https://riba.app/imgrs/THUMBS%20500X500/332250.JPG
332247,HARINA P PASTEL CAKE MIX DEVIL,1600020769,Despensa,BETTY CROCKER,Reposteria,"[""Kosher""]",1,https://riba.app/imgrs/THUMBS%20500X500/332247.JPG
331572,HARINA P PASTEL FRENCH VANILLA,1600020771,Despensa,BETTY CROCKER,Reposteria,"[""Kosher""]",1,https://riba.app/imgrs/THUMBS%20500X500/331572.JPG
347562,DULCE PARA HORNEAR MIX FRESA,1600020777,Despensa,BETTY CROCKER,Reposteria,"[""Kosher""]",1,https://riba.app/imgrs/THUMBS%20500X500/347562.JPG
332255,HARINA P PASTEL FRENCH VAINILL,1600020806,Despensa,PILLSBURY ,Reposteria,"[""Gluten-free""]",1,https://riba.app/imgrs/THUMBS%20500X500/332255.JPG
332254,HARINA P PASTEL FUNFETTI ,1600020807,Despensa,PILLSBURY ,Reposteria,"[""Kosher""]",1,https://riba.app/imgrs/THUMBS%20500X500/332254.JPG
332253,HARINA P PASTEL GERMAN CHOCOLA,1600020808,Despensa,PILLSBURY ,Reposteria,"[""Kosher""]",1,https://riba.app/imgrs/THUMBS%20500X500/332253.JPG
331577,HARINA P PASTEL YELLOW CAKE ,1600020812,Despensa,PILLSBURY ,Reposteria,"[""Kosher""]",1,https://riba.app/imgrs/THUMBS%20500X500/331577.JPG
331576,HARINA P PASTEL LEMON,1600020814,Despensa,PILLSBURY ,Reposteria,"[""Kosher""]",1,https://riba.app/imgrs/THUMBS%20500X500/331576.JPG
344395,LUCKY CHARMS BERRY SWIRL ,1600020929,Despensa,GENERAL MILLS,Cereales Y Granola,NULL,1,https://riba.app/imgrs/THUMBS%20500X500/344395.JPG
346664,BARRA CEREAL NV BATIDO DE BAYA,1600021149,Despensa,NATURE VALLEY,Cereales Y Granola,NULL,1,https://riba.app/imgrs/THUMBS%20500X500/346664.JPG
353832,GM REESES PUFFS PB LOVERS MS,1600021166,Despensa,REESE'S,Cereales Y Granola,NULL,1,https://riba.app/imgrs/THUMBS%20500X500/353832.JPG
338515,CHEERIOS HNY MINI,1600021191,Despensa,GENERAL MILLS,Cereales Y Granola,"[""Gluten-free""]",1,https://riba.app/imgrs/THUMBS%20500X500/338515.JPG
352374,DULCE BC CHOCOLATE BAJO AZUCAR,1600022008,Despensa,BETTY CROCKER,Reposteria,"[""Kosher""]",1,https://riba.app/imgrs/THUMBS%20500X500/352374.JPG
352375,DULCE BC CHOCOCHISPAS B AZUCAR,1600022009,Despensa,BETTY CROCKER,Reposteria,"[""Kosher""]",1,https://riba.app/imgrs/THUMBS%20500X500/352375.JPG
352373,DULCE BC AMARILLO BAJO AZUCAR,1600022011,Despensa,BETTY CROCKER,Reposteria,"[""Kosher""]",1,https://riba.app/imgrs/THUMBS%20500X500/352373.JPG
341188,GM LOADED BIRTHDAY CAKE,1600022158,Despensa,GENERAL MILLS,Cereales Y Granola,"[""Kosher""]",1,https://riba.app/imgrs/THUMBS%20500X500/341188.JPG
344394,GM WAFFLE TOAST CRUNCH MS,1600022195,Despensa,GENERAL MILLS,Cereales Y Granola,"[""Kosher""]",1,https://riba.app/imgrs/THUMBS%20500X500/344394.JPG
350405,PROTEIN CARAMEL MARSHMALLOW,1600022207,Despensa,CHOST,Cereales Y Granola,NULL,1,https://riba.app/imgrs/THUMBS%20500X500/350405.JPG
350406,PROTEIN CEREAL PEANUT BUTTER,1600022208,Despensa,CHOST,Cereales Y Granola,"[""Gluten-free"",""Keto""]",1,https://riba.app/imgrs/THUMBS%20500X500/350406.JPG
357138,EV GM CHEERIOS BLEND APL STRAW,1600022233,Despensa,GENERAL MILLS,Cereales Y Granola,"[""Gluten-free"",""Kosher""]",1,https://riba.app/imgrs/THUMBS%20500X500/357138.JPG
346480,GM LOADED GG SMORES LS,1600022629,Despensa,GENERAL MILLS,Cereales Y Granola,"[""Kosher""]",1,https://riba.app/imgrs/THUMBS%20500X500/346480.JPG
346231,STRAWBERRY CHEERIOS PROTEIN CE,1600022634,Despensa,GENERAL MILLS,Cereales Y Granola,"[""Gluten-free"",""Kosher""]",1,https://riba.app/imgrs/THUMBS%20500X500/346231.JPG
346232,CINNAMON CHEERIOS PROTEIN CERE,1600022636,Despensa,GENERAL MILLS,Cereales Y Granola,"[""Gluten-free"",""Kosher""]",1,https://riba.app/imgrs/THUMBS%20500X500/346232.JPG
346244,CEREAL PARA NINOS LUCKY CHARM,1600022665,Despensa,GENERAL MILLS,Cereales Y Granola,NULL,1,https://riba.app/imgrs/THUMBS%20500X500/346244.JPG
349344,GM BLUEY CEREAL MS,1600022783,Despensa,GENERAL MILLS,Cereales Y Granola,"[""Kosher""]",1,https://riba.app/imgrs/THUMBS%20500X500/349344.JPG
346479,GM LOADED CHOC STRAWBERRY,1600022793,Despensa,GENERAL MILLS,Cereales Y Granola,"[""Kosher""]",1,https://riba.app/imgrs/THUMBS%20500X500/346479.JPG
349895,CINNAMON TOAST CRUNCH STRAWBER,1600022844,Despensa,CINNAMON TOAST,Cereales Y Granola,NULL,1,https://riba.app/imgrs/THUMBS%20500X500/349895.JPG
353823,GM LC RAINBOW SPRINKLES MS ,1600022845,Despensa,GENERAL MILLS,Cereales Y Granola,NULL,1,https://riba.app/imgrs/THUMBS%20500X500/353823.JPG
349898,CHEERIOS COOKIES & CREAM LS,1600022996,Despensa,GENERAL MILLS,Cereales Y Granola,"[""Gluten-free"",""Kosher""]",1,https://riba.app/imgrs/THUMBS%20500X500/349898.JPG
349896,CEREAL APPLE CINNAMON NATU VAL,1600023066,Despensa,NATURE VALLEY,Cereales Y Granola,"[""Kosher""]",1,https://riba.app/imgrs/THUMBS%20500X500/349896.JPG
349897,CEREAL ALMOND HONEY,1600023068,Despensa,NATURE VALLEY,Cereales Y Granola,"[""Kosher""]",1,https://riba.app/imgrs/THUMBS%20500X500/349897.JPG
349899,CHEERIOS STRAWBERRY BANANA,1600023117,Despensa,GENERAL MILLS,Cereales Y Granola,"[""Gluten-free"",""Kosher""]",1,https://riba.app/imgrs/THUMBS%20500X500/349899.JPG
349900,CHEERIOS REAL COCOA,1600023118,Despensa,GENERAL MILLS,Cereales Y Granola,"[""Gluten-free"",""Kosher""]",1,https://riba.app/imgrs/THUMBS%20500X500/349900.JPG
200133,GM FIBER ONE CHOCOLATE 90 CALO,1600026164,Despensa,GENERAL MILLS,Cereales Y Granola,NULL,1,https://riba.app/imgrs/THUMBS%20500X500/200133.JPG
182567,GM FIBER ONE 90CAL CHOC PEANUT,1600026165,Despensa,GENERAL MILLS,Cereales Y Granola,NULL,1,https://riba.app/imgrs/THUMBS%20500X500/182567.JPG
6074,GRAN CINNAMON BAR 12 8 9 OZ,1600026450,Despensa,NATURE VALLEY,Cereales Y Granola,"[""Kosher""]",1,https://riba.app/imgrs/THUMBS%20500X500/6074.JPG
6073,GRAN OATS HONEY 12 10 OZ.,1600026460,Despensa,NATURE VALLEY,Cereales Y Granola,NULL,1,https://riba.app/imgrs/THUMBS%20500X500/6073.JPG
6072,PEANUT BUTTER BARS ,1600026470,Despensa,NATURE VALLEY,Cereales Y Granola,NULL,1,https://riba.app/imgrs/THUMBS%20500X500/6072.JPG
142173,GMILL MULTI GRN CHEERIOS 9 OZ,1600027515,Despensa,GENERAL MILLS,Cereales Y Granola,"[""Gluten-free"",""Kosher""]",1,https://riba.app/imgrs/THUMBS%20500X500/142173.JPG
142379,GM CHERRIOS OAT CEREAL 8 9 OZ,1600027526,Despensa,GENERAL MILLS,Cereales Y Granola,"[""Gluten-free"",""Kosher""]",1,https://riba.app/imgrs/THUMBS%20500X500/142379.JPG
147526,GM TRIX CEREALS ,1600027532,Despensa,GENERAL MILLS,Cereales Y Granola,"[""Kosher""]",1,https://riba.app/imgrs/THUMBS%20500X500/147526.JPG
163778,NATURE VALLEY SWEET & ALMOND,1600027706,Despensa,NATURE VALLEY,Cereales Y Granola,NULL,1,https://riba.app/imgrs/THUMBS%20500X500/163778.JPG
130841,SWEET & SALTY GRANOLA BAR 6,1600027707,Despensa,NATURE VALLEY,Cereales Y Granola,NULL,1,https://riba.app/imgrs/THUMBS%20500X500/130841.JPG
271145,YELLOW CAKE MIX GF,1600027791,Despensa,BETTY CROCKER,Reposteria,"[""Gluten-free"",""Kosher""]",1,https://riba.app/imgrs/THUMBS%20500X500/271145.JPG
177260,BC GLUT FREE BROWNIE,1600027793,Despensa,BETTY CROCKER,Reposteria,"[""Gluten-free"",""Kosher""]",1,https://riba.app/imgrs/THUMBS%20500X500/177260.JPG
187096,SWEET & SALTY DARK CHOC & NUT ,1600027855,Despensa,NATURE VALLEY,Cereales Y Granola,NULL,1,https://riba.app/imgrs/THUMBS%20500X500/187096.JPG
163779,NATURE VALLEY PECAN CRUNCH ,1600028415,Despensa,NATURE VALLEY,Cereales Y Granola,"[""Kosher""]",1,https://riba.app/imgrs/THUMBS%20500X500/163779.JPG
82647,HARINA PARA GALLETAS DE AVENA,1600030140,Despensa,BETTY CROCKER,Reposteria,"[""Kosher""]",1,https://riba.app/imgrs/THUMBS%20500X500/82647.JPG
46654,HARINA PARA PIZZA,1600030200,Despensa,BETTY CROCKER,Harinas,"[""Kosher""]",1,https://riba.app/imgrs/THUMBS%20500X500/46654.JPG
6039,HARINA PARA MUFFIN DE MAIZ,1600030220,Despensa,BETTY CROCKER,Reposteria,"[""Kosher""]",1,https://riba.app/imgrs/THUMBS%20500X500/6039.JPG
6040,HARINA P MUFFIN ARANDANOS AZUL,1600030230,Despensa,BETTY CROCKER,Reposteria,"[""Kosher""]",1,https://riba.app/imgrs/THUMBS%20500X500/6040.JPG
82640,HARINA P MUFFIN DE GUINEO & NU,1600030270,Despensa,BETTY CROCKER,Reposteria,"[""Kosher""]",1,https://riba.app/imgrs/THUMBS%20500X500/82640.JPG
6041,HARINA P BROWNIE DE CHOCOLATE,1600030280,Despensa,BETTY CROCKER,Reposteria,"[""Kosher""]",1,https://riba.app/imgrs/THUMBS%20500X500/6041.JPG
65299,HARINA PARA MUFFIN CHOCOLATE,1600030500,Despensa,BETTY CROCKER,Reposteria,"[""Kosher""]",1,https://riba.app/imgrs/THUMBS%20500X500/65299.JPG
82642,HARINA PARA GALLETAS AZUCARADA,1600030630,Despensa,BETTY CROCKER,Reposteria,"[""Kosher""]",1,https://riba.app/imgrs/THUMBS%20500X500/82642.JPG
82639,HARINA P GALLETAS CHOCOLATE CH,1600030650,Despensa,BETTY CROCKER,Reposteria,"[""Kosher""]",1,https://riba.app/imgrs/THUMBS%20500X500/82639.JPG
247793,DOUBLE CHOCOLATE CHUNK,1600030670,Despensa,BETTY CROCKER,Reposteria,"[""Kosher""]",1,https://riba.app/imgrs/THUMBS%20500X500/247793.JPG
297243,CHOCO CHIP COOKIE MIX,1600030790,Despensa,BETTY CROCKER,Reposteria,"[""Kosher""]",1,https://riba.app/imgrs/THUMBS%20500X500/297243.JPG
168207,CHEWY TRAIL MIX DARK CHOCOLATE,1600040761,Despensa,NATURE VALLEY,Cereales Y Granola,NULL,1,https://riba.app/imgrs/THUMBS%20500X500/168207.JPG
286033,NAT VALLEY VARIETY PACK 12,1600041126,Despensa,NATURE VALLEY,Cereales Y Granola,"[""Kosher""]",1,https://riba.app/imgrs/THUMBS%20500X500/286033.JPG
358704,BARRA NV CON PROTEINA CARAMELO,1600041269,Despensa,NATURE VALLEY,Cereales Y Granola,"[""Gluten-free""]",1,https://riba.app/imgrs/THUMBS%20500X500/358704.JPG
177294,OATS AND DARK CHOCOLATE,1600041314,Despensa,NATURE VALLEY,Cereales Y Granola,NULL,1,https://riba.app/imgrs/THUMBS%20500X500/177294.JPG
6047,PURE DE PATATAS LIBRE GLUTEN,1600041610,Despensa,BETTY CROCKER,Conservas Y Encurtidos,"[""Gluten-free"",""Kosher""]",1,https://riba.app/imgrs/THUMBS%20500X500/6047.JPG
6048,HARINA PARA PANCAKE ORIGINAL,1600042040,Despensa,BETTY CROCKER,Harinas,"[""Kosher""]",1,https://riba.app/imgrs/THUMBS%20500X500/6048.JPG
6049,HARINA PARA PANCAKE ORIGINAL,1600042060,Despensa,BETTY CROCKER,Harinas,"[""Kosher""]",1,https://riba.app/imgrs/THUMBS%20500X500/6049.JPG
224838,FIBER ONE BROW CHOC FUDGE ,1600042371,Despensa,GENERAL MILLS,Cereales Y Granola,NULL,1,https://riba.app/imgrs/THUMBS%20500X500/224838.JPG
353984,NV GRANOLA CRUNCHY OATS& HONEY,1600043268,Despensa,NATURE VALLEY,Cereales Y Granola,NULL,1,https://riba.app/imgrs/THUMBS%20500X500/353984.JPG
243438,GM CINN TOAST CRUNCH 49.5 OZ,1600043532,Despensa,GENERAL MILLS,Cereales Y Granola,NULL,1,https://riba.app/imgrs/THUMBS%20500X500/243438.JPG
114111,CHEWY TRAIL MIX FRUIT Y NUT,1600043980,Despensa,NATURE VALLEY,Cereales Y Granola,NULL,1,https://riba.app/imgrs/THUMBS%20500X500/114111.JPG
336338,NATURE VALLEY GRANOLA PROTEIN,1600044169,Despensa,NATURE VALLEY,Cereales Y Granola,"[""Kosher""]",1,https://riba.app/imgrs/THUMBS%20500X500/336338.JPG
280969,BC GINGERBREAD MIX,1600044530,Despensa,BETTY CROCKER,Reposteria,"[""Kosher""]",1,https://riba.app/imgrs/THUMBS%20500X500/280969.JPG
278127,NV PROTEIN PEANUT BUTTER DARK,1600045723,Despensa,NATURE VALLEY,Cereales Y Granola,"[""Gluten-free""]",1,https://riba.app/imgrs/THUMBS%20500X500/278127.JPG
278126,NV PROTEIN PEANUT ALMOND CHOCO,1600045724,Despensa,NATURE VALLEY,Cereales Y Granola,"[""Gluten-free""]",1,https://riba.app/imgrs/THUMBS%20500X500/278126.JPG
5735,GLASEADO EN CREMA DE VAINILLA,1600045830,Despensa,BETTY CROCKER,Reposteria,"[""Gluten-free"",""Kosher""]",1,https://riba.app/imgrs/THUMBS%20500X500/5735.JPG
6063,GLASEADO RICH CREAMY CHOCOLATE,1600045840,Despensa,BETTY CROCKER,Reposteria,"[""Gluten-free"",""Kosher""]",1,https://riba.app/imgrs/THUMBS%20500X500/6063.JPG
5736,GLASEADO EN CREMA DE LIMON,1600045850,Despensa,BETTY CROCKER,Reposteria,"[""Kosher""]",1,https://riba.app/imgrs/THUMBS%20500X500/5736.JPG
6064,GLASEADO RICH CREAMY DARK CHOC,1600045860,Despensa,BETTY CROCKER,Reposteria,"[""Gluten-free"",""Kosher""]",1,https://riba.app/imgrs/THUMBS%20500X500/6064.JPG
5737,GLASEADO EN CREMA DE CEREZA,1600045890,Despensa,BETTY CROCKER,Reposteria,"[""Gluten-free"",""Kosher""]",1,https://riba.app/imgrs/THUMBS%20500X500/5737.JPG
248099,BC DELIGHT BROWNIE SALTED ,1600047736,Despensa,BETTY CROCKER,Reposteria,"[""Kosher""]",1,https://riba.app/imgrs/THUMBS%20500X500/248099.JPG
251705,VERY BERRY CHERRIOS,1600047848,Despensa,GENERAL MILLS,Cereales Y Granola,"[""Gluten-free"",""Kosher""]",1,https://riba.app/imgrs/THUMBS%20500X500/251705.JPG
264433,N VALLEY OATS & HONEY 98 CT,1600048759,Despensa,NATURE VALLEY,Cereales Y Granola,NULL,1,https://riba.app/imgrs/THUMBS%20500X500/264433.JPG
219830,GMILL MG CHEERIOS 12 OZ,1600048769,Despensa,GENERAL MILLS,Cereales Y Granola,"[""Gluten-free"",""Kosher""]",1,https://riba.app/imgrs/THUMBS%20500X500/219830.JPG
220054,GENERAL MILL CHEERIOS,1600048772,Despensa,GENERAL MILLS,Cereales Y Granola,"[""Gluten-free"",""Kosher""]",1,https://riba.app/imgrs/THUMBS%20500X500/220054.JPG
221268,RICE CHEX GLUTEN FREE,1600048794,Despensa,GENERAL MILLS,Cereales Y Granola,"[""Gluten-free"",""Kosher""]",1,https://riba.app/imgrs/THUMBS%20500X500/221268.JPG
219603,CORN CHEX GLUTEN FREE,1600048796,Despensa,GENERAL MILLS,Cereales Y Granola,"[""Gluten-free"",""Kosher""]",1,https://riba.app/imgrs/THUMBS%20500X500/219603.JPG
296584,GM CHEX BLUEBERRY,1600049234,Despensa,GENERAL MILLS,Cereales Y Granola,"[""Gluten-free"",""Kosher""]",1,https://riba.app/imgrs/THUMBS%20500X500/296584.JPG
6066,GRANOLA ALMOND BAR,1600049290,Despensa,NATURE VALLEY,Cereales Y Granola,"[""Kosher""]",1,https://riba.app/imgrs/THUMBS%20500X500/6066.JPG
5631,HARINA PARA BROWNIE CON CHOCOL,1600081331,Despensa,BETTY CROCKER,Reposteria,"[""Kosher""]",1,https://riba.app/imgrs/THUMBS%20500X500/5631.JPG
177110,BC PREMIUM BROWNIE WALNUT MIX,1600081341,Despensa,BETTY CROCKER,Reposteria,"[""Kosher""]",1,https://riba.app/imgrs/THUMBS%20500X500/177110.JPG
45774,GM BREAKFAST PACK (GM VARIADO),1600087700,Despensa,GENERAL MILLS,Cereales Y Granola,"[""Gluten-free""]",1,https://riba.app/imgrs/THUMBS%20500X500/45774.JPG
306709,DC GRANULATED SHAKER,1620033065,Despensa,DIXIE CRYSTALS,Azucar Y Endulzantes,"[""Gluten-free"",""Kosher""]",1,https://riba.app/imgrs/THUMBS%20500X500/306709.JPG
46210,D CRYSTAL LIGHT BROWN SUGA1,1620033126,Despensa,DIXIE CRYSTALS,Azucar Y Endulzantes,"[""Gluten-free""]",1,https://riba.app/imgrs/THUMBS%20500X500/46210.JPG
178364,DIXIE C DARK BROWN SUGAR 2 LB,1620033146,Despensa,DIXIE CRYSTALS,Azucar Y Endulzantes,"[""Gluten-free"",""Kosher""]",1,https://riba.app/imgrs/THUMBS%20500X500/178364.JPG
188446,DIXIE CRYSTAL PURE CANE SUGAR,1620033355,Despensa,DIXIE CRYSTALS,Azucar Y Endulzantes,"[""Gluten-free"",""Kosher""]",1,https://riba.app/imgrs/THUMBS%20500X500/188446.JPG
28803,SALSA RAGU CON CARNE,162226,Despensa,PASTA FRESCAS,Aderezos Y Salsas,NULL,1,https://riba.app/imgrs/THUMBS%20500X500/28803.JPG
28810,RAVIOLLI DE CARNE,162228,Despensa,PASTA FRESCAS,Pastas Secas,NULL,1,https://riba.app/imgrs/THUMBS%20500X500/28810.JPG
28808,RAVIOLLI DE RICCOTTA,162229,Despensa,PASTA FRESCAS,Pastas Secas,NULL,1,https://riba.app/imgrs/THUMBS%20500X500/28808.JPG
28809,RAVIOLLI DE POLLO,162230,Despensa,PASTA FRESCAS,Pastas Secas,NULL,1,https://riba.app/imgrs/THUMBS%20500X500/28809.JPG
28807,TORTELLINI DE CARNE,162236,Despensa,PASTA FRESCAS,Pastas Secas,NULL,1,https://riba.app/imgrs/THUMBS%20500X500/28807.JPG
28805,SALSA PESTO SILVANA,162250,Despensa,PASTA FRESCAS,Aderezos Y Salsas,NULL,1,https://riba.app/imgrs/THUMBS%20500X500/28805.JPG
149016,MAHATMA SAFF  YELL RICE 10OZ,1740010507,Despensa,MAHATMA,Arroz Y Granos,NULL,1,https://riba.app/imgrs/THUMBS%20500X500/149016.JPG
78129,MAHATMA BROWN RICE 1 LB,1740010510,Despensa,MAHATMA,Arroz Y Granos,"[""Gluten-free"",""Kosher""]",1,https://riba.app/imgrs/THUMBS%20500X500/78129.JPG
331789,MAHATMA BROWN RICE 2LBS,1740010535,Despensa,MAHATMA,Arroz Y Granos,"[""Gluten-free"",""Kosher""]",1,https://riba.app/imgrs/THUMBS%20500X500/331789.JPG
110386,MAHATMA RICE EXTRA LONG 1 LB ,1740010550,Despensa,MAHATMA,Arroz Y Granos,"[""Gluten-free"",""Kosher""]",1,https://riba.app/imgrs/THUMBS%20500X500/110386.JPG
45670,MAHATMA RICE EXTRA LONG 2LBS,1740010675,Despensa,MAHATMA,Arroz Y Granos,"[""Gluten-free"",""Kosher""]",1,https://riba.app/imgrs/THUMBS%20500X500/45670.JPG
3592,MAHATMA GOLD PARBOILE RICE 2LB,1740010679,Despensa,MAHATMA,Arroz Y Granos,"[""Gluten-free"",""Kosher""]",1,https://riba.app/imgrs/THUMBS%20500X500/3592.JPG
138683,MAHATMA JASMINE LONG RICE 2LBS,1740010695,Despensa,MAHATMA,Arroz Y Granos,"[""Gluten-free""]",1,https://riba.app/imgrs/THUMBS%20500X500/138683.JPG
149037,MAHATMA BROWN RICE 3 LBS,1740010807,Despensa,MAHATMA,Arroz Y Granos,"[""Gluten-free"",""Kosher""]",1,https://riba.app/imgrs/THUMBS%20500X500/149037.JPG
3593,MAHATMA GOLD PARBOILE RICE 5LB,1740010930,Despensa,MAHATMA,Arroz Y Granos,"[""Gluten-free"",""Kosher""]",1,https://riba.app/imgrs/THUMBS%20500X500/3593.JPG
3594,MAHATMA RICE EXTRA LONG 5 LBS,1740010932,Despensa,MAHATMA,Arroz Y Granos,"[""Gluten-free"",""Kosher""]",1,https://riba.app/imgrs/THUMBS%20500X500/3594.JPG
149039,MAHATMA JASMINE LONG RICE 5LBS,1740010951,Despensa,MAHATMA,Arroz Y Granos,"[""Gluten-free"",""Kosher""]",1,https://riba.app/imgrs/THUMBS%20500X500/149039.JPG
46450,MAHATMA RICE EXTRA LONG 10 LBS,1740011066,Despensa,MAHATMA,Arroz Y Granos,"[""Gluten-free""]",1,https://riba.app/imgrs/THUMBS%20500X500/46450.JPG
273053,MAHATMA WHITE VALENCIA,1740022268,Despensa,MAHATMA,Arroz Y Granos,"[""Gluten-free"",""Kosher""]",1,https://riba.app/imgrs/THUMBS%20500X500/273053.JPG
13043,FRIJOLES NEGROS,175556,Despensa,VIKINGO,Arroz Y Granos,NULL,1,https://riba.app/imgrs/THUMBS%20500X500/13043.JPG
13052,FRIJOL CHIRICANO ROJO,175607,Despensa,VIKINGO,Arroz Y Granos,NULL,1,https://riba.app/imgrs/THUMBS%20500X500/13052.JPG
15292,YAMS CUTR 04321,1760004321,Despensa,BRUCES,Conservas Y Encurtidos,NULL,1,https://riba.app/imgrs/THUMBS%20500X500/15292.JPG
23358,SALSA DE CONDIMENTAR,179010,Despensa,BATURRO,Aderezos Y Salsas,NULL,1,https://riba.app/imgrs/THUMBS%20500X500/23358.JPG
23331,SALSA CHINA ,179931,Despensa,BATURRO,Aderezos Y Salsas,NULL,1,https://riba.app/imgrs/THUMBS%20500X500/23331.JPG
23333,SALSA INGLESA,179937,Despensa,BATURRO,Aderezos Y Salsas,NULL,1,https://riba.app/imgrs/THUMBS%20500X500/23333.JPG
23338,SALSA PARA CONDIMENTAR,179942,Despensa,BATURRO,Aderezos Y Salsas,NULL,1,https://riba.app/imgrs/THUMBS%20500X500/23338.JPG
264492,PILL BUTTERMILK BISCUITS FLAKY,1800000109,Despensa,PILLSBURY (FRIO).,Reposteria,NULL,1,https://riba.app/imgrs/THUMBS%20500X500/264492.JPG
324804,PILLSBURY CRNDOG WRAP DOUGH ,1800000127,Despensa,PILLSBURY (FRIO).,Reposteria,NULL,1,https://riba.app/imgrs/THUMBS%20500X500/324804.JPG
324807,PILLBURY FRENCH BREAD DOUGH ,1800000128,Despensa,PILLSBURY (FRIO).,Reposteria,NULL,1,https://riba.app/imgrs/THUMBS%20500X500/324807.JPG
324810,PILLSBURY THN & CRSPY PIZZA,1800000134,Despensa,PILLSBURY (FRIO).,Reposteria,NULL,1,https://riba.app/imgrs/THUMBS%20500X500/324810.JPG
47179,PILL GRAND BTRMLK BIS,1800000182,Despensa,PILLSBURY (FRIO).,Reposteria,NULL,1,https://riba.app/imgrs/THUMBS%20500X500/47179.JPG
81859,PILL GRANDS BTR TASTIN BIS,1800000183,Despensa,PILLSBURY (FRIO).,Reposteria,NULL,1,https://riba.app/imgrs/THUMBS%20500X500/81859.JPG
125793,PILL GRANDS FLAKY LAYERS,1800000210,Despensa,PILLSBURY (FRIO).,Reposteria,NULL,1,https://riba.app/imgrs/THUMBS%20500X500/125793.JPG
143955,PILL GRANDS FL BUTTER TASTIN,1800000211,Despensa,PILLSBURY (FRIO).,Reposteria,NULL,1,https://riba.app/imgrs/THUMBS%20500X500/143955.JPG
182237,PILLS BIG&FLAKY CRSNT,1800000235,Despensa,PILLSBURY (FRIO).,Reposteria,NULL,1,https://riba.app/imgrs/THUMBS%20500X500/182237.JPG
294784,PILLSBURY GRAND BUTTER FLAKE,1800000236,Despensa,PILLSBURY (FRIO).,Reposteria,NULL,1,https://riba.app/imgrs/THUMBS%20500X500/294784.JPG
246335,PB GRANDS FLAKY CINN ROLLS,1800000254,Despensa,PILLSBURY ,Reposteria,NULL,1,https://riba.app/imgrs/THUMBS%20500X500/246335.JPG
248516,PILLSBURY HNY BUTTER CRESCENT,1800000316,Despensa,PILLSBURY ,Reposteria,NULL,1,https://riba.app/imgrs/THUMBS%20500X500/248516.JPG
3574,CRESCENT ROLLS 52340 PILLBURY,1800000401,Despensa,PILLSBURY (FRIO).,Reposteria,NULL,1,https://riba.app/imgrs/THUMBS%20500X500/3574.JPG
3573,CINNAMON ROLLS WITH ICING ,1800000501,Despensa,PILLSBURY (FRIO).,Reposteria,NULL,1,https://riba.app/imgrs/THUMBS%20500X500/3573.JPG
3582,CINNAMON ROLL 5 CT  7 OZ,1800000507,Despensa,PILLSBURY (FRIO).,Reposteria,NULL,1,https://riba.app/imgrs/THUMBS%20500X500/3582.JPG
248518,PILLSBURY CINNAMON ROLLS,1800000512,Despensa,PILLSBURY ,Reposteria,NULL,1,https://riba.app/imgrs/THUMBS%20500X500/248518.JPG
179104,PILLSBURY RBG SUGAR COOKIES,1800000724,Despensa,PILLSBURY (FRIO).,Reposteria,NULL,1,https://riba.app/imgrs/THUMBS%20500X500/179104.JPG
130202,PILL CHOCOLATE CHIP COOKIES,1800000731,Despensa,PILLSBURY (FRIO).,Reposteria,"[""Kosher""]",1,https://riba.app/imgrs/THUMBS%20500X500/130202.JPG
289052,CRESCENT DOUGH SHEET,1800000757,Despensa,PILLSBURY (FRIO).,Reposteria,NULL,1,https://riba.app/imgrs/THUMBS%20500X500/289052.JPG
324781,PILSBURY GRANDS HNY BTR BSC,1800000918,Despensa,PILLSBURY (FRIO).,Reposteria,NULL,1,https://riba.app/imgrs/THUMBS%20500X500/324781.JPG
324779,PILSBURY OREO COKIES,1800011709,Despensa,PILLSBURY (FRIO).,Reposteria,NULL,1,https://riba.app/imgrs/THUMBS%20500X500/324779.JPG
172521,PILLS READY PIE CRUSTS,1800028794,Despensa,PILLSBURY (FRIO).,Reposteria,"[""Vegetariana""]",1,https://riba.app/imgrs/THUMBS%20500X500/172521.JPG
264603,PILLSBURY COOKIE DOUG SUGAR,1800081772,Despensa,PILLSBURY (FRIO).,Reposteria,"[""Kosher""]",1,https://riba.app/imgrs/THUMBS%20500X500/264603.JPG
47403,PILLSBURY PIE CRUST ALLVEG FRZ,1800085133,Despensa,PILLSBURY (FRIO).,Reposteria,NULL,1,https://riba.app/imgrs/THUMBS%20500X500/47403.JPG
19289,SALSA CONDIMENTADA CON VINO,18417,Despensa,PROLUXSA,Aderezos Y Salsas,NULL,1,https://riba.app/imgrs/THUMBS%20500X500/19289.JPG
347814,GRAZA EXTRA VIRGEN OLIVE OIL,19589369367,Despensa,GRAZA,Aceites Y Mantecas,NULL,1,https://riba.app/imgrs/THUMBS%20500X500/347814.JPG
320556,REGULAR COOKING SPRAY,19600511739,Despensa,CRISCO,Aceites Y Mantecas,"[""Kosher""]",1,https://riba.app/imgrs/THUMBS%20500X500/320556.JPG
323308,MANTECA CRISCO REGULAR 3LBS,19600524234,Despensa,CRISCO,Aceites Y Mantecas,"[""Kosher""]",1,https://riba.app/imgrs/THUMBS%20500X500/323308.JPG
320550,REGULAR VEGETABLE SHORTENING,19600524250,Despensa,CRISCO,Aceites Y Mantecas,"[""Kosher""]",1,https://riba.app/imgrs/THUMBS%20500X500/320550.JPG
342048,CRISCO BUTTER FLAVOR SHORTENIN,19600524251,Despensa,CRISCO,Aceites Y Mantecas,"[""Kosher""]",1,https://riba.app/imgrs/THUMBS%20500X500/342048.JPG
321295,CRISCO GRILL MASTER,19600555026,Despensa,CRISCO,Aceites Y Mantecas,"[""Kosher""]",1,https://riba.app/imgrs/THUMBS%20500X500/321295.JPG
320558,CRISCO OLIVE SPRAY,19600570583,Despensa,CRISCO,Aceites Y Mantecas,"[""Kosher""]",1,https://riba.app/imgrs/THUMBS%20500X500/320558.JPG
317636,ACEITE CRISCO VEGETAL,19600570833,Despensa,CRISCO,Aceites Y Mantecas,NULL,1,https://riba.app/imgrs/THUMBS%20500X500/317636.JPG
317637,ACEITE CRISCO CANOLA,19600570834,Despensa,CRISCO,Aceites Y Mantecas,NULL,1,https://riba.app/imgrs/THUMBS%20500X500/317637.JPG
332781,CRISCO MANTECA EN SPRAY,19600572004,Despensa,CRISCO,Aceites Y Mantecas,"[""Kosher""]",1,https://riba.app/imgrs/THUMBS%20500X500/332781.JPG
338396,ESPECIAS OMG POULTRY BLEND 3.2,19685210235,Despensa,PEGGYS FOODS,Condimentos Y Semillas,"[""Kosher""]",1,https://riba.app/imgrs/THUMBS%20500X500/338396.JPG
338395,ESPECIAS EVERTHING BAGEL 3.2OZ,19685233056,Despensa,PEGGYS FOODS,Condimentos Y Semillas,"[""Kosher""]",1,https://riba.app/imgrs/THUMBS%20500X500/338395.JPG
338388,ESPECIAS PERFECT BLEND 3.2 OZ,19685252281,Despensa,PEGGYS FOODS,Condimentos Y Semillas,"[""Kosher""]",1,https://riba.app/imgrs/THUMBS%20500X500/338388.JPG
338394,ESPECIAS MASTER GRILL BLEND ,19685277543,Despensa,PEGGYS FOODS,Condimentos Y Semillas,"[""Kosher""]",1,https://riba.app/imgrs/THUMBS%20500X500/338394.JPG
338391,ESPECIAS TASTY SEAFOOD BLEND ,19685284197,Despensa,PEGGYS FOODS,Condimentos Y Semillas,"[""Kosher""]",1,https://riba.app/imgrs/THUMBS%20500X500/338391.JPG
338393,ESPECIAS SASSY CHILI BLEND 3.2,19685287793,Despensa,PEGGYS FOODS,Condimentos Y Semillas,"[""Kosher""]",1,https://riba.app/imgrs/THUMBS%20500X500/338393.JPG
334194,SALSA KETCHUP BBQ GOURMET,19764409883,Despensa,ELEVATION GOURMET,Aderezos Y Salsas,"[""Gluten-free""]",1,https://riba.app/imgrs/THUMBS%20500X500/334194.JPG
352340,SIROPE SIN AZUCAR PEGGYS F,19816819011,Despensa,PEGGYS FOODS,Siropes,"[""Gluten-free"",""Keto"",""Vegano""]",1,https://riba.app/imgrs/THUMBS%20500X500/352340.JPG
348031,ORGANIC RICE CRISPS,19871516283,Despensa,THE REAL CEREAL,Cereales Y Granola,"[""Gluten-free"",""Kosher"",""Orgánico""]",1,https://riba.app/imgrs/THUMBS%20500X500/348031.JPG
348032,ORGANIC CORN FLAKES CEREAL,19871531492,Despensa,THE REAL CEREAL,Cereales Y Granola,"[""Gluten-free"",""Kosher"",""Orgánico""]",1,https://riba.app/imgrs/THUMBS%20500X500/348032.JPG
356944,SALSA PICANTE MAMITA HABANERO,19928415567,Despensa,MAMITA ,Aderezos Y Salsas,NULL,1,https://riba.app/imgrs/THUMBS%20500X500/356944.JPG
356945,SALSA PICANTE MAMITA CURCUMA,19928422529,Despensa,MAMITA ,Aderezos Y Salsas,NULL,1,https://riba.app/imgrs/THUMBS%20500X500/356945.JPG
360245,SAZONADOR ASIATICO BBQ PEGGYS,19928479843,Despensa,PEGGYS FOODS,Condimentos Y Semillas,"[""Gluten-free"",""Keto"",""Kosher"",""Vegano""]",1,https://riba.app/imgrs/THUMBS%20500X500/360245.JPG
3472,MAIZ DULCE ENTEROS,2000010507,Despensa,GREEN GIANT (SECO)..,Conservas Y Encurtidos,NULL,1,https://riba.app/imgrs/THUMBS%20500X500/3472.JPG
3475,MAIZ CON FIESTA DE PIMIENTOS,2000010515,Despensa,GREEN GIANT (SECO)..,Conservas Y Encurtidos,"[""Gluten-free"",""Kosher""]",1,https://riba.app/imgrs/THUMBS%20500X500/3475.JPG
67899,NEWMANS OWN OLIVE OIL VINEGAR,2066200002,Despensa,NEWMAN S OWN,Aderezos Y Salsas,"[""Gluten-free""]",1,https://riba.app/imgrs/THUMBS%20500X500/67899.JPG
105829,NEWMAN S BALSAMIC VINAIGRETTE,2066200006,Despensa,NEWMAN S OWN,Aderezos Y Salsas,"[""Gluten-free""]",1,https://riba.app/imgrs/THUMBS%20500X500/105829.JPG
299912,NEWMANS LEMON BASIL,2066200038,Despensa,NEWMAN S OWN,Aderezos Y Salsas,"[""Gluten-free""]",1,https://riba.app/imgrs/THUMBS%20500X500/299912.JPG
128548,NEWMA OWN CREMY CAESAR,2066200199,Despensa,NEWMAN S OWN,Aderezos Y Salsas,"[""Gluten-free""]",1,https://riba.app/imgrs/THUMBS%20500X500/128548.JPG
103852,NEWMAN LITE  BALSA DRESS,2066200284,Despensa,NEWMAN S OWN,Aderezos Y Salsas,NULL,1,https://riba.app/imgrs/THUMBS%20500X500/103852.JPG
160830,NEWMAN LIGNT HONEY MUSTARD16OZ,2066200292,Despensa,NEWMAN S OWN,Aderezos Y Salsas,"[""Gluten-free""]",1,https://riba.app/imgrs/THUMBS%20500X500/160830.JPG
25010,CHILI PICANTE MOLIDA,209901,Despensa,DOÑA ANITA,Condimentos Y Semillas,"[""Kosher""]",1,https://riba.app/imgrs/THUMBS%20500X500/25010.JPG
25011,PIMENTON ESPANOL MOLIDA,209902,Despensa,DOÑA ANITA,Condimentos Y Semillas,"[""Kosher""]",1,https://riba.app/imgrs/THUMBS%20500X500/25011.JPG
25012,ACHIOTE EN GRANO ,209903,Despensa,DOÑA ANITA,Condimentos Y Semillas,"[""Kosher""]",1,https://riba.app/imgrs/THUMBS%20500X500/25012.JPG
25013,TURMERIC MOLIDA,209904,Despensa,DOÑA ANITA,Condimentos Y Semillas,"[""Kosher""]",1,https://riba.app/imgrs/THUMBS%20500X500/25013.JPG
25014,PIMIENTA BLANCA MOLIDA,209905,Despensa,DOÑA ANITA,Condimentos Y Semillas,"[""Kosher""]",1,https://riba.app/imgrs/THUMBS%20500X500/25014.JPG
25016,OREGANO TRITURADO,209907,Despensa,DOÑA ANITA,Condimentos Y Semillas,"[""Kosher""]",1,https://riba.app/imgrs/THUMBS%20500X500/25016.JPG
25019,CANELA EN RAJA,209909,Despensa,DOÑA ANITA,Condimentos Y Semillas,"[""Kosher""]",1,https://riba.app/imgrs/THUMBS%20500X500/25019.JPG
25020,AJO MOLIDO,209910,Despensa,DOÑA ANITA,Condimentos Y Semillas,"[""Kosher""]",1,https://riba.app/imgrs/THUMBS%20500X500/25020.JPG
25022,PIMIENTA NEGRA EN GRANO,209915,Despensa,DOÑA ANITA,Condimentos Y Semillas,"[""Kosher""]",1,https://riba.app/imgrs/THUMBS%20500X500/25022.JPG
25017,OREGANO MOLIDO ,209916,Despensa,DOÑA ANITA,Condimentos Y Semillas,"[""Kosher""]",1,https://riba.app/imgrs/THUMBS%20500X500/25017.JPG
25023,CANELA MOLIDA,209917,Despensa,DOÑA ANITA,Condimentos Y Semillas,"[""Kosher""]",1,https://riba.app/imgrs/THUMBS%20500X500/25023.JPG
25024,NUEZ MOSCADA MOLIDA,209918,Despensa,DOÑA ANITA,Condimentos Y Semillas,"[""Kosher""]",1,https://riba.app/imgrs/THUMBS%20500X500/25024.JPG
25025,COMINO MOLIDO,209919,Despensa,DOÑA ANITA,Condimentos Y Semillas,"[""Kosher""]",1,https://riba.app/imgrs/THUMBS%20500X500/25025.JPG
186200,AD DR BALSAMIC VINAGRETTE,2100000282,Despensa,KRAFT,Aderezos Y Salsas,NULL,1,https://riba.app/imgrs/THUMBS%20500X500/186200.JPG
148758,MACARRONES CON QUESO ORIGINAL,2100001087,Despensa,KRAFT,Pastas Secas,NULL,1,https://riba.app/imgrs/THUMBS%20500X500/148758.JPG
309776,MAC N CHEESE KRAFT 6 OZ,2100001721,Despensa,KRAFT,Pastas Secas,NULL,1,https://riba.app/imgrs/THUMBS%20500X500/309776.JPG
174986,MAYONESA CON LIMON,2100002629,Despensa,KRAFT,Aderezos Y Salsas,"[""Kosher""]",1,https://riba.app/imgrs/THUMBS%20500X500/174986.JPG
176288,MAYONESA CON ACEITE DE OLIVA,2100002631,Despensa,KRAFT,Aderezos Y Salsas,"[""Kosher""]",1,https://riba.app/imgrs/THUMBS%20500X500/176288.JPG
174985,MAYONESA REAL,2100002632,Despensa,KRAFT,Aderezos Y Salsas,"[""Kosher""]",1,https://riba.app/imgrs/THUMBS%20500X500/174985.JPG
174950,MAYONESA ORIGINAL MW,2100002649,Despensa,KRAFT,Aderezos Y Salsas,"[""Kosher""]",1,https://riba.app/imgrs/THUMBS%20500X500/174950.JPG
303113,MAYONESA KRAFT REAL ,2100002679,Despensa,KRAFT,Aderezos Y Salsas,"[""Kosher""]",1,https://riba.app/imgrs/THUMBS%20500X500/303113.JPG
177395,SALSA AGRIDULCE,2100002683,Despensa,KRAFT,Aderezos Y Salsas,"[""Kosher""]",1,https://riba.app/imgrs/THUMBS%20500X500/177395.JPG
176287,MAYONESA CON ACEITE DE OLIVA,2100002686,Despensa,KRAFT,Aderezos Y Salsas,"[""Kosher""]",1,https://riba.app/imgrs/THUMBS%20500X500/176287.JPG
289459,MAYONESA REAL UNTABLE KRAFT,2100002687,Despensa,KRAFT,Aderezos Y Salsas,"[""Kosher""]",1,https://riba.app/imgrs/THUMBS%20500X500/289459.JPG
174989,KRAFT MIRACLE WHIP SQUEEZE,2100002688,Despensa,KRAFT,Aderezos Y Salsas,"[""Kosher""]",1,https://riba.app/imgrs/THUMBS%20500X500/174989.JPG
176985,TARTAR  SAUCE ORIGINAL,2100002689,Despensa,KRAFT,Aderezos Y Salsas,"[""Kosher""]",1,https://riba.app/imgrs/THUMBS%20500X500/176985.JPG
177572,SALSA DE COCTKTAIL,2100002691,Despensa,KRAFT,Aderezos Y Salsas,"[""Kosher""]",1,https://riba.app/imgrs/THUMBS%20500X500/177572.JPG
174948,MAYONESA ORIGINAL MW,2100002693,Despensa,KRAFT,Aderezos Y Salsas,"[""Kosher""]",1,https://riba.app/imgrs/THUMBS%20500X500/174948.JPG
174953,MAYONESA LIVIANA,2100002695,Despensa,KRAFT,Aderezos Y Salsas,"[""Kosher""]",1,https://riba.app/imgrs/THUMBS%20500X500/174953.JPG
174984,MAYONESA REAL,2100002696,Despensa,KRAFT,Aderezos Y Salsas,"[""Kosher""]",1,https://riba.app/imgrs/THUMBS%20500X500/174984.JPG
344755,ADEREZO MIEL MOSTAZA KRAFT,2100002820,Despensa,KRAFT,Aderezos Y Salsas,NULL,1,https://riba.app/imgrs/THUMBS%20500X500/344755.JPG
182565,KRAFT SWEET BALSAMIC VINAIGRE,2100003203,Despensa,KRAFT,Aderezos Y Salsas,NULL,1,https://riba.app/imgrs/THUMBS%20500X500/182565.JPG
188978,CHEES SKI ULTIMT CHEESBRGR MAC,2100003405,Despensa,KRAFT,Pastas Secas,NULL,1,https://riba.app/imgrs/THUMBS%20500X500/188978.JPG
261086,ORIGINAL BARBECUE SAUCE ,2100005228,Despensa,KRAFT,Aderezos Y Salsas,"[""Kosher""]",1,https://riba.app/imgrs/THUMBS%20500X500/261086.JPG
198282,SALSA BBQ HICK MOKE ,2100005229,Despensa,KRAFT,Aderezos Y Salsas,"[""Kosher""]",1,https://riba.app/imgrs/THUMBS%20500X500/198282.JPG
225751,MESQUITE SMOKE BBQ SAUCE,2100005230,Despensa,KRAFT,Aderezos Y Salsas,"[""Kosher""]",1,https://riba.app/imgrs/THUMBS%20500X500/225751.JPG
226031,SPICY HONEY BBQ SAUCE,2100005232,Despensa,KRAFT,Aderezos Y Salsas,"[""Kosher""]",1,https://riba.app/imgrs/THUMBS%20500X500/226031.JPG
274279,BBQ SAUCE SWEET & SPICY,2100005233,Despensa,KRAFT,Aderezos Y Salsas,"[""Kosher""]",1,https://riba.app/imgrs/THUMBS%20500X500/274279.JPG
333891,SALSA BBQ ORIGINAL KRAFT,2100005235,Despensa,KRAFT,Aderezos Y Salsas,"[""Kosher""]",1,https://riba.app/imgrs/THUMBS%20500X500/333891.JPG
250601,SALSA BBQ HICKORY SMOCKE,2100005237,Despensa,KRAFT,Aderezos Y Salsas,"[""Kosher""]",1,https://riba.app/imgrs/THUMBS%20500X500/250601.JPG
44402,KR HONEY BARBECUE SAUCE 18 OZ ,2100005238,Despensa,KRAFT,Aderezos Y Salsas,"[""Kosher""]",1,https://riba.app/imgrs/THUMBS%20500X500/44402.JPG
274280,BBQ SAUCE SWT BROWN SUGAR,2100005242,Despensa,KRAFT,Aderezos Y Salsas,"[""Kosher""]",1,https://riba.app/imgrs/THUMBS%20500X500/274280.JPG
296583,KR MAC N CHEESE UNICORN SHAPES,2100005316,Despensa,KRAFT,Pastas Secas,NULL,1,https://riba.app/imgrs/THUMBS%20500X500/296583.JPG
259336,KRAFT MAYO GARLIC AIOLI,2100006498,Despensa,KRAFT,Aderezos Y Salsas,"[""Kosher""]",1,https://riba.app/imgrs/THUMBS%20500X500/259336.JPG
279336,KRAFT CHIPOTLE AIOLI,2100006499,Despensa,KRAFT,Aderezos Y Salsas,"[""Kosher""]",1,https://riba.app/imgrs/THUMBS%20500X500/279336.JPG
22713,MACARRONE CON QUESO ORIGINAL,2100006706,Despensa,KRAFT,Pastas Secas,NULL,1,https://riba.app/imgrs/THUMBS%20500X500/22713.JPG
280426,BBQ SAUCE SWEET TERIYAKI,2100006866,Despensa,KRAFT,Aderezos Y Salsas,"[""Kosher""]",1,https://riba.app/imgrs/THUMBS%20500X500/280426.JPG
299906,MAC & CHEESE GLUTEN FREE,2100007843,Despensa,KRAFT,Pastas Secas,"[""Gluten-free""]",1,https://riba.app/imgrs/THUMBS%20500X500/299906.JPG
313478,KRAFT DELUXE BOLD CAESAR,2100008111,Despensa,KRAFT,Aderezos Y Salsas,NULL,1,https://riba.app/imgrs/THUMBS%20500X500/313478.JPG
343313,MAC N CHEESE RANCH,2100008396,Despensa,KRAFT,Pastas Secas,NULL,1,https://riba.app/imgrs/THUMBS%20500X500/343313.JPG
343312,KR MAC N CHEESE JALAPEÑO,2100008398,Despensa,KRAFT,Pastas Secas,NULL,1,https://riba.app/imgrs/THUMBS%20500X500/343312.JPG
111862,KRAFT CLASSIC CAESAR DRESSING,2100032307,Despensa,KRAFT,Aderezos Y Salsas,NULL,1,https://riba.app/imgrs/THUMBS%20500X500/111862.JPG
45596,VINAGRETA ITALIANA DIETA,2100064271,Despensa,KRAFT,Aderezos Y Salsas,NULL,1,https://riba.app/imgrs/THUMBS%20500X500/45596.JPG
186199,ADEREZO MIL ISLA DIETA,2100064273,Despensa,KRAFT,Aderezos Y Salsas,NULL,1,https://riba.app/imgrs/THUMBS%20500X500/186199.JPG
172525,ADEREZO RANCH DIETA,2100064274,Despensa,KRAFT,Aderezos Y Salsas,NULL,1,https://riba.app/imgrs/THUMBS%20500X500/172525.JPG
44511,ADEREZO RANCH CLASICO,2100064362,Despensa,KRAFT,Aderezos Y Salsas,NULL,1,https://riba.app/imgrs/THUMBS%20500X500/44511.JPG
23118,AD ZESTY ITALIAN IMP.,2100064421,Despensa,KRAFT,Aderezos Y Salsas,NULL,1,https://riba.app/imgrs/THUMBS%20500X500/23118.JPG
176280,ADEREZO ZESTY ITALIAN,2100064425,Despensa,KRAFT,Aderezos Y Salsas,NULL,1,https://riba.app/imgrs/THUMBS%20500X500/176280.JPG
46743,KRAFT CREAMY ITALIAN DRESSING,2100064426,Despensa,KRAFT,Aderezos Y Salsas,NULL,1,https://riba.app/imgrs/THUMBS%20500X500/46743.JPG
23119,AD  THOUSAND ISLAND IMP.,2100064455,Despensa,KRAFT,Aderezos Y Salsas,NULL,1,https://riba.app/imgrs/THUMBS%20500X500/23119.JPG
70389,DRESSING BLUE CHESEE,2100064461,Despensa,KRAFT,Aderezos Y Salsas,NULL,1,https://riba.app/imgrs/THUMBS%20500X500/70389.JPG
65630,KRAFT ROKA BLUE CHEESE DRESSI,2100064471,Despensa,KRAFT,Aderezos Y Salsas,NULL,1,https://riba.app/imgrs/THUMBS%20500X500/65630.JPG
176279,ADEREZO MIL ISLA,2100064473,Despensa,KRAFT,Aderezos Y Salsas,NULL,1,https://riba.app/imgrs/THUMBS%20500X500/176279.JPG
120083,MACARRONES CON QUESO CHEDDAR,2100065356,Despensa,KRAFT,Pastas Secas,NULL,1,https://riba.app/imgrs/THUMBS%20500X500/120083.JPG
141688,KRAFT M&C THICK N CREAMY,2100065371,Despensa,KRAFT,Pastas Secas,NULL,1,https://riba.app/imgrs/THUMBS%20500X500/141688.JPG
143845,KRAFT LDR RASPBERRY VING 16OZ,2100065478,Despensa,KRAFT,Aderezos Y Salsas,NULL,1,https://riba.app/imgrs/THUMBS%20500X500/143845.JPG
22715,CONCHAS & QUESO ORIGINAL,2100065893,Despensa,KRAFT,Pastas Secas,NULL,1,https://riba.app/imgrs/THUMBS%20500X500/22715.JPG
23104,MACARONE CON QUESO ESPIRAL,2100065897,Despensa,KRAFT,Pastas Secas,NULL,1,https://riba.app/imgrs/THUMBS%20500X500/23104.JPG
114579,MIEL DE ABEJA  12ONZ,2110425,Despensa,RIMITH,Siropes,NULL,1,https://riba.app/imgrs/THUMBS%20500X500/114579.JPG
114580,MIEL DE ABEJA  24ONZ,2110426,Despensa,RIMITH,Siropes,NULL,1,https://riba.app/imgrs/THUMBS%20500X500/114580.JPG
114581,MIEL DE ABEJA  1 LT,2110428,Despensa,RIMITH,Siropes,NULL,1,https://riba.app/imgrs/THUMBS%20500X500/114581.JPG
114578,MIEL DE ABEJA  4 ONZ,2110429,Despensa,RIMITH,Siropes,NULL,1,https://riba.app/imgrs/THUMBS%20500X500/114578.JPG
291401,GRANOLA MIX ORIGINAL MIEL ABEJ,2110812,Despensa,RIMITH,Cereales Y Granola,NULL,1,https://riba.app/imgrs/THUMBS%20500X500/291401.JPG
291418,GRANOLA CON CHISPAS DE CHOCOLA,2110813,Despensa,RIMITH,Cereales Y Granola,NULL,1,https://riba.app/imgrs/THUMBS%20500X500/291418.JPG
291419,GRANOLA MANZANA CANELA,2110814,Despensa,RIMITH,Cereales Y Granola,NULL,1,https://riba.app/imgrs/THUMBS%20500X500/291419.JPG
291425,GRANOLA CON ARANDANOS ROJO,2110815,Despensa,RIMITH,Cereales Y Granola,NULL,1,https://riba.app/imgrs/THUMBS%20500X500/291425.JPG
291426,GRANOLA CON ARANDANOS AZUL,2110816,Despensa,RIMITH,Cereales Y Granola,NULL,1,https://riba.app/imgrs/THUMBS%20500X500/291426.JPG
291427,GRANOLA MIX ORIGINAL MIEL CAÑA,2110817,Despensa,RIMITH,Cereales Y Granola,NULL,1,https://riba.app/imgrs/THUMBS%20500X500/291427.JPG
291429,GRANOLA CON CHIPS DE GUINEO,2110818,Despensa,RIMITH,Cereales Y Granola,NULL,1,https://riba.app/imgrs/THUMBS%20500X500/291429.JPG
291433,GRANOLA CON HOJUELAS DE COCO,2110820,Despensa,RIMITH,Cereales Y Granola,NULL,1,https://riba.app/imgrs/THUMBS%20500X500/291433.JPG
297239,GRANOLA CON CEREZA ALMENDRAS R,2110844,Despensa,RIMITH,Cereales Y Granola,NULL,1,https://riba.app/imgrs/THUMBS%20500X500/297239.JPG
348093,ANNIE´S ORGANIC APPLE FRUIT SA,2110885,Despensa,ANNIE´S,Jaleas Mantequillas Y Mermeladas,"[""Kosher"",""Orgánico""]",1,https://riba.app/imgrs/THUMBS%20500X500/348093.JPG
26708,SALSA PICANTE AJICHOMBO HAB,2119100330,Despensa,DORAZ,Aderezos Y Salsas,NULL,1,https://riba.app/imgrs/THUMBS%20500X500/26708.JPG
26700,JUGO DE AJO ,2119200220,Despensa,DORAZ,Aderezos Y Salsas,NULL,1,https://riba.app/imgrs/THUMBS%20500X500/26700.JPG
26701,JUGO DE AJO,2119200225,Despensa,DORAZ,Aderezos Y Salsas,NULL,1,https://riba.app/imgrs/THUMBS%20500X500/26701.JPG
26702,ACHIOTE EN LIQUIDO,2119200230,Despensa,DORAZ,Condimentos Y Semillas,NULL,1,https://riba.app/imgrs/THUMBS%20500X500/26702.JPG
26703,ACHIOTE LIQUIDO,2119200235,Despensa,DORAZ,Condimentos Y Semillas,NULL,1,https://riba.app/imgrs/THUMBS%20500X500/26703.JPG
26706,RECAO VERDE,2119200250,Despensa,DORAZ,Aderezos Y Salsas,NULL,1,https://riba.app/imgrs/THUMBS%20500X500/26706.JPG
26707,SALSA AJI CHOMBO HABANERO,2119200270,Despensa,DORAZ,Aderezos Y Salsas,NULL,1,https://riba.app/imgrs/THUMBS%20500X500/26707.JPG
26713,CHIMI CHURRI ,2119200410,Despensa,DORAZ,Aderezos Y Salsas,NULL,1,https://riba.app/imgrs/THUMBS%20500X500/26713.JPG
26714,AJO EN PASTA,2119200440,Despensa,DORAZ,Condimentos Y Semillas,NULL,1,https://riba.app/imgrs/THUMBS%20500X500/26714.JPG
26719,GLACEADO PARA JAMON,2119200490,Despensa,DORAZ,Aderezos Y Salsas,NULL,1,https://riba.app/imgrs/THUMBS%20500X500/26719.JPG
26720,RECAO VERDE,2119200500,Despensa,DORAZ,Aderezos Y Salsas,NULL,1,https://riba.app/imgrs/THUMBS%20500X500/26720.JPG
26722,SALSA PARA PAVOS,2119200560,Despensa,DORAZ,Aderezos Y Salsas,NULL,1,https://riba.app/imgrs/THUMBS%20500X500/26722.JPG
26725,SALSA RECAO ROJO ,2119210002,Despensa,DORAZ,Aderezos Y Salsas,NULL,1,https://riba.app/imgrs/THUMBS%20500X500/26725.JPG
129839,GARLIC POWDER WTH PARLEY,2150000036,Despensa,LAWRY S,Condimentos Y Semillas,"[""Kosher""]",1,https://riba.app/imgrs/THUMBS%20500X500/129839.JPG
46290,LAWRY S SEASONS SALT 16OZ,2150000300,Despensa,LAWRY S,Condimentos Y Semillas,"[""Kosher""]",1,https://riba.app/imgrs/THUMBS%20500X500/46290.JPG
200541,LAWRY MARINAD SES GINGER,2150004213,Despensa,LAWRY S,Aderezos Y Salsas,NULL,1,https://riba.app/imgrs/THUMBS%20500X500/200541.JPG
158221,LAWRYS MARINADE STEAK & CHOP,2150004217,Despensa,LAWRY S,Aderezos Y Salsas,NULL,1,https://riba.app/imgrs/THUMBS%20500X500/158221.JPG
137837,LAWRYS GARLIC SALT WTH PARSLEY,2150005850,Despensa,LAWRY S,Condimentos Y Semillas,"[""Kosher""]",1,https://riba.app/imgrs/THUMBS%20500X500/137837.JPG
52366,MIEL DE CAÑA RIMITH 32 OZ,2150140,Despensa,RIMITH,Siropes,NULL,1,https://riba.app/imgrs/THUMBS%20500X500/52366.JPG
284990,RASPADURA ,2151035,Despensa,TASTYBITE,Azucar Y Endulzantes,NULL,1,https://riba.app/imgrs/THUMBS%20500X500/284990.JPG
282696,ACEITE DE COCO BUTCHER BOY ,2155999871,Despensa,BUTCHER BOY,Aceites Y Mantecas,"[""Kosher""]",1,https://riba.app/imgrs/THUMBS%20500X500/282696.JPG
359875,ACEITE DE COCO BUTCHER B,2155999875,Despensa,BUTCHER BOY,Aceites Y Mantecas,"[""Kosher""]",1,https://riba.app/imgrs/THUMBS%20500X500/359875.JPG
74091,SALSA CHIMICHURRI,2160472,Despensa,RIMITH,Aderezos Y Salsas,NULL,1,https://riba.app/imgrs/THUMBS%20500X500/74091.JPG
269718,SALSA TARTARA EMPACADA,2160637,Despensa,RIMITH,Aderezos Y Salsas,NULL,1,https://riba.app/imgrs/THUMBS%20500X500/269718.JPG
273569,SALSA VINAGRETA EMPACADA 200ML,2160644,Despensa,RIMITH,Aderezos Y Salsas,NULL,1,https://riba.app/imgrs/THUMBS%20500X500/273569.JPG
273570,SALSA VINAGRETA YOGURT 200ML,2160645,Despensa,RIMITH,Aderezos Y Salsas,NULL,1,https://riba.app/imgrs/THUMBS%20500X500/273570.JPG
273571,SALSA VINAGRETA THAI 200ML,2160646,Despensa,RIMITH,Aderezos Y Salsas,NULL,1,https://riba.app/imgrs/THUMBS%20500X500/273571.JPG
273572,SALSA VINAGRETA PESTO KALE 200,2160647,Despensa,RIMITH,Aderezos Y Salsas,NULL,1,https://riba.app/imgrs/THUMBS%20500X500/273572.JPG
278917,MANJAR RIMITH,2160654,Despensa,RIMITH,Jaleas Mantequillas Y Mermeladas,NULL,1,https://riba.app/imgrs/THUMBS%20500X500/278917.JPG
182744,CREMA DE ZAPALLO,2160668,Despensa,RIMITH,Sopas Y Cremas,NULL,1,https://riba.app/imgrs/THUMBS%20500X500/182744.JPG
290247,MANJAR RIMITH,2160678,Despensa,RIMITH,Jaleas Mantequillas Y Mermeladas,NULL,1,https://riba.app/imgrs/THUMBS%20500X500/290247.JPG
311606,CREMA DE PAPA,2160727,Despensa,RIMITH,Sopas Y Cremas,NULL,1,https://riba.app/imgrs/THUMBS%20500X500/311606.JPG
311607,CREMA DE CEBOLLA,2160728,Despensa,RIMITH,Sopas Y Cremas,NULL,1,https://riba.app/imgrs/THUMBS%20500X500/311607.JPG
311608,CREMA DE LENTEJAS,2160729,Despensa,RIMITH,Sopas Y Cremas,NULL,1,https://riba.app/imgrs/THUMBS%20500X500/311608.JPG
311609,CREMA DE TOMATE,2160730,Despensa,RIMITH,Sopas Y Cremas,NULL,1,https://riba.app/imgrs/THUMBS%20500X500/311609.JPG
340406,ADEREZO CESAR ,2160782,Despensa,RIMITH,Aderezos Y Salsas,NULL,1,https://riba.app/imgrs/THUMBS%20500X500/340406.JPG
340408,ADEREZO SALSA RANCH ,2160784,Despensa,RIMITH,Aderezos Y Salsas,NULL,1,https://riba.app/imgrs/THUMBS%20500X500/340408.JPG
340409,ADEREZO THAHINI CITRICO,2160785,Despensa,RIMITH,Aderezos Y Salsas,NULL,1,https://riba.app/imgrs/THUMBS%20500X500/340409.JPG
340410,ADEREZO THAI ,2160786,Despensa,RIMITH,Aderezos Y Salsas,NULL,1,https://riba.app/imgrs/THUMBS%20500X500/340410.JPG
340413,ADEREZO AJO/CULANTRO,2160787,Despensa,RIMITH,Aderezos Y Salsas,NULL,1,https://riba.app/imgrs/THUMBS%20500X500/340413.JPG
340415,ADEREZO CHIPOTLE ,2160788,Despensa,RIMITH,Aderezos Y Salsas,NULL,1,https://riba.app/imgrs/THUMBS%20500X500/340415.JPG
340416,ADEREZO NARANJA CON JENGIBRE,2160789,Despensa,RIMITH,Aderezos Y Salsas,NULL,1,https://riba.app/imgrs/THUMBS%20500X500/340416.JPG
340417,VINAGRETA SUMAC ,2160790,Despensa,RIMITH,Aderezos Y Salsas,NULL,1,https://riba.app/imgrs/THUMBS%20500X500/340417.JPG
152359,SALSA AGRIDULCE ,217643873642,Despensa,NHS,Aderezos Y Salsas,NULL,1,https://riba.app/imgrs/THUMBS%20500X500/152359.JPG
152356,SALSA 5 ESPECIES,217648343623,Despensa,NHS,Aderezos Y Salsas,NULL,1,https://riba.app/imgrs/THUMBS%20500X500/152356.JPG
185242,LOTUS BISCOFF SPREAD,2178850695,Despensa,BISCOFF,Jaleas Mantequillas Y Mermeladas,"[""Vegano""]",1,https://riba.app/imgrs/THUMBS%20500X500/185242.JPG
344840,GALLETA BISCOFF DESMENUZADA,2178851620,Despensa,BISCOFF,Reposteria,"[""Vegano""]",1,https://riba.app/imgrs/THUMBS%20500X500/344840.JPG
336392,BISCOFF COOKIE BUTTER CRUNCHY,2178851694,Despensa,BISCOFF,Jaleas Mantequillas Y Mermeladas,"[""Vegano""]",1,https://riba.app/imgrs/THUMBS%20500X500/336392.JPG
348060,BAR PEANUT BUT CHOC CHIP,2190811532,Despensa,LARABAR,Cereales Y Granola,"[""Gluten-free"",""Kosher"",""Vegano""]",1,https://riba.app/imgrs/THUMBS%20500X500/348060.JPG
348061,GF BAR FRUIT NUT CASHEW COOK V,2190811535,Despensa,LARABAR,Cereales Y Granola,"[""Gluten-free"",""Kosher"",""Vegano""]",1,https://riba.app/imgrs/THUMBS%20500X500/348061.JPG
348059,BAR CHOC CHIP COOKIE DOGH 6 PK,2190811536,Despensa,LARABAR,Cereales Y Granola,NULL,1,https://riba.app/imgrs/THUMBS%20500X500/348059.JPG
348062,BLUEBERRY MUFFIN GF BAR VEGAN,2190811546,Despensa,LARABAR,Cereales Y Granola,"[""Gluten-free"",""Kosher"",""Orgánico"",""Vegano""]",1,https://riba.app/imgrs/THUMBS%20500X500/348062.JPG
224240,CEREAL ORG GRAHAM  CRUNCH,2190840724,Despensa,CASCADIAN FARM,Cereales Y Granola,"[""Orgánico""]",1,https://riba.app/imgrs/THUMBS%20500X500/224240.JPG
224241,CEREAL ORG HEARTY MORNIG FIBER,2190845552,Despensa,CASCADIAN FARM,Cereales Y Granola,"[""Kosher"",""Orgánico""]",1,https://riba.app/imgrs/THUMBS%20500X500/224241.JPG
224239,CEREAL ORG FRUITFUL  OS,2190845553,Despensa,CASCADIAN FARM,Cereales Y Granola,"[""Gluten-free"",""Kosher"",""Orgánico""]",1,https://riba.app/imgrs/THUMBS%20500X500/224239.JPG
224232,CEREAL ORG CINNAMON CRUNCH,2190845556,Despensa,CASCADIAN FARM,Cereales Y Granola,"[""Orgánico""]",1,https://riba.app/imgrs/THUMBS%20500X500/224232.JPG
224243,CEREAL ORG PURELY  OS,2190845558,Despensa,CASCADIAN FARM,Cereales Y Granola,"[""Kosher"",""Orgánico"",""Vegano""]",1,https://riba.app/imgrs/THUMBS%20500X500/224243.JPG
224242,CEREAL ORG HONEY  NUT OS,2190845559,Despensa,CASCADIAN FARM,Cereales Y Granola,"[""Kosher""]",1,https://riba.app/imgrs/THUMBS%20500X500/224242.JPG
317050,PAN MOLIDO CON ESPECIES,2200353,Despensa,RIMITH,Condimentos Y Semillas,NULL,1,https://riba.app/imgrs/THUMBS%20500X500/317050.JPG
356998,SPECTRUM AVOCADO OIL,2250606530,Despensa,SPECTRUM,Aceites Y Mantecas,"[""Keto"",""Kosher""]",1,https://riba.app/imgrs/THUMBS%20500X500/356998.JPG
349143,OIL PEANUT UNREFINED SPECTRUM,2250610410,Despensa,SPECTRUM,Aceites Y Mantecas,"[""Kosher""]",1,https://riba.app/imgrs/THUMBS%20500X500/349143.JPG
356996,ORGANIC COCONUT OIL ,2250613560,Despensa,SPECTRUM,Aceites Y Mantecas,"[""Keto"",""Kosher"",""Orgánico""]",1,https://riba.app/imgrs/THUMBS%20500X500/356996.JPG
51171,OG CANOLA SEMI REF OIL,2250613720,Despensa,SPECTRUM,Aceites Y Mantecas,"[""Kosher"",""Orgánico""]",1,https://riba.app/imgrs/THUMBS%20500X500/51171.JPG
194453,COCONUT OIL ORGANIC UNREFINED,2250693451,Despensa,SPECTRUM,Aceites Y Mantecas,"[""Keto"",""Kosher"",""Orgánico""]",1,https://riba.app/imgrs/THUMBS%20500X500/194453.JPG
139636,BAVARIAN STYLE SAUERKRAUT 16OZ,2300000345,Despensa,SILVER FLOSS,Conservas Y Encurtidos,"[""Gluten-free"",""Kosher""]",1,https://riba.app/imgrs/THUMBS%20500X500/139636.JPG
334517,SILVER FLOSS SHREDDED KRAT,2300000675,Despensa,SILVER FLOSS,Conservas Y Encurtidos,"[""Gluten-free"",""Kosher""]",1,https://riba.app/imgrs/THUMBS%20500X500/334517.JPG
45142,DROMEDARY PIMIENTOS SLI,2370900401,Despensa,DROMEDARY,Conservas Y Encurtidos,NULL,1,https://riba.app/imgrs/THUMBS%20500X500/45142.JPG
45141,DROMEDARY SLCD PIMENT,2370900403,Despensa,DROMEDARY,Conservas Y Encurtidos,NULL,1,https://riba.app/imgrs/THUMBS%20500X500/45141.JPG
45143,DROMEDARY DICED PIMENTO,2370900407,Despensa,DROMEDARY,Conservas Y Encurtidos,NULL,1,https://riba.app/imgrs/THUMBS%20500X500/45143.JPG
199657,DROM DICED PIMIENTO,2370900408,Despensa,DROMEDARY,Conservas Y Encurtidos,NULL,1,https://riba.app/imgrs/THUMBS%20500X500/199657.JPG
104049,HABICHUELAS EN TROZOS NSA,2400000087,Despensa,DEL MONTE,Conservas Y Encurtidos,NULL,1,https://riba.app/imgrs/THUMBS%20500X500/104049.JPG
9435,MAIZ DULCE ENTEROS SIN SAL,2400000095,Despensa,DEL MONTE,Conservas Y Encurtidos,"[""Kosher""]",1,https://riba.app/imgrs/THUMBS%20500X500/9435.JPG
9505,MELOCOTONES EN REBANADAS SYRUP,2400001062,Despensa,DEL MONTE,Conservas Y Encurtidos,"[""Kosher""]",1,https://riba.app/imgrs/THUMBS%20500X500/9505.JPG
9506,FRUIT COCKTAIL 30 OZ ,2400001092,Despensa,DEL MONTE,Conservas Y Encurtidos,"[""Kosher""]",1,https://riba.app/imgrs/THUMBS%20500X500/9506.JPG
70199,DM PETITE CUT DICED TOMATOES,2400001107,Despensa,DEL MONTE,Conservas Y Encurtidos,NULL,1,https://riba.app/imgrs/THUMBS%20500X500/70199.JPG
9540,GUISANTES DULCES ,2400001315,Despensa,DEL MONTE,Conservas Y Encurtidos,NULL,1,https://riba.app/imgrs/THUMBS%20500X500/9540.JPG
9520,GUISANTES CON ZANAHORIAS,2400001320,Despensa,DEL MONTE,Conservas Y Encurtidos,NULL,1,https://riba.app/imgrs/THUMBS%20500X500/9520.JPG
9537,HABICHUELAS EN TROZOS 12 8,2400001393,Despensa,DEL MONTE,Conservas Y Encurtidos,NULL,1,https://riba.app/imgrs/THUMBS%20500X500/9537.JPG
45129,GREEN BEANS FRENCH STYLE,2400001398,Despensa,DEL MONTE,Arroz Y Granos,NULL,1,https://riba.app/imgrs/THUMBS%20500X500/45129.JPG
9434,REMOLACHAS REB  12 8.25,2400001408,Despensa,DEL MONTE,Conservas Y Encurtidos,NULL,1,https://riba.app/imgrs/THUMBS%20500X500/9434.JPG
28794,SUMMER CRISP CORN 11 OZ,2400001544,Despensa,DEL MONTE,Conservas Y Encurtidos,NULL,1,https://riba.app/imgrs/THUMBS%20500X500/28794.JPG
9423,MELOCOTONES EN REBANADA DIETA,2400001745,Despensa,DEL MONTE,Conservas Y Encurtidos,"[""Kosher""]",1,https://riba.app/imgrs/THUMBS%20500X500/9423.JPG
9431,TOMATE COCIDOS ITALIANOS 24 14,2400001938,Despensa,DEL MONTE,Conservas Y Encurtidos,NULL,1,https://riba.app/imgrs/THUMBS%20500X500/9431.JPG
9425,COCTEL DE FRUTAS LITE  8 5 OZ,2400002141,Despensa,DEL MONTE,Conservas Y Encurtidos,NULL,1,https://riba.app/imgrs/THUMBS%20500X500/9425.JPG
9426,MELOCOTONES REB LITE 8 25 OZ,2400002143,Despensa,DEL MONTE,Conservas Y Encurtidos,"[""Kosher""]",1,https://riba.app/imgrs/THUMBS%20500X500/9426.JPG
9419,PERAS MITADES 12 8 5 OZ.,2400002144,Despensa,DEL MONTE,Conservas Y Encurtidos,"[""Kosher""]",1,https://riba.app/imgrs/THUMBS%20500X500/9419.JPG
51687,DM VEGETALES MIXTOS NSA,2400002764,Despensa,DEL MONTE,Conservas Y Encurtidos,NULL,1,https://riba.app/imgrs/THUMBS%20500X500/51687.JPG
44393,DM FRUIT TO GO,2400003409,Despensa,DEL MONTE,Conservas Y Encurtidos,"[""Kosher""]",1,https://riba.app/imgrs/THUMBS%20500X500/44393.JPG
173464,MIXED FRUITS TO GO,2400003410,Despensa,DEL MONTE,Conservas Y Encurtidos,"[""Kosher""]",1,https://riba.app/imgrs/THUMBS%20500X500/173464.JPG
173466,STRAWBERRY BANANA PEACH TO GO,2400003411,Despensa,DEL MONTE,Conservas Y Encurtidos,NULL,1,https://riba.app/imgrs/THUMBS%20500X500/173466.JPG
70201,DM DICED TOM Z M GREEN CHILIES,2400003470,Despensa,DEL MONTE,Conservas Y Encurtidos,NULL,1,https://riba.app/imgrs/THUMBS%20500X500/70201.JPG
70197,DM PETITE CUT TOM ZESTY JALAPE,2400003472,Despensa,DEL MONTE,Conservas Y Encurtidos,NULL,1,https://riba.app/imgrs/THUMBS%20500X500/70197.JPG
117836,CARB CLVR FRUIT CKTL,2400013211,Despensa,DEL MONTE,Conservas Y Encurtidos,"[""Kosher""]",1,https://riba.app/imgrs/THUMBS%20500X500/117836.JPG
9526,HABICHUELAS TROZOS 24 14 5,2400016286,Despensa,DEL MONTE,Conservas Y Encurtidos,NULL,1,https://riba.app/imgrs/THUMBS%20500X500/9526.JPG
51672,DM HABICHUELAS EN TROZOS NSA,2400016287,Despensa,DEL MONTE,Conservas Y Encurtidos,NULL,1,https://riba.app/imgrs/THUMBS%20500X500/51672.JPG
45130,GREEN BEANS FRENCH STYLE,2400016289,Despensa,DEL MONTE,Arroz Y Granos,NULL,1,https://riba.app/imgrs/THUMBS%20500X500/45130.JPG
109879,HABICHUELA SASON C CEB AJI AJO,2400016292,Despensa,DEL MONTE,Conservas Y Encurtidos,NULL,1,https://riba.app/imgrs/THUMBS%20500X500/109879.JPG
9362,MAIZ DULCE EN CREMA SIN SAL,2400016300,Despensa,DEL MONTE,Conservas Y Encurtidos,NULL,1,https://riba.app/imgrs/THUMBS%20500X500/9362.JPG
9529,CREMA DE MAIZ DULCE,2400016301,Despensa,DEL MONTE,Conservas Y Encurtidos,NULL,1,https://riba.app/imgrs/THUMBS%20500X500/9529.JPG
9530,MAIZ DULCE ENTERO ,2400016302,Despensa,DEL MONTE,Conservas Y Encurtidos,NULL,1,https://riba.app/imgrs/THUMBS%20500X500/9530.JPG
9531,MAIZ DULCE ENTERO SIN SAL,2400016305,Despensa,DEL MONTE,Conservas Y Encurtidos,NULL,1,https://riba.app/imgrs/THUMBS%20500X500/9531.JPG
51685,DM GUISANTES DULCES NSAA,2400016307,Despensa,DEL MONTE,Conservas Y Encurtidos,NULL,1,https://riba.app/imgrs/THUMBS%20500X500/51685.JPG
9532,GUISANTES DULCES ,2400016308,Despensa,DEL MONTE,Conservas Y Encurtidos,NULL,1,https://riba.app/imgrs/THUMBS%20500X500/9532.JPG
9524,GUISANTES CON ZANAHORIA,2400016311,Despensa,DEL MONTE,Conservas Y Encurtidos,NULL,1,https://riba.app/imgrs/THUMBS%20500X500/9524.JPG
9534,SPINACH CHOPPED,2400016316,Despensa,DEL MONTE,Conservas Y Encurtidos,NULL,1,https://riba.app/imgrs/THUMBS%20500X500/9534.JPG
9535,SPINACH LEAF,2400016317,Despensa,DEL MONTE,Conservas Y Encurtidos,NULL,1,https://riba.app/imgrs/THUMBS%20500X500/9535.JPG
125300,SPINACH LEAF NO SALT ADDED,2400016318,Despensa,DEL MONTE,Conservas Y Encurtidos,NULL,1,https://riba.app/imgrs/THUMBS%20500X500/125300.JPG
9536,VEGETALES MIXTOS  14 5 OZ,2400016319,Despensa,DEL MONTE,Conservas Y Encurtidos,NULL,1,https://riba.app/imgrs/THUMBS%20500X500/9536.JPG
9510,ALBARICOQUE MITADES 12 15 25,2400016700,Despensa,DEL MONTE,Conservas Y Encurtidos,"[""Kosher""]",1,https://riba.app/imgrs/THUMBS%20500X500/9510.JPG
45033,DM FRUIT NATURALS FRUIT COCKTA,2400016703,Despensa,DEL MONTE,Conservas Y Encurtidos,"[""Kosher""]",1,https://riba.app/imgrs/THUMBS%20500X500/45033.JPG
9512,COCTEL DE FRUTAS LITE 15 OZ ,2400016707,Despensa,DEL MONTE,Conservas Y Encurtidos,"[""Kosher""]",1,https://riba.app/imgrs/THUMBS%20500X500/9512.JPG
45036,MELOCOTONES EN REBANADAS JUICE,2400016713,Despensa,DEL MONTE,Conservas Y Encurtidos,"[""Kosher""]",1,https://riba.app/imgrs/THUMBS%20500X500/45036.JPG
9515,MELOCOTONES EN REBANADAS SYRUP,2400016717,Despensa,DEL MONTE,Conservas Y Encurtidos,"[""Kosher""]",1,https://riba.app/imgrs/THUMBS%20500X500/9515.JPG
9516,MELOCOTONES REBANADOS LITE 24 ,2400016719,Despensa,DEL MONTE,Conservas Y Encurtidos,"[""Kosher""]",1,https://riba.app/imgrs/THUMBS%20500X500/9516.JPG
9518,PERAS MITADES LITE 24 15 OZ ,2400016727,Despensa,DEL MONTE,Conservas Y Encurtidos,"[""Kosher""]",1,https://riba.app/imgrs/THUMBS%20500X500/9518.JPG
317322,CALDO DE POLLO COLLEGE INN,2400030570,Despensa,COLLEGE INN,Sopas Y Cremas,"[""Gluten-free""]",1,https://riba.app/imgrs/THUMBS%20500X500/317322.JPG
216844,PASTA SAUCE MEAT FLAVORED D M,2400052367,Despensa,DEL MONTE,Aderezos Y Salsas,NULL,1,https://riba.app/imgrs/THUMBS%20500X500/216844.JPG
317323,CALDO DE RES COLLEGE INN,2400062251,Despensa,COLLEGE INN,Sopas Y Cremas,NULL,1,https://riba.app/imgrs/THUMBS%20500X500/317323.JPG
27186,LINGUINE N 7 ,2409400028,Despensa,DE CECCO,Pastas Secas,"[""Kosher""]",1,https://riba.app/imgrs/THUMBS%20500X500/27186.JPG
27187,CAPELLINI N 9  454G,2409400032,Despensa,DE CECCO,Pastas Secas,NULL,1,https://riba.app/imgrs/THUMBS%20500X500/27187.JPG
27188,SPAGHETTINI N 11  454 GR,2409400034,Despensa,DE CECCO,Pastas Secas,NULL,1,https://riba.app/imgrs/THUMBS%20500X500/27188.JPG
27189,SPAGHETTI N 12,2409400036,Despensa,DE CECCO,Pastas Secas,NULL,1,https://riba.app/imgrs/THUMBS%20500X500/27189.JPG
27190,TORTIGLIONI N 23  ,2409400040,Despensa,DE CECCO,Pastas Secas,NULL,1,https://riba.app/imgrs/THUMBS%20500X500/27190.JPG
27191,RIGATONI Nº24,2409400042,Despensa,DE CECCO,Pastas Secas,"[""Kosher""]",1,https://riba.app/imgrs/THUMBS%20500X500/27191.JPG
27192,FUSILLI N 34 ,2409400046,Despensa,DE CECCO,Pastas Secas,"[""Kosher""]",1,https://riba.app/imgrs/THUMBS%20500X500/27192.JPG
27193,PENNE RIGATE Nº41,2409400054,Despensa,DE CECCO,Pastas Secas,NULL,1,https://riba.app/imgrs/THUMBS%20500X500/27193.JPG
27195,FARFALLE N 93  ,2409400074,Despensa,DE CECCO,Pastas Secas,NULL,1,https://riba.app/imgrs/THUMBS%20500X500/27195.JPG
140282,TAGLIATELLE NIDI SEMOLA ,2409425203,Despensa,DE CECCO,Pastas Secas,"[""Kosher""]",1,https://riba.app/imgrs/THUMBS%20500X500/140282.JPG
67844,CAPEL D ANG NIDI SEMOLA ,2409425209,Despensa,DE CECCO,Pastas Secas,"[""Kosher""]",1,https://riba.app/imgrs/THUMBS%20500X500/67844.JPG
65726,FETTUCCINE MINI SEMOLA,2409425233,Despensa,DE CECCO,Pastas Secas,"[""Kosher""]",1,https://riba.app/imgrs/THUMBS%20500X500/65726.JPG
337279,WASABI POLVO HORSRADH,2418200218,Despensa,EDEN,Condimentos Y Semillas,"[""Kosher""]",1,https://riba.app/imgrs/THUMBS%20500X500/337279.JPG
341171,POPCORN SALT SHAKER,2460000039,Despensa,MORTON,Condimentos Y Semillas,"[""Kosher""]",1,https://riba.app/imgrs/THUMBS%20500X500/341171.JPG
66111,MORTON SALT SUBSTITUTE SALT FR,2460000050,Despensa,MORTON,Condimentos Y Semillas,"[""Kosher""]",1,https://riba.app/imgrs/THUMBS%20500X500/66111.JPG
19432,SALT MORTON IODIZED,2460001003,Despensa,MORTON,Condimentos Y Semillas,"[""Kosher""]",1,https://riba.app/imgrs/THUMBS%20500X500/19432.JPG
157602,MORTON SEASONIG BLEND NO MSG,2460001058,Despensa,MORTON,Condimentos Y Semillas,NULL,1,https://riba.app/imgrs/THUMBS%20500X500/157602.JPG
183378,MORTON IODIZED SEA SALT,2460001088,Despensa,MORTON,Condimentos Y Semillas,"[""Kosher""]",1,https://riba.app/imgrs/THUMBS%20500X500/183378.JPG
195873,MORT IODIZED SALT & PEPPER,2460001098,Despensa,MORTON,Condimentos Y Semillas,"[""Kosher""]",1,https://riba.app/imgrs/THUMBS%20500X500/195873.JPG
230872,CREMA DE BROCOLI GOURMET ,2540216,Despensa,RIMITH,Sopas Y Cremas,NULL,1,https://riba.app/imgrs/THUMBS%20500X500/230872.JPG
230873,CREMA DE ZANAHORIA GOURMET ,2540240,Despensa,RIMITH,Sopas Y Cremas,NULL,1,https://riba.app/imgrs/THUMBS%20500X500/230873.JPG
230874,CREMA DE HONGOS COURMET,2540242,Despensa,RIMITH,Sopas Y Cremas,NULL,1,https://riba.app/imgrs/THUMBS%20500X500/230874.JPG
11137,SALSA CHINA BAJO SODIO,2543300105,Despensa,SANSAE,Aderezos Y Salsas,NULL,1,https://riba.app/imgrs/THUMBS%20500X500/11137.JPG
11138,SALSA CHINA BAJA SODIO,2543300110,Despensa,SANSAE,Aderezos Y Salsas,NULL,1,https://riba.app/imgrs/THUMBS%20500X500/11138.JPG
11139,SALSA CHINA BAJO SODIO,2543300124,Despensa,SANSAE,Aderezos Y Salsas,NULL,1,https://riba.app/imgrs/THUMBS%20500X500/11139.JPG
11140,SALSA CHINA ,2543300205,Despensa,SANSAE,Aderezos Y Salsas,NULL,1,https://riba.app/imgrs/THUMBS%20500X500/11140.JPG
11141,SALSA CHINA ,2543300210,Despensa,SANSAE,Aderezos Y Salsas,NULL,1,https://riba.app/imgrs/THUMBS%20500X500/11141.JPG
11142,SALSA CHINA,2543300224,Despensa,SANSAE,Aderezos Y Salsas,NULL,1,https://riba.app/imgrs/THUMBS%20500X500/11142.JPG
11144,SALSA INGLESA,2543300310,Despensa,SANSAE,Aderezos Y Salsas,NULL,1,https://riba.app/imgrs/THUMBS%20500X500/11144.JPG
11145,SALSA INGLESA ,2543300324,Despensa,SANSAE,Aderezos Y Salsas,NULL,1,https://riba.app/imgrs/THUMBS%20500X500/11145.JPG
11146,SALSA CONDIMENTADA ,2543300405,Despensa,SANSAE,Aderezos Y Salsas,NULL,1,https://riba.app/imgrs/THUMBS%20500X500/11146.JPG
11147,SALSA CONDIMENTADA,2543300410,Despensa,SANSAE,Aderezos Y Salsas,NULL,1,https://riba.app/imgrs/THUMBS%20500X500/11147.JPG
11148,SALSA CONDIMENTADA,2543300424,Despensa,SANSAE,Aderezos Y Salsas,NULL,1,https://riba.app/imgrs/THUMBS%20500X500/11148.JPG
257043,VAINILLA ,2543300510,Despensa,SANSAE,Reposteria,NULL,1,https://riba.app/imgrs/THUMBS%20500X500/257043.JPG
104913,SALSA RECAO CRIOLLO,2543300610,Despensa,SANSAE,Aderezos Y Salsas,NULL,1,https://riba.app/imgrs/THUMBS%20500X500/104913.JPG
178810,SALSA CONDIMENTADAS & RECAO C,2543300640,Despensa,SANSAE,Aderezos Y Salsas,NULL,1,https://riba.app/imgrs/THUMBS%20500X500/178810.JPG
163784,PICANTE HABANERO ,2543301205,Despensa,SANSAE,Aderezos Y Salsas,NULL,1,https://riba.app/imgrs/THUMBS%20500X500/163784.JPG
224238,SALSA TROP MANGO COCO GOURMET,2543301610,Despensa,SANSAE,Aderezos Y Salsas,NULL,1,https://riba.app/imgrs/THUMBS%20500X500/224238.JPG
242972,TROPICAL PIÑA CHIPOTLE ,2543301710,Despensa,SANSAE,Aderezos Y Salsas,NULL,1,https://riba.app/imgrs/THUMBS%20500X500/242972.JPG
250864,LUANA LIQUID COCONUT OIL,2670015991,Despensa,LOUANA,Aceites Y Mantecas,NULL,1,https://riba.app/imgrs/THUMBS%20500X500/250864.JPG
338468,S FREE HONEY MUSTARD DIP SAUCE,2682500006,Despensa,G. HUGHES,Aderezos Y Salsas,"[""Gluten-free""]",1,https://riba.app/imgrs/THUMBS%20500X500/338468.JPG
338469,SUGAR FREE SWEET CHILI SAUCE,2682500007,Despensa,G. HUGHES,Aderezos Y Salsas,"[""Gluten-free""]",1,https://riba.app/imgrs/THUMBS%20500X500/338469.JPG
338463,S FREE CAROLINA GOLD BBQ SAUCE,2682500009,Despensa,G. HUGHES,Aderezos Y Salsas,"[""Gluten-free""]",1,https://riba.app/imgrs/THUMBS%20500X500/338463.JPG
338460,SUGAR FREE MAPLE BR BBQ SAUCE,2682500010,Despensa,G. HUGHES,Aderezos Y Salsas,"[""Gluten-free""]",1,https://riba.app/imgrs/THUMBS%20500X500/338460.JPG
338461,SUGAR FREE HICKORY BBQ SAUCE,2682500011,Despensa,G. HUGHES,Aderezos Y Salsas,"[""Gluten-free""]",1,https://riba.app/imgrs/THUMBS%20500X500/338461.JPG
338465,S FREE ORANGE GINGER MARINADE,2682509006,Despensa,G. HUGHES,Aderezos Y Salsas,"[""Gluten-free""]",1,https://riba.app/imgrs/THUMBS%20500X500/338465.JPG
338466,S FREE LEMON HERB MARINADE,2682509007,Despensa,G. HUGHES,Aderezos Y Salsas,"[""Gluten-free""]",1,https://riba.app/imgrs/THUMBS%20500X500/338466.JPG
338464,SUGAR FREE STEAK SAUCE,2682509008,Despensa,G. HUGHES,Aderezos Y Salsas,"[""Gluten-free""]",1,https://riba.app/imgrs/THUMBS%20500X500/338464.JPG
338467,S FREE PARMESAN PC MARINADE,2682509009,Despensa,G. HUGHES,Aderezos Y Salsas,"[""Gluten-free""]",1,https://riba.app/imgrs/THUMBS%20500X500/338467.JPG
338462,S FREE SWEET & SPICY BBQ SAUCE,2682509018,Despensa,G. HUGHES,Aderezos Y Salsas,"[""Gluten-free""]",1,https://riba.app/imgrs/THUMBS%20500X500/338462.JPG
348350,SERRANO LIME LA REAL,2690398677,Despensa,LA REAL,Aderezos Y Salsas,"[""Gluten-free""]",1,https://riba.app/imgrs/THUMBS%20500X500/348350.JPG
348348,MANGO HABANERO LA REAL,2690398678,Despensa,LA REAL,Aderezos Y Salsas,"[""Gluten-free""]",1,https://riba.app/imgrs/THUMBS%20500X500/348348.JPG
285815,SMOOTH CASHEW BUTTER UNSALTED,2693873643,Despensa,WOODSTOCK,Jaleas Mantequillas Y Mermeladas,"[""Kosher""]",1,https://riba.app/imgrs/THUMBS%20500X500/285815.JPG
335268,SALSA HUNTS CON MIEL BBQ,2700000112,Despensa,HUNT S,Aderezos Y Salsas,"[""Kosher""]",1,https://riba.app/imgrs/THUMBS%20500X500/335268.JPG
335269,SALSA HUNTS ORIGINAL BBQ,2700000145,Despensa,HUNT S,Aderezos Y Salsas,"[""Kosher""]",1,https://riba.app/imgrs/THUMBS%20500X500/335269.JPG
286889,HUNTS SAN MARZANO TOMATOES,2700000261,Despensa,HUNT S,Conservas Y Encurtidos,"[""Gluten-free"",""Kosher""]",1,https://riba.app/imgrs/THUMBS%20500X500/286889.JPG
281023,HUNT S BEST EVER KETCHUP,2700000266,Despensa,HUNT S,Aderezos Y Salsas,"[""Gluten-free"",""Kosher""]",1,https://riba.app/imgrs/THUMBS%20500X500/281023.JPG
294528,HUNTS 100% NAT KETCHUP,2700000272,Despensa,HUNT S,Aderezos Y Salsas,"[""Gluten-free"",""Kosher""]",1,https://riba.app/imgrs/THUMBS%20500X500/294528.JPG
3066,HUNT S DICED TOMATOES ,2700037831,Despensa,HUNT S,Conservas Y Encurtidos,"[""Gluten-free"",""Kosher""]",1,https://riba.app/imgrs/THUMBS%20500X500/3066.JPG
140815,TOMATES EN CUBOS CON CEBOLLA D,2700037833,Despensa,HUNT S,Conservas Y Encurtidos,"[""Gluten-free"",""Kosher""]",1,https://riba.app/imgrs/THUMBS%20500X500/140815.JPG
309505,HUNTS PETITE DICED ,2700037837,Despensa,HUNT S,Conservas Y Encurtidos,"[""Gluten-free"",""Kosher""]",1,https://riba.app/imgrs/THUMBS%20500X500/309505.JPG
115092,TOMATES EN CUBOS ALBACA AJO O,2700037895,Despensa,HUNT S,Conservas Y Encurtidos,"[""Gluten-free"",""Kosher""]",1,https://riba.app/imgrs/THUMBS%20500X500/115092.JPG
68505,HUNT S TOMAT DICED RSTED GARLI,2700037896,Despensa,HUNT S,Conservas Y Encurtidos,"[""Gluten-free"",""Kosher""]",1,https://riba.app/imgrs/THUMBS%20500X500/68505.JPG
3065,HUNTS WHOLE PEEL TOM ,2700038010,Despensa,HUNT S,Conservas Y Encurtidos,"[""Gluten-free"",""Kosher""]",1,https://riba.app/imgrs/THUMBS%20500X500/3065.JPG
140819,TOMATES EN CUBOS AJI VERDE API,2700038110,Despensa,HUNT S,Conservas Y Encurtidos,"[""Gluten-free""]",1,https://riba.app/imgrs/THUMBS%20500X500/140819.JPG
286528,TOMATO KETCHUP ,2700038143,Despensa,HUNT S,Aderezos Y Salsas,"[""Kosher""]",1,https://riba.app/imgrs/THUMBS%20500X500/286528.JPG
3059,PASTA DE TOMATE,2700038811,Despensa,HUNT S,Aderezos Y Salsas,NULL,1,https://riba.app/imgrs/THUMBS%20500X500/3059.JPG
3060,PASTA DE TOMATE,2700038815,Despensa,HUNT S,Aderezos Y Salsas,NULL,1,https://riba.app/imgrs/THUMBS%20500X500/3060.JPG
3062,SALSA DE TOMATE,2700039014,Despensa,HUNT S,Aderezos Y Salsas,NULL,1,https://riba.app/imgrs/THUMBS%20500X500/3062.JPG
3076,SALSA TOMATE ALBACA AJO OREGAN,2700039103,Despensa,HUNT S,Aderezos Y Salsas,"[""Kosher""]",1,https://riba.app/imgrs/THUMBS%20500X500/3076.JPG
3077,SALSA DE TOMATE AJO,2700039104,Despensa,HUNT S,Aderezos Y Salsas,"[""Kosher""]",1,https://riba.app/imgrs/THUMBS%20500X500/3077.JPG
195588,FOUR CHEESE PASTA SAUCE,2700050010,Despensa,HUNT S,Aderezos Y Salsas,NULL,1,https://riba.app/imgrs/THUMBS%20500X500/195588.JPG
1020,ACEITE VEGETAL,2700061232,Despensa,WESSON,Aceites Y Mantecas,"[""Kosher""]",1,https://riba.app/imgrs/THUMBS%20500X500/1020.JPG
1024,ACEITE VEGETAL 24 OZ,2700061268,Despensa,WESSON,Aceites Y Mantecas,"[""Kosher""]",1,https://riba.app/imgrs/THUMBS%20500X500/1024.JPG
1022,ACEITE VEGETAL,2700061284,Despensa,WESSON,Aceites Y Mantecas,"[""Kosher""]",1,https://riba.app/imgrs/THUMBS%20500X500/1022.JPG
1023,ACEITE VEGETAL 16 OZ,2700061295,Despensa,WESSON,Aceites Y Mantecas,"[""Kosher""]",1,https://riba.app/imgrs/THUMBS%20500X500/1023.JPG
1034,ACEITE DE CANOLA 24 OZ,2700069024,Despensa,WESSON,Aceites Y Mantecas,"[""Kosher""]",1,https://riba.app/imgrs/THUMBS%20500X500/1034.JPG
1035,ACEITE DE CANOLA,2700069061,Despensa,WESSON,Aceites Y Mantecas,"[""Kosher""]",1,https://riba.app/imgrs/THUMBS%20500X500/1035.JPG
59169,ACEITE DE CANOLA,2700069084,Despensa,WESSON,Aceites Y Mantecas,"[""Kosher""]",1,https://riba.app/imgrs/THUMBS%20500X500/59169.JPG
335270,SALSA HUNTS HICKORY AZUCAR MOR,2700086704,Despensa,HUNT S,Aderezos Y Salsas,"[""Kosher""]",1,https://riba.app/imgrs/THUMBS%20500X500/335270.JPG
284484,ORG POPPY SEED DRESSING,2727110301,Despensa,BRIANNAS,Aderezos Y Salsas,"[""Gluten-free"",""Kosher"",""Orgánico"",""Vegano""]",1,https://riba.app/imgrs/THUMBS%20500X500/284484.JPG
284481,ORG REAL FRENCH VINAIGRETTE,2727110303,Despensa,BRIANNAS,Aderezos Y Salsas,"[""Gluten-free"",""Kosher"",""Orgánico"",""Vegano""]",1,https://riba.app/imgrs/THUMBS%20500X500/284481.JPG
284482,HONEY GINGER VINAIGRETTE,2727110304,Despensa,BRIANNAS,Aderezos Y Salsas,"[""Kosher"",""Orgánico""]",1,https://riba.app/imgrs/THUMBS%20500X500/284482.JPG
284483,MANGO VINAIGRETTE DRESSING,2727110305,Despensa,BRIANNAS,Aderezos Y Salsas,"[""Gluten-free"",""Kosher"",""Orgánico"",""Vegano""]",1,https://riba.app/imgrs/THUMBS%20500X500/284483.JPG
151255,BRIANNAS POPPY SEEP DRESSING,2727111228,Despensa,BRIANNAS,Aderezos Y Salsas,"[""Gluten-free"",""Kosher"",""Vegano""]",1,https://riba.app/imgrs/THUMBS%20500X500/151255.JPG
117864,BRIANNAS REAL FRENCH VINAGRETT,2727111328,Despensa,BRIANNAS,Aderezos Y Salsas,"[""Kosher""]",1,https://riba.app/imgrs/THUMBS%20500X500/117864.JPG
117863,BRIANNAS DIJON HONEY MUSTARD,2727111528,Despensa,BRIANNAS,Aderezos Y Salsas,"[""Gluten-free"",""Kosher"",""Vegano""]",1,https://riba.app/imgrs/THUMBS%20500X500/117863.JPG
117862,BRIANNAS BLUSH WINE VINAGRETTE,2727111728,Despensa,BRIANNAS,Aderezos Y Salsas,"[""Gluten-free"",""Kosher"",""Vegano""]",1,https://riba.app/imgrs/THUMBS%20500X500/117862.JPG
117861,BRIANNA ASIAGO CAESAR DRESSING,2727112028,Despensa,BRIANNAS,Aderezos Y Salsas,"[""Gluten-free"",""Vegano""]",1,https://riba.app/imgrs/THUMBS%20500X500/117861.JPG
213226,CREAMY BALSAMIC BRIANAS H STYL,2727112132,Despensa,BRIANNAS,Aderezos Y Salsas,"[""Gluten-free"",""Vegano""]",1,https://riba.app/imgrs/THUMBS%20500X500/213226.JPG
167630,BRIANNAS CHAMPA CAPER DRESS ,2727112133,Despensa,BRIANNAS,Aderezos Y Salsas,"[""Gluten-free"",""Kosher"",""Vegano""]",1,https://riba.app/imgrs/THUMBS%20500X500/167630.JPG
177258,BRIANNAS RANCH DRESING,2727112134,Despensa,BRIANNAS,Aderezos Y Salsas,"[""Gluten-free"",""Kosher"",""Vegano""]",1,https://riba.app/imgrs/THUMBS%20500X500/177258.JPG
288124,DRESSING VINAIGRETTE ITALIAN,2727112135,Despensa,BRIANNAS,Aderezos Y Salsas,"[""Gluten-free""]",1,https://riba.app/imgrs/THUMBS%20500X500/288124.JPG
284479,CILANTRO LIME DRESSING,2727112136,Despensa,BRIANNAS,Aderezos Y Salsas,"[""Kosher""]",1,https://riba.app/imgrs/THUMBS%20500X500/284479.JPG
287694,DRESSING BALSAMIC VINGRT BLBRY,2727112139,Despensa,BRIANNAS,Aderezos Y Salsas,"[""Gluten-free"",""Vegano""]",1,https://riba.app/imgrs/THUMBS%20500X500/287694.JPG
302301,DRESSING AVOCADO OIL HRB VINGR,2727112140,Despensa,BRIANNAS,Aderezos Y Salsas,"[""Kosher""]",1,https://riba.app/imgrs/THUMBS%20500X500/302301.JPG
302303,BALSAMIC VINAGRETTE W AVOCADO,2727112141,Despensa,BRIANNAS,Aderezos Y Salsas,"[""Gluten-free"",""Keto"",""Vegano""]",1,https://riba.app/imgrs/THUMBS%20500X500/302303.JPG
302302,DRESSING GARDEN RANCH W AVOCAD,2727112142,Despensa,BRIANNAS,Aderezos Y Salsas,"[""Gluten-free"",""Keto"",""Kosher"",""Paleo""]",1,https://riba.app/imgrs/THUMBS%20500X500/302302.JPG
7615,QUICK SIROPE CHOCOLATE ,2800024500,Despensa,NESQUIK,Siropes,"[""Kosher""]",1,https://riba.app/imgrs/THUMBS%20500X500/7615.JPG
152979,PLANTERS PEANUT OIL 100 % PURE,2900007827,Despensa,PLANTERS,Aceites Y Mantecas,"[""Kosher""]",1,https://riba.app/imgrs/THUMBS%20500X500/152979.JPG
338605,SAL LIVIANA PRIMA,2936589709,Despensa,PRIMA ,Condimentos Y Semillas,NULL,1,https://riba.app/imgrs/THUMBS%20500X500/338605.JPG
312509,MEZCLA PUR PAPA BUTTERY GOLDEN,2970000135,Despensa,IDAHOAN,Conservas Y Encurtidos,NULL,1,https://riba.app/imgrs/THUMBS%20500X500/312509.JPG
156736,IDAHOAN BUTTERY HOMESTYL POTAT,2970000141,Despensa,IDAHOAN,Conservas Y Encurtidos,"[""Kosher""]",1,https://riba.app/imgrs/THUMBS%20500X500/156736.JPG
156737,IDAHOAN ROAST GARLIC MASH POTA,2970000147,Despensa,IDAHOAN,Conservas Y Encurtidos,"[""Kosher""]",1,https://riba.app/imgrs/THUMBS%20500X500/156737.JPG
156735,IDAHOAN LOADED BAKED MSH POTAT,2970000148,Despensa,IDAHOAN,Conservas Y Encurtidos,NULL,1,https://riba.app/imgrs/THUMBS%20500X500/156735.JPG
312510,SOUR CREAM & CHIVES MEZCLA PUR,2970002142,Despensa,IDAHOAN,Conservas Y Encurtidos,"[""Kosher""]",1,https://riba.app/imgrs/THUMBS%20500X500/312510.JPG
312508,MEZCLA PUR PAPA CN TOCINO AHUM,2970002150,Despensa,IDAHOAN,Conservas Y Encurtidos,NULL,1,https://riba.app/imgrs/THUMBS%20500X500/312508.JPG
312507,MONTEREY PEPPER JACK PURE PAPA,2970002182,Despensa,IDAHOAN,Conservas Y Encurtidos,"[""Kosher""]",1,https://riba.app/imgrs/THUMBS%20500X500/312507.JPG
130914,QKR OLD FASHION OATS ,3000001040,Despensa,QUAKER,Avenas Y Cremas,"[""Kosher""]",1,https://riba.app/imgrs/THUMBS%20500X500/130914.JPG
145949,QUAKR QUICT OAST 18OZ,3000001180,Despensa,QUAKER,Avenas Y Cremas,"[""Kosher""]",1,https://riba.app/imgrs/THUMBS%20500X500/145949.JPG
226053,QUAKER INST OATM ORG ORIGINAL,3000001552,Despensa,QUAKER,Avenas Y Cremas,"[""Orgánico""]",1,https://riba.app/imgrs/THUMBS%20500X500/226053.JPG
226054,INST OATMEL ORG MAPLE BR SUGAR,3000001554,Despensa,QUAKER,Avenas Y Cremas,"[""Kosher"",""Orgánico""]",1,https://riba.app/imgrs/THUMBS%20500X500/226054.JPG
345314,LIFE MULTIGRAIN CINNAMON,3000006083,Despensa,QUAKER,Cereales Y Granola,NULL,1,https://riba.app/imgrs/THUMBS%20500X500/345314.JPG
243364,QUAKER CEREAL LIFE CINNAMON,3000006322,Despensa,QUAKER,Cereales Y Granola,"[""Kosher""]",1,https://riba.app/imgrs/THUMBS%20500X500/243364.JPG
2232,CEBADA PERLADA QUAKER 1L,3000007200,Despensa,QUAKER,Avenas Y Cremas,"[""Kosher""]",1,https://riba.app/imgrs/THUMBS%20500X500/2232.JPG
226052,INST OATMEAL PROT BANANA NUT,3000031595,Despensa,QUAKER,Avenas Y Cremas,"[""Kosher""]",1,https://riba.app/imgrs/THUMBS%20500X500/226052.JPG
341181,CAPN CRUNCH BERRY S,3000031596,Despensa,CRUNCH,Cereales Y Granola,"[""Kosher""]",1,https://riba.app/imgrs/THUMBS%20500X500/341181.JPG
243362,QUAKER CEREAL CAPN CRUNCH,3000031597,Despensa,QUAKER,Cereales Y Granola,"[""Kosher""]",1,https://riba.app/imgrs/THUMBS%20500X500/243362.JPG
296575,QUAKER OATMEAL MAPLE GF,3000031793,Despensa,QUAKER,Avenas Y Cremas,"[""Gluten-free"",""Kosher""]",1,https://riba.app/imgrs/THUMBS%20500X500/296575.JPG
296574,QUAKER INST OATMEAL GF,3000031798,Despensa,QUAKER,Avenas Y Cremas,"[""Gluten-free"",""Kosher""]",1,https://riba.app/imgrs/THUMBS%20500X500/296574.JPG
307053,EV-QUAKER GLUT FR QUICK OATS  ,3000032256,Despensa,QUAKER,Avenas Y Cremas,"[""Gluten-free""]",1,https://riba.app/imgrs/THUMBS%20500X500/307053.JPG
255772,CAP N CRUNCH BERRIES,3000043769,Despensa,QUAKER,Cereales Y Granola,"[""Kosher""]",1,https://riba.app/imgrs/THUMBS%20500X500/255772.JPG
260697,INST OATMEAL WEIGHT CONTROL,3000056398,Despensa,QUAKER,Avenas Y Cremas,"[""Kosher""]",1,https://riba.app/imgrs/THUMBS%20500X500/260697.JPG
320523,INST GRITS ORIGL 10,3000056854,Despensa,QUAKER,Avenas Y Cremas,"[""Kosher""]",1,https://riba.app/imgrs/THUMBS%20500X500/320523.JPG
344392,CAPITAN CRUNCH OOPS ALL BERRIE,3000057326,Despensa,CAP´N CRUNCH´S,Cereales Y Granola,"[""Kosher""]",1,https://riba.app/imgrs/THUMBS%20500X500/344392.JPG
326222,PEARL MIL PANCAKE CUP MAPLE,3000057371,Despensa,PEARL MILLING,Harinas,"[""Kosher""]",1,https://riba.app/imgrs/THUMBS%20500X500/326222.JPG
325010,PROTEIN PANCAKE MIX,3000057679,Despensa,PEARL MILLING,Harinas,"[""Kosher""]",1,https://riba.app/imgrs/THUMBS%20500X500/325010.JPG
350619,Q MIGHTY L SUPPORTS HB VERY VA,3000057801,Despensa,MIGHTY LIFE,Cereales Y Granola,"[""Kosher""]",1,https://riba.app/imgrs/THUMBS%20500X500/350619.JPG
350620,Q MIGHTY L INMUNITY SUP STRAW,3000057802,Despensa,MIGHTY LIFE,Cereales Y Granola,"[""Kosher""]",1,https://riba.app/imgrs/THUMBS%20500X500/350620.JPG
338526,CINNAMON CRUNCH CAP CRNCH,3000057812,Despensa,QUAKER,Cereales Y Granola,"[""Kosher""]",1,https://riba.app/imgrs/THUMBS%20500X500/338526.JPG
351976,PROTEIN PEANUT BUTTER CHOC CHI,3000057832,Despensa,QUAKER,Cereales Y Granola,"[""Gluten-free""]",1,https://riba.app/imgrs/THUMBS%20500X500/351976.JPG
351157,CAPN CRUNCH ORANGE C,3000057964,Despensa,QUAKER,Cereales Y Granola,NULL,1,https://riba.app/imgrs/THUMBS%20500X500/351157.JPG
307425,PANCAKE ORIGINAL 907G PMILLING,3000065040,Despensa,PEARL MILLING,Harinas,"[""Kosher""]",1,https://riba.app/imgrs/THUMBS%20500X500/307425.JPG
307427,PANCAKE COMPLETE 453G PMILLING,3000065290,Despensa,PEARL MILLING,Harinas,"[""Kosher""]",1,https://riba.app/imgrs/THUMBS%20500X500/307427.JPG
312536,PANCAKE MANTEQ 907G PMILLING,3000065300,Despensa,PEARL MILLING,Harinas,"[""Kosher""]",1,https://riba.app/imgrs/THUMBS%20500X500/312536.JPG
307426,PANCAKE BUTTERMILK 453G PMILLI,3000065350,Despensa,PEARL MILLING,Harinas,"[""Kosher""]",1,https://riba.app/imgrs/THUMBS%20500X500/307426.JPG
304930,PANCAKE ORIGINAL 453G PMILLING,3000065390,Despensa,PEARL MILLING,Harinas,"[""Kosher""]",1,https://riba.app/imgrs/THUMBS%20500X500/304930.JPG
314242,SIROPE PEARL MILLING LITE,3000065800,Despensa,PEARL MILLING,Siropes,"[""Kosher""]",1,https://riba.app/imgrs/THUMBS%20500X500/314242.JPG
326223,PEARL MIL SYRUP REGULAR,3000065980,Despensa,PEARL MILLING,Siropes,"[""Kosher""]",1,https://riba.app/imgrs/THUMBS%20500X500/326223.JPG
344393,CAPITAN CRUNCH PEANUT BUTTER,3000066211,Despensa,CAP´N CRUNCH´S,Cereales Y Granola,"[""Kosher""]",1,https://riba.app/imgrs/THUMBS%20500X500/344393.JPG
325698,CAPN CRUNCH PEANUT BUTTER REG,3000066507,Despensa,QUAKER,Cereales Y Granola,"[""Kosher""]",1,https://riba.app/imgrs/THUMBS%20500X500/325698.JPG
13741,MAILLE ORIGINAL MUSTARD,303681020128,Despensa,MAILLE,Aderezos Y Salsas,NULL,1,https://riba.app/imgrs/THUMBS%20500X500/13741.JPG
220467,MOSTAZA A LA MIEL,303681020401,Despensa,MAILLE,Aderezos Y Salsas,NULL,1,https://riba.app/imgrs/THUMBS%20500X500/220467.JPG
347310,MOSTAZA CON MIEL CLOVIS,307731101409,Despensa,CLOVIS FRANCE,Aderezos Y Salsas,NULL,1,https://riba.app/imgrs/THUMBS%20500X500/347310.JPG
347305,MOSTAZA CLOVIS DIJON,307731800332,Despensa,CLOVIS FRANCE,Aderezos Y Salsas,NULL,1,https://riba.app/imgrs/THUMBS%20500X500/347305.JPG
347311,MOSTAZA DE ESTRAGON CLOVIS,307731860332,Despensa,CLOVIS FRANCE,Aderezos Y Salsas,NULL,1,https://riba.app/imgrs/THUMBS%20500X500/347311.JPG
255376,SESAME SAUCE,3100067040,Despensa,P.F. CHANGS,Aderezos Y Salsas,NULL,1,https://riba.app/imgrs/THUMBS%20500X500/255376.JPG
255377,TERIYAKI SAUCE,3100067044,Despensa,P.F. CHANGS,Aderezos Y Salsas,NULL,1,https://riba.app/imgrs/THUMBS%20500X500/255377.JPG
314353,REBOZUELOS BORDE SECOS,311230999649,Despensa,BORDE,Conservas Y Encurtidos,NULL,1,https://riba.app/imgrs/THUMBS%20500X500/314353.JPG
314352,HONGOS BORDE SHIITAKE,311230999651,Despensa,BORDE,Conservas Y Encurtidos,NULL,1,https://riba.app/imgrs/THUMBS%20500X500/314352.JPG
314350,SETAS BORDE EXTRA PORCINI,311230999652,Despensa,BORDE,Conservas Y Encurtidos,NULL,1,https://riba.app/imgrs/THUMBS%20500X500/314350.JPG
315961,MEZCLA  DE SETAS ,311230999653,Despensa,BORDE,Conservas Y Encurtidos,NULL,1,https://riba.app/imgrs/THUMBS%20500X500/315961.JPG
179409,OCEAN SPRAY WHOLE CRANBERRY SA,3120001603,Despensa,OCEAN SPRAY,Conservas Y Encurtidos,"[""Kosher""]",1,https://riba.app/imgrs/THUMBS%20500X500/179409.JPG
170483,DIETZ W CRANBERRY HORSERADISH,3150659932,Despensa,DIETZ & WATSON,Aderezos Y Salsas,"[""Kosher""]",1,https://riba.app/imgrs/THUMBS%20500X500/170483.JPG
170484,DIETZ W CHAMPAGNE DILL MUSTARD,3150666622,Despensa,DIETZ & WATSON,Aderezos Y Salsas,"[""Gluten-free"",""Kosher""]",1,https://riba.app/imgrs/THUMBS%20500X500/170484.JPG
352995,DW SWEET & HOT MUSTARD,3150666655,Despensa,DIETZ & WATSON,Aderezos Y Salsas,"[""Gluten-free"",""Kosher""]",1,https://riba.app/imgrs/THUMBS%20500X500/352995.JPG
170485,DIETZ W CRANBERRY HONEY MUSTAR,3150666662,Despensa,DIETZ & WATSON,Aderezos Y Salsas,"[""Gluten-free"",""Kosher""]",1,https://riba.app/imgrs/THUMBS%20500X500/170485.JPG
352989,DW WHOLE GRAIN DIJON MUSTARD,3150666672,Despensa,DIETZ & WATSON,Aderezos Y Salsas,"[""Kosher""]",1,https://riba.app/imgrs/THUMBS%20500X500/352989.JPG
106879,KONTOS FILLO 16 OZ,3239480003,Despensa,KONTOS ,Reposteria,"[""Kosher""]",1,https://riba.app/imgrs/THUMBS%20500X500/106879.JPG
240478,LEVADURA DORADA,326779400000,Despensa,SAF INSTANT,Reposteria,"[""Kosher""]",1,https://riba.app/imgrs/THUMBS%20500X500/240478.JPG
213096,ERTHBL PEANUT BUTTER CREAMY,3377610080,Despensa,EARTH BALANCE,Jaleas Mantequillas Y Mermeladas,"[""Gluten-free"",""Kosher"",""Vegano""]",1,https://riba.app/imgrs/THUMBS%20500X500/213096.JPG
217645,MATEQUILLA DE COCO Y MANI EART,3377610082,Despensa,EARTH BALANCE,Jaleas Mantequillas Y Mermeladas,"[""Gluten-free"",""Kosher"",""Vegano""]",1,https://riba.app/imgrs/THUMBS%20500X500/217645.JPG
26318,SAZON COMPLETA 12 3 5 OZ.,3384400008,Despensa,BADIA,Condimentos Y Semillas,"[""Gluten-free"",""Kosher""]",1,https://riba.app/imgrs/THUMBS%20500X500/26318.JPG
26319,OREGANO ENTERO ,3384400009,Despensa,BADIA,Condimentos Y Semillas,"[""Gluten-free"",""Kosher""]",1,https://riba.app/imgrs/THUMBS%20500X500/26319.JPG
269534,BADIA PIMENTON,3384400011,Despensa,BADIA,Condimentos Y Semillas,"[""Gluten-free"",""Kosher""]",1,https://riba.app/imgrs/THUMBS%20500X500/269534.JPG
332003,GROUND WHITE PEPPER ,3384400026,Despensa,BADIA,Condimentos Y Semillas,"[""Gluten-free"",""Kosher""]",1,https://riba.app/imgrs/THUMBS%20500X500/332003.JPG
320286,BADIA ALLSPICE PIMIENTA DULCE ,3384400040,Despensa,BADIA,Condimentos Y Semillas,"[""Gluten-free"",""Kosher""]",1,https://riba.app/imgrs/THUMBS%20500X500/320286.JPG
266190,GROUND FLAX SEED ORGANIC,3384400043,Despensa,BADIA,Condimentos Y Semillas,"[""Kosher"",""Orgánico""]",1,https://riba.app/imgrs/THUMBS%20500X500/266190.JPG
263108,CHIA SEED ,3384400045,Despensa,BADIA,Condimentos Y Semillas,"[""Gluten-free""]",1,https://riba.app/imgrs/THUMBS%20500X500/263108.JPG
263106,HULLED HEMP SEEDS,3384400081,Despensa,BADIA,Condimentos Y Semillas,"[""Gluten-free"",""Kosher""]",1,https://riba.app/imgrs/THUMBS%20500X500/263106.JPG
336098,BADIA COMPLETE SEASONING ,3384400099,Despensa,BADIA,Condimentos Y Semillas,"[""Gluten-free"",""Kosher""]",1,https://riba.app/imgrs/THUMBS%20500X500/336098.JPG
245779,COMPLETE SEASONING ,3384400101,Despensa,BADIA,Condimentos Y Semillas,"[""Gluten-free"",""Kosher""]",1,https://riba.app/imgrs/THUMBS%20500X500/245779.JPG
306851,CEBOLLA PICADA BADIA,3384400105,Despensa,BADIA,Condimentos Y Semillas,"[""Gluten-free"",""Kosher""]",1,https://riba.app/imgrs/THUMBS%20500X500/306851.JPG
344123,MANGO PEPPER SPICE BADIA,3384400120,Despensa,BADIA,Condimentos Y Semillas,"[""Gluten-free"",""Kosher""]",1,https://riba.app/imgrs/THUMBS%20500X500/344123.JPG
266889,BADIA BASIL LEAVES ORG,3384400162,Despensa,BADIA,Condimentos Y Semillas,"[""Gluten-free"",""Kosher""]",1,https://riba.app/imgrs/THUMBS%20500X500/266889.JPG
255361,CRUSHED RED PEPPER,3384400165,Despensa,BADIA,Condimentos Y Semillas,"[""Gluten-free"",""Kosher"",""Orgánico""]",1,https://riba.app/imgrs/THUMBS%20500X500/255361.JPG
251835,BADIA PEPPER BLACK GROUND ORG,3384400172,Despensa,BADIA,Condimentos Y Semillas,"[""Gluten-free"",""Kosher""]",1,https://riba.app/imgrs/THUMBS%20500X500/251835.JPG
306850,CHOCOLATES SPRINKLES,3384400177,Despensa,BADIA,Reposteria,"[""Gluten-free"",""Kosher""]",1,https://riba.app/imgrs/THUMBS%20500X500/306850.JPG
344122,PEPPER SALT CILANTRO LIME,3384400186,Despensa,BADIA,Condimentos Y Semillas,"[""Gluten-free"",""Kosher""]",1,https://riba.app/imgrs/THUMBS%20500X500/344122.JPG
313770,BADIA PIMIENTA NARANJA ,3384400194,Despensa,BADIA,Condimentos Y Semillas,"[""Gluten-free"",""Kosher""]",1,https://riba.app/imgrs/THUMBS%20500X500/313770.JPG
271891,BADIA CINNAMON SUGAR,3384400202,Despensa,BADIA,Condimentos Y Semillas,"[""Gluten-free"",""Kosher""]",1,https://riba.app/imgrs/THUMBS%20500X500/271891.JPG
317228,SPICE PUMPKIN PIE SPICE,33844002046,Despensa,BADIA,Condimentos Y Semillas,"[""Gluten-free"",""Kosher""]",1,https://riba.app/imgrs/THUMBS%20500X500/317228.JPG
26340,CANELA EN RAMA BADIA 0 75 OZ,3384400206,Despensa,BADIA,Condimentos Y Semillas,"[""Gluten-free"",""Kosher""]",1,https://riba.app/imgrs/THUMBS%20500X500/26340.JPG
269536,BADIA GRAGEAS,3384400207,Despensa,BADIA,Reposteria,"[""Gluten-free"",""Kosher""]",1,https://riba.app/imgrs/THUMBS%20500X500/269536.JPG
283002,PIMIENTA BLANCA MOLIDA,3384400216,Despensa,BADIA,Condimentos Y Semillas,"[""Gluten-free"",""Kosher""]",1,https://riba.app/imgrs/THUMBS%20500X500/283002.JPG
26342,NUEZ MOSCADA MOLID4,3384400217,Despensa,BADIA,Condimentos Y Semillas,"[""Gluten-free"",""Kosher""]",1,https://riba.app/imgrs/THUMBS%20500X500/26342.JPG
283009,PIMIENTA DULCE MOLIDA,3384400219,Despensa,BADIA,Condimentos Y Semillas,"[""Gluten-free"",""Kosher""]",1,https://riba.app/imgrs/THUMBS%20500X500/283009.JPG
26344,BADIA AJO PICADO ACEITE OLIVA,3384400220,Despensa,BADIA,Condimentos Y Semillas,"[""Gluten-free"",""Kosher""]",1,https://riba.app/imgrs/THUMBS%20500X500/26344.JPG
283007,CLAVOS MOLIDOS,3384400221,Despensa,BADIA,Condimentos Y Semillas,"[""Gluten-free"",""Vegano""]",1,https://riba.app/imgrs/THUMBS%20500X500/283007.JPG
346233,BADIA PIMIENTA DULCE MALAGUETA,3384400227,Despensa,BADIA,Condimentos Y Semillas,"[""Gluten-free"",""Kosher""]",1,https://riba.app/imgrs/THUMBS%20500X500/346233.JPG
338188,BADIA SPICE GARLIC PARSLEY,3384400234,Despensa,BADIA,Condimentos Y Semillas,"[""Gluten-free"",""Kosher""]",1,https://riba.app/imgrs/THUMBS%20500X500/338188.JPG
338187,BADIA SPICE GRLC MINCED RECHIL,3384400235,Despensa,BADIA,Condimentos Y Semillas,"[""Gluten-free"",""Kosher""]",1,https://riba.app/imgrs/THUMBS%20500X500/338187.JPG
338189,BADIA SPICE GARLIC LMN BASIL,3384400236,Despensa,BADIA,Condimentos Y Semillas,"[""Gluten-free"",""Kosher""]",1,https://riba.app/imgrs/THUMBS%20500X500/338189.JPG
211227,BADIA CURCUMA,3384400250,Despensa,BADIA,Condimentos Y Semillas,"[""Gluten-free"",""Kosher""]",1,https://riba.app/imgrs/THUMBS%20500X500/211227.JPG
211228,BADIA CANELA EN POLVO,3384400251,Despensa,BADIA,Condimentos Y Semillas,"[""Gluten-free"",""Kosher"",""Orgánico""]",1,https://riba.app/imgrs/THUMBS%20500X500/211228.JPG
211230,BADIA PIMIENTA ROJA,3384400254,Despensa,BADIA,Condimentos Y Semillas,NULL,1,https://riba.app/imgrs/THUMBS%20500X500/211230.JPG
211231,BADIA CEBOLLA EN POLVO,3384400255,Despensa,BADIA,Condimentos Y Semillas,"[""Gluten-free"",""Kosher""]",1,https://riba.app/imgrs/THUMBS%20500X500/211231.JPG
211232,BADIA AJO EN POLVO,3384400256,Despensa,BADIA,Condimentos Y Semillas,"[""Gluten-free"",""Kosher"",""Orgánico""]",1,https://riba.app/imgrs/THUMBS%20500X500/211232.JPG
211234,BADIA MOSTAZA EN POLVO,3384400258,Despensa,BADIA,Condimentos Y Semillas,"[""Gluten-free"",""Kosher"",""Orgánico""]",1,https://riba.app/imgrs/THUMBS%20500X500/211234.JPG
211236,BADIA SEMILLAS DE APIO,3384400260,Despensa,BADIA,Condimentos Y Semillas,"[""Gluten-free"",""Kosher"",""Orgánico""]",1,https://riba.app/imgrs/THUMBS%20500X500/211236.JPG
288135,BADIA SEASONING TACO,3384400263,Despensa,BADIA,Condimentos Y Semillas,"[""Gluten-free"",""Kosher""]",1,https://riba.app/imgrs/THUMBS%20500X500/288135.JPG
344121,BADIA SALT SEA SMOKED,3384400272,Despensa,BADIA,Condimentos Y Semillas,"[""Gluten-free"",""Kosher""]",1,https://riba.app/imgrs/THUMBS%20500X500/344121.JPG
241931,RED LOBSTER SEASONING SEA FOOD,3384400290,Despensa,BADIA,Condimentos Y Semillas,NULL,1,https://riba.app/imgrs/THUMBS%20500X500/241931.JPG
241933,GARLIC&HERB ITAL SEASONING,3384400292,Despensa,BADIA,Condimentos Y Semillas,NULL,1,https://riba.app/imgrs/THUMBS%20500X500/241933.JPG
234364,BADIA SRIRACHA ,3384400326,Despensa,BADIA,Aderezos Y Salsas,"[""Kosher""]",1,https://riba.app/imgrs/THUMBS%20500X500/234364.JPG
338173,BADIA GARLIC MINCED IN WATER,3384400335,Despensa,BADIA,Condimentos Y Semillas,NULL,1,https://riba.app/imgrs/THUMBS%20500X500/338173.JPG
268746,BADIA HOLY SMOKES PORK&MEAT,3384400392,Despensa,BADIA,Condimentos Y Semillas,"[""Gluten-free"",""Kosher""]",1,https://riba.app/imgrs/THUMBS%20500X500/268746.JPG
234365,SALSA CHIMICHURRI ,3384400405,Despensa,BADIA,Aderezos Y Salsas,"[""Gluten-free"",""Kosher""]",1,https://riba.app/imgrs/THUMBS%20500X500/234365.JPG
26347,SALSA AL MOJO LIBRE GLUTEN,3384400414,Despensa,BADIA,Aderezos Y Salsas,"[""Gluten-free""]",1,https://riba.app/imgrs/THUMBS%20500X500/26347.JPG
26348,PIMIENTA NEGRA  ,3384400448,Despensa,BADIA,Condimentos Y Semillas,"[""Gluten-free"",""Kosher""]",1,https://riba.app/imgrs/THUMBS%20500X500/26348.JPG
234342,PIMIENTA CON TRITURADOR ,3384400489,Despensa,BADIA,Condimentos Y Semillas,"[""Gluten-free"",""Kosher""]",1,https://riba.app/imgrs/THUMBS%20500X500/234342.JPG
357041,PINK PEPPERCORN BADIA,3384400513,Despensa,BADIA,Condimentos Y Semillas,"[""Gluten-free"",""Kosher""]",1,https://riba.app/imgrs/THUMBS%20500X500/357041.JPG
312711,BADIA SALT BLACK TRUFFLA,3384400559,Despensa,BADIA,Condimentos Y Semillas,"[""Gluten-free""]",1,https://riba.app/imgrs/THUMBS%20500X500/312711.JPG
152534,BADIA NEW MEX CHILI PODS,3384400640,Despensa,BADIA,Conservas Y Encurtidos,"[""Gluten-free"",""Kosher""]",1,https://riba.app/imgrs/THUMBS%20500X500/152534.JPG
152530,BADIA ARBOL CHILI PODS,3384400641,Despensa,BADIA,Conservas Y Encurtidos,"[""Gluten-free""]",1,https://riba.app/imgrs/THUMBS%20500X500/152530.JPG
152533,BADIA GUAJILLO CHILI PODS,3384400643,Despensa,BADIA,Conservas Y Encurtidos,"[""Gluten-free"",""Kosher""]",1,https://riba.app/imgrs/THUMBS%20500X500/152533.JPG
350092,FLOR DE JAIMAICA BADIA,3384400644,Despensa,BADIA,Conservas Y Encurtidos,"[""Gluten-free"",""Kosher""]",1,https://riba.app/imgrs/THUMBS%20500X500/350092.JPG
58027,BADIA MOJO MARINADE,3384400650,Despensa,BADIA,Aderezos Y Salsas,"[""Gluten-free"",""Kosher""]",1,https://riba.app/imgrs/THUMBS%20500X500/58027.JPG
26350,BADIA PIMIENTA LIMON,3384400670,Despensa,BADIA,Condimentos Y Semillas,"[""Gluten-free"",""Kosher""]",1,https://riba.app/imgrs/THUMBS%20500X500/26350.JPG
242195,BADIA SALVIA MOLIDA,3384400675,Despensa,BADIA,Condimentos Y Semillas,"[""Gluten-free"",""Kosher""]",1,https://riba.app/imgrs/THUMBS%20500X500/242195.JPG
285008,CAJUN SEASONING ,3384400691,Despensa,BADIA,Condimentos Y Semillas,"[""Gluten-free"",""Kosher""]",1,https://riba.app/imgrs/THUMBS%20500X500/285008.JPG
179774,BADIA CHILE CHIPLOTE MEXICA,3384400703,Despensa,BADIA,Conservas Y Encurtidos,"[""Gluten-free"",""Kosher""]",1,https://riba.app/imgrs/THUMBS%20500X500/179774.JPG
289104,BADIA SAZÓN CULANTRO Y ACHIOTE,3384400735,Despensa,BADIA,Condimentos Y Semillas,"[""Gluten-free"",""Kosher""]",1,https://riba.app/imgrs/THUMBS%20500X500/289104.JPG
243930,BADIA STEAK SEASONING,3384400740,Despensa,BADIA,Condimentos Y Semillas,"[""Gluten-free"",""Kosher""]",1,https://riba.app/imgrs/THUMBS%20500X500/243930.JPG
243932,BADIA ITALIAN SEASONING,3384400742,Despensa,BADIA,Condimentos Y Semillas,"[""Gluten-free"",""Kosher""]",1,https://riba.app/imgrs/THUMBS%20500X500/243932.JPG
243931,BADIA POULTRY SEASONING,3384400746,Despensa,BADIA,Condimentos Y Semillas,"[""Gluten-free"",""Kosher""]",1,https://riba.app/imgrs/THUMBS%20500X500/243931.JPG
283000,ROSEMARY,3384400749,Despensa,BADIA,Condimentos Y Semillas,"[""Gluten-free"",""Kosher""]",1,https://riba.app/imgrs/THUMBS%20500X500/283000.JPG
289105,SAZON MEAT POULTRY AND FISH,3384400757,Despensa,BADIA,Condimentos Y Semillas,"[""Gluten-free"",""Kosher""]",1,https://riba.app/imgrs/THUMBS%20500X500/289105.JPG
303612,LINAZA ENTERA 8 OZ ,3384401206,Despensa,BADIA,Condimentos Y Semillas,"[""Kosher"",""Orgánico""]",1,https://riba.app/imgrs/THUMBS%20500X500/303612.JPG
301468,SEMILLAS DE CHIA BADIA 9OZ,3384401211,Despensa,BADIA,Condimentos Y Semillas,"[""Gluten-free"",""Kosher"",""Orgánico""]",1,https://riba.app/imgrs/THUMBS%20500X500/301468.JPG
301420,SEMILLAS DE CANAMO BADIA,3384401213,Despensa,BADIA,Condimentos Y Semillas,"[""Gluten-free"",""Kosher""]",1,https://riba.app/imgrs/THUMBS%20500X500/301420.JPG
338200,BADIA GARLIC BLCK IN WATER,3384401221,Despensa,BADIA,Condimentos Y Semillas,"[""Gluten-free"",""Kosher""]",1,https://riba.app/imgrs/THUMBS%20500X500/338200.JPG
345119,ADOBO W CILANTRO LIME,3384401234,Despensa,BADIA,Condimentos Y Semillas,NULL,1,https://riba.app/imgrs/THUMBS%20500X500/345119.JPG
288136,BADIA ADOBO W COMPL SEASONING,3384401235,Despensa,BADIA,Condimentos Y Semillas,"[""Kosher""]",1,https://riba.app/imgrs/THUMBS%20500X500/288136.JPG
345685,BADIA MARINADE COMPLT SEASNING,3384401238,Despensa,BADIA,Aderezos Y Salsas,"[""Gluten-free"",""Kosher""]",1,https://riba.app/imgrs/THUMBS%20500X500/345685.JPG
306855,BADIA EVERYTHING BAGEL,3384401244,Despensa,BADIA,Condimentos Y Semillas,"[""Gluten-free"",""Kosher""]",1,https://riba.app/imgrs/THUMBS%20500X500/306855.JPG
350682,AZ MEXICAN FIESTA SEASONING TR,3384401300,Despensa,BADIA,Condimentos Y Semillas,"[""Gluten-free"",""Kosher""]",1,https://riba.app/imgrs/THUMBS%20500X500/350682.JPG
350683,AZ GRILL MAGIC SEASONING MOROC,3384401301,Despensa,BADIA,Condimentos Y Semillas,"[""Gluten-free"",""Kosher""]",1,https://riba.app/imgrs/THUMBS%20500X500/350683.JPG
350687,AZ LEMON & SHALLOTS SEASONING,3384401302,Despensa,BADIA,Condimentos Y Semillas,"[""Gluten-free"",""Kosher""]",1,https://riba.app/imgrs/THUMBS%20500X500/350687.JPG
350686,AZ CURRY POWDER MADRAS STYLE,3384401303,Despensa,BADIA,Condimentos Y Semillas,"[""Gluten-free"",""Kosher""]",1,https://riba.app/imgrs/THUMBS%20500X500/350686.JPG
350679,AZ ITALIAN SEASONING TUSCANY S,3384401305,Despensa,BADIA,Condimentos Y Semillas,"[""Gluten-free""]",1,https://riba.app/imgrs/THUMBS%20500X500/350679.JPG
350684,AZ CITRUS HERB SEASONING MEDIT,3384401306,Despensa,BADIA,Condimentos Y Semillas,"[""Gluten-free"",""Kosher""]",1,https://riba.app/imgrs/THUMBS%20500X500/350684.JPG
288137,KINGSFORD SEASONING ORIGNAL,3384406000,Despensa,KINGSFORD,Condimentos Y Semillas,"[""Gluten-free"",""Kosher""]",1,https://riba.app/imgrs/THUMBS%20500X500/288137.JPG
288134,KINGSFORD SEASONING GARLIC HER,3384406004,Despensa,KINGSFORD,Condimentos Y Semillas,"[""Gluten-free"",""Kosher""]",1,https://riba.app/imgrs/THUMBS%20500X500/288134.JPG
46155,HERSHEY S SYRUP 48 OZ,3400000047,Despensa,HERSHEY S REGULAR,Siropes,"[""Gluten-free""]",1,https://riba.app/imgrs/THUMBS%20500X500/46155.JPG
153710,SYRUP SUGAR FREE CHOCOLATE,3400000125,Despensa,HERSHEY S REGULAR,Siropes,"[""Gluten-free"",""Kosher""]",1,https://riba.app/imgrs/THUMBS%20500X500/153710.JPG
2833,SYRUP BOTTLE HERSHEY S,3400000312,Despensa,HERSHEY S REGULAR,Siropes,"[""Gluten-free""]",1,https://riba.app/imgrs/THUMBS%20500X500/2833.JPG
2835,STRAWBERRY SYRUP 22 OZ,3400000318,Despensa,HERSHEY S REGULAR,Siropes,"[""Gluten-free""]",1,https://riba.app/imgrs/THUMBS%20500X500/2835.JPG
151513,HERSHEYS SYRUP DULCE DE LECHE,3400000366,Despensa,HERSHEY S REGULAR,Siropes,"[""Gluten-free"",""Kosher""]",1,https://riba.app/imgrs/THUMBS%20500X500/151513.JPG
257464,CHOC SEMI SWEET MINI CHIPS,3400014530,Despensa,HERSHEY S REGULAR,Reposteria,NULL,1,https://riba.app/imgrs/THUMBS%20500X500/257464.JPG
2830,CHOCOLATE DE LECHE CHIPS,3400014600,Despensa,HERSHEY S REGULAR,Reposteria,NULL,1,https://riba.app/imgrs/THUMBS%20500X500/2830.JPG
2829,CHOC SEMI SWEET CHIPS,3400014830,Despensa,HERSHEY S REGULAR,Reposteria,NULL,1,https://riba.app/imgrs/THUMBS%20500X500/2829.JPG
296567,REESE CREAMY PEANUT BUTTER,3400040012,Despensa,REESE´S,Jaleas Mantequillas Y Mermeladas,"[""Kosher""]",1,https://riba.app/imgrs/THUMBS%20500X500/296567.JPG
309755,MERMELADA DALFOUR 2PK FRESA FR,349239001322,Despensa,ST DALFOUR,Jaleas Mantequillas Y Mermeladas,"[""Gluten-free""]",1,https://riba.app/imgrs/THUMBS%20500X500/309755.JPG
341131,MERMELADA LIMA LIMON STDALFOUR,349239002491,Despensa,ST DALFOUR,Jaleas Mantequillas Y Mermeladas,"[""Gluten-free""]",1,https://riba.app/imgrs/THUMBS%20500X500/341131.JPG
193604,BELLA SUN CARNE ASADA,3534261575,Despensa,BELLA SUN,Aderezos Y Salsas,NULL,1,https://riba.app/imgrs/THUMBS%20500X500/193604.JPG
111355,SUN DRIED TOMA OLIVE OIL HERBS,3534270011,Despensa,BELLA SUN LUCI,Conservas Y Encurtidos,"[""Kosher""]",1,https://riba.app/imgrs/THUMBS%20500X500/111355.JPG
193614,SUNDRIED TOMATOES HALVES,3534271003,Despensa,BELLA SUN LUCI,Conservas Y Encurtidos,"[""Gluten-free"",""Kosher""]",1,https://riba.app/imgrs/THUMBS%20500X500/193614.JPG
193615,SUNDRIED TOMATOES JULIENNE CUT,3534271004,Despensa,BELLA SUN LUCI,Conservas Y Encurtidos,"[""Gluten-free"",""Kosher""]",1,https://riba.app/imgrs/THUMBS%20500X500/193615.JPG
193616,SUNDRIED TOMATS ITALIAN BASIL,3534271005,Despensa,BELLA SUN LUCI,Conservas Y Encurtidos,"[""Gluten-free"",""Kosher""]",1,https://riba.app/imgrs/THUMBS%20500X500/193616.JPG
111357,JULIENNE CUT OLIVE OIL HERBS,3534277008,Despensa,BELLA SUN LUCI,Conservas Y Encurtidos,"[""Gluten-free"",""Kosher""]",1,https://riba.app/imgrs/THUMBS%20500X500/111357.JPG
193612,BRUCHETA SUN DR TOMAT OLIVEOIL,3534284000,Despensa,BELLA SUN LUCI,Conservas Y Encurtidos,NULL,1,https://riba.app/imgrs/THUMBS%20500X500/193612.JPG
111358,SUN DRIED TOMATO PESTO SAUCE,3534285008,Despensa,BELLA SUN LUCI,Conservas Y Encurtidos,"[""Gluten-free""]",1,https://riba.app/imgrs/THUMBS%20500X500/111358.JPG
290068,CNTRY BARN REG PANCAKE MIX,3540603060,Despensa,COUNTRY BARN,Harinas,NULL,1,https://riba.app/imgrs/THUMBS%20500X500/290068.JPG
329369,CB MARASCHINO GREEN CRERRIES ,3540603109,Despensa,COUNTRY BARN,Conservas Y Encurtidos,"[""Kosher""]",1,https://riba.app/imgrs/THUMBS%20500X500/329369.JPG
275344,ORG CHICKEN N RICE SOUP,3574222234,Despensa,HEALTH VALLEY,Sopas Y Cremas,"[""Gluten-free"",""Orgánico""]",1,https://riba.app/imgrs/THUMBS%20500X500/275344.JPG
24576,RAGU TRADIC PLAIN 12 14 OZ,3620000050,Despensa,RAGU,Aderezos Y Salsas,NULL,1,https://riba.app/imgrs/THUMBS%20500X500/24576.JPG
24577,RAGU TRADIC MEAT 12 14 OZ,3620000100,Despensa,RAGU,Aderezos Y Salsas,NULL,1,https://riba.app/imgrs/THUMBS%20500X500/24577.JPG
66756,RAGU CHEE RT GARLIC PARM 16 OZ,3620000217,Despensa,RAGU,Aderezos Y Salsas,NULL,1,https://riba.app/imgrs/THUMBS%20500X500/66756.JPG
75380,RAGU TRADITIONAL,3620000250,Despensa,RAGU,Aderezos Y Salsas,NULL,1,https://riba.app/imgrs/THUMBS%20500X500/75380.JPG
75372,RAGU FLAVOR WITH MEAT,3620000300,Despensa,RAGU,Aderezos Y Salsas,NULL,1,https://riba.app/imgrs/THUMBS%20500X500/75372.JPG
75373,RAGU MUSHROOM,3620000350,Despensa,RAGU,Aderezos Y Salsas,NULL,1,https://riba.app/imgrs/THUMBS%20500X500/75373.JPG
72960,RAGU TOMATO GARLIC ONION,3620000440,Despensa,RAGU,Aderezos Y Salsas,NULL,1,https://riba.app/imgrs/THUMBS%20500X500/72960.JPG
75374,RAGU SAUTEED ONION GARLIC,3620000468,Despensa,RAGU,Aderezos Y Salsas,NULL,1,https://riba.app/imgrs/THUMBS%20500X500/75374.JPG
24580,RAGU TRADIC PIZZA 12 14 OZ,3620000550,Despensa,RAGU,Aderezos Y Salsas,NULL,1,https://riba.app/imgrs/THUMBS%20500X500/24580.JPG
75382,RAGU MAMA SPECIAL GARDEN SAUCE,3620001364,Despensa,RAGU,Aderezos Y Salsas,NULL,1,https://riba.app/imgrs/THUMBS%20500X500/75382.JPG
45609,RAGU CHEESE CLASSIC ALFREDO 16,3620001369,Despensa,RAGU,Aderezos Y Salsas,NULL,1,https://riba.app/imgrs/THUMBS%20500X500/45609.JPG
75370,RAGU SIX CHEESE,3620001375,Despensa,RAGU,Aderezos Y Salsas,NULL,1,https://riba.app/imgrs/THUMBS%20500X500/75370.JPG
288100,BERTOLLI GARLIC ALFREDO,3620021919,Despensa,BERTOLLI,Aderezos Y Salsas,NULL,1,https://riba.app/imgrs/THUMBS%20500X500/288100.JPG
146984,BERTOLLI ALFR SAUCE PRM CHESS,3620021929,Despensa,BERTOLLI,Aderezos Y Salsas,NULL,1,https://riba.app/imgrs/THUMBS%20500X500/146984.JPG
160494,BERTO TOMATO BASIL SAUCE,3620021931,Despensa,BERTOLLI,Aderezos Y Salsas,NULL,1,https://riba.app/imgrs/THUMBS%20500X500/160494.JPG
208465,BERTOLI OLIVE OIL & GARLIC QLT,3620021933,Despensa,BERTOLLI,Aderezos Y Salsas,NULL,1,https://riba.app/imgrs/THUMBS%20500X500/208465.JPG
265695,BERTOLLI VODKA ,3620021934,Despensa,BERTOLLI,Aderezos Y Salsas,NULL,1,https://riba.app/imgrs/THUMBS%20500X500/265695.JPG
299044,BERTOLLI ORG OLIVE OIL BASIL,3620022302,Despensa,BERTOLLI,Aderezos Y Salsas,"[""Orgánico""]",1,https://riba.app/imgrs/THUMBS%20500X500/299044.JPG
250774,PORTOBELO MSHROM SAUCE BERTOLI,3620022628,Despensa,BERTOLLI,Aderezos Y Salsas,NULL,1,https://riba.app/imgrs/THUMBS%20500X500/250774.JPG
290519,RAGU HEARTY TRADITIONAL ,3620037815,Despensa,RAGU,Aderezos Y Salsas,NULL,1,https://riba.app/imgrs/THUMBS%20500X500/290519.JPG
301874,BERTO CREA BASIL ALFREDO,3620043044,Despensa,BERTOLLI,Aderezos Y Salsas,NULL,1,https://riba.app/imgrs/THUMBS%20500X500/301874.JPG
320121,BERTOLLI MARINARA FRESH GARLIC,3620043068,Despensa,BERTOLLI,Aderezos Y Salsas,NULL,1,https://riba.app/imgrs/THUMBS%20500X500/320121.JPG
278692,RAGU SIMPLY TRADITIONAL,3620043097,Despensa,RAGU,Aderezos Y Salsas,NULL,1,https://riba.app/imgrs/THUMBS%20500X500/278692.JPG
328705,SIMPLY ROASTED GARLIC SAUCE,3620043121,Despensa,RAGU,Aderezos Y Salsas,NULL,1,https://riba.app/imgrs/THUMBS%20500X500/328705.JPG
320123,BERTOLLI DITALIA CREAMY ROSA,3620043154,Despensa,BERTOLLI,Aderezos Y Salsas,NULL,1,https://riba.app/imgrs/THUMBS%20500X500/320123.JPG
320124,BERTOLLI DITALIA ALFREDO ,3620043156,Despensa,BERTOLLI,Aderezos Y Salsas,NULL,1,https://riba.app/imgrs/THUMBS%20500X500/320124.JPG
320128,BERTOLLI DITALIA WHITE ALFREDO,3620043167,Despensa,BERTOLLI,Aderezos Y Salsas,NULL,1,https://riba.app/imgrs/THUMBS%20500X500/320128.JPG
323940,BERTOLI DITALIA CACIO E PEPE,3620043168,Despensa,BERTOLLI,Aderezos Y Salsas,NULL,1,https://riba.app/imgrs/THUMBS%20500X500/323940.JPG
328706,KETTLE MARINARA,3620043173,Despensa,RAGU,Aderezos Y Salsas,NULL,1,https://riba.app/imgrs/THUMBS%20500X500/328706.JPG
328707,KETTLE TOMATO BASIL,3620043174,Despensa,RAGU,Aderezos Y Salsas,NULL,1,https://riba.app/imgrs/THUMBS%20500X500/328707.JPG
328708,KETTLE ROASTED GARLIC,3620043175,Despensa,RAGU,Aderezos Y Salsas,NULL,1,https://riba.app/imgrs/THUMBS%20500X500/328708.JPG
328709,SIMPLY TOMATO BASIL SAUCE,3620043176,Despensa,RAGU,Aderezos Y Salsas,NULL,1,https://riba.app/imgrs/THUMBS%20500X500/328709.JPG
340214,SALSA LA PICON CARIBENO,366366418280,Despensa,LA PICON,Aderezos Y Salsas,NULL,1,https://riba.app/imgrs/THUMBS%20500X500/340214.JPG
340215,SALSA PICANTE MARACUYA L PICON,366366418281,Despensa,LA PICON,Aderezos Y Salsas,NULL,1,https://riba.app/imgrs/THUMBS%20500X500/340215.JPG
340217,SALSA PICANTE PINA LA PICON,366366418282,Despensa,LA PICON,Aderezos Y Salsas,NULL,1,https://riba.app/imgrs/THUMBS%20500X500/340217.JPG
340216,SALSA PICANTE MANGO LA PICON,366366418283,Despensa,LA PICON,Aderezos Y Salsas,NULL,1,https://riba.app/imgrs/THUMBS%20500X500/340216.JPG
348918,SALSA COREANA FE,366366418293,Despensa,FUSIAN EATS,Aderezos Y Salsas,NULL,1,https://riba.app/imgrs/THUMBS%20500X500/348918.JPG
352410,SALSA COREANA PARA POLLO FRITO,366366418298,Despensa,FUSIAN EATS,Aderezos Y Salsas,NULL,1,https://riba.app/imgrs/THUMBS%20500X500/352410.JPG
350149,PIMENTONES CONFITADOS SABOR Y,366366418299,Despensa,SABOR Y ARTE,Conservas Y Encurtidos,NULL,1,https://riba.app/imgrs/THUMBS%20500X500/350149.JPG
350529,MANTECA DE CERDO,366366419209,Despensa,HARTWELL'S,Aceites Y Mantecas,"[""Keto"",""Paleo""]",1,https://riba.app/imgrs/THUMBS%20500X500/350529.JPG
351897,MANTECA DE CERDO GOURMET,366366419215,Despensa,HARMONY,Aceites Y Mantecas,"[""Keto"",""Paleo""]",1,https://riba.app/imgrs/THUMBS%20500X500/351897.JPG
299420,BAKING CHIPS OAT MILK CHOCO,3701440001,Despensa,ENDANGERED SPECIES,Reposteria,"[""Gluten-free"",""Kosher"",""Vegano""]",1,https://riba.app/imgrs/THUMBS%20500X500/299420.JPG
299421,BAKING CHIP OATS MILK 75% DARK,3701440002,Despensa,ENDANGERED SPECIES,Reposteria,"[""Gluten-free"",""Kosher"",""Vegano""]",1,https://riba.app/imgrs/THUMBS%20500X500/299421.JPG
7465,REMOLACHA REBANADAS,3710003206,Despensa,LIBBY S,Conservas Y Encurtidos,"[""Kosher""]",1,https://riba.app/imgrs/THUMBS%20500X500/7465.JPG
187059,REMOLACHA ENTERA ,3710003215,Despensa,LIBBY S,Conservas Y Encurtidos,NULL,1,https://riba.app/imgrs/THUMBS%20500X500/187059.JPG
260742,REMOLACHAS CUBITOS,3710003228,Despensa,LIBBY S,Conservas Y Encurtidos,NULL,1,https://riba.app/imgrs/THUMBS%20500X500/260742.JPG
7464,REMOLACHA EN REBANADA LIBBYS,3710003231,Despensa,LIBBY S,Conservas Y Encurtidos,NULL,1,https://riba.app/imgrs/THUMBS%20500X500/7464.JPG
345836,SLICED BEETS,3710003234,Despensa,LIBBY'S,Conservas Y Encurtidos,"[""Kosher""]",1,https://riba.app/imgrs/THUMBS%20500X500/345836.JPG
45131,GREEN BEANS FRENCH STYLE 14 5Z,3710003254,Despensa,LIBBY S,Conservas Y Encurtidos,"[""Kosher""]",1,https://riba.app/imgrs/THUMBS%20500X500/45131.JPG
7468,GUIS  DULCE LIBBY 482 GR,3710003255,Despensa,LIBBY S,Conservas Y Encurtidos,NULL,1,https://riba.app/imgrs/THUMBS%20500X500/7468.JPG
133368,LIB GREEN BEANS CUT N SALT/SUG,3710003314,Despensa,LIBBY S,Arroz Y Granos,"[""Kosher""]",1,https://riba.app/imgrs/THUMBS%20500X500/133368.JPG
45127,LIBBY FRENCH GREEN BEANS 8 OZ,3710003325,Despensa,LIBBY S,Conservas Y Encurtidos,"[""Kosher""]",1,https://riba.app/imgrs/THUMBS%20500X500/45127.JPG
29265,MAIZ DULCE EN GRANO ,3710003488,Despensa,LIBBY S,Conservas Y Encurtidos,NULL,1,https://riba.app/imgrs/THUMBS%20500X500/29265.JPG
29264,MAIZ DULCE EN GRANO,3710003499,Despensa,LIBBY S,Conservas Y Encurtidos,NULL,1,https://riba.app/imgrs/THUMBS%20500X500/29264.JPG
45125,LIBBY CREAM STYLE CORN,3710003604,Despensa,LIBBY S,Conservas Y Encurtidos,NULL,1,https://riba.app/imgrs/THUMBS%20500X500/45125.JPG
219905,SWEET CORN ,3710003652,Despensa,LIBBY S,Conservas Y Encurtidos,NULL,1,https://riba.app/imgrs/THUMBS%20500X500/219905.JPG
133369,LIB SWEET CORN N SALT/SUG,3710003655,Despensa,LIBBY'S,Conservas Y Encurtidos,NULL,1,https://riba.app/imgrs/THUMBS%20500X500/133369.JPG
29267,VEGETALES MIXTOS ,3710003828,Despensa,LIBBY S,Conservas Y Encurtidos,NULL,1,https://riba.app/imgrs/THUMBS%20500X500/29267.JPG
29268,GUISANTES DULCES,3710004203,Despensa,LIBBY S,Conservas Y Encurtidos,NULL,1,https://riba.app/imgrs/THUMBS%20500X500/29268.JPG
133370,LIB SWEET PEAS N SALT/SUG,3710004210,Despensa,LIBBY'S,Conservas Y Encurtidos,NULL,1,https://riba.app/imgrs/THUMBS%20500X500/133370.JPG
199646,LIBBYS SAUERKRAUT CRISPY,3710004607,Despensa,LIBBY S,Conservas Y Encurtidos,NULL,1,https://riba.app/imgrs/THUMBS%20500X500/199646.JPG
213412,CEREZA  10 OZ,3710037556,Despensa,LIBBY S,Conservas Y Encurtidos,NULL,1,https://riba.app/imgrs/THUMBS%20500X500/213412.JPG
213413,CEREZA  16 OZ,3710037557,Despensa,LIBBY S,Conservas Y Encurtidos,NULL,1,https://riba.app/imgrs/THUMBS%20500X500/213413.JPG
135656,KALAMATA OLIVE HALVED,3727916040,Despensa,PELOPONNESE,Conservas Y Encurtidos,NULL,1,https://riba.app/imgrs/THUMBS%20500X500/135656.JPG
46051,MASECA INST CORN MASA MIX,3729791447,Despensa,MASECA,Harinas,"[""Gluten-free""]",1,https://riba.app/imgrs/THUMBS%20500X500/46051.JPG
15171,SALSA DE MANZANA ORIGINAL,3732312518,Despensa,MUSSELMAN S,Jaleas Mantequillas Y Mermeladas,"[""Gluten-free""]",1,https://riba.app/imgrs/THUMBS%20500X500/15171.JPG
15160,RELLENO PARA PIE DE MANZANA,3732315803,Despensa,MUSSELMAN S,Reposteria,"[""Gluten-free""]",1,https://riba.app/imgrs/THUMBS%20500X500/15160.JPG
15162,RELLENO PARA PIE DE CEREZA,3732315806,Despensa,MUSSELMAN S,Reposteria,"[""Gluten-free"",""Kosher""]",1,https://riba.app/imgrs/THUMBS%20500X500/15162.JPG
15161,RELLENO PARA PIE ARANDANO AZUL,3732315812,Despensa,MUSSELMAN S,Reposteria,"[""Gluten-free""]",1,https://riba.app/imgrs/THUMBS%20500X500/15161.JPG
60227,TROCITOS R DE TOCINO 50% M GRA,3760006951,Despensa,HORMEL,Aderezos Y Salsas,NULL,1,https://riba.app/imgrs/THUMBS%20500X500/60227.JPG
199410,SKIPPY NATURAL CREAMY,3760010506,Despensa,SKIPPY,Jaleas Mantequillas Y Mermeladas,"[""Kosher""]",1,https://riba.app/imgrs/THUMBS%20500X500/199410.JPG
310994,SKIPPY PEANUT BUTTER HONEY,3760010508,Despensa,SKIPPY,Jaleas Mantequillas Y Mermeladas,"[""Kosher""]",1,https://riba.app/imgrs/THUMBS%20500X500/310994.JPG
4803,SKIPPY CREMA 12 OZ ,3760010621,Despensa,SKIPPY,Jaleas Mantequillas Y Mermeladas,"[""Gluten-free"",""Kosher""]",1,https://riba.app/imgrs/THUMBS%20500X500/4803.JPG
33624,FRIJOLES CON PAVO FF,3760010743,Despensa,HORMEL,Arroz Y Granos,NULL,1,https://riba.app/imgrs/THUMBS%20500X500/33624.JPG
199405,SKIPPY ROASTED HONEY NUT SUPER,3760011087,Despensa,SKIPPY,Jaleas Mantequillas Y Mermeladas,"[""Gluten-free"",""Kosher""]",1,https://riba.app/imgrs/THUMBS%20500X500/199405.JPG
151930,FRIJOLES CON VEGETALES FF,3760020217,Despensa,HORMEL,Arroz Y Granos,"[""Vegano""]",1,https://riba.app/imgrs/THUMBS%20500X500/151930.JPG
23379,HORMEL CHILI WITH BEANS,3760022318,Despensa,HORMEL,Arroz Y Granos,"[""Gluten-free""]",1,https://riba.app/imgrs/THUMBS%20500X500/23379.JPG
151576,SKIPPY CHUNKY PEANUT BUTTERS,3760023101,Despensa,SKIPPY,Jaleas Mantequillas Y Mermeladas,"[""Kosher""]",1,https://riba.app/imgrs/THUMBS%20500X500/151576.JPG
23380,CHILE C FRIJOLES HORMEL,3760023352,Despensa,HORMEL,Arroz Y Granos,"[""Gluten-free""]",1,https://riba.app/imgrs/THUMBS%20500X500/23380.JPG
33621,CHILI SIN FRIJOLES HORMEL 15OZ,3760024193,Despensa,HORMEL,Arroz Y Granos,NULL,1,https://riba.app/imgrs/THUMBS%20500X500/33621.JPG
199408,SKIPPY REDUCED FAT CREAMY,3760025677,Despensa,SKIPPY,Jaleas Mantequillas Y Mermeladas,"[""Gluten-free"",""Kosher""]",1,https://riba.app/imgrs/THUMBS%20500X500/199408.JPG
51072,CORN FLAKES KELLOGGS  12 OZ,3800000110,Despensa,KELLOGG S,Cereales Y Granola,"[""Kosher""]",1,https://riba.app/imgrs/THUMBS%20500X500/51072.JPG
113466,KELLOGG S CORN FLAKES,3800000195,Despensa,KELLOGG S,Cereales Y Granola,"[""Kosher""]",1,https://riba.app/imgrs/THUMBS%20500X500/113466.JPG
113470,KELLOGG S RICE KRISPIES,3800000565,Despensa,KELLOGG S,Cereales Y Granola,"[""Kosher""]",1,https://riba.app/imgrs/THUMBS%20500X500/113470.JPG
113458,KELLOGG S RAISIN BRAN,3800000861,Despensa,KELLOGG S,Cereales Y Granola,"[""Kosher""]",1,https://riba.app/imgrs/THUMBS%20500X500/113458.JPG
282111,SPECIAL K RED BERRY CIAC,3800000917,Despensa,KELLOGG S,Cereales Y Granola,"[""Kosher""]",1,https://riba.app/imgrs/THUMBS%20500X500/282111.JPG
113931,KELLOGG S COCOA RICE KRISPIES,3800001161,Despensa,KELLOGG S,Cereales Y Granola,"[""Kosher""]",1,https://riba.app/imgrs/THUMBS%20500X500/113931.JPG
45893,KELL SPECIAL K 18 OZ         ,3800001621,Despensa,SPECIAL K,Cereales Y Granola,"[""Kosher""]",1,https://riba.app/imgrs/THUMBS%20500X500/45893.JPG
113468,KELLOGG S FROOT LOOPS,3800001767,Despensa,KELLOGG S,Cereales Y Granola,"[""Kosher""]",1,https://riba.app/imgrs/THUMBS%20500X500/113468.JPG
9347,KELLOGG S FUN PACK  8 OZ,3800005220,Despensa,KELLOGG S,Cereales Y Granola,NULL,1,https://riba.app/imgrs/THUMBS%20500X500/9347.JPG
280662,ALL BRAN BUDS,3800019842,Despensa,KELLOGG S,Cereales Y Granola,"[""Kosher""]",1,https://riba.app/imgrs/THUMBS%20500X500/280662.JPG
284464,KRAVE CHOCOLATE CEREAL,3800019924,Despensa,KELLOGG S,Cereales Y Granola,"[""Kosher""]",1,https://riba.app/imgrs/THUMBS%20500X500/284464.JPG
344390,KELLOGGS MUESLIX,3800019961,Despensa,KELLOGG´S,Cereales Y Granola,"[""Kosher""]",1,https://riba.app/imgrs/THUMBS%20500X500/344390.JPG
279546,KELLOGGS RICE KRISPIES,3800019994,Despensa,KELLOGG S,Cereales Y Granola,"[""Kosher""]",1,https://riba.app/imgrs/THUMBS%20500X500/279546.JPG
112264,KELL FROSTED FLAKES OF CORN,3800021963,Despensa,KELLOGG S,Cereales Y Granola,NULL,1,https://riba.app/imgrs/THUMBS%20500X500/112264.JPG
45852,KELL FROOT LOOPS INDIVIDUAL,3800021974,Despensa,KELLOGG S,Cereales Y Granola,"[""Kosher""]",1,https://riba.app/imgrs/THUMBS%20500X500/45852.JPG
297207,POPTARTS FROSTED SMORES,3800022283,Despensa,KELLOGG S,Cereales Y Granola,NULL,1,https://riba.app/imgrs/THUMBS%20500X500/297207.JPG
315556,KEL CRISPIX,3800026983,Despensa,KELLOGG S,Cereales Y Granola,NULL,1,https://riba.app/imgrs/THUMBS%20500X500/315556.JPG
346719,SPECIAL K CEREAL ,3800026985,Despensa,KELLOGG´S,Cereales Y Granola,NULL,1,https://riba.app/imgrs/THUMBS%20500X500/346719.JPG
338512,COCOA KRISP CEREAL KELLOG,3800027088,Despensa,KELLOGG S,Cereales Y Granola,"[""Kosher""]",1,https://riba.app/imgrs/THUMBS%20500X500/338512.JPG
343475,KRAVE CARAMEL CHOC BROWNIE,3800027658,Despensa,KELLOGG ´S,Cereales Y Granola,"[""Kosher""]",1,https://riba.app/imgrs/THUMBS%20500X500/343475.JPG
340222,CRL CORN POPS LARGE,3800028184,Despensa,KELLOGG S,Cereales Y Granola,"[""Kosher""]",1,https://riba.app/imgrs/THUMBS%20500X500/340222.JPG
325455,FROOT LOOP MARSHMALLOW,3800028464,Despensa,KELLOGG S,Cereales Y Granola,NULL,1,https://riba.app/imgrs/THUMBS%20500X500/325455.JPG
327291,KELLOGGS KRAVE DUO SNAX JUMBO,3800028822,Despensa,KELLOGG S,Cereales Y Granola,"[""Kosher""]",1,https://riba.app/imgrs/THUMBS%20500X500/327291.JPG
345026,KELL CRUMBL CHOC CHIP COOKIE,3800029384,Despensa,KELLOGG´S,Cereales Y Granola,"[""Kosher""]",1,https://riba.app/imgrs/THUMBS%20500X500/345026.JPG
348577,BARS POWERFULLS CHOC CHIP,3800029609,Despensa,KELLOGG´S,Cereales Y Granola,NULL,1,https://riba.app/imgrs/THUMBS%20500X500/348577.JPG
348587,POWERFULLS STRAW OAT BITES,3800029615,Despensa,KELLOGG´S,Cereales Y Granola,NULL,1,https://riba.app/imgrs/THUMBS%20500X500/348587.JPG
350659,TREATS SQUARE CARAMEL,3800030250,Despensa,KELLOGG´S,Cereales Y Granola,NULL,1,https://riba.app/imgrs/THUMBS%20500X500/350659.JPG
146929,KELLOGGS RICE KRISPIES TR BARR,3800030316,Despensa,KELLOGG'S,Cereales Y Granola,NULL,1,https://riba.app/imgrs/THUMBS%20500X500/146929.JPG
45895,KELL HONEY SMACKS,3800039103,Despensa,KELLOGG S,Cereales Y Granola,"[""Kosher""]",1,https://riba.app/imgrs/THUMBS%20500X500/45895.JPG
78006,FROOT LOOPS CEREAL,3800063530,Despensa,KELLOGG S,Cereales Y Granola,"[""Kosher""]",1,https://riba.app/imgrs/THUMBS%20500X500/78006.JPG
78010,CORN POPS KELLOGG S,3800063560,Despensa,KELLOGG S,Cereales Y Granola,"[""Kosher""]",1,https://riba.app/imgrs/THUMBS%20500X500/78010.JPG
78012,FROSTED FLAKES CEREAL KELLOGG ,3800063570,Despensa,KELLOGG S,Cereales Y Granola,"[""Kosher""]",1,https://riba.app/imgrs/THUMBS%20500X500/78012.JPG
44570,KELL RICE KRISPIES TREATS,3800076541,Despensa,KELLOGG´S,Cereales Y Granola,NULL,1,https://riba.app/imgrs/THUMBS%20500X500/44570.JPG
45890,KELL KRISPIES CHOCOLATE CHIP,3800076841,Despensa,KELLOGG´S,Cereales Y Granola,NULL,1,https://riba.app/imgrs/THUMBS%20500X500/45890.JPG
242410,KELLOGS FROSTED FLAKES ,3800091610,Despensa,KELLOGG S,Cereales Y Granola,"[""Kosher""]",1,https://riba.app/imgrs/THUMBS%20500X500/242410.JPG
311904,FROOT LOOPS REDUCED SUGAR,3800092633,Despensa,KELLOGG S,Cereales Y Granola,"[""Kosher""]",1,https://riba.app/imgrs/THUMBS%20500X500/311904.JPG
327268,KELLOGGS APPLE JACKS CEREAL,3800092634,Despensa,KELLOGG S,Cereales Y Granola,"[""Kosher""]",1,https://riba.app/imgrs/THUMBS%20500X500/327268.JPG
2264,CAP N CRUNCH JUMBO,3852701430,Despensa,QUAKER,Cereales Y Granola,"[""Kosher""]",1,https://riba.app/imgrs/THUMBS%20500X500/2264.JPG
2261,R6560 CAP N CRUNCH BERRIES,3852701431,Despensa,QUAKER,Cereales Y Granola,"[""Kosher""]",1,https://riba.app/imgrs/THUMBS%20500X500/2261.JPG
310462,SIROPE PEARL MILLING LITE,3852701434,Despensa,PEARL MILLING,Siropes,"[""Kosher""]",1,https://riba.app/imgrs/THUMBS%20500X500/310462.JPG
310464,SIROPE PMILLING ORIGINAL,3852701437,Despensa,PEARL MILLING,Siropes,"[""Kosher""]",1,https://riba.app/imgrs/THUMBS%20500X500/310464.JPG
2263,CAP N CRUNCH 8 OZ ,3852759015,Despensa,QUAKER,Cereales Y Granola,"[""Kosher""]",1,https://riba.app/imgrs/THUMBS%20500X500/2263.JPG
79777,AVENA QUAKER OATS QUICK ,3852759033,Despensa,QUAKER,Avenas Y Cremas,"[""Kosher""]",1,https://riba.app/imgrs/THUMBS%20500X500/79777.JPG
188726,QUAKR LIFE CEREAL,3852759109,Despensa,QUAKER,Cereales Y Granola,"[""Kosher""]",1,https://riba.app/imgrs/THUMBS%20500X500/188726.JPG
946,PIÑA EN RODAJAS,3890000102,Despensa,DOLE,Conservas Y Encurtidos,"[""Gluten-free"",""Kosher"",""Vegano""]",1,https://riba.app/imgrs/THUMBS%20500X500/946.JPG
948,PINEAPPLE SLICES JUICE 567 GRS,3890000143,Despensa,DOLE,Conservas Y Encurtidos,"[""Gluten-free"",""Kosher"",""Vegano""]",1,https://riba.app/imgrs/THUMBS%20500X500/948.JPG
45073,DOLE PINEAPPLE CHUNKS SYRUP 20,3890000462,Despensa,DOLE,Conservas Y Encurtidos,"[""Gluten-free"",""Kosher"",""Vegano""]",1,https://riba.app/imgrs/THUMBS%20500X500/45073.JPG
45066,DOLE PINEAPPLE CRUSHED SYRUP20,3890000602,Despensa,DOLE,Conservas Y Encurtidos,"[""Gluten-free"",""Kosher"",""Vegano""]",1,https://riba.app/imgrs/THUMBS%20500X500/45066.JPG
45064,PINEAPPLE CRUSHED IN SYRUP,3890000609,Despensa,DOLE,Conservas Y Encurtidos,"[""Gluten-free"",""Kosher"",""Vegano""]",1,https://riba.app/imgrs/THUMBS%20500X500/45064.JPG
45067,DOLE PINEAPPLE CRUSHED JUICE20,3890000613,Despensa,DOLE,Conservas Y Encurtidos,"[""Gluten-free"",""Kosher"",""Vegano""]",1,https://riba.app/imgrs/THUMBS%20500X500/45067.JPG
45065,PINEAPPLE CRUSHED IN JUICE 8OZ,3890000619,Despensa,DOLE,Conservas Y Encurtidos,"[""Gluten-free"",""Kosher"",""Vegano""]",1,https://riba.app/imgrs/THUMBS%20500X500/45065.JPG
45075,DOLE TROP FRUIT IN JUICE,3890003039,Despensa,DOLE,Conservas Y Encurtidos,NULL,1,https://riba.app/imgrs/THUMBS%20500X500/45075.JPG
7474,PURE DE ZAPALLO (PUMPKIN),3900004504,Despensa,LIBBY S,Reposteria,"[""Kosher""]",1,https://riba.app/imgrs/THUMBS%20500X500/7474.JPG
244427,ORIGINAL BAKED BEANS ,3940001606,Despensa,BUSH S BEST,Arroz Y Granos,"[""Gluten-free""]",1,https://riba.app/imgrs/THUMBS%20500X500/244427.JPG
163889,BAKED BEANS ORIGINAL,3940001612,Despensa,BUSH S BEST,Arroz Y Granos,"[""Gluten-free""]",1,https://riba.app/imgrs/THUMBS%20500X500/163889.JPG
163892,FRIJOLES CON SALSA PIC VEGETAR,3940001633,Despensa,BUSH S BEST,Arroz Y Granos,"[""Gluten-free"",""Vegano""]",1,https://riba.app/imgrs/THUMBS%20500X500/163892.JPG
168991,BUSH CHILLI BEAN PINTO,3940001687,Despensa,BUSH S BEST,Arroz Y Granos,"[""Gluten-free""]",1,https://riba.app/imgrs/THUMBS%20500X500/168991.JPG
156733,BUSH CHILI BEANS MILD SAUCE,3940001690,Despensa,BUSH S BEST,Arroz Y Granos,"[""Gluten-free""]",1,https://riba.app/imgrs/THUMBS%20500X500/156733.JPG
163893,GARBANZOS,3940001700,Despensa,BUSH S BEST,Arroz Y Granos,"[""Gluten-free""]",1,https://riba.app/imgrs/THUMBS%20500X500/163893.JPG
62442,BUSH WHITE HOMINY VAN CAM,3940001723,Despensa,BUSH S BEST,Conservas Y Encurtidos,NULL,1,https://riba.app/imgrs/THUMBS%20500X500/62442.JPG
349135,BUSHS WHITE HOMINY,3940001728,Despensa,BUSH´S BEST,Conservas Y Encurtidos,NULL,1,https://riba.app/imgrs/THUMBS%20500X500/349135.JPG
45110,FRIJOLES ROJOS OSCUROS,3940001734,Despensa,BUSH S BEST,Arroz Y Granos,"[""Gluten-free""]",1,https://riba.app/imgrs/THUMBS%20500X500/45110.JPG
168992,BUSH DARK RED KIDNEY BEANS,3940001740,Despensa,BUSH S BEST,Arroz Y Granos,"[""Gluten-free""]",1,https://riba.app/imgrs/THUMBS%20500X500/168992.JPG
157399,BUSHS BEST FRIJOLES PINTOS,3940001810,Despensa,BUSH S BEST,Arroz Y Granos,"[""Vegano""]",1,https://riba.app/imgrs/THUMBS%20500X500/157399.JPG
45113,BUSH BLACK BEANS,3940001880,Despensa,BUSH S BEST,Arroz Y Granos,"[""Gluten-free""]",1,https://riba.app/imgrs/THUMBS%20500X500/45113.JPG
164073,BUSH BOURBON & BROUN SUGAR,3940001910,Despensa,BUSH S BEST,Arroz Y Granos,"[""Gluten-free""]",1,https://riba.app/imgrs/THUMBS%20500X500/164073.JPG
244428,COUNTRY STYLE BEANS ,3940001972,Despensa,BUSH S BEST,Arroz Y Granos,"[""Gluten-free""]",1,https://riba.app/imgrs/THUMBS%20500X500/244428.JPG
303779,INSTANT OATMEAL CLASSIC ,3997800167,Despensa,BOB S RED MILL,Avenas Y Cremas,"[""Gluten-free"",""Kosher""]",1,https://riba.app/imgrs/THUMBS%20500X500/303779.JPG
283214,GRANOLA MAPLE SEA SALT ,3997800173,Despensa,BOB S RED MILL,Cereales Y Granola,"[""Gluten-free"",""Kosher""]",1,https://riba.app/imgrs/THUMBS%20500X500/283214.JPG
284478,CASSAVA FLOUR,3997800178,Despensa,BOB S RED MILL,Harinas,"[""Gluten-free"",""Kosher"",""Vegano""]",1,https://riba.app/imgrs/THUMBS%20500X500/284478.JPG
263110,PROTEIN PANCAKE & WAFFLE MIX,3997800209,Despensa,BOB´S RED MILL,Harinas,"[""Kosher""]",1,https://riba.app/imgrs/THUMBS%20500X500/263110.JPG
195598,HONEY OAT GRANOLA,3997800285,Despensa,BOB S RED MILL,Cereales Y Granola,"[""Kosher""]",1,https://riba.app/imgrs/THUMBS%20500X500/195598.JPG
265698,BOB S CEREAL MUESLI PALEO GF,3997800350,Despensa,BOB S RED MILL,Cereales Y Granola,"[""Gluten-free"",""Kosher""]",1,https://riba.app/imgrs/THUMBS%20500X500/265698.JPG
223409,BOBS RED MILL HONEY OAT GF GRA,3997800364,Despensa,BOB´S RED MILL,Cereales Y Granola,"[""Gluten-free"",""Kosher""]",1,https://riba.app/imgrs/THUMBS%20500X500/223409.JPG
201387,MUESLI CEREAL GLUTEN FREE,3997800366,Despensa,BOB S RED MILL,Cereales Y Granola,"[""Gluten-free"",""Kosher""]",1,https://riba.app/imgrs/THUMBS%20500X500/201387.JPG
263111,PALEO PANCAKE & WAFFLE MIX GF,3997800395,Despensa,BOB S RED MILL,Harinas,NULL,1,https://riba.app/imgrs/THUMBS%20500X500/263111.JPG
332177,00 FLOUR PREM ITALIA STYLE,3997800414,Despensa,BOB S RED MILL,Harinas,"[""Kosher""]",1,https://riba.app/imgrs/THUMBS%20500X500/332177.JPG
337880,BROWNIE BAKING MIX,3997800473,Despensa,BOB S RED MILL,Reposteria,"[""Kosher""]",1,https://riba.app/imgrs/THUMBS%20500X500/337880.JPG
337882,CHOCOLATE CAKE BAKING MIX,3997800475,Despensa,BOB S RED MILL,Reposteria,"[""Kosher""]",1,https://riba.app/imgrs/THUMBS%20500X500/337882.JPG
337883,YELLOW CAKE BAKING MIX,3997800476,Despensa,BOB S RED MILL,Reposteria,"[""Kosher""]",1,https://riba.app/imgrs/THUMBS%20500X500/337883.JPG
337878,GF PROTEIN ROLLED OATS 32 OZ,3997800480,Despensa,BOB S RED MILL,Avenas Y Cremas,"[""Gluten-free""]",1,https://riba.app/imgrs/THUMBS%20500X500/337878.JPG
343798,PANCAKE WAFFLE MIX HOMESTYLE,3997800483,Despensa,BOB´S RED MILL,Harinas,"[""Kosher""]",1,https://riba.app/imgrs/THUMBS%20500X500/343798.JPG
352371,GF CLASSIC OATMEAL ,3997800489,Despensa,BOB'S RED MILL,Avenas Y Cremas,"[""Gluten-free"",""Kosher""]",1,https://riba.app/imgrs/THUMBS%20500X500/352371.JPG
250473,BOB S RED MILL EGG REPLACER,3997800620,Despensa,BOB S RED MILL,Harinas,"[""Gluten-free"",""Kosher""]",1,https://riba.app/imgrs/THUMBS%20500X500/250473.JPG
317254,BLUEBERRY MUFFIN MIX GRAIN FRE,3997800647,Despensa,BOB S RED MILL,Reposteria,"[""Gluten-free"",""Kosher"",""Paleo""]",1,https://riba.app/imgrs/THUMBS%20500X500/317254.JPG
317258,CHOCOLATE CAKE MIX ,3997800648,Despensa,BOB S RED MILL,Reposteria,"[""Gluten-free"",""Kosher"",""Paleo""]",1,https://riba.app/imgrs/THUMBS%20500X500/317258.JPG
317245,BOBS RED MILL FLATBREAD MIX GF,3997800654,Despensa,BOB S RED MILL,Harinas,"[""Gluten-free"",""Kosher"",""Paleo""]",1,https://riba.app/imgrs/THUMBS%20500X500/317245.JPG
283215,OATMEAL CLASSIC ORG ,3997800804,Despensa,BOB S RED MILL,Avenas Y Cremas,"[""Gluten-free"",""Kosher"",""Orgánico""]",1,https://riba.app/imgrs/THUMBS%20500X500/283215.JPG
265701,BOB S SEEDS CHIA OG2,3997800844,Despensa,BOB S RED MILL,Condimentos Y Semillas,"[""Gluten-free"",""Kosher"",""Orgánico""]",1,https://riba.app/imgrs/THUMBS%20500X500/265701.JPG
283213,GRANOLA LEMON BLUEBERRY,3997801173,Despensa,BOB S RED MILL,Cereales Y Granola,"[""Gluten-free"",""Kosher""]",1,https://riba.app/imgrs/THUMBS%20500X500/283213.JPG
235554,OATMEAL CUP BLUEBERRY HAZELNUT,3997801184,Despensa,BOB S RED MILL,Avenas Y Cremas,"[""Gluten-free"",""Kosher""]",1,https://riba.app/imgrs/THUMBS%20500X500/235554.JPG
327783,GOLDEN MASA CORN FLOUR ,3997801335,Despensa,BOB S RED MILL,Harinas,"[""Kosher""]",1,https://riba.app/imgrs/THUMBS%20500X500/327783.JPG
274151,STEEL CUT OATS GF WHOLE GRAIN,3997801373,Despensa,BOB S RED MILL,Avenas Y Cremas,"[""Gluten-free"",""Kosher""]",1,https://riba.app/imgrs/THUMBS%20500X500/274151.JPG
274962,OAT BRAN HOT CEREAL GF,3997801378,Despensa,BOB S RED MILL,Avenas Y Cremas,"[""Gluten-free"",""Kosher""]",1,https://riba.app/imgrs/THUMBS%20500X500/274962.JPG
266384,ORG STEEL CUT OATS GF,3997801385,Despensa,BOB S RED MILL,Avenas Y Cremas,"[""Gluten-free"",""Kosher"",""Orgánico""]",1,https://riba.app/imgrs/THUMBS%20500X500/266384.JPG
271085,OATS ORG GF THICK ROLLED,3997801386,Despensa,BOB S RED MILL,Avenas Y Cremas,"[""Gluten-free"",""Kosher"",""Orgánico""]",1,https://riba.app/imgrs/THUMBS%20500X500/271085.JPG
289112,OATS ROLLED GF ORG OLD FASHION,3997801387,Despensa,BOB S RED MILL,Avenas Y Cremas,"[""Gluten-free"",""Kosher"",""Orgánico""]",1,https://riba.app/imgrs/THUMBS%20500X500/289112.JPG
286624,BOBS GF CORN FLOUR,3997801469,Despensa,BOB S RED MILL,Harinas,"[""Gluten-free"",""Kosher""]",1,https://riba.app/imgrs/THUMBS%20500X500/286624.JPG
266196,FINELY GROUND HAZELNUT MEAL/FL,3997801750,Despensa,BOB S RED MILL,Harinas,"[""Gluten-free"",""Kosher""]",1,https://riba.app/imgrs/THUMBS%20500X500/266196.JPG
266200,BOB RED MILL ORG COCONUT FLOUR,3997801815,Despensa,BOB S RED MILL,Harinas,"[""Gluten-free"",""Kosher"",""Orgánico"",""Vegano""]",1,https://riba.app/imgrs/THUMBS%20500X500/266200.JPG
322009,COCONUT SUGAR BOB RED MILLS,3997801817,Despensa,BOB S RED MILL,Azucar Y Endulzantes,"[""Kosher"",""Orgánico""]",1,https://riba.app/imgrs/THUMBS%20500X500/322009.JPG
289113,OAT BRAN HOT CEREAL ORG,3997801955,Despensa,BOB S RED MILL,Avenas Y Cremas,"[""Kosher"",""Orgánico""]",1,https://riba.app/imgrs/THUMBS%20500X500/289113.JPG
284583,ORG CORN FLOUR STONE GROUND,3997801971,Despensa,BOB S RED MILL,Harinas,"[""Kosher"",""Orgánico""]",1,https://riba.app/imgrs/THUMBS%20500X500/284583.JPG
289082,GRANOLA COCONUT SPICE,3997802173,Despensa,BOB S RED MILL,Cereales Y Granola,"[""Gluten-free"",""Kosher""]",1,https://riba.app/imgrs/THUMBS%20500X500/289082.JPG
321126,BOB S WHITE RICE FLOUR,3997802316,Despensa,BOB S RED MILL,Harinas,"[""Gluten-free"",""Kosher""]",1,https://riba.app/imgrs/THUMBS%20500X500/321126.JPG
327096,BOBS RED MILL PALEO BAKING FLO,3997802349,Despensa,BOB S RED MILL,Harinas,"[""Gluten-free"",""Kosher""]",1,https://riba.app/imgrs/THUMBS%20500X500/327096.JPG
274290,EXTRA THICK ROLLED OATS,3997802374,Despensa,BOB S RED MILL,Avenas Y Cremas,"[""Gluten-free"",""Kosher""]",1,https://riba.app/imgrs/THUMBS%20500X500/274290.JPG
265704,BOB S FLOUR ALMOND NATURAL,3997802380,Despensa,BOB S RED MILL,Harinas,"[""Gluten-free"",""Kosher""]",1,https://riba.app/imgrs/THUMBS%20500X500/265704.JPG
276814,BOB RED ALL PURPOSE FLOUR,3997802452,Despensa,BOB S RED MILL,Harinas,"[""Gluten-free"",""Kosher"",""Orgánico""]",1,https://riba.app/imgrs/THUMBS%20500X500/276814.JPG
344975,GF NUTRITIONAL YEAST FLAKE 4/5,3997802546,Despensa,BOB´S RED MILL,Harinas,"[""Gluten-free"",""Kosher""]",1,https://riba.app/imgrs/THUMBS%20500X500/344975.JPG
303537,BOB S RED MILL GUAR GUM ,3997802554,Despensa,BOB S RED MILL,Reposteria,"[""Gluten-free"",""Kosher""]",1,https://riba.app/imgrs/THUMBS%20500X500/303537.JPG
280329,SHREDDED COCONUT UNSWEETENED,3997802578,Despensa,BOB S RED MILL,Reposteria,"[""Kosher""]",1,https://riba.app/imgrs/THUMBS%20500X500/280329.JPG
312122,BOBS RED MILL HEMP SEED HEARTS,3997802596,Despensa,BOB S RED MILL,Condimentos Y Semillas,"[""Kosher""]",1,https://riba.app/imgrs/THUMBS%20500X500/312122.JPG
337884,CLASSIC GRANOLA 12 OZ,3997802662,Despensa,BOB S RED MILL,Cereales Y Granola,NULL,1,https://riba.app/imgrs/THUMBS%20500X500/337884.JPG
195600,APPLE BLUEBERRY GRANOLA,3997802664,Despensa,BOB S RED MILL,Cereales Y Granola,"[""Kosher""]",1,https://riba.app/imgrs/THUMBS%20500X500/195600.JPG
289114,FLAXSEED BROWN ORG,3997802936,Despensa,BOB S RED MILL,Condimentos Y Semillas,"[""Gluten-free"",""Kosher"",""Orgánico""]",1,https://riba.app/imgrs/THUMBS%20500X500/289114.JPG
277520,ORG ROLLED OATS WHOLE GRAIN,3997802953,Despensa,BOB S RED MILL,Avenas Y Cremas,"[""Kosher"",""Orgánico""]",1,https://riba.app/imgrs/THUMBS%20500X500/277520.JPG
354769,BOB´S RED MILL WHITE RICE FLOU,3997802967,Despensa,BOB´S RED MILL,Harinas,"[""Gluten-free"",""Kosher"",""Orgánico""]",1,https://riba.app/imgrs/THUMBS%20500X500/354769.JPG
285077,ORG BROWN RICE FLOUR,3997802974,Despensa,BOB S RED MILL,Harinas,"[""Gluten-free"",""Kosher"",""Orgánico""]",1,https://riba.app/imgrs/THUMBS%20500X500/285077.JPG
265699,"FLOUR OG2, UNBLEACHED WHITE",3997802991,Despensa,BOB S RED MILL,Harinas,"[""Kosher"",""Orgánico""]",1,https://riba.app/imgrs/THUMBS%20500X500/265699.JPG
285252,GRANOLA CRAMBERRY ALMOND,3997803173,Despensa,BOB S RED MILL,Cereales Y Granola,"[""Gluten-free"",""Kosher""]",1,https://riba.app/imgrs/THUMBS%20500X500/285252.JPG
235593,GF OATMEAL BROWN SUGAR AND MAP,3997803184,Despensa,BOB S RED MILL,Avenas Y Cremas,"[""Gluten-free"",""Kosher""]",1,https://riba.app/imgrs/THUMBS%20500X500/235593.JPG
320285,BOBS QUICK COOKING STEEL CUT O,3997803190,Despensa,BOB S RED MILL,Avenas Y Cremas,"[""Kosher""]",1,https://riba.app/imgrs/THUMBS%20500X500/320285.JPG
271081,BOB S FLAXSEED MEAL GOLDEN GF,3997803232,Despensa,BOB S RED MILL,Condimentos Y Semillas,"[""Gluten-free"",""Kosher""]",1,https://riba.app/imgrs/THUMBS%20500X500/271081.JPG
293159,BOB BROWN RICE FLOUR,3997803315,Despensa,BOB S RED MILL,Harinas,"[""Gluten-free"",""Kosher""]",1,https://riba.app/imgrs/THUMBS%20500X500/293159.JPG
273866,QUINOA FLOUR ORGANIC WHOLE GR,3997803320,Despensa,BOB S RED MILL,Harinas,"[""Gluten-free"",""Kosher"",""Orgánico""]",1,https://riba.app/imgrs/THUMBS%20500X500/273866.JPG
278914,FLAXSEED MEAL GF,3997803330,Despensa,BOB S RED MILL,Condimentos Y Semillas,"[""Gluten-free"",""Kosher""]",1,https://riba.app/imgrs/THUMBS%20500X500/278914.JPG
301618,ROLLED OATS OLD FASHION GF,3997803375,Despensa,BOB S RED MILL,Avenas Y Cremas,"[""Gluten-free"",""Kosher""]",1,https://riba.app/imgrs/THUMBS%20500X500/301618.JPG
280658,BOBS BAKING POWDER,3997803392,Despensa,BOB S RED MILL,Reposteria,"[""Gluten-free"",""Kosher""]",1,https://riba.app/imgrs/THUMBS%20500X500/280658.JPG
275883,BOBS FLAXSEEDS GF,3997803420,Despensa,BOB S RED MILL,Condimentos Y Semillas,"[""Gluten-free"",""Kosher""]",1,https://riba.app/imgrs/THUMBS%20500X500/275883.JPG
277521,BAKING FLOUR ALL PURPOSE GF,3997803452,Despensa,BOB S RED MILL,Harinas,"[""Gluten-free"",""Kosher""]",1,https://riba.app/imgrs/THUMBS%20500X500/277521.JPG
276804,BOBS RED M BAKING FLOUR GF,3997803453,Despensa,BOB S RED MILL,Harinas,"[""Gluten-free"",""Kosher""]",1,https://riba.app/imgrs/THUMBS%20500X500/276804.JPG
301619,BOB S RED MILL TAPIOCA FLOUR,3997803535,Despensa,BOB S RED MILL,Harinas,"[""Gluten-free"",""Kosher""]",1,https://riba.app/imgrs/THUMBS%20500X500/301619.JPG
265705,BOB S XANTHAN GUM,3997803555,Despensa,BOB S RED MILL,Reposteria,"[""Gluten-free"",""Kosher""]",1,https://riba.app/imgrs/THUMBS%20500X500/265705.JPG
275400,BOBS RED MILL COCONUT FLAKES ,3997803581,Despensa,BOB S RED MILL,Reposteria,"[""Kosher""]",1,https://riba.app/imgrs/THUMBS%20500X500/275400.JPG
265790,"BOBS FLAXSEED MEAL, OG2, BROWN",3997803937,Despensa,BOB S RED MILL,Harinas,"[""Gluten-free"",""Kosher"",""Orgánico""]",1,https://riba.app/imgrs/THUMBS%20500X500/265790.JPG
270863,BOBS OLD FASHIONED ROLLED OATS,3997803952,Despensa,BOB S RED MILL,Avenas Y Cremas,"[""Kosher"",""Orgánico""]",1,https://riba.app/imgrs/THUMBS%20500X500/270863.JPG
277376,ROLLED OATS QUICK COOK ORG,3997803953,Despensa,BOB S RED MILL,Avenas Y Cremas,"[""Kosher"",""Orgánico""]",1,https://riba.app/imgrs/THUMBS%20500X500/277376.JPG
289115,OATS ROLLED EXTRA THICK ORG,3997803954,Despensa,BOB S RED MILL,Avenas Y Cremas,"[""Kosher"",""Orgánico""]",1,https://riba.app/imgrs/THUMBS%20500X500/289115.JPG
266385,ORG STEEL CUT OATS,3997803957,Despensa,BOB S RED MILL,Avenas Y Cremas,"[""Kosher"",""Orgánico""]",1,https://riba.app/imgrs/THUMBS%20500X500/266385.JPG
275401,BOBS RED MILL OATS STEEL CUT,3997804140,Despensa,BOB S RED MILL,Avenas Y Cremas,"[""Kosher""]",1,https://riba.app/imgrs/THUMBS%20500X500/275401.JPG
271083,OAT BRAN HOT CEREAL,3997804143,Despensa,BOB S RED MILL,Avenas Y Cremas,"[""Kosher""]",1,https://riba.app/imgrs/THUMBS%20500X500/271083.JPG
277901,ROLLED OATS QUICK COOKING,3997804153,Despensa,BOB S RED MILL,Avenas Y Cremas,"[""Kosher""]",1,https://riba.app/imgrs/THUMBS%20500X500/277901.JPG
271102,ROLLED OATS OLD FASHIONED,3997804154,Despensa,BOB S RED MILL,Avenas Y Cremas,"[""Kosher""]",1,https://riba.app/imgrs/THUMBS%20500X500/271102.JPG
275882,OLD FASHNED ROLLED OAT GF,3997804375,Despensa,BOB S RED MILL,Avenas Y Cremas,"[""Gluten-free"",""Kosher""]",1,https://riba.app/imgrs/THUMBS%20500X500/275882.JPG
272367,BOB S ALMOND FLOUR BLANCHED ,3997804381,Despensa,BOB S RED MILL,Harinas,"[""Gluten-free"",""Kosher""]",1,https://riba.app/imgrs/THUMBS%20500X500/272367.JPG
289116,BAKING FLOUR GF 1-TO-1,3997804453,Despensa,BOB S RED MILL,Harinas,"[""Gluten-free"",""Kosher""]",1,https://riba.app/imgrs/THUMBS%20500X500/289116.JPG
297324,BOBS TRI COLOR COUSCOUS,3997804498,Despensa,BOB S RED MILL,Arroz Y Granos,"[""Kosher""]",1,https://riba.app/imgrs/THUMBS%20500X500/297324.JPG
295358,GOLDEN COUSCOUS,3997804584,Despensa,BOB S RED MILL,Arroz Y Granos,NULL,1,https://riba.app/imgrs/THUMBS%20500X500/295358.JPG
270677,ORGANIC GOLDEN FLAXSEED,3997804940,Despensa,BOB S RED MILL,Condimentos Y Semillas,"[""Gluten-free"",""Kosher"",""Orgánico""]",1,https://riba.app/imgrs/THUMBS%20500X500/270677.JPG
271737,EXTRA THICK ROLLED OATS CEREAL,3997805155,Despensa,BOB S RED MILL,Avenas Y Cremas,"[""Kosher""]",1,https://riba.app/imgrs/THUMBS%20500X500/271737.JPG
284387,CORNMEAL MEDIUM GRIND,3997805304,Despensa,BOB S RED MILL,Harinas,"[""Kosher""]",1,https://riba.app/imgrs/THUMBS%20500X500/284387.JPG
304204,BOBS RED MILL ORGANIC WHITE QU,3997805323,Despensa,BOB S RED MILL,Arroz Y Granos,"[""Gluten-free"",""Kosher"",""Orgánico""]",1,https://riba.app/imgrs/THUMBS%20500X500/304204.JPG
265703,BOB S ALMOND FLOUR NATURAL,3997805381,Despensa,BOB S RED MILL,Harinas,"[""Gluten-free"",""Kosher""]",1,https://riba.app/imgrs/THUMBS%20500X500/265703.JPG
289117,BAKING FLOUR GF 1-TO-1,3997805453,Despensa,BOB S RED MILL,Harinas,"[""Gluten-free"",""Kosher""]",1,https://riba.app/imgrs/THUMBS%20500X500/289117.JPG
271952,"FLAXSEED MEAL, ORG, GOLDEN",3997805940,Despensa,BOB S RED MILL,Condimentos Y Semillas,"[""Gluten-free"",""Kosher"",""Orgánico""]",1,https://riba.app/imgrs/THUMBS%20500X500/271952.JPG
285349,QUINOA ORGANIC WHOLE GRAIN,3997806323,Despensa,BOB S RED MILL,Arroz Y Granos,"[""Gluten-free"",""Orgánico""]",1,https://riba.app/imgrs/THUMBS%20500X500/285349.JPG
283222,BAR PNUBUT BANANA OATS,3997809902,Despensa,BOB S RED MILL,Cereales Y Granola,"[""Gluten-free"",""Kosher""]",1,https://riba.app/imgrs/THUMBS%20500X500/283222.JPG
334215,BOBS RED MILL CRERAL 10 GRAIN,3997811110,Despensa,BOB S RED MILL,Avenas Y Cremas,"[""Kosher""]",1,https://riba.app/imgrs/THUMBS%20500X500/334215.JPG
331974,BOB S RED MILL HOT CEREAL ,3997811116,Despensa,BOB S RED MILL,Avenas Y Cremas,"[""Gluten-free"",""Kosher""]",1,https://riba.app/imgrs/THUMBS%20500X500/331974.JPG
293156,BOBS BILGUR RED WHEAT ,3997811124,Despensa,BOB S RED MILL,Arroz Y Granos,"[""Kosher""]",1,https://riba.app/imgrs/THUMBS%20500X500/293156.JPG
293165,BOBS YELLOW CORN POLENTA,3997811125,Despensa,BOB S RED MILL,Harinas,NULL,1,https://riba.app/imgrs/THUMBS%20500X500/293165.JPG
287251,MIX PANCAKE WAFFLE 10 GRAIN,3997811204,Despensa,BOB S RED MILL,Harinas,"[""Kosher""]",1,https://riba.app/imgrs/THUMBS%20500X500/287251.JPG
293157,BOBS BISCUIT BAKING MIX GF,3997811223,Despensa,BOB S RED MILL,Harinas,"[""Gluten-free"",""Kosher""]",1,https://riba.app/imgrs/THUMBS%20500X500/293157.JPG
285255,ORG BUCKWHEAT FLOUR,3997811302,Despensa,BOB S RED MILL,Harinas,"[""Kosher"",""Orgánico""]",1,https://riba.app/imgrs/THUMBS%20500X500/285255.JPG
308156,BOB S OAT FLOUR WHOLE GRAIN ,3997811311,Despensa,BOB S RED MILL,Harinas,"[""Kosher""]",1,https://riba.app/imgrs/THUMBS%20500X500/308156.JPG
295360,POTATO FLOUR GF,3997811312,Despensa,BOB S RED MILL,Harinas,"[""Gluten-free"",""Kosher""]",1,https://riba.app/imgrs/THUMBS%20500X500/295360.JPG
285011,DARK RYE FLOUR WHOLE GRAIN ORG,3997811313,Despensa,BOB S RED MILL,Harinas,"[""Kosher"",""Orgánico""]",1,https://riba.app/imgrs/THUMBS%20500X500/285011.JPG
297278,BOB S RED MILL SEMOLINA FLOUR ,3997811318,Despensa,BOB S RED MILL,Harinas,"[""Kosher""]",1,https://riba.app/imgrs/THUMBS%20500X500/297278.JPG
327095,BOBS RED MILL CHICKPEA FLOUR ,3997811332,Despensa,BOB S RED MILL,Harinas,"[""Gluten-free"",""Kosher""]",1,https://riba.app/imgrs/THUMBS%20500X500/327095.JPG
300009,BOB RED MILL OAT FLOUR,3997811377,Despensa,BOB S RED MILL,Harinas,"[""Gluten-free"",""Kosher""]",1,https://riba.app/imgrs/THUMBS%20500X500/300009.JPG
293167,BOBS PIZZA CRUST ,3997811394,Despensa,BOB S RED MILL,Harinas,"[""Gluten-free"",""Kosher""]",1,https://riba.app/imgrs/THUMBS%20500X500/293167.JPG
297481,BOB S GF HOMEMADE BREAD MIX,3997811454,Despensa,BOB S RED MILL,Harinas,"[""Gluten-free"",""Kosher""]",1,https://riba.app/imgrs/THUMBS%20500X500/297481.JPG
285076,FLOUR GARBANZO FAVA GF,3997811457,Despensa,BOB S RED MILL,Harinas,"[""Gluten-free"",""Kosher""]",1,https://riba.app/imgrs/THUMBS%20500X500/285076.JPG
287198,BOBS GF MUFFIN MIX,3997811460,Despensa,BOB S RED MILL,Reposteria,"[""Gluten-free"",""Kosher""]",1,https://riba.app/imgrs/THUMBS%20500X500/287198.JPG
280173,PANCAKE MIX GLUTEN FREE,3997811462,Despensa,BOB S RED MILL,Harinas,"[""Gluten-free"",""Kosher""]",1,https://riba.app/imgrs/THUMBS%20500X500/280173.JPG
293158,BOBS BRWNIE MIX GF,3997811464,Despensa,BOB S RED MILL,Reposteria,"[""Gluten-free"",""Kosher""]",1,https://riba.app/imgrs/THUMBS%20500X500/293158.JPG
293160,BOBS CAKE MIX VANILLA,3997811466,Despensa,BOB S RED MILL,Reposteria,"[""Gluten-free"",""Kosher""]",1,https://riba.app/imgrs/THUMBS%20500X500/293160.JPG
293161,BOBS COOKIE MIX CHOC CHIP ,3997811467,Despensa,BOB S RED MILL,Reposteria,"[""Gluten-free"",""Kosher""]",1,https://riba.app/imgrs/THUMBS%20500X500/293161.JPG
287523,CAKE MIX CHOCOLATE GLUTEN FREE,3997811468,Despensa,BOB S RED MILL,Reposteria,"[""Gluten-free"",""Kosher""]",1,https://riba.app/imgrs/THUMBS%20500X500/287523.JPG
285333,GF CORN GRITS POLENTA,3997811470,Despensa,BOB S RED MILL,Harinas,NULL,1,https://riba.app/imgrs/THUMBS%20500X500/285333.JPG
285675,SMALL PEARL TAPIOCA ,3997811537,Despensa,BOB S RED MILL,Harinas,"[""Kosher""]",1,https://riba.app/imgrs/THUMBS%20500X500/285675.JPG
324607,BOB S RED MILL TEFF FLOUR ,3997811539,Despensa,BOB S RED MILL,Harinas,"[""Gluten-free"",""Kosher""]",1,https://riba.app/imgrs/THUMBS%20500X500/324607.JPG
283795,BOBS R ORG FARRO,3997811860,Despensa,BOB S RED MILL,Arroz Y Granos,"[""Kosher"",""Orgánico""]",1,https://riba.app/imgrs/THUMBS%20500X500/283795.JPG
280206,PANCAKE/WAFFLE ORG BUTTERMLK,3997811880,Despensa,BOB S RED MILL,Harinas,"[""Kosher""]",1,https://riba.app/imgrs/THUMBS%20500X500/280206.JPG
280328,ORG 7 GRAIN PANCAKE & WAFFLE M,3997811882,Despensa,BOB S RED MILL,Harinas,"[""Kosher"",""Orgánico""]",1,https://riba.app/imgrs/THUMBS%20500X500/280328.JPG
283660,ORG STONE GROUND SPELT FLOUR,3997811894,Despensa,BOB S RED MILL,Harinas,"[""Kosher"",""Orgánico""]",1,https://riba.app/imgrs/THUMBS%20500X500/283660.JPG
309023,BOB RED M ORG CORN GRITS POLEN,3997811919,Despensa,BOB S RED MILL,Harinas,NULL,1,https://riba.app/imgrs/THUMBS%20500X500/309023.JPG
286387,BOBS WHEAT GERM CEREAL,3997812150,Despensa,BOB S RED MILL,Avenas Y Cremas,"[""Kosher""]",1,https://riba.app/imgrs/THUMBS%20500X500/286387.JPG
286741,WHEAT BRAN HIGH FIBER ,3997812321,Despensa,BOB S RED MILL,Avenas Y Cremas,"[""Kosher""]",1,https://riba.app/imgrs/THUMBS%20500X500/286741.JPG
293163,BOBS MILLET WHOLE GRAIN ,3997812406,Despensa,BOB S RED MILL,Arroz Y Granos,"[""Gluten-free""]",1,https://riba.app/imgrs/THUMBS%20500X500/293163.JPG
159665,BOB S  CEREAL MUESLI 18 OZ,3997850103,Despensa,BOB S RED MILL,Cereales Y Granola,"[""Kosher""]",1,https://riba.app/imgrs/THUMBS%20500X500/159665.JPG
130813,MUESLI 5 FRUIT 1000 GR,400044601700,Despensa,VIOLA ,Cereales Y Granola,NULL,1,https://riba.app/imgrs/THUMBS%20500X500/130813.JPG
130811,MUESLI DE CHOCOLATE 1000 GR,400044601702,Despensa,VIOLA ,Cereales Y Granola,NULL,1,https://riba.app/imgrs/THUMBS%20500X500/130811.JPG
130812,MUESLI BREAKFAST 1000 GR,400044601705,Despensa,VIOLA ,Cereales Y Granola,NULL,1,https://riba.app/imgrs/THUMBS%20500X500/130812.JPG
130814,MUESLI 6 GRAIN 1000 GR,400044601710,Despensa,VIOLA ,Cereales Y Granola,NULL,1,https://riba.app/imgrs/THUMBS%20500X500/130814.JPG
345208,GRANOLA VIOLA CHOCO Y GUINEO,400044601793,Despensa,VIOLA ,Cereales Y Granola,"[""Vegano""]",1,https://riba.app/imgrs/THUMBS%20500X500/345208.JPG
345209,GRANOLA VIOLA DE ALMENDRA,400044612790,Despensa,VIOLA ,Cereales Y Granola,NULL,1,https://riba.app/imgrs/THUMBS%20500X500/345209.JPG
117376,MULTICEREAL DE MANZANA 8 450GR,400871370274,Despensa,VITALISIMO ,Cereales Y Granola,NULL,1,https://riba.app/imgrs/THUMBS%20500X500/117376.JPG
117377,MULTICEREAL ALMENDRAS 8 450GR,400871370275,Despensa,VITALISIMO ,Cereales Y Granola,NULL,1,https://riba.app/imgrs/THUMBS%20500X500/117377.JPG
117375,MULTICEREAL DE FRESAS ,400871370276,Despensa,VITALISIMO ,Cereales Y Granola,NULL,1,https://riba.app/imgrs/THUMBS%20500X500/117375.JPG
117379,MULTICEREAL UVA 8 450 GR,400871370277,Despensa,VITALISIMO ,Cereales Y Granola,NULL,1,https://riba.app/imgrs/THUMBS%20500X500/117379.JPG
131881,CORN FLAKES  ,400871370418,Despensa,VITALISIMO ,Cereales Y Granola,NULL,1,https://riba.app/imgrs/THUMBS%20500X500/131881.JPG
254974,MULTIC PASAS Y FRUTAS SECOS,400871370793,Despensa,VITALISIMO ,Cereales Y Granola,NULL,1,https://riba.app/imgrs/THUMBS%20500X500/254974.JPG
254973,MULTICEREAL CHOCOLATE AVELLANA,400871370794,Despensa,VITALISIMO ,Cereales Y Granola,NULL,1,https://riba.app/imgrs/THUMBS%20500X500/254973.JPG
288453,VITALISIMO MULTICEREAL ALMENDR,400871371050,Despensa,VITALISIMO ,Cereales Y Granola,"[""Vegano""]",1,https://riba.app/imgrs/THUMBS%20500X500/288453.JPG
222041,BAKING MIX CORNBREAD,4010000067,Despensa,FLEISCHMANN`S,Reposteria,"[""Kosher""]",1,https://riba.app/imgrs/THUMBS%20500X500/222041.JPG
46122,FLEISHMAN REGULAR YEAST 3,4010000711,Despensa,FLEISCHMANN`S,Reposteria,"[""Gluten-free"",""Kosher""]",1,https://riba.app/imgrs/THUMBS%20500X500/46122.JPG
327533,CHAI SPICE PEANUT & ALMOND BUT,4023233885,Despensa,BIG SPOON,Jaleas Mantequillas Y Mermeladas,"[""Gluten-free""]",1,https://riba.app/imgrs/THUMBS%20500X500/327533.JPG
327529,"ALM BTR, TOASTED CNUT",4023233890,Despensa,BIG SPOON,Jaleas Mantequillas Y Mermeladas,"[""Gluten-free""]",1,https://riba.app/imgrs/THUMBS%20500X500/327529.JPG
327531,"ALM NBTR,CHOC SEA SALT",4023233891,Despensa,BIG SPOON,Jaleas Mantequillas Y Mermeladas,"[""Gluten-free""]",1,https://riba.app/imgrs/THUMBS%20500X500/327531.JPG
327532,"ALM NBTR,FIJI GINGER",4023233892,Despensa,BIG SPOON,Jaleas Mantequillas Y Mermeladas,"[""Gluten-free""]",1,https://riba.app/imgrs/THUMBS%20500X500/327532.JPG
125814,LIP EXTRA NOODLE W CHCKN BROTH,4100000301,Despensa,LIPTON,Sopas Y Cremas,NULL,1,https://riba.app/imgrs/THUMBS%20500X500/125814.JPG
45191,LIPTON CHICKEN NDL W CHI,4100000332,Despensa,LIPTON,Sopas Y Cremas,NULL,1,https://riba.app/imgrs/THUMBS%20500X500/45191.JPG
45192,RECIPE SECRETS ONION SOUP,4100000362,Despensa,LIPTON,Sopas Y Cremas,NULL,1,https://riba.app/imgrs/THUMBS%20500X500/45192.JPG
24599,VINAGRETA ITALIANA,4100000611,Despensa,WISH-BONE,Aderezos Y Salsas,"[""Kosher""]",1,https://riba.app/imgrs/THUMBS%20500X500/24599.JPG
24601,ROBUSTO ISLAND 8 OZ,4100000628,Despensa,WISH-BONE,Aderezos Y Salsas,"[""Kosher""]",1,https://riba.app/imgrs/THUMBS%20500X500/24601.JPG
45196,LIP CUP CHIC NOODLE,4100001480,Despensa,LIPTON,Sopas Y Cremas,NULL,1,https://riba.app/imgrs/THUMBS%20500X500/45196.JPG
45652,LIPTON NOODLS SAU CHICKEN 4 4Z,4100002246,Despensa,LIPTON,Pastas Secas,NULL,1,https://riba.app/imgrs/THUMBS%20500X500/45652.JPG
45653,KNORR FETTUCCINE BUTTER FLAVOR,4100002249,Despensa,KNORR,Pastas Secas,NULL,1,https://riba.app/imgrs/THUMBS%20500X500/45653.JPG
45655,PASTAS BUTTER HERB FETTUCCINI,4100002251,Despensa,LIPTON,Pastas Secas,NULL,1,https://riba.app/imgrs/THUMBS%20500X500/45655.JPG
45692,LIP RICE SAUCE CHICKEN BROCCOL,4100002263,Despensa,LIPTON,Arroz Y Granos,NULL,1,https://riba.app/imgrs/THUMBS%20500X500/45692.JPG
45683,LIP RICE SAUCE CHICKEN,4100002266,Despensa,LIPTON,Arroz Y Granos,NULL,1,https://riba.app/imgrs/THUMBS%20500X500/45683.JPG
45654,KNORR  RICE & SAUCE MUSHR,4100002270,Despensa,KNORR,Arroz Y Granos,NULL,1,https://riba.app/imgrs/THUMBS%20500X500/45654.JPG
45658,LIPTON RICE & SCED BROCCO,4100002278,Despensa,LIPTON,Arroz Y Granos,NULL,1,https://riba.app/imgrs/THUMBS%20500X500/45658.JPG
45686,LIP PASTA CREAMY GARLIC,4100002290,Despensa,LIPTON,Pastas Secas,NULL,1,https://riba.app/imgrs/THUMBS%20500X500/45686.JPG
45197,LIP P&S BOW TIE ITALIAN CHEESE,4100002838,Despensa,LIPTON,Pastas Secas,NULL,1,https://riba.app/imgrs/THUMBS%20500X500/45197.JPG
46124,KNOX GELATINE,4100003500,Despensa,KNOX,Reposteria,NULL,1,https://riba.app/imgrs/THUMBS%20500X500/46124.JPG
58011,RELLENO PARA PASTEL,4111528600,Despensa,GRAND MOTHER S,Conservas Y Encurtidos,NULL,1,https://riba.app/imgrs/THUMBS%20500X500/58011.JPG
274466,CLASSICO VODKA SAUCE,4112907705,Despensa,CLASSICO,Aderezos Y Salsas,NULL,1,https://riba.app/imgrs/THUMBS%20500X500/274466.JPG
2529,CLASSICO TOMAT & BASIL 26 OZ,4112907712,Despensa,CLASSICO,Aderezos Y Salsas,NULL,1,https://riba.app/imgrs/THUMBS%20500X500/2529.JPG
353172,SAUCE ROAT GARLIC ALFREDO,4112907764,Despensa,CLASSICO,Aderezos Y Salsas,NULL,1,https://riba.app/imgrs/THUMBS%20500X500/353172.JPG
353173,SAUCE SUNDRIED TOMATO ALFREDO,4112907769,Despensa,CLASSICO,Aderezos Y Salsas,NULL,1,https://riba.app/imgrs/THUMBS%20500X500/353173.JPG
342501,PASTA SAUCE ROASTED GARLIC,4112907782,Despensa,CLASSICO,Aderezos Y Salsas,NULL,1,https://riba.app/imgrs/THUMBS%20500X500/342501.JPG
164238,CLASSICO TRADITION SWEET BASIL,4112907790,Despensa,CLASSICO,Aderezos Y Salsas,NULL,1,https://riba.app/imgrs/THUMBS%20500X500/164238.JPG
342473,CABERNET MARINARA WITH HERBS,4112927445,Despensa,CLASSICO,Aderezos Y Salsas,"[""Gluten-free""]",1,https://riba.app/imgrs/THUMBS%20500X500/342473.JPG
15649,MANTECA VEGETAL,4117613910,Despensa,CRISOL,Aceites Y Mantecas,NULL,1,https://riba.app/imgrs/THUMBS%20500X500/15649.JPG
347872,KELLOGG´S CORN POPS FS,41192100253,Despensa,KELLOGG´S,Cereales Y Granola,NULL,1,https://riba.app/imgrs/THUMBS%20500X500/347872.JPG
341062,KELLOGGS CORN POPS,4119210039,Despensa,KELLOGG S,Cereales Y Granola,"[""Kosher""]",1,https://riba.app/imgrs/THUMBS%20500X500/341062.JPG
338513,FRSTD FLAKE CEREAL KELLOG,4119210043,Despensa,KELLOGG S,Cereales Y Granola,NULL,1,https://riba.app/imgrs/THUMBS%20500X500/338513.JPG
336694,KELL FF CHOC MILKSHAKE,4119210045,Despensa,KELLOGG S,Cereales Y Granola,"[""Kosher""]",1,https://riba.app/imgrs/THUMBS%20500X500/336694.JPG
355570,FROSTED KRISPIES CRL,4119210049,Despensa,KELLOGG´S,Cereales Y Granola,"[""Kosher""]",1,https://riba.app/imgrs/THUMBS%20500X500/355570.JPG
344396,KELL CINNAMON FRENCH TOAST ,4119210051,Despensa,KELLOGG´S,Cereales Y Granola,"[""Kosher""]",1,https://riba.app/imgrs/THUMBS%20500X500/344396.JPG
344397,KELL FF STRAWBERRY MILKSHAKE,4119210053,Despensa,KELLOGG´S,Cereales Y Granola,"[""Kosher""]",1,https://riba.app/imgrs/THUMBS%20500X500/344397.JPG
344391,MINI WHEATS BS STRAWBERRY,4119210201,Despensa,KELLOGG´S,Cereales Y Granola,NULL,1,https://riba.app/imgrs/THUMBS%20500X500/344391.JPG
343115,KELLGG´S RAISIN BRAN,4119210211,Despensa,KELLOGG'S,Cereales Y Granola,"[""Kosher""]",1,https://riba.app/imgrs/THUMBS%20500X500/343115.JPG
345556,KELLOGGS SK CHOCO DELIGH,4119210213,Despensa,KELLOGG'S,Cereales Y Granola,"[""Kosher""]",1,https://riba.app/imgrs/THUMBS%20500X500/345556.JPG
346715,CRL SPECIAL K CINNAMON PECAN,4119210215,Despensa,KELLOGG'S,Cereales Y Granola,"[""Kosher""]",1,https://riba.app/imgrs/THUMBS%20500X500/346715.JPG
346716,CR SPCL K FRUIT YOGURT,4119210217,Despensa,KELLOGG'S,Cereales Y Granola,"[""Kosher""]",1,https://riba.app/imgrs/THUMBS%20500X500/346716.JPG
346482,KELL SPECIAL K PROTEIN PLUS CI,4119210219,Despensa,KELLOGG´S,Cereales Y Granola,NULL,1,https://riba.app/imgrs/THUMBS%20500X500/346482.JPG
346483,SPECIAL K RED BERRIES,4119210223,Despensa,KELLOGG'S,Cereales Y Granola,"[""Kosher""]",1,https://riba.app/imgrs/THUMBS%20500X500/346483.JPG
346721,SPECIAL K VAINILLA ALMOND,4119210225,Despensa,KELLOGG'S,Cereales Y Granola,"[""Kosher""]",1,https://riba.app/imgrs/THUMBS%20500X500/346721.JPG
346718,SPECIAL K BLUEBERRY,4119210227,Despensa,KELLOGG'S,Cereales Y Granola,"[""Kosher""]",1,https://riba.app/imgrs/THUMBS%20500X500/346718.JPG
339771,SPECIAL K STRAWBERRY VANILLA,4119210233,Despensa,KELLOGG S,Cereales Y Granola,"[""Kosher""]",1,https://riba.app/imgrs/THUMBS%20500X500/339771.JPG
345198,MINI WHEATS CHOC,4119210325,Despensa,KELLOGG´S,Cereales Y Granola,NULL,1,https://riba.app/imgrs/THUMBS%20500X500/345198.JPG
343311,KELL MINI WHEATS CINN ROLL,4119210388,Despensa,KELLOGG'S,Cereales Y Granola,NULL,1,https://riba.app/imgrs/THUMBS%20500X500/343311.JPG
346484,KELL SPECIAL K TRIPLE BERRY BL,4119210402,Despensa,KELLOGG´S,Cereales Y Granola,"[""Kosher""]",1,https://riba.app/imgrs/THUMBS%20500X500/346484.JPG
347703,KELL FROSTED F GLASED DONUT OR,4119210714,Despensa,KELLOGG'S,Cereales Y Granola,"[""Kosher""]",1,https://riba.app/imgrs/THUMBS%20500X500/347703.JPG
354304,MINI WHEATS COCOA CEREAL,4119210718,Despensa,KELLOGG´S,Cereales Y Granola,NULL,1,https://riba.app/imgrs/THUMBS%20500X500/354304.JPG
355571,RAISIN BRAN BLUEBERRY,4119210747,Despensa,KELLOGG´S,Cereales Y Granola,"[""Kosher""]",1,https://riba.app/imgrs/THUMBS%20500X500/355571.JPG
345197,KRAVE GLAZED DNT C,4119210887,Despensa,KELLOGG'S,Cereales Y Granola,"[""Kosher""]",1,https://riba.app/imgrs/THUMBS%20500X500/345197.JPG
350625,KELL APPLE J GLASED DONUT A CI,4119210891,Despensa,KELLOGG'S,Cereales Y Granola,"[""Kosher""]",1,https://riba.app/imgrs/THUMBS%20500X500/350625.JPG
55832,SOPA DE MINESTRONE,4119601012,Despensa,PROGRESSO,Sopas Y Cremas,NULL,1,https://riba.app/imgrs/THUMBS%20500X500/55832.JPG
289284,PROGRESSO TOMATO BAISL SOUP,4119601013,Despensa,PROGRESSO,Sopas Y Cremas,"[""Gluten-free""]",1,https://riba.app/imgrs/THUMBS%20500X500/289284.JPG
13598,PROGRESO LENTIL SOUP,4119601022,Despensa,PROGRESSO,Sopas Y Cremas,"[""Gluten-free"",""Vegano""]",1,https://riba.app/imgrs/THUMBS%20500X500/13598.JPG
289285,PROGRESSO SPLIT PEA SOUP,4119601051,Despensa,PROGRESSO,Sopas Y Cremas,"[""Gluten-free""]",1,https://riba.app/imgrs/THUMBS%20500X500/289285.JPG
13604,SOPA DE ALMEJAS N E LIBRE GLUT,4119601112,Despensa,PROGRESSO,Sopas Y Cremas,"[""Gluten-free""]",1,https://riba.app/imgrs/THUMBS%20500X500/13604.JPG
13613,PROG RED KIDNEY BEANS 24 19 OZ,4119602022,Despensa,PROGRESSO,Arroz Y Granos,NULL,1,https://riba.app/imgrs/THUMBS%20500X500/13613.JPG
156205,PROGRESSO BEAN CANELLINI ,4119602032,Despensa,PROGRESSO,Arroz Y Granos,NULL,1,https://riba.app/imgrs/THUMBS%20500X500/156205.JPG
13614,FRIJOLES BLANCOS ,4119602035,Despensa,PROGRESSO,Arroz Y Granos,NULL,1,https://riba.app/imgrs/THUMBS%20500X500/13614.JPG
13607,FRIJOLES NEGROS,4119602122,Despensa,PROGRESSO,Arroz Y Granos,NULL,1,https://riba.app/imgrs/THUMBS%20500X500/13607.JPG
350717,SOPA OEP CHIPOTLE EN LATA,4119613609,Despensa,OLD EL PASO,Sopas Y Cremas,"[""Gluten-free""]",1,https://riba.app/imgrs/THUMBS%20500X500/350717.JPG
350716,SOPA OEP ENCHILADA Y POLLO,4119613614,Despensa,OLD EL PASO,Sopas Y Cremas,"[""Gluten-free""]",1,https://riba.app/imgrs/THUMBS%20500X500/350716.JPG
261973,PANKO CRISPY BREAD CRUMB PLAIN,4119640675,Despensa,PROGRESSO,Condimentos Y Semillas,NULL,1,https://riba.app/imgrs/THUMBS%20500X500/261973.JPG
180840,PROGRESSO  PLAIN BREAD CRUMBS,4119689108,Despensa,PROGRESSO,Condimentos Y Semillas,NULL,1,https://riba.app/imgrs/THUMBS%20500X500/180840.JPG
114946,CREMA DE HONGO LIBRE GLUTEN,4119691157,Despensa,PROGRESSO,Sopas Y Cremas,"[""Gluten-free""]",1,https://riba.app/imgrs/THUMBS%20500X500/114946.JPG
114038,SOPA DE LENTEJA LIBRE GRASA,4119691181,Despensa,PROGRESSO,Sopas Y Cremas,"[""Gluten-free""]",1,https://riba.app/imgrs/THUMBS%20500X500/114038.JPG
15339,CORAZON DE ALCACHOFAS MARINADA,4122440820,Despensa,ROLAND,Conservas Y Encurtidos,NULL,1,https://riba.app/imgrs/THUMBS%20500X500/15339.JPG
162145,ESPARRAGOS B PELADOS & CORTADO,4122441210,Despensa,ROLAND,Conservas Y Encurtidos,"[""Kosher""]",1,https://riba.app/imgrs/THUMBS%20500X500/162145.JPG
15376,BROTES DE BAMBO REBANADOS,4122442000,Despensa,ROLAND,Conservas Y Encurtidos,NULL,1,https://riba.app/imgrs/THUMBS%20500X500/15376.JPG
15324,HONGOS REBANADOS,4122444140,Despensa,ROLAND,Conservas Y Encurtidos,NULL,1,https://riba.app/imgrs/THUMBS%20500X500/15324.JPG
15326,MUSHROOMS BUTTON 24 4 OZ,4122444244,Despensa,ROLAND,Conservas Y Encurtidos,NULL,1,https://riba.app/imgrs/THUMBS%20500X500/15326.JPG
15234,MAIZ BEBE CORTADOS,4122445106,Despensa,ROLAND,Conservas Y Encurtidos,"[""Kosher""]",1,https://riba.app/imgrs/THUMBS%20500X500/15234.JPG
15020,MAZORQUITAS EN VINAGRE,4122445140,Despensa,ROLAND,Conservas Y Encurtidos,"[""Kosher""]",1,https://riba.app/imgrs/THUMBS%20500X500/15020.JPG
163534,PEPINILLOS EXTRA FINOS,4122446704,Despensa,ROLAND,Conservas Y Encurtidos,NULL,1,https://riba.app/imgrs/THUMBS%20500X500/163534.JPG
163535,MANDARINAS ENTERAS,4122464006,Despensa,ROLAND,Conservas Y Encurtidos,"[""Kosher""]",1,https://riba.app/imgrs/THUMBS%20500X500/163535.JPG
15280,PIÑA EN RODAJAS,4122464362,Despensa,ROLAND,Conservas Y Encurtidos,"[""Kosher""]",1,https://riba.app/imgrs/THUMBS%20500X500/15280.JPG
133548,DULCE DE LECHE ,4122465802,Despensa,ROLAND,Jaleas Mantequillas Y Mermeladas,"[""Kosher""]",1,https://riba.app/imgrs/THUMBS%20500X500/133548.JPG
15281,ALCAPARRAS PEQUEÑAS,4122470026,Despensa,ROLAND,Conservas Y Encurtidos,"[""Kosher""]",1,https://riba.app/imgrs/THUMBS%20500X500/15281.JPG
104759,MANGO CHUTNEY ,4122470220,Despensa,ROLAND,Jaleas Mantequillas Y Mermeladas,NULL,1,https://riba.app/imgrs/THUMBS%20500X500/104759.JPG
125063,MOSTAZA DIJON MIEL,4122470284,Despensa,ROLAND,Aderezos Y Salsas,"[""Kosher""]",1,https://riba.app/imgrs/THUMBS%20500X500/125063.JPG
15043,MOSTAZA DIJON TARRAGON ,4122470292,Despensa,ROLAND,Aderezos Y Salsas,"[""Kosher""]",1,https://riba.app/imgrs/THUMBS%20500X500/15043.JPG
15054,MOSTAZA DIJON EXTRA FUERTE,4122470308,Despensa,ROLAND,Aderezos Y Salsas,"[""Kosher""]",1,https://riba.app/imgrs/THUMBS%20500X500/15054.JPG
15049,MUSTARD DIJON WINE 12 7 OZ,4122470314,Despensa,ROLAND,Aderezos Y Salsas,NULL,1,https://riba.app/imgrs/THUMBS%20500X500/15049.JPG
15098,AZAFRAN EN POLVO,4122470462,Despensa,ROLAND,Condimentos Y Semillas,NULL,1,https://riba.app/imgrs/THUMBS%20500X500/15098.JPG
15256,VINAGRE BALSAMICO,4122470542,Despensa,ROLAND,Vinagre,NULL,1,https://riba.app/imgrs/THUMBS%20500X500/15256.JPG
108831,RISOTTO PARMESAN CHEESE 12 5 8,4122472016,Despensa,ROLAND,Arroz Y Granos,NULL,1,https://riba.app/imgrs/THUMBS%20500X500/108831.JPG
164004,QUINOA   12 X 12 OZ,4122472146,Despensa,ROLAND,Arroz Y Granos,"[""Gluten-free""]",1,https://riba.app/imgrs/THUMBS%20500X500/164004.JPG
66987,RICE SUPERFINO ARBORIO 20 16OZ,4122472450,Despensa,ROLAND,Arroz Y Granos,NULL,1,https://riba.app/imgrs/THUMBS%20500X500/66987.JPG
307867,EE SPAGHETTI,4130300044,Despensa,ESSENTIAL EVERYDAY,Pastas Secas,"[""Kosher""]",1,https://riba.app/imgrs/THUMBS%20500X500/307867.JPG
251976,EE SPAGHETTI,4130300045,Despensa,ESSENTIAL EVERYDAY,Pastas Secas,"[""Kosher""]",1,https://riba.app/imgrs/THUMBS%20500X500/251976.JPG
293483,EE LASAGNA,4130300072,Despensa,ESSENTIAL EVERYDAY,Pastas Secas,NULL,1,https://riba.app/imgrs/THUMBS%20500X500/293483.JPG
258579,EE CHICKEN GRAVY GLASS,4130300096,Despensa,ESSENTIAL EVERYDAY,Aderezos Y Salsas,NULL,1,https://riba.app/imgrs/THUMBS%20500X500/258579.JPG
292846,EE PUFFED RICE CEREAL,4130300155,Despensa,ESSENTIAL EVERYDAY,Cereales Y Granola,NULL,1,https://riba.app/imgrs/THUMBS%20500X500/292846.JPG
352646,WHEAT PUFFS CEREAL,4130300156,Despensa,ESSENTIAL EVERYDAY,Cereales Y Granola,NULL,1,https://riba.app/imgrs/THUMBS%20500X500/352646.JPG
280166,EE CEREAL CRISPY RICE,4130300161,Despensa,ESSENTIAL EVERYDAY,Cereales Y Granola,"[""Kosher""]",1,https://riba.app/imgrs/THUMBS%20500X500/280166.JPG
271148,EE CINNI MINI CRUNCH,4130300162,Despensa,ESSENTIAL EVERYDAY,Cereales Y Granola,NULL,1,https://riba.app/imgrs/THUMBS%20500X500/271148.JPG
240705,EE APPLE DAPPLES,4130300171,Despensa,ESSENTIAL EVERYDAY,Cereales Y Granola,"[""Kosher""]",1,https://riba.app/imgrs/THUMBS%20500X500/240705.JPG
288341,EE BRAN FLAKES,4130300178,Despensa,ESSENTIAL EVERYDAY,Cereales Y Granola,"[""Kosher""]",1,https://riba.app/imgrs/THUMBS%20500X500/288341.JPG
240707,ESSENTIAL EVERYDAY CORN FLAKES,4130300184,Despensa,ESSENTIAL EVERYDAY,Cereales Y Granola,"[""Kosher""]",1,https://riba.app/imgrs/THUMBS%20500X500/240707.JPG
288343,EE HONEY & OAT CLUSTERS CEREAL,4130300192,Despensa,ESSENTIAL EVERYDAY,Cereales Y Granola,"[""Kosher""]",1,https://riba.app/imgrs/THUMBS%20500X500/288343.JPG
292845,EE HONEY OATS WITH ALMOND,4130300194,Despensa,ESSENTIAL EVERYDAY,Cereales Y Granola,"[""Kosher""]",1,https://riba.app/imgrs/THUMBS%20500X500/292845.JPG
279267,EE OLD FASHIONED OATS,4130300209,Despensa,ESSENTIAL EVERYDAY,Avenas Y Cremas,NULL,1,https://riba.app/imgrs/THUMBS%20500X500/279267.JPG
283316,CAESAR CROUTONS,4130300245,Despensa,ESSENTIAL EVERYDAY,Aderezos Y Salsas,NULL,1,https://riba.app/imgrs/THUMBS%20500X500/283316.JPG
283320,CHEESE & GRALIC CROUTONS,4130300246,Despensa,ESSENTIAL EVERYDAY,Aderezos Y Salsas,NULL,1,https://riba.app/imgrs/THUMBS%20500X500/283320.JPG
283319,SEASONED CROUTONS,4130300248,Despensa,ESSENTIAL EVERYDAY,Aderezos Y Salsas,NULL,1,https://riba.app/imgrs/THUMBS%20500X500/283319.JPG
294140,OLIVES RIPE SMALL,4130300308,Despensa,ESSENTIAL EVERYDAY,Conservas Y Encurtidos,"[""Gluten-free"",""Kosher""]",1,https://riba.app/imgrs/THUMBS%20500X500/294140.JPG
259156,EE RIPE OLIVES LARGE,4130300310,Despensa,ESSENTIAL EVERYDAY,Conservas Y Encurtidos,"[""Kosher""]",1,https://riba.app/imgrs/THUMBS%20500X500/259156.JPG
259151,EE RIPE OLIVES EXTRA LARGE,4130300311,Despensa,ESSENTIAL EVERYDAY,Conservas Y Encurtidos,"[""Gluten-free"",""Kosher""]",1,https://riba.app/imgrs/THUMBS%20500X500/259151.JPG
308361,EE 1000 ISLAND DRESSING,4130300339,Despensa,ESSENTIAL EVERYDAY,Aderezos Y Salsas,"[""Kosher""]",1,https://riba.app/imgrs/THUMBS%20500X500/308361.JPG
251960,EE CAESAR DRESSING,4130300343,Despensa,ESSENTIAL EVERYDAY,Aderezos Y Salsas,"[""Gluten-free""]",1,https://riba.app/imgrs/THUMBS%20500X500/251960.JPG
301346,EE CREAMY RANCH DRESSING,4130300345,Despensa,ESSENTIAL EVERYDAY,Aderezos Y Salsas,NULL,1,https://riba.app/imgrs/THUMBS%20500X500/301346.JPG
357478,BALSAMIC VINAIGRET,4130300346,Despensa,ESSENTIAL EVERYDAY,Aderezos Y Salsas,"[""Gluten-free""]",1,https://riba.app/imgrs/THUMBS%20500X500/357478.JPG
293415,EE LIGHT ITALIAN DRESSING,4130300350,Despensa,ESSENTIAL EVERYDAY,Aderezos Y Salsas,"[""Gluten-free"",""Kosher""]",1,https://riba.app/imgrs/THUMBS%20500X500/293415.JPG
287303,EE SLICED STEWED TOMATOES,4130300371,Despensa,ESSENTIAL EVERYDAY,Conservas Y Encurtidos,"[""Kosher""]",1,https://riba.app/imgrs/THUMBS%20500X500/287303.JPG
287304,EE DICED TOMATO ITAL STYLE,4130300375,Despensa,ESSENTIAL EVERYDAY,Conservas Y Encurtidos,"[""Gluten-free"",""Kosher""]",1,https://riba.app/imgrs/THUMBS%20500X500/287304.JPG
287305,EE TOMATO DC CEL&PEPR,4130300378,Despensa,ESSENTIAL EVERYDAY,Conservas Y Encurtidos,NULL,1,https://riba.app/imgrs/THUMBS%20500X500/287305.JPG
287307,EE TOMATO DC GARLIC & ONION,4130300380,Despensa,ESSENTIAL EVERYDAY,Aderezos Y Salsas,"[""Kosher""]",1,https://riba.app/imgrs/THUMBS%20500X500/287307.JPG
297323,EE TOMATO SAUCE SOUTHWEST,4130300381,Despensa,ESSENTIAL EVERYDAY,Aderezos Y Salsas,"[""Kosher""]",1,https://riba.app/imgrs/THUMBS%20500X500/297323.JPG
297325,DICED TOMATOES W GREEN CHILE,4130300382,Despensa,ESSENTIAL EVERYDAY,Conservas Y Encurtidos,"[""Kosher""]",1,https://riba.app/imgrs/THUMBS%20500X500/297325.JPG
343768,YAMS CUT,4130300392,Despensa,ESSENTIAL EVERYDAY,Conservas Y Encurtidos,NULL,1,https://riba.app/imgrs/THUMBS%20500X500/343768.JPG
303157,EE BQ SAUCE ORIGINAL ST,4130300396,Despensa,ESSENTIAL EVERYDAY,Aderezos Y Salsas,"[""Gluten-free"",""Kosher""]",1,https://riba.app/imgrs/THUMBS%20500X500/303157.JPG
245397,EE GARBANZO BEANS,4130300410,Despensa,ESSENTIAL EVERYDAY,Arroz Y Granos,NULL,1,https://riba.app/imgrs/THUMBS%20500X500/245397.JPG
251965,EE KETCHUP SQZ BTL,4130300450,Despensa,ESSENTIAL EVERYDAY,Aderezos Y Salsas,"[""Kosher""]",1,https://riba.app/imgrs/THUMBS%20500X500/251965.JPG
259493,EE TOMATO KETCHUP,4130300451,Despensa,ESSENTIAL EVERYDAY,Aderezos Y Salsas,"[""Gluten-free"",""Kosher""]",1,https://riba.app/imgrs/THUMBS%20500X500/259493.JPG
258577,EE MUSTARD DIJON,4130300461,Despensa,ESSENTIAL EVERYDAY,Aderezos Y Salsas,"[""Kosher""]",1,https://riba.app/imgrs/THUMBS%20500X500/258577.JPG
301826,EE HONEY MUSTARD,4130300462,Despensa,ESSENTIAL EVERYDAY,Aderezos Y Salsas,"[""Gluten-free"",""Kosher""]",1,https://riba.app/imgrs/THUMBS%20500X500/301826.JPG
245360,EE TARTAR SAUCE SQZ,4130300502,Despensa,ESSENTIAL EVERYDAY,Aderezos Y Salsas,"[""Kosher""]",1,https://riba.app/imgrs/THUMBS%20500X500/245360.JPG
245387,EE REAL MAYONNAISE,4130300513,Despensa,ESSENTIAL EVERYDAY,Aderezos Y Salsas,"[""Kosher""]",1,https://riba.app/imgrs/THUMBS%20500X500/245387.JPG
245388,EE SANDWICH SPREAD,4130300515,Despensa,ESSENTIAL EVERYDAY,Aderezos Y Salsas,"[""Kosher""]",1,https://riba.app/imgrs/THUMBS%20500X500/245388.JPG
259158,EE REAL MAYONNAISE,4130300518,Despensa,ESSENTIAL EVERYDAY,Aderezos Y Salsas,"[""Kosher""]",1,https://riba.app/imgrs/THUMBS%20500X500/259158.JPG
295444,EE W PEPPERONCINI PEPPERS,4130300529,Despensa,ESSENTIAL EVERYDAY,Conservas Y Encurtidos,"[""Kosher""]",1,https://riba.app/imgrs/THUMBS%20500X500/295444.JPG
261218,EE PICKLE BRD & BTR CHIP,4130300552,Despensa,ESSENTIAL EVERYDAY,Conservas Y Encurtidos,"[""Kosher""]",1,https://riba.app/imgrs/THUMBS%20500X500/261218.JPG
294138,EE PICKLE SWEET GHERKIN,4130300556,Despensa,ESSENTIAL EVERYDAY,Conservas Y Encurtidos,"[""Gluten-free"",""Kosher""]",1,https://riba.app/imgrs/THUMBS%20500X500/294138.JPG
294139,EE KOSHER DILL SPEARS,4130300559,Despensa,ESSENTIAL EVERYDAY,Conservas Y Encurtidos,"[""Kosher""]",1,https://riba.app/imgrs/THUMBS%20500X500/294139.JPG
354594,EE DILL SPEARS ,4130300569,Despensa,ESSENTIAL EVERYDAY,Conservas Y Encurtidos,"[""Gluten-free"",""Kosher""]",1,https://riba.app/imgrs/THUMBS%20500X500/354594.JPG
261220,EE PICKLE HAMBURGER DILL SLICE,4130300570,Despensa,ESSENTIAL EVERYDAY,Conservas Y Encurtidos,"[""Gluten-free"",""Kosher""]",1,https://riba.app/imgrs/THUMBS%20500X500/261220.JPG
258634,EE PEAS SWEET,4130300990,Despensa,ESSENTIAL EVERYDAY,Conservas Y Encurtidos,"[""Kosher""]",1,https://riba.app/imgrs/THUMBS%20500X500/258634.JPG
256200,EE CORN WHOLE KERNEL ,4130300996,Despensa,ESSENTIAL EVERYDAY,Conservas Y Encurtidos,NULL,1,https://riba.app/imgrs/THUMBS%20500X500/256200.JPG
240709,EE CORN WHOLE KERNEL,4130301000,Despensa,ESSENTIAL EVERYDAY,Conservas Y Encurtidos,NULL,1,https://riba.app/imgrs/THUMBS%20500X500/240709.JPG
240710,CORN WK NO SALT,4130301003,Despensa,ESSENTIAL EVERYDAY,Conservas Y Encurtidos,NULL,1,https://riba.app/imgrs/THUMBS%20500X500/240710.JPG
247598,EE MIXED VEGETABLES ,4130301017,Despensa,ESSENTIAL EVERYDAY,Conservas Y Encurtidos,"[""Kosher""]",1,https://riba.app/imgrs/THUMBS%20500X500/247598.JPG
258595,EE PINEAPPLE SLICES NJ,4130301064,Despensa,ESSENTIAL EVERYDAY,Conservas Y Encurtidos,"[""Kosher""]",1,https://riba.app/imgrs/THUMBS%20500X500/258595.JPG
293340,EE PINEAPPLE TIDBITS,4130301066,Despensa,ESSENTIAL EVERYDAY,Conservas Y Encurtidos,NULL,1,https://riba.app/imgrs/THUMBS%20500X500/293340.JPG
245384,EE STUFFED MANZAN OLIVES,4130301081,Despensa,ESSENTIAL EVERYDAY,Conservas Y Encurtidos,"[""Kosher""]",1,https://riba.app/imgrs/THUMBS%20500X500/245384.JPG
294141,STUFFED MANZANILLA OLIVES,4130301083,Despensa,ESSENTIAL EVERYDAY,Conservas Y Encurtidos,"[""Kosher""]",1,https://riba.app/imgrs/THUMBS%20500X500/294141.JPG
259157,EE QUEEN OLIVES STUFFED,4130301085,Despensa,ESSENTIAL EVERYDAY,Conservas Y Encurtidos,"[""Kosher""]",1,https://riba.app/imgrs/THUMBS%20500X500/259157.JPG
299199,EE BBQ HICKORY & BROWN SUGAR,4130301386,Despensa,ESSENTIAL EVERYDAY,Aderezos Y Salsas,"[""Gluten-free""]",1,https://riba.app/imgrs/THUMBS%20500X500/299199.JPG
357054,EE POWERED SUGAR,4130301552,Despensa,ESSENTIAL EVERYDAY,Azucar Y Endulzantes,"[""Kosher""]",1,https://riba.app/imgrs/THUMBS%20500X500/357054.JPG
296430,EE DARK BROWN SUGAR,4130301553,Despensa,ESSENTIAL EVERYDAY,Azucar Y Endulzantes,"[""Kosher""]",1,https://riba.app/imgrs/THUMBS%20500X500/296430.JPG
279280,EE PURE LIGHT BROWN SUGAR,4130301554,Despensa,ESSENTIAL EVERYDAY,Azucar Y Endulzantes,"[""Kosher""]",1,https://riba.app/imgrs/THUMBS%20500X500/279280.JPG
240711,ESSENTIAL E MACARONI & CHEESE,4130301633,Despensa,ESSENTIAL EVERYDAY,Pastas Secas,NULL,1,https://riba.app/imgrs/THUMBS%20500X500/240711.JPG
294151,EE FF CHICKEN BROTH,4130301675,Despensa,ESSENTIAL EVERYDAY,Sopas Y Cremas,"[""Gluten-free""]",1,https://riba.app/imgrs/THUMBS%20500X500/294151.JPG
294152,EE FF CHICKEN BROTH LOW SODIUM,4130301676,Despensa,ESSENTIAL EVERYDAY,Sopas Y Cremas,"[""Gluten-free""]",1,https://riba.app/imgrs/THUMBS%20500X500/294152.JPG
343756,BROTH BEEF ASEPTIC,4130301677,Despensa,ESSENTIAL EVERYDAY,Sopas Y Cremas,"[""Gluten-free""]",1,https://riba.app/imgrs/THUMBS%20500X500/343756.JPG
357055,SOUP CREAM OF MUSHROOM,4130301684,Despensa,ESSENTIAL EVERYDAY,Sopas Y Cremas,"[""Kosher""]",1,https://riba.app/imgrs/THUMBS%20500X500/357055.JPG
357056,SOUP FF CREAM MUSHROOM,4130301693,Despensa,ESSENTIAL EVERYDAY,Sopas Y Cremas,"[""Kosher""]",1,https://riba.app/imgrs/THUMBS%20500X500/357056.JPG
245364,EE JELLIED CRANBERRY SAUCE,4130301728,Despensa,ESSENTIAL EVERYDAY,Conservas Y Encurtidos,"[""Kosher""]",1,https://riba.app/imgrs/THUMBS%20500X500/245364.JPG
258593,EE WHOLE CRANBERRY SLICES,4130301729,Despensa,ESSENTIAL EVERYDAY,Conservas Y Encurtidos,"[""Kosher""]",1,https://riba.app/imgrs/THUMBS%20500X500/258593.JPG
310068,EE MARASCHINO CHERRIES,4130301730,Despensa,ESSENTIAL EVERYDAY,Conservas Y Encurtidos,"[""Kosher""]",1,https://riba.app/imgrs/THUMBS%20500X500/310068.JPG
245362,EE MARSCHINO CHERRIES,4130301731,Despensa,ESSENTIAL EVERYDAY,Conservas Y Encurtidos,"[""Kosher""]",1,https://riba.app/imgrs/THUMBS%20500X500/245362.JPG
245363,EE MARSCH CHERRIES W/STEM,4130301733,Despensa,ESSENTIAL EVERYDAY,Conservas Y Encurtidos,"[""Kosher""]",1,https://riba.app/imgrs/THUMBS%20500X500/245363.JPG
270248,EE APPLE SAUCE BOWLS,4130301743,Despensa,ESSENTIAL EVERYDAY,Jaleas Mantequillas Y Mermeladas,"[""Gluten-free"",""Kosher""]",1,https://riba.app/imgrs/THUMBS%20500X500/270248.JPG
270250,EE APPLE SAUCE UNSWEETENED,4130301744,Despensa,ESSENTIAL EVERYDAY,Jaleas Mantequillas Y Mermeladas,"[""Gluten-free"",""Kosher""]",1,https://riba.app/imgrs/THUMBS%20500X500/270250.JPG
272878,EE CINNAMON APPLE SAUCE 6PK,4130301745,Despensa,ESSENTIAL EVERYDAY,Jaleas Mantequillas Y Mermeladas,"[""Gluten-free"",""Kosher""]",1,https://riba.app/imgrs/THUMBS%20500X500/272878.JPG
251821,EE FRUIT COCKTAIL HS,4130301748,Despensa,ESSENTIAL EVERYDAY,Conservas Y Encurtidos,NULL,1,https://riba.app/imgrs/THUMBS%20500X500/251821.JPG
251967,EE FRUIT COCKTAIL HS,4130301752,Despensa,ESSENTIAL EVERYDAY,Conservas Y Encurtidos,NULL,1,https://riba.app/imgrs/THUMBS%20500X500/251967.JPG
292847,EE MIXED FRUIT VERRY CHERRY,4130301755,Despensa,ESSENTIAL EVERYDAY,Conservas Y Encurtidos,NULL,1,https://riba.app/imgrs/THUMBS%20500X500/292847.JPG
294137,EE FRUIT COCKTAIL HS,4130301756,Despensa,ESSENTIAL EVERYDAY,Conservas Y Encurtidos,NULL,1,https://riba.app/imgrs/THUMBS%20500X500/294137.JPG
293338,EE PEACH SLICES IN 100% JUICE,4130301759,Despensa,ESSENTIAL EVERYDAY,Conservas Y Encurtidos,"[""Kosher""]",1,https://riba.app/imgrs/THUMBS%20500X500/293338.JPG
251961,EE PEACH SLICES YC HS,4130301762,Despensa,ESSENTIAL EVERYDAY,Conservas Y Encurtidos,"[""Kosher""]",1,https://riba.app/imgrs/THUMBS%20500X500/251961.JPG
293336,EE PEACH HALVES IN SYRUP,4130301763,Despensa,ESSENTIAL EVERYDAY,Conservas Y Encurtidos,"[""Kosher""]",1,https://riba.app/imgrs/THUMBS%20500X500/293336.JPG
270247,EE PEACH HALVES HEAVY SYRUP,4130301765,Despensa,ESSENTIAL EVERYDAY,Conservas Y Encurtidos,"[""Kosher""]",1,https://riba.app/imgrs/THUMBS%20500X500/270247.JPG
261329,EE EXTRA VIRGIN OLIVE OIL,4130301780,Despensa,ESSENTIAL EVERYDAY,Aceites Y Mantecas,"[""Kosher""]",1,https://riba.app/imgrs/THUMBS%20500X500/261329.JPG
259498,EE OLIVE OIL 100% PURE,4130301781,Despensa,ESSENTIAL EVERYDAY,Aceites Y Mantecas,"[""Kosher""]",1,https://riba.app/imgrs/THUMBS%20500X500/259498.JPG
290526,EE NUT TOPPING,4130301884,Despensa,ESSENTIAL EVERYDAY,Aderezos Y Salsas,NULL,1,https://riba.app/imgrs/THUMBS%20500X500/290526.JPG
258630,EE VEGETABLE OIL,4130301927,Despensa,ESSENTIAL EVERYDAY,Aceites Y Mantecas,"[""Gluten-free"",""Kosher""]",1,https://riba.app/imgrs/THUMBS%20500X500/258630.JPG
259162,EE PURE VEGETABLE OIL,4130301928,Despensa,ESSENTIAL EVERYDAY,Aceites Y Mantecas,NULL,1,https://riba.app/imgrs/THUMBS%20500X500/259162.JPG
270246,EE VEGETABLE OIL,4130301932,Despensa,ESSENTIAL EVERYDAY,Aceites Y Mantecas,"[""Gluten-free"",""Kosher""]",1,https://riba.app/imgrs/THUMBS%20500X500/270246.JPG
353121,PURE CORN OIL,4130301935,Despensa,ESSENTIAL EVERYDAY,Aceites Y Mantecas,NULL,1,https://riba.app/imgrs/THUMBS%20500X500/353121.JPG
259163,EE PURE CANOLA OIL,4130301937,Despensa,ESSENTIAL EVERYDAY,Aceites Y Mantecas,NULL,1,https://riba.app/imgrs/THUMBS%20500X500/259163.JPG
258628,EE CANOLA OIL,4130301940,Despensa,ESSENTIAL EVERYDAY,Aceites Y Mantecas,"[""Gluten-free"",""Kosher""]",1,https://riba.app/imgrs/THUMBS%20500X500/258628.JPG
240713,COMPLETE PANCAKE MIX,4130301947,Despensa,ESSENTIAL EVERYDAY,Harinas,NULL,1,https://riba.app/imgrs/THUMBS%20500X500/240713.JPG
240714,BUTTERMILK COM PCAKE M,4130301948,Despensa,ESSENTIAL EVERYDAY,Harinas,NULL,1,https://riba.app/imgrs/THUMBS%20500X500/240714.JPG
281511,EE 100% PURE PUMPKIN,4130301956,Despensa,ESSENTIAL EVERYDAY,Reposteria,"[""Gluten-free"",""Kosher""]",1,https://riba.app/imgrs/THUMBS%20500X500/281511.JPG
245395,EE PANCAKE ORIG SYRUP,4130301984,Despensa,ESSENTIAL EVERYDAY,Siropes,"[""Kosher""]",1,https://riba.app/imgrs/THUMBS%20500X500/245395.JPG
256197,EE PANCAKE SYRUP,4130301987,Despensa,ESSENTIAL EVERYDAY,Siropes,"[""Kosher""]",1,https://riba.app/imgrs/THUMBS%20500X500/256197.JPG
270239,EE BUTTER PANCAKE SYRUP,4130301989,Despensa,ESSENTIAL EVERYDAY,Siropes,"[""Kosher""]",1,https://riba.app/imgrs/THUMBS%20500X500/270239.JPG
245396,EE LIGHT CORN SYRUP,4130301994,Despensa,ESSENTIAL EVERYDAY,Siropes,"[""Kosher""]",1,https://riba.app/imgrs/THUMBS%20500X500/245396.JPG
353948,EE VAINILLA PUDDING INSTANT,4130302004,Despensa,ESSENTIAL EVERYDAY,Reposteria,"[""Kosher""]",1,https://riba.app/imgrs/THUMBS%20500X500/353948.JPG
353945,EE CHOCOLATE PUDDING INSTANT,4130302005,Despensa,ESSENTIAL EVERYDAY,Reposteria,"[""Kosher""]",1,https://riba.app/imgrs/THUMBS%20500X500/353945.JPG
353941,EE PISTACHO PUDDING INST,4130302006,Despensa,ESSENTIAL EVERYDAY,Reposteria,"[""Kosher""]",1,https://riba.app/imgrs/THUMBS%20500X500/353941.JPG
354278,INST FRENCH VANILLA,4130302007,Despensa,ESSENTIAL EVERYDAY,Reposteria,"[""Kosher""]",1,https://riba.app/imgrs/THUMBS%20500X500/354278.JPG
354269,PUDDING BUTTERSCOTH INST,4130302010,Despensa,ESSENTIAL EVERYDAY,Reposteria,"[""Kosher""]",1,https://riba.app/imgrs/THUMBS%20500X500/354269.JPG
354270,PUDDING BANANA INST,4130302011,Despensa,ESSENTIAL EVERYDAY,Reposteria,"[""Kosher""]",1,https://riba.app/imgrs/THUMBS%20500X500/354270.JPG
354271,PUDDING SF CHOC INST,4130302012,Despensa,ESSENTIAL EVERYDAY,Reposteria,"[""Kosher""]",1,https://riba.app/imgrs/THUMBS%20500X500/354271.JPG
354273,PUDDING SF VANILLA INST,4130302013,Despensa,ESSENTIAL EVERYDAY,Reposteria,"[""Kosher""]",1,https://riba.app/imgrs/THUMBS%20500X500/354273.JPG
354276,PUDDING VANILLA INST,4130302017,Despensa,ESSENTIAL EVERYDAY,Reposteria,"[""Kosher""]",1,https://riba.app/imgrs/THUMBS%20500X500/354276.JPG
353934,EE GELATINA DE FRESA,4130302034,Despensa,ESSENTIAL EVERYDAY,Reposteria,"[""Kosher""]",1,https://riba.app/imgrs/THUMBS%20500X500/353934.JPG
353932,EE GELATIN CHERRY ,4130302035,Despensa,ESSENTIAL EVERYDAY,Reposteria,"[""Kosher""]",1,https://riba.app/imgrs/THUMBS%20500X500/353932.JPG
353929,EE GELATIN RASPBERRY,4130302036,Despensa,ESSENTIAL EVERYDAY,Reposteria,"[""Kosher""]",1,https://riba.app/imgrs/THUMBS%20500X500/353929.JPG
353933,EE GELATIN ORANGE EE,4130302037,Despensa,ESSENTIAL EVERYDAY,Reposteria,"[""Kosher""]",1,https://riba.app/imgrs/THUMBS%20500X500/353933.JPG
353935,EE GELATIN LIME,4130302038,Despensa,ESSENTIAL EVERYDAY,Reposteria,"[""Kosher""]",1,https://riba.app/imgrs/THUMBS%20500X500/353935.JPG
354280,GELATIN SF BLACK CHERRY,4130302040,Despensa,ESSENTIAL EVERYDAY,Reposteria,"[""Kosher""]",1,https://riba.app/imgrs/THUMBS%20500X500/354280.JPG
353937,GELATIN STRAWBERRY SUGAR FREE,4130302041,Despensa,ESSENTIAL EVERYDAY,Reposteria,"[""Kosher""]",1,https://riba.app/imgrs/THUMBS%20500X500/353937.JPG
354147,GELATINA NARANJA EE,4130302044,Despensa,ESSENTIAL EVERYDAY,Reposteria,"[""Kosher""]",1,https://riba.app/imgrs/THUMBS%20500X500/354147.JPG
288344,CEREAL BERRY CRUNCH 368 GR,4130302794,Despensa,ESSENTIAL EVERYDAY,Cereales Y Granola,"[""Kosher""]",1,https://riba.app/imgrs/THUMBS%20500X500/288344.JPG
333777,TOMATO DC FOR CHILI,4130303921,Despensa,ESSENTIAL EVERYDAY,Conservas Y Encurtidos,"[""Kosher""]",1,https://riba.app/imgrs/THUMBS%20500X500/333777.JPG
354828,EE TOMATO DC ITALIAN NSA,4130303923,Despensa,ESSENTIAL EVERYDAY,Conservas Y Encurtidos,"[""Kosher""]",1,https://riba.app/imgrs/THUMBS%20500X500/354828.JPG
355682,EE RICE FLAKES BERRY CRL,4130304643,Despensa,ESSENTIAL EVERYDAY,Cereales Y Granola,"[""Kosher""]",1,https://riba.app/imgrs/THUMBS%20500X500/355682.JPG
243617,EE YELLOW MUSTARD,4130304653,Despensa,ESSENTIAL EVERYDAY,Aderezos Y Salsas,"[""Gluten-free"",""Kosher""]",1,https://riba.app/imgrs/THUMBS%20500X500/243617.JPG
279290,EE PANCAKE SF SYRUP,4130304705,Despensa,ESSENTIAL EVERYDAY,Siropes,"[""Kosher""]",1,https://riba.app/imgrs/THUMBS%20500X500/279290.JPG
343757,EE BEEF BROTH RD SODIUM,4130305185,Despensa,ESSENTIAL EVERYDAY,Sopas Y Cremas,"[""Gluten-free""]",1,https://riba.app/imgrs/THUMBS%20500X500/343757.JPG
251962,EE FRUIT CCKTL SPLNDA,4130305500,Despensa,ESSENTIAL EVERYDAY,Conservas Y Encurtidos,"[""Kosher""]",1,https://riba.app/imgrs/THUMBS%20500X500/251962.JPG
293334,EE PEACH SLICES NO SUG ADDED,4130305501,Despensa,ESSENTIAL EVERYDAY,Conservas Y Encurtidos,"[""Kosher""]",1,https://riba.app/imgrs/THUMBS%20500X500/293334.JPG
294144,EE DRIED CRANBERRIES & WALNUTS,4130306373,Despensa,ESSENTIAL EVERYDAY,Aderezos Y Salsas,NULL,1,https://riba.app/imgrs/THUMBS%20500X500/294144.JPG
290528,EE DICED PEACHES 100% JUICE,4130308329,Despensa,ESSENTIAL EVERYDAY,Conservas Y Encurtidos,"[""Kosher""]",1,https://riba.app/imgrs/THUMBS%20500X500/290528.JPG
343760,PORK FLAVORED GRAVY MIX ,4130309901,Despensa,ESSENTIAL EVERYDAY,Aderezos Y Salsas,NULL,1,https://riba.app/imgrs/THUMBS%20500X500/343760.JPG
345641,EE CARAMEL FROSTED FLAKES,4130309913,Despensa,ESSENTIAL EVERYDAY,Cereales Y Granola,"[""Kosher""]",1,https://riba.app/imgrs/THUMBS%20500X500/345641.JPG
313210,EE CEREAL RAISIN BRAN,4130309914,Despensa,ESSENTIAL EVERYDAY,Cereales Y Granola,"[""Kosher""]",1,https://riba.app/imgrs/THUMBS%20500X500/313210.JPG
357062,EE VEGETABLE OIL,4130310030,Despensa,ESSENTIAL EVERYDAY,Aceites Y Mantecas,"[""Kosher""]",1,https://riba.app/imgrs/THUMBS%20500X500/357062.JPG
357061,EE WHIPPED DRESSING SQUEEZE,4130310489,Despensa,ESSENTIAL EVERYDAY,Aderezos Y Salsas,"[""Kosher""]",1,https://riba.app/imgrs/THUMBS%20500X500/357061.JPG
258109,WISH BONE ITALIAN ZERO FAT,4132100545,Despensa,WISH-BONE,Aderezos Y Salsas,"[""Kosher""]",1,https://riba.app/imgrs/THUMBS%20500X500/258109.JPG
288094,WISH BONE RED WINE VINEGAR,4132100580,Despensa,WISH-BONE,Aderezos Y Salsas,NULL,1,https://riba.app/imgrs/THUMBS%20500X500/288094.JPG
280597,CREAMY BLUE CHEESE ,4132100605,Despensa,WISH-BONE,Aderezos Y Salsas,NULL,1,https://riba.app/imgrs/THUMBS%20500X500/280597.JPG
280594,ROBUSTO ITALIAN ,4132100625,Despensa,WISH-BONE,Aderezos Y Salsas,"[""Kosher""]",1,https://riba.app/imgrs/THUMBS%20500X500/280594.JPG
24598,WISH BONE ITALIAN 16 OZ,4132100626,Despensa,WISH-BONE,Aderezos Y Salsas,"[""Kosher""]",1,https://riba.app/imgrs/THUMBS%20500X500/24598.JPG
24604,THOUSAND ISLAND,4132100645,Despensa,WISH-BONE,Aderezos Y Salsas,NULL,1,https://riba.app/imgrs/THUMBS%20500X500/24604.JPG
44333,ADEREZO  DELUXE FRENCH ,4132100655,Despensa,WISH-BONE,Aderezos Y Salsas,"[""Kosher""]",1,https://riba.app/imgrs/THUMBS%20500X500/44333.JPG
292088,WISH BONE LEMON HERB,4132100711,Despensa,WISH-BONE,Aderezos Y Salsas,NULL,1,https://riba.app/imgrs/THUMBS%20500X500/292088.JPG
325147,WISH BONE BALSMIC VINEGAR,4132100978,Despensa,WISH-BONE,Aderezos Y Salsas,NULL,1,https://riba.app/imgrs/THUMBS%20500X500/325147.JPG
313480,WISHBONE AVOCADO RANCH,4132101541,Despensa,WISH-BONE,Aderezos Y Salsas,NULL,1,https://riba.app/imgrs/THUMBS%20500X500/313480.JPG
280595,CREAMY ITALIAN ,4132110534,Despensa,WISH-BONE,Aderezos Y Salsas,NULL,1,https://riba.app/imgrs/THUMBS%20500X500/280595.JPG
292090,WISH BONE GREEK DRESSING,4132113055,Despensa,WISH-BONE,Aderezos Y Salsas,"[""Gluten-free""]",1,https://riba.app/imgrs/THUMBS%20500X500/292090.JPG
323942,WIHBONE RASPBERRY WALNT VING ,4132121255,Despensa,WISH-BONE,Aderezos Y Salsas,NULL,1,https://riba.app/imgrs/THUMBS%20500X500/323942.JPG
358036,ACEITE OLIVA EXTRA VIRGEN GOYA,4133101017,Despensa,GOYA,Aceites Y Mantecas,NULL,1,https://riba.app/imgrs/THUMBS%20500X500/358036.JPG
29676,ACETE DE OLIVA GOYA,4133101142,Despensa,GOYA,Aceites Y Mantecas,NULL,1,https://riba.app/imgrs/THUMBS%20500X500/29676.JPG
316035,ACEITUNA MANZANILLA ENTERA ,4133101305,Despensa,GOYA,Conservas Y Encurtidos,"[""Kosher""]",1,https://riba.app/imgrs/THUMBS%20500X500/316035.JPG
242272,ACEITUNA ENTERA ,4133101309,Despensa,GOYA,Conservas Y Encurtidos,"[""Kosher""]",1,https://riba.app/imgrs/THUMBS%20500X500/242272.JPG
242276,ACEITUNA RELL PIMIENTOS,4133101327,Despensa,GOYA,Conservas Y Encurtidos,"[""Kosher""]",1,https://riba.app/imgrs/THUMBS%20500X500/242276.JPG
242270,ALCAPARRAS ,4133101373,Despensa,GOYA,Conservas Y Encurtidos,"[""Kosher""]",1,https://riba.app/imgrs/THUMBS%20500X500/242270.JPG
242277,ALCAPARRADO ,4133101417,Despensa,GOYA,Conservas Y Encurtidos,"[""Kosher""]",1,https://riba.app/imgrs/THUMBS%20500X500/242277.JPG
242275,ACEITUNA RELLENA PIMIENTO ,4133101469,Despensa,GOYA,Conservas Y Encurtidos,"[""Kosher""]",1,https://riba.app/imgrs/THUMBS%20500X500/242275.JPG
242274,ACEITUNA ENSALADA C PIMIENTO,4133101477,Despensa,GOYA,Conservas Y Encurtidos,"[""Kosher""]",1,https://riba.app/imgrs/THUMBS%20500X500/242274.JPG
106117,GOYA LARGE BLACK OLIVES PITTED,4133101495,Despensa,GOYA,Conservas Y Encurtidos,"[""Kosher""]",1,https://riba.app/imgrs/THUMBS%20500X500/106117.JPG
322160,CEREZAS MARASCHINO GOYA,4133101554,Despensa,GOYA,Conservas Y Encurtidos,NULL,1,https://riba.app/imgrs/THUMBS%20500X500/322160.JPG
343321,ACEITUNAS RELLENAS JAMON SERRA,4133101566,Despensa,GOYA,Conservas Y Encurtidos,NULL,1,https://riba.app/imgrs/THUMBS%20500X500/343321.JPG
256730,GUANDU CON COCO GOYA,4133102005,Despensa,GOYA,Arroz Y Granos,NULL,1,https://riba.app/imgrs/THUMBS%20500X500/256730.JPG
558,GOYA HABICH/COL GUISADA,4133102051,Despensa,GOYA,Arroz Y Granos,NULL,1,https://riba.app/imgrs/THUMBS%20500X500/558.JPG
274497,GOYA SMALL RED BEANS,4133102052,Despensa,GOYA,Arroz Y Granos,NULL,1,https://riba.app/imgrs/THUMBS%20500X500/274497.JPG
29677,SOPA DE FRIJOLES NEGROS ,4133102067,Despensa,GOYA,Sopas Y Cremas,NULL,1,https://riba.app/imgrs/THUMBS%20500X500/29677.JPG
318052,GOYA SOFRITO,4133102146,Despensa,GOYA,Aderezos Y Salsas,NULL,1,https://riba.app/imgrs/THUMBS%20500X500/318052.JPG
310146,GOYA SOFRITO,4133102149,Despensa,GOYA,Aderezos Y Salsas,NULL,1,https://riba.app/imgrs/THUMBS%20500X500/310146.JPG
318057,GOYA RECAITO CILANTRO,4133102152,Despensa,GOYA,Aderezos Y Salsas,NULL,1,https://riba.app/imgrs/THUMBS%20500X500/318057.JPG
206421,GOYA CHICHAROS ENTEROS VERDES,4133102305,Despensa,GOYA,Arroz Y Granos,"[""Kosher""]",1,https://riba.app/imgrs/THUMBS%20500X500/206421.JPG
29684,GOYA LENTEJAS EN BOLSA,4133102306,Despensa,GOYA,Arroz Y Granos,"[""Kosher""]",1,https://riba.app/imgrs/THUMBS%20500X500/29684.JPG
206420,GOYA GARBANZOS PAQUETE,4133102308,Despensa,GOYA,Arroz Y Granos,"[""Kosher""]",1,https://riba.app/imgrs/THUMBS%20500X500/206420.JPG
29685,FRIJOL NEGROS GOYA,4133102309,Despensa,GOYA,Arroz Y Granos,"[""Kosher""]",1,https://riba.app/imgrs/THUMBS%20500X500/29685.JPG
206411,GOYA CHICHAROS VERDES PART,4133102315,Despensa,GOYA,Arroz Y Granos,"[""Kosher""]",1,https://riba.app/imgrs/THUMBS%20500X500/206411.JPG
255024,GOYA ORG RED KIDNEY BEANS,4133102340,Despensa,GOYA,Arroz Y Granos,"[""Gluten-free"",""Orgánico""]",1,https://riba.app/imgrs/THUMBS%20500X500/255024.JPG
274513,GOYA ORGANICS PINTO BEANS,4133102341,Despensa,GOYA,Arroz Y Granos,"[""Gluten-free"",""Kosher"",""Orgánico""]",1,https://riba.app/imgrs/THUMBS%20500X500/274513.JPG
206415,FRIJOLES NEGROS ORGANICOS,4133102342,Despensa,GOYA,Arroz Y Granos,"[""Gluten-free"",""Kosher"",""Orgánico""]",1,https://riba.app/imgrs/THUMBS%20500X500/206415.JPG
274517,ORG DARK RED KIDNEY BEANS,4133102343,Despensa,GOYA,Arroz Y Granos,"[""Gluten-free"",""Kosher"",""Orgánico""]",1,https://riba.app/imgrs/THUMBS%20500X500/274517.JPG
255041, GOYA ORG CHICK PEAS BEANS,4133102344,Despensa,GOYA,Arroz Y Granos,"[""Gluten-free"",""Kosher"",""Orgánico""]",1,https://riba.app/imgrs/THUMBS%20500X500/255041.JPG
29666, FRIJOLES NEGROS,4133102469,Despensa,GOYA,Arroz Y Granos,"[""Gluten-free""]",1,https://riba.app/imgrs/THUMBS%20500X500/29666.JPG
178491,MAIZ  ENTERO,4133102555,Despensa,GOYA,Conservas Y Encurtidos,NULL,1,https://riba.app/imgrs/THUMBS%20500X500/178491.JPG
178489,VEGETALES MIXTOS ,4133102567,Despensa,GOYA,Conservas Y Encurtidos,NULL,1,https://riba.app/imgrs/THUMBS%20500X500/178489.JPG
236903,QUINOA AJO GISANTE Y PIMIENT,4133102672,Despensa,GOYA,Arroz Y Granos,"[""Gluten-free""]",1,https://riba.app/imgrs/THUMBS%20500X500/236903.JPG
256731,QUINOA ARROZ Y ESPECIES,4133102674,Despensa,GOYA,Arroz Y Granos,NULL,1,https://riba.app/imgrs/THUMBS%20500X500/256731.JPG
256732,QUINOA ARROZ ZAN Y HONG,4133102680,Despensa,GOYA,Arroz Y Granos,"[""Gluten-free""]",1,https://riba.app/imgrs/THUMBS%20500X500/256732.JPG
164171,GOYA PINA EN REBANADA,4133102840,Despensa,GOYA,Conservas Y Encurtidos,NULL,1,https://riba.app/imgrs/THUMBS%20500X500/164171.JPG
330590,CHIPOTLE PEPPERS IN ADOBO SAUC,4133102874,Despensa,GOYA,Conservas Y Encurtidos,"[""Kosher""]",1,https://riba.app/imgrs/THUMBS%20500X500/330590.JPG
206431,GOYA MOJO CRIOLLO,4133103059,Despensa,GOYA,Aderezos Y Salsas,"[""Kosher""]",1,https://riba.app/imgrs/THUMBS%20500X500/206431.JPG
75777,GOYA PASTA DE GUAYABA,4133103083,Despensa,GOYA,Jaleas Mantequillas Y Mermeladas,NULL,1,https://riba.app/imgrs/THUMBS%20500X500/75777.JPG
256729,GOYA SAZON AJO CEBOLLA,4133103774,Despensa,GOYA,Condimentos Y Semillas,NULL,1,https://riba.app/imgrs/THUMBS%20500X500/256729.JPG
29659,GOYA SAZON CON AZAFRAN 100GR ,4133103777,Despensa,GOYA,Condimentos Y Semillas,NULL,1,https://riba.app/imgrs/THUMBS%20500X500/29659.JPG
29661,GOYA SAZON CULANTRO ACHIOTE,4133103779,Despensa,GOYA,Condimentos Y Semillas,NULL,1,https://riba.app/imgrs/THUMBS%20500X500/29661.JPG
255015,GOYA GARLIC POWER,4133103810,Despensa,GOYA,Condimentos Y Semillas,NULL,1,https://riba.app/imgrs/THUMBS%20500X500/255015.JPG
255017,GOYA ONION POWDER,4133103812,Despensa,GOYA,Condimentos Y Semillas,NULL,1,https://riba.app/imgrs/THUMBS%20500X500/255017.JPG
178482,SAL YODADA ,4133103815,Despensa,GOYA,Condimentos Y Semillas,NULL,1,https://riba.app/imgrs/THUMBS%20500X500/178482.JPG
328692,ADOBO ALL SEASONING CUMIN,4133103820,Despensa,GOYA,Condimentos Y Semillas,NULL,1,https://riba.app/imgrs/THUMBS%20500X500/328692.JPG
29663,ADOBO CON PIMIENTA,4133103828,Despensa,GOYA,Condimentos Y Semillas,NULL,1,https://riba.app/imgrs/THUMBS%20500X500/29663.JPG
29681, ADOBO SIN PIMIENTA,4133103829,Despensa,GOYA,Condimentos Y Semillas,NULL,1,https://riba.app/imgrs/THUMBS%20500X500/29681.JPG
29664,ADOBO SIN PIMIENTA,4133103830,Despensa,GOYA,Condimentos Y Semillas,NULL,1,https://riba.app/imgrs/THUMBS%20500X500/29664.JPG
255020,GOYA ANNATTO SEED ACHIOTE,4133103832,Despensa,GOYA,Condimentos Y Semillas,NULL,1,https://riba.app/imgrs/THUMBS%20500X500/255020.JPG
328695,HAM FLAVORED CONCENTRATE,4133103875,Despensa,GOYA,Condimentos Y Semillas,NULL,1,https://riba.app/imgrs/THUMBS%20500X500/328695.JPG
295958,ADOBO CON CULANTRO Y ACHIOTE,4133103903,Despensa,GOYA,Condimentos Y Semillas,NULL,1,https://riba.app/imgrs/THUMBS%20500X500/295958.JPG
236902,QUINOA ORGANICO ,4133105052,Despensa,GOYA,Arroz Y Granos,"[""Gluten-free"",""Kosher"",""Orgánico""]",1,https://riba.app/imgrs/THUMBS%20500X500/236902.JPG
75776,GUANDU VERDE,4133112001,Despensa,GOYA,Arroz Y Granos,"[""Gluten-free""]",1,https://riba.app/imgrs/THUMBS%20500X500/75776.JPG
206417,GOYA HABICHUELAS COLORADAS,4133112330,Despensa,GOYA,Arroz Y Granos,"[""Gluten-free"",""Kosher""]",1,https://riba.app/imgrs/THUMBS%20500X500/206417.JPG
206416,FRIJOLES NEGRO BAJO SODIO,4133112332,Despensa,GOYA,Arroz Y Granos,"[""Gluten-free""]",1,https://riba.app/imgrs/THUMBS%20500X500/206416.JPG
130803,GOYA FRIJOLES ROJOS,4133112402,Despensa,GOYA,Arroz Y Granos,"[""Gluten-free"",""Kosher""]",1,https://riba.app/imgrs/THUMBS%20500X500/130803.JPG
106123,GOYA PINK BEANS(HABICHUELA ROS,4133112406,Despensa,GOYA,Arroz Y Granos,"[""Gluten-free""]",1,https://riba.app/imgrs/THUMBS%20500X500/106123.JPG
29667,GARBANZOS,4133112422,Despensa,GOYA,Arroz Y Granos,"[""Gluten-free"",""Kosher""]",1,https://riba.app/imgrs/THUMBS%20500X500/29667.JPG
328691,DARK KIDNEY BEANS,4133112435,Despensa,GOYA,Arroz Y Granos,"[""Gluten-free"",""Kosher""]",1,https://riba.app/imgrs/THUMBS%20500X500/328691.JPG
295957,BUTTER BEANS,4133112443,Despensa,GOYA,Arroz Y Granos,"[""Gluten-free"",""Kosher""]",1,https://riba.app/imgrs/THUMBS%20500X500/295957.JPG
29665,GOYA FRIJOLES NEGROS,4133112466,Despensa,GOYA,Arroz Y Granos,"[""Gluten-free""]",1,https://riba.app/imgrs/THUMBS%20500X500/29665.JPG
178490,MAIZ  ENTERO,4133112556,Despensa,GOYA,Conservas Y Encurtidos,"[""Kosher""]",1,https://riba.app/imgrs/THUMBS%20500X500/178490.JPG
178488,VEGETALES MIXTOS,4133112565,Despensa,GOYA,Conservas Y Encurtidos,NULL,1,https://riba.app/imgrs/THUMBS%20500X500/178488.JPG
324717,CINNADUST TOAST CRUNCH SSNN,4135150216,Despensa,GENERAL MILLS,Condimentos Y Semillas,"[""Kosher""]",1,https://riba.app/imgrs/THUMBS%20500X500/324717.JPG
4872,KIKKOMAN 5OZX12 (148ML) SOY SA,4139000001,Despensa,KIKKOMAN,Aderezos Y Salsas,"[""Kosher""]",1,https://riba.app/imgrs/THUMBS%20500X500/4872.JPG
4958,KIKKOMAN SOY SAUCE 10 OZ,4139000002,Despensa,KIKKOMAN,Aderezos Y Salsas,"[""Kosher""]",1,https://riba.app/imgrs/THUMBS%20500X500/4958.JPG
25832,SOY SAUCE KIKOMAN ,4139000003,Despensa,KIKKOMAN,Aderezos Y Salsas,"[""Kosher""]",1,https://riba.app/imgrs/THUMBS%20500X500/25832.JPG
4961,SALSA KIKKOMAN TERIYAKI 10 OZ,4139000005,Despensa,KIKKOMAN,Aderezos Y Salsas,"[""Kosher""]",1,https://riba.app/imgrs/THUMBS%20500X500/4961.JPG
4957,KIKKOMAN L/SOD SOY SAUCE CRUET,4139000008,Despensa,KIKKOMAN,Aderezos Y Salsas,"[""Kosher""]",1,https://riba.app/imgrs/THUMBS%20500X500/4957.JPG
4960,KIKKOMAN SOY SAUCE CRUET,4139000009,Despensa,KIKKOMAN,Aderezos Y Salsas,"[""Kosher""]",1,https://riba.app/imgrs/THUMBS%20500X500/4960.JPG
345650,SAUCE TAMARI KIKKOMAN,4139000064,Despensa,KIKKOMAN,Aderezos Y Salsas,"[""Gluten-free"",""Kosher""]",1,https://riba.app/imgrs/THUMBS%20500X500/345650.JPG
4955,KIKKOMAN LITE SOY SAUCE,4139000101,Despensa,KIKKOMAN,Aderezos Y Salsas,"[""Kosher""]",1,https://riba.app/imgrs/THUMBS%20500X500/4955.JPG
4956,SALSA KIKKOMAN SOY LITE 10 OZ,4139000105,Despensa,KIKKOMAN,Aderezos Y Salsas,"[""Kosher""]",1,https://riba.app/imgrs/THUMBS%20500X500/4956.JPG
232752,LESS SODIUM SOY SAUCE ,4139000110,Despensa,KIKKOMAN,Aderezos Y Salsas,"[""Kosher""]",1,https://riba.app/imgrs/THUMBS%20500X500/232752.JPG
236058,SUSHI SASHIMI SOY SAUCE ,4139000460,Despensa,KIKKOMAN,Aderezos Y Salsas,"[""Kosher""]",1,https://riba.app/imgrs/THUMBS%20500X500/236058.JPG
345649,KIKKOMAN SAUCE WASABI,4139000700,Despensa,KIKKOMAN,Aderezos Y Salsas,NULL,1,https://riba.app/imgrs/THUMBS%20500X500/345649.JPG
281065,OYSTER SAUCE RED KIKKOMAN,4139000902,Despensa,KIKKOMAN,Aderezos Y Salsas,NULL,1,https://riba.app/imgrs/THUMBS%20500X500/281065.JPG
345648,SAUCE & MRNADE GF TRYAKI,4139001025,Despensa,KIKKOMAN,Aderezos Y Salsas,"[""Gluten-free"",""Kosher""]",1,https://riba.app/imgrs/THUMBS%20500X500/345648.JPG
50688,KIKKOMAN TERR SAUCE(MARINADE),4139001030,Despensa,KIKKOMAN,Aderezos Y Salsas,"[""Kosher""]",1,https://riba.app/imgrs/THUMBS%20500X500/50688.JPG
44562,LITE TERIYAKI MARINADE,4139001040,Despensa,KIKKOMAN,Aderezos Y Salsas,"[""Kosher""]",1,https://riba.app/imgrs/THUMBS%20500X500/44562.JPG
44563,KIKKOMAN TERIYAKI GLAZE 12 OZ,4139001110,Despensa,KIKKOMAN,Aderezos Y Salsas,"[""Kosher""]",1,https://riba.app/imgrs/THUMBS%20500X500/44563.JPG
44561,KIKKOMAN HON PIN GLA,4139001185,Despensa,KIKKOMAN,Aderezos Y Salsas,"[""Kosher""]",1,https://riba.app/imgrs/THUMBS%20500X500/44561.JPG
145951,KIKKO TAKUMI TRYKI GRLC ON,4139001465,Despensa,KIKKOMAN,Aderezos Y Salsas,NULL,1,https://riba.app/imgrs/THUMBS%20500X500/145951.JPG
273770,KIKKOMAN SESAME OIL,4139001700,Despensa,KIKKOMAN,Aceites Y Mantecas,"[""Gluten-free"",""Kosher""]",1,https://riba.app/imgrs/THUMBS%20500X500/273770.JPG
281068,RICE VINEGAR KIKKOMAN,4139002030,Despensa,KIKKOMAN,Vinagre,"[""Kosher""]",1,https://riba.app/imgrs/THUMBS%20500X500/281068.JPG
281103,VINAGRE DE ARROZ SAZONADO,4139002032,Despensa,KIKKOMAN,Vinagre,"[""Kosher""]",1,https://riba.app/imgrs/THUMBS%20500X500/281103.JPG
236061,STIR FRY SAUCE ,4139002070,Despensa,KIKKOMAN,Aderezos Y Salsas,NULL,1,https://riba.app/imgrs/THUMBS%20500X500/236061.JPG
281104,KATSU SAUCE KIKKOMAN,4139002150,Despensa,KIKKOMAN,Aderezos Y Salsas,"[""Kosher""]",1,https://riba.app/imgrs/THUMBS%20500X500/281104.JPG
345651,SAUCE SWEET SOY FOR RICE,4139002309,Despensa,KIKKOMAN,Aderezos Y Salsas,"[""Gluten-free"",""Kosher""]",1,https://riba.app/imgrs/THUMBS%20500X500/345651.JPG
352367,SALSA NARANJA KIKKOMAN,4139002432,Despensa,KIKKOMAN,Aderezos Y Salsas,"[""Gluten-free"",""Kosher""]",1,https://riba.app/imgrs/THUMBS%20500X500/352367.JPG
345647,MIX SSNNG FRIED RICE KIKKOMAN,4139004120,Despensa,KIKKOMAN,Condimentos Y Semillas,NULL,1,https://riba.app/imgrs/THUMBS%20500X500/345647.JPG
241887,SWEET & SOUR SAUCE ,4139004760,Despensa,KIKKOMAN,Aderezos Y Salsas,"[""Kosher""]",1,https://riba.app/imgrs/THUMBS%20500X500/241887.JPG
185117,KIKOMAN  MIX TEMPURA BATTER JA,4139005022,Despensa,KIKKOMAN,Condimentos Y Semillas,NULL,1,https://riba.app/imgrs/THUMBS%20500X500/185117.JPG
44424,WRIGHT LIQUID SMOKE 3 5 OZ,4142117745,Despensa,WRIGHT S,Condimentos Y Semillas,"[""Gluten-free"",""Kosher""]",1,https://riba.app/imgrs/THUMBS%20500X500/44424.JPG
78131,BELGIAN WAFFLE MIX LIGHT CRISP,4144900186,Despensa,KRUSTEAZ,Harinas,"[""Kosher""]",1,https://riba.app/imgrs/THUMBS%20500X500/78131.JPG
78142,HONEY CORNBREAD MUFFIN MIX,4144930011,Despensa,KRUSTEAZ,Reposteria,"[""Kosher""]",1,https://riba.app/imgrs/THUMBS%20500X500/78142.JPG
307380,WILD BLUEBERRY MUFFIN MIX KR,4144930013,Despensa,KRUSTEAZ,Reposteria,"[""Kosher""]",1,https://riba.app/imgrs/THUMBS%20500X500/307380.JPG
314525,DOUBLE CHOC. PREMIUM BROWNIE M,4144930022,Despensa,GHIRARDELLI,Reposteria,"[""Kosher""]",1,https://riba.app/imgrs/THUMBS%20500X500/314525.JPG
217245,CARAMEL TURTLE BROWNIE MIX,4144930252,Despensa,GHIRARDELLI,Reposteria,"[""Kosher""]",1,https://riba.app/imgrs/THUMBS%20500X500/217245.JPG
217244,WALNUT BROWNIE MIX,4144930256,Despensa,GHIRARDELLI,Reposteria,"[""Kosher""]",1,https://riba.app/imgrs/THUMBS%20500X500/217244.JPG
225794,GF PANCAKE BUTTERMILK,4144940310,Despensa,KRUSTEAZ,Harinas,"[""Gluten-free"",""Kosher""]",1,https://riba.app/imgrs/THUMBS%20500X500/225794.JPG
225772,GF HONEY CORNBREAD MIX,4144940320,Despensa,KRUSTEAZ,Reposteria,"[""Gluten-free"",""Kosher""]",1,https://riba.app/imgrs/THUMBS%20500X500/225772.JPG
225795,GF DOUBLE CHOC BROWNIE MIX,4144940336,Despensa,KRUSTEAZ,Reposteria,"[""Gluten-free"",""Kosher""]",1,https://riba.app/imgrs/THUMBS%20500X500/225795.JPG
138271,CLASSIC YELLOW SQUEEZE MUSTARD,4150000025,Despensa,FRENCH S,Aderezos Y Salsas,"[""Gluten-free"",""Kosher""]",1,https://riba.app/imgrs/THUMBS%20500X500/138271.JPG
20132,MOSTAZA DELI SPICY BROWN,4150000042,Despensa,FRENCH S,Aderezos Y Salsas,"[""Gluten-free"",""Kosher""]",1,https://riba.app/imgrs/THUMBS%20500X500/20132.JPG
83565,MOSTAZA HONEY SWEET & TANGY,4150000052,Despensa,FRENCH S,Aderezos Y Salsas,"[""Gluten-free"",""Kosher""]",1,https://riba.app/imgrs/THUMBS%20500X500/83565.JPG
276528,FRENCH MOSTAZA DIJON CHADONNAY,4150000099,Despensa,FRENCH S,Aderezos Y Salsas,"[""Gluten-free"",""Kosher""]",1,https://riba.app/imgrs/THUMBS%20500X500/276528.JPG
305143,SALSA RHOT THICK ORIGINAL,4150001067,Despensa,FRANK S,Aderezos Y Salsas,NULL,1,https://riba.app/imgrs/THUMBS%20500X500/305143.JPG
305142,SALSA RHOT BUFFALO RANCH,4150001069,Despensa,FRANK S,Aderezos Y Salsas,NULL,1,https://riba.app/imgrs/THUMBS%20500X500/305142.JPG
341227,ADEREZO MOSTAZA FRENCHS,4150001193,Despensa,FRENCH S,Aderezos Y Salsas,"[""Kosher""]",1,https://riba.app/imgrs/THUMBS%20500X500/341227.JPG
341225,ADEREZO FRENCH MOSTAZA MIEL,4150001195,Despensa,FRENCH S,Aderezos Y Salsas,NULL,1,https://riba.app/imgrs/THUMBS%20500X500/341225.JPG
20134,SALSA INGLESA,4150001302,Despensa,FRENCH S,Aderezos Y Salsas,"[""Kosher""]",1,https://riba.app/imgrs/THUMBS%20500X500/20134.JPG
19904,MOSTAZA CLASSIC YELLOW ,4150001352,Despensa,FRENCH S,Aderezos Y Salsas,"[""Gluten-free"",""Kosher""]",1,https://riba.app/imgrs/THUMBS%20500X500/19904.JPG
134892,FRANKS REDHOT BUFF WING,4150074510,Despensa,FRANK S,Aderezos Y Salsas,"[""Kosher""]",1,https://riba.app/imgrs/THUMBS%20500X500/134892.JPG
213115,BBQ SAUCE KANSAS CITY CLASSIC,4150077985,Despensa,CATTEMEN S,Aderezos Y Salsas,"[""Kosher""]",1,https://riba.app/imgrs/THUMBS%20500X500/213115.JPG
213116,BBQ SAUCE MISSISSIPPI HONEY,4150077986,Despensa,CATTEMEN S,Aderezos Y Salsas,"[""Kosher""]",1,https://riba.app/imgrs/THUMBS%20500X500/213116.JPG
213114,BBQ SAUCE CAROLINA TANGY GOLD,4150077987,Despensa,CATTEMEN S,Aderezos Y Salsas,"[""Kosher""]",1,https://riba.app/imgrs/THUMBS%20500X500/213114.JPG
285151,RED HOT XTRA HOT ,4150079953,Despensa,FRANK S,Aderezos Y Salsas,"[""Kosher""]",1,https://riba.app/imgrs/THUMBS%20500X500/285151.JPG
20141,DURKEE RED HOT PEPPER SAUCE 24,4150080501,Despensa,FRANKS,Aderezos Y Salsas,"[""Kosher""]",1,https://riba.app/imgrs/THUMBS%20500X500/20141.JPG
66403,FRANK S RED HOT ORIGINAL,4150080502,Despensa,FRANK S,Aderezos Y Salsas,"[""Kosher""]",1,https://riba.app/imgrs/THUMBS%20500X500/66403.JPG
276605,RED HOT BUFFALO WINGS 5OZ,4150084263,Despensa,FRANK S,Aderezos Y Salsas,"[""Kosher""]",1,https://riba.app/imgrs/THUMBS%20500X500/276605.JPG
341576,KETCHUP DE TOMATE FRENCHS,4150093601,Despensa,FRENCH'S,Aderezos Y Salsas,"[""Kosher""]",1,https://riba.app/imgrs/THUMBS%20500X500/341576.JPG
278287,FRENCH MOSTAZA DIJON STONE GRO,4150099292,Despensa,FRENCH S,Aderezos Y Salsas,"[""Gluten-free"",""Kosher""]",1,https://riba.app/imgrs/THUMBS%20500X500/278287.JPG
290563,BD ALMOND FLOUR FINELY SIFTED,4157014296,Despensa,BLUE DIAMOND,Harinas,"[""Gluten-free"",""Kosher""]",1,https://riba.app/imgrs/THUMBS%20500X500/290563.JPG
15403,CEREZA MARASCHINO,4158000003,Despensa,CHERRY MAN,Conservas Y Encurtidos,"[""Kosher""]",1,https://riba.app/imgrs/THUMBS%20500X500/15403.JPG
15263,CEREZAS MARASCHINO,4158006000,Despensa,WHITE SWAN,Conservas Y Encurtidos,"[""Kosher""]",1,https://riba.app/imgrs/THUMBS%20500X500/15263.JPG
15164,CHERRIES MARASCHINO 12 10OZ,4158010000,Despensa,WHITE SWAN,Conservas Y Encurtidos,"[""Kosher""]",1,https://riba.app/imgrs/THUMBS%20500X500/15164.JPG
15006,CEREZAS MARASCHINO,4158010200,Despensa,WHITE SWAN,Conservas Y Encurtidos,"[""Kosher""]",1,https://riba.app/imgrs/THUMBS%20500X500/15006.JPG
15264,CEREZAS MARASCHINO,4158016000,Despensa,WHITE SWAN,Conservas Y Encurtidos,"[""Kosher""]",1,https://riba.app/imgrs/THUMBS%20500X500/15264.JPG
349748,BRASWELL FIG PRESERVE,4169502113,Despensa,BRASWELL'S,Jaleas Mantequillas Y Mermeladas,NULL,1,https://riba.app/imgrs/THUMBS%20500X500/349748.JPG
79048,GREEN PEPPER JELLY,4169507133,Despensa,BRASWELL'S,Jaleas Mantequillas Y Mermeladas,NULL,1,https://riba.app/imgrs/THUMBS%20500X500/79048.JPG
79047,RED PEPPER JELLY,4169508133,Despensa,BRASWELL S,Jaleas Mantequillas Y Mermeladas,NULL,1,https://riba.app/imgrs/THUMBS%20500X500/79047.JPG
152683,BRASWELL MILD CHOW CHOW,4169513154,Despensa,BRASWELL'S,Conservas Y Encurtidos,NULL,1,https://riba.app/imgrs/THUMBS%20500X500/152683.JPG
354415,SMOKY RIB SAUCE,4169515579,Despensa,BRASWELL´S,Aderezos Y Salsas,NULL,1,https://riba.app/imgrs/THUMBS%20500X500/354415.JPG
354412,ROBUST RIBEYE STEAK SAUCE,4169516074,Despensa,BRASWELL´S,Aderezos Y Salsas,NULL,1,https://riba.app/imgrs/THUMBS%20500X500/354412.JPG
343254,BRAWSWELL TRUFFLE MUSTARD,4169518115,Despensa,BRASWELL'S,Aderezos Y Salsas,NULL,1,https://riba.app/imgrs/THUMBS%20500X500/343254.JPG
354414,SMOKY MAPLE GLAZE,4169520872,Despensa,BRASWELL´S,Aderezos Y Salsas,"[""Kosher""]",1,https://riba.app/imgrs/THUMBS%20500X500/354414.JPG
354409,CABERNET STEAK SAUCE,4169526074,Despensa,BRASWELL´S,Aderezos Y Salsas,NULL,1,https://riba.app/imgrs/THUMBS%20500X500/354409.JPG
107218,BRASWELL MINT JELLY W LEAVES,4169526133,Despensa,BRASWELL S,Jaleas Mantequillas Y Mermeladas,NULL,1,https://riba.app/imgrs/THUMBS%20500X500/107218.JPG
133637,BRASWELLS CRM ONION DRESS,4169564179,Despensa,BRASWELL S,Aderezos Y Salsas,NULL,1,https://riba.app/imgrs/THUMBS%20500X500/133637.JPG
343253,CHAMPAGNE DILL MUSTARD,4169572015,Despensa,BRASWELL'S,Aderezos Y Salsas,NULL,1,https://riba.app/imgrs/THUMBS%20500X500/343253.JPG
355519,BRASWELLS SEAFOOD COCKTAIL SAU,4169594174,Despensa,BRASWELL´S,Aderezos Y Salsas,NULL,1,https://riba.app/imgrs/THUMBS%20500X500/355519.JPG
80577,MARUCHAN INST LIME SHRIMP,4178900105,Despensa,MARUCHAN,Sopas Y Cremas,NULL,1,https://riba.app/imgrs/THUMBS%20500X500/80577.JPG
173937,MRUCH LIME CHILI FLAV W SHRIMP,4178900115,Despensa,MARUCHAN,Sopas Y Cremas,NULL,1,https://riba.app/imgrs/THUMBS%20500X500/173937.JPG
45181,MARUCHAN INST LUNCH CHICKEN FL,4178900121,Despensa,MARUCHAN,Sopas Y Cremas,NULL,1,https://riba.app/imgrs/THUMBS%20500X500/45181.JPG
45180,MARUCHAN INST LUNCH BEEF FLAVO,4178900122,Despensa,MARUCHAN,Sopas Y Cremas,NULL,1,https://riba.app/imgrs/THUMBS%20500X500/45180.JPG
45179,MARUCHAN INST WIRH SHRIMP,4178900125,Despensa,MARUCHAN,Sopas Y Cremas,NULL,1,https://riba.app/imgrs/THUMBS%20500X500/45179.JPG
158038,MARUCHAN INSTANT L CHILI PIQUI,4178900128,Despensa,MARUCHAN,Sopas Y Cremas,NULL,1,https://riba.app/imgrs/THUMBS%20500X500/158038.JPG
158039,MARUCHAN HOT & SPICY CHICKEN,4178900143,Despensa,MARUCHAN,Sopas Y Cremas,NULL,1,https://riba.app/imgrs/THUMBS%20500X500/158039.JPG
309200,HOT & SPICY SHRIMP CUP,4178900144,Despensa,MARUCHAN,Sopas Y Cremas,NULL,1,https://riba.app/imgrs/THUMBS%20500X500/309200.JPG
296602,MARUCHAN CUP ROAST CHICKEN,4178900157,Despensa,MARUCHAN,Sopas Y Cremas,NULL,1,https://riba.app/imgrs/THUMBS%20500X500/296602.JPG
121239,MARUCHAN RAMEN POLLO 24 85 GR,4178900211,Despensa,MARUCHAN,Sopas Y Cremas,NULL,1,https://riba.app/imgrs/THUMBS%20500X500/121239.JPG
150315,MARUCHAN RAMEN BEEF SOUP 85G,4178900212,Despensa,MARUCHAN,Sopas Y Cremas,NULL,1,https://riba.app/imgrs/THUMBS%20500X500/150315.JPG
111283,MARUCHAN RAMEN PORK FLAVOR,4178900213,Despensa,MARUCHAN,Sopas Y Cremas,NULL,1,https://riba.app/imgrs/THUMBS%20500X500/111283.JPG
46656,MARUCHAN RAMEN ORIENTAL FLAVOR,4178900214,Despensa,MARUCHAN,Sopas Y Cremas,NULL,1,https://riba.app/imgrs/THUMBS%20500X500/46656.JPG
46657,MARUCHAN RAMEN SHRIMP FLAVOR,4178900217,Despensa,MARUCHAN,Sopas Y Cremas,NULL,1,https://riba.app/imgrs/THUMBS%20500X500/46657.JPG
130382,MARUCHAN RAMEN CRM CHICK FLV,4178900251,Despensa,MARUCHAN,Sopas Y Cremas,NULL,1,https://riba.app/imgrs/THUMBS%20500X500/130382.JPG
142251,SOPA DE POLLO CON FIDEOS,4178900291,Despensa,MARUCHAN,Sopas Y Cremas,NULL,1,https://riba.app/imgrs/THUMBS%20500X500/142251.JPG
142253,SOPA DE CAMARON CON FIDEOS,4178900297,Despensa,MARUCHAN,Sopas Y Cremas,NULL,1,https://riba.app/imgrs/THUMBS%20500X500/142253.JPG
200791,RAMEN CAMARON PICANTE ,4178900298,Despensa,MARUCHAN,Sopas Y Cremas,NULL,1,https://riba.app/imgrs/THUMBS%20500X500/200791.JPG
200788,RAMEN POLLO PICANTE ,4178900299,Despensa,MARUCHAN,Sopas Y Cremas,NULL,1,https://riba.app/imgrs/THUMBS%20500X500/200788.JPG
205559,MARUCHAN CHICKEN FLAVOR,4178900301,Despensa,MARUCHAN,Sopas Y Cremas,NULL,1,https://riba.app/imgrs/THUMBS%20500X500/205559.JPG
205558,SOPAS MARUCHAN,4178900302,Despensa,MARUCHAN,Sopas Y Cremas,NULL,1,https://riba.app/imgrs/THUMBS%20500X500/205558.JPG
205557,MARUCHA HOT & SPICYWITH SHRIMP,4178900303,Despensa,MARUCHAN,Sopas Y Cremas,NULL,1,https://riba.app/imgrs/THUMBS%20500X500/205557.JPG
156894,YAKISOBA CHICKEN,4178900701,Despensa,MARUCHAN,Sopas Y Cremas,NULL,1,https://riba.app/imgrs/THUMBS%20500X500/156894.JPG
316518,MARUCHAN TERIYAKI CHICKEN FLAV,4178900711,Despensa,MARUCHAN,Sopas Y Cremas,NULL,1,https://riba.app/imgrs/THUMBS%20500X500/316518.JPG
205517,MRUCHAN SPICY CHICKEN,4178900743,Despensa,MARUCHAN,Sopas Y Cremas,NULL,1,https://riba.app/imgrs/THUMBS%20500X500/205517.JPG
15052,SESAME TAHINI,4179500098,Despensa,JOYVA,Aderezos Y Salsas,"[""Gluten-free"",""Kosher"",""Vegano""]",1,https://riba.app/imgrs/THUMBS%20500X500/15052.JPG
194093,AMYS CREAM OF TOMATO SOUP,4227200501,Despensa,AMY S,Sopas Y Cremas,"[""Gluten-free"",""Kosher""]",1,https://riba.app/imgrs/THUMBS%20500X500/194093.JPG
222686,ORG STONEGROUND MUSTARD,4256300768,Despensa,WOODSTOCK FARMS,Aderezos Y Salsas,"[""Gluten-free"",""Kosher"",""Orgánico""]",1,https://riba.app/imgrs/THUMBS%20500X500/222686.JPG
195676,ORGANIC BLACK BEANS FLAVORFUL,4256360000,Despensa,FIELD DAY,Arroz Y Granos,"[""Gluten-free"",""Orgánico"",""Vegano""]",1,https://riba.app/imgrs/THUMBS%20500X500/195676.JPG
268639,GARLIC ORG CILANTRO SALSA,4256360085,Despensa,FIELD DAY,Aderezos Y Salsas,"[""Orgánico"",""Vegano""]",1,https://riba.app/imgrs/THUMBS%20500X500/268639.JPG
198985,ORGANIC DICED PEACHES,4256360194,Despensa,FIELD DAY,Conservas Y Encurtidos,"[""Kosher"",""Orgánico""]",1,https://riba.app/imgrs/THUMBS%20500X500/198985.JPG
198986,ORGANIC DICED PEARS,4256360195,Despensa,FIELD DAY,Conservas Y Encurtidos,"[""Kosher"",""Orgánico""]",1,https://riba.app/imgrs/THUMBS%20500X500/198986.JPG
198987,ORGANIC DICED PEACHES N PEARS,4256360196,Despensa,FIELD DAY,Conservas Y Encurtidos,"[""Kosher"",""Orgánico""]",1,https://riba.app/imgrs/THUMBS%20500X500/198987.JPG
268754,PEANUT BUTTER CRUNCHY SALTED ,4256360220,Despensa,FIELD DAY,Jaleas Mantequillas Y Mermeladas,"[""Kosher"",""Orgánico""]",1,https://riba.app/imgrs/THUMBS%20500X500/268754.JPG
268750,MAPLE SYRUP ORG FIELD DAY,4256360260,Despensa,FIELD DAY,Siropes,"[""Kosher"",""Orgánico""]",1,https://riba.app/imgrs/THUMBS%20500X500/268750.JPG
263734,MAC & CHEESE ORG WHITE CHEDDAR,4256360298,Despensa,FIELD DAY,Pastas Secas,"[""Orgánico""]",1,https://riba.app/imgrs/THUMBS%20500X500/263734.JPG
272759,MAC & CHEESE ORG MILD CHEDDAR,4256360299,Despensa,FIELD DAY,Pastas Secas,"[""Orgánico""]",1,https://riba.app/imgrs/THUMBS%20500X500/272759.JPG
259469,PASTA OG2 BRN QUINOA FIELDY,4256360310,Despensa,FIELD DAY,Pastas Secas,"[""Gluten-free"",""Kosher"",""Orgánico""]",1,https://riba.app/imgrs/THUMBS%20500X500/259469.JPG
243066,ORGANIC VARIETY PACK OATMEAL,4256360336,Despensa,FIELD DAY,Avenas Y Cremas,"[""Gluten-free"",""Kosher"",""Orgánico""]",1,https://riba.app/imgrs/THUMBS%20500X500/243066.JPG
243063,ORGANIC APPLE CINN OATMEAL,4256360337,Despensa,FIELD DAY,Avenas Y Cremas,"[""Gluten-free"",""Kosher"",""Orgánico""]",1,https://riba.app/imgrs/THUMBS%20500X500/243063.JPG
243062,ORGANIC MAPLE BROWN SUGAR OAT,4256360339,Despensa,FIELD DAY,Avenas Y Cremas,"[""Gluten-free"",""Kosher"",""Orgánico""]",1,https://riba.app/imgrs/THUMBS%20500X500/243062.JPG
253531,ORG CANOLA OIL COOKIN,4256360360,Despensa,FIELD DAY,Aceites Y Mantecas,"[""Orgánico""]",1,https://riba.app/imgrs/THUMBS%20500X500/253531.JPG
243060,ORGANIC EXTRA VIRGIN OLIVE OIL,4256360361,Despensa,FIELD DAY,Aceites Y Mantecas,"[""Orgánico""]",1,https://riba.app/imgrs/THUMBS%20500X500/243060.JPG
268687,VANILLA BLUEBERRY GRANOLA ORG,4256360372,Despensa,FIELD DAY,Cereales Y Granola,"[""Gluten-free"",""Kosher"",""Orgánico""]",1,https://riba.app/imgrs/THUMBS%20500X500/268687.JPG
268755,COOKING SPRAY COCONUT OIL,4256360385,Despensa,FIELD DAY,Aceites Y Mantecas,"[""Orgánico""]",1,https://riba.app/imgrs/THUMBS%20500X500/268755.JPG
263415,YELLOW MUSTARD ORGANIC,4256360408,Despensa,FIELD DAY,Aderezos Y Salsas,"[""Gluten-free"",""Kosher"",""Orgánico""]",1,https://riba.app/imgrs/THUMBS%20500X500/263415.JPG
349920,SWEET PICKLE RELISH ORG,4256360467,Despensa,FIELD DAY,Conservas Y Encurtidos,"[""Kosher"",""Orgánico""]",1,https://riba.app/imgrs/THUMBS%20500X500/349920.JPG
308831,DARK RED KIDNEY BEANS OG2,4256360572,Despensa,FIELD DAY,Arroz Y Granos,"[""Gluten-free"",""Orgánico"",""Vegano""]",1,https://riba.app/imgrs/THUMBS%20500X500/308831.JPG
349905,ORG BROTH LOW SODIUM CHICKEN,4256360659,Despensa,FIELD DAY,Sopas Y Cremas,"[""Gluten-free"",""Orgánico""]",1,https://riba.app/imgrs/THUMBS%20500X500/349905.JPG
349906,ORG BROTH VEGETABLE,4256360661,Despensa,FIELD DAY,Sopas Y Cremas,"[""Gluten-free"",""Orgánico"",""Vegano""]",1,https://riba.app/imgrs/THUMBS%20500X500/349906.JPG
349908,ORG BROTH LOW SODIUM VEG,4256360662,Despensa,FIELD DAY,Sopas Y Cremas,"[""Gluten-free"",""Orgánico""]",1,https://riba.app/imgrs/THUMBS%20500X500/349908.JPG
349916,ORG CHICKEN BONE BROTH FD,4256360664,Despensa,FIELD DAY,Sopas Y Cremas,"[""Gluten-free"",""Orgánico""]",1,https://riba.app/imgrs/THUMBS%20500X500/349916.JPG
330691,GOOD HAIR CACAO SPRINGS,426032881000,Despensa,GREENOMIC,Pastas Secas,NULL,1,https://riba.app/imgrs/THUMBS%20500X500/330691.JPG
325194,TAGLIATELLE AL TARTUFO GOOD HA,426032881230,Despensa,GOOD HAIR DAY PASTA,Pastas Secas,NULL,1,https://riba.app/imgrs/THUMBS%20500X500/325194.JPG
18906,LOG CABIN REG 24 12,4300000036,Despensa,LOG CABIN,Siropes,NULL,1,https://riba.app/imgrs/THUMBS%20500X500/18906.JPG
44495,LOG CABIN SYRUP SUGAR FREE LOW,4300000120,Despensa,LOG CABIN,Siropes,NULL,1,https://riba.app/imgrs/THUMBS%20500X500/44495.JPG
195573,JELL-O MANGO JOG,4300004817,Despensa,JELL-O,Reposteria,"[""Kosher""]",1,https://riba.app/imgrs/THUMBS%20500X500/195573.JPG
46134,JELLO LIME 3 OZ,4300020006,Despensa,JELL-O,Reposteria,"[""Kosher""]",1,https://riba.app/imgrs/THUMBS%20500X500/46134.JPG
44251,JELLO ISLAND PINEAPPLE 3 OZ,4300020026,Despensa,JELL-O,Reposteria,"[""Kosher""]",1,https://riba.app/imgrs/THUMBS%20500X500/44251.JPG
47033,JELLO WATERMELON GEL 3 OZ,4300020029,Despensa,JELL-O,Reposteria,"[""Kosher""]",1,https://riba.app/imgrs/THUMBS%20500X500/47033.JPG
46128,JELLO SF STRAWBERRY BANANA,4300020135,Despensa,JELL-O,Reposteria,"[""Kosher""]",1,https://riba.app/imgrs/THUMBS%20500X500/46128.JPG
22785,JELLO SUGAR FREE STRAWBERRY,4300020140,Despensa,JELL-O,Reposteria,NULL,1,https://riba.app/imgrs/THUMBS%20500X500/22785.JPG
22786,JELLO SF 4 SERVING CHERRY 3OZ,4300020142,Despensa,JELL-O,Reposteria,"[""Kosher""]",1,https://riba.app/imgrs/THUMBS%20500X500/22786.JPG
46130,JELLO SUG FREE ORANGE  3 OZ,4300020143,Despensa,JELL-O,Reposteria,"[""Kosher""]",1,https://riba.app/imgrs/THUMBS%20500X500/46130.JPG
46129,JELLO SUGAR FREE LIME 3 OZ,4300020144,Despensa,JELL-O,Reposteria,"[""Kosher""]",1,https://riba.app/imgrs/THUMBS%20500X500/46129.JPG
46137,JELLO SUGAR FREE STRAWBERRY .6,4300020145,Despensa,JELL-O,Reposteria,"[""Kosher""]",1,https://riba.app/imgrs/THUMBS%20500X500/46137.JPG
22605,JELLO VANILLA INST PUD PIE FIL,4300020433,Despensa,JELL-O,Reposteria,"[""Kosher""]",1,https://riba.app/imgrs/THUMBS%20500X500/22605.JPG
69413,JELLO INST FRENCH VANILLA PUDD,4300020439,Despensa,JELL-O,Reposteria,"[""Kosher""]",1,https://riba.app/imgrs/THUMBS%20500X500/69413.JPG
46440,JELLO INSTANT LEMON,4300020440,Despensa,JELL-O,Reposteria,"[""Kosher""]",1,https://riba.app/imgrs/THUMBS%20500X500/46440.JPG
69416,JELLO INST CHOCOLATE PUDDING,4300020471,Despensa,JELL-O,Reposteria,"[""Kosher""]",1,https://riba.app/imgrs/THUMBS%20500X500/69416.JPG
69415,JELLO INST VANILLA PUDDING,4300020472,Despensa,JELL-O,Reposteria,"[""Kosher""]",1,https://riba.app/imgrs/THUMBS%20500X500/69415.JPG
46148,JELLO FF CHOCOLATE,4300020551,Despensa,JELL-O,Reposteria,"[""Kosher""]",1,https://riba.app/imgrs/THUMBS%20500X500/46148.JPG
46149,JELLO SF VAINILLA PUDDING,4300020552,Despensa,JELL-O,Reposteria,"[""Kosher""]",1,https://riba.app/imgrs/THUMBS%20500X500/46149.JPG
46147,JELLO SF CHOCOLATE FUDGE PUDD,4300020556,Despensa,JELL-O,Reposteria,"[""Kosher""]",1,https://riba.app/imgrs/THUMBS%20500X500/46147.JPG
22609,JELLO PUD & PIE FILLING CHOC,4300020651,Despensa,JELL-O,Reposteria,"[""Kosher""]",1,https://riba.app/imgrs/THUMBS%20500X500/22609.JPG
22610,JELLO PUD & PIE VANILLA,4300020652,Despensa,JELL-O,Reposteria,"[""Kosher""]",1,https://riba.app/imgrs/THUMBS%20500X500/22610.JPG
253163,JELLO INST SF CHESSECAKE PUDIN,4300020812,Despensa,JELL-O,Reposteria,"[""Kosher""]",1,https://riba.app/imgrs/THUMBS%20500X500/253163.JPG
18895,TAPIOCA MINUTE  8 OZ,4300022802,Despensa,MINUTE BRAN,Reposteria,"[""Kosher""]",1,https://riba.app/imgrs/THUMBS%20500X500/18895.JPG
18917,STOVE TOP CHICKEN 28 6,4300028521,Despensa,STOVE TOP,Aderezos Y Salsas,NULL,1,https://riba.app/imgrs/THUMBS%20500X500/18917.JPG
15516,STOVE TOP STUFFING TURKEY,4300028555,Despensa,STOVE TOP,Aderezos Y Salsas,NULL,1,https://riba.app/imgrs/THUMBS%20500X500/15516.JPG
51073,STOVE TOP TRADITIONAL SAGE,4300028592,Despensa,STOVE TOP,Aderezos Y Salsas,NULL,1,https://riba.app/imgrs/THUMBS%20500X500/51073.JPG
46292,CERTO PECTIN,4300029106,Despensa,CERTO,Reposteria,"[""Kosher""]",1,https://riba.app/imgrs/THUMBS%20500X500/46292.JPG
204165,SLICED MUSHROOMS ORG PORTOBELL,4318200873,Despensa,NATIVE FOREST,Conservas Y Encurtidos,"[""Gluten-free"",""Kosher"",""Orgánico"",""Vegano""]",1,https://riba.app/imgrs/THUMBS%20500X500/204165.JPG
288918,CREAMY SUNFLOWER HEMP BUTTER,4408253936,Despensa,ONCE AGAIN,Jaleas Mantequillas Y Mermeladas,"[""Gluten-free"",""Kosher"",""Orgánico"",""Vegano""]",1,https://riba.app/imgrs/THUMBS%20500X500/288918.JPG
46485,LEAN CUIS SOY SAUCE,4430012511,Despensa,LA CHOY,Aderezos Y Salsas,"[""Gluten-free""]",1,https://riba.app/imgrs/THUMBS%20500X500/46485.JPG
3084,SALSA DE SOYA,4430012513,Despensa,LA CHOY,Aderezos Y Salsas,"[""Gluten-free"",""Kosher""]",1,https://riba.app/imgrs/THUMBS%20500X500/3084.JPG
188697,STEVIA EXTRACT IN THE RAW,4480075006,Despensa,STEVIA EXTRAC AZUCAR,Azucar Y Endulzantes,"[""Kosher"",""Vegano""]",1,https://riba.app/imgrs/THUMBS%20500X500/188697.JPG
170362,MANTEQUILLA DE MANI CRUJIENTE,4530000540,Despensa,PETER PAN,Jaleas Mantequillas Y Mermeladas,"[""Gluten-free"",""Kosher""]",1,https://riba.app/imgrs/THUMBS%20500X500/170362.JPG
170358,PETER PAN HONEY ROAST CRUNCHY,4530000541,Despensa,PETER PAN,Jaleas Mantequillas Y Mermeladas,"[""Gluten-free"",""Kosher""]",1,https://riba.app/imgrs/THUMBS%20500X500/170358.JPG
170357,MANTEQUILLA DE MANI CON MIEL C,4530000542,Despensa,PETER PAN,Jaleas Mantequillas Y Mermeladas,"[""Gluten-free"",""Kosher""]",1,https://riba.app/imgrs/THUMBS%20500X500/170357.JPG
170361,MANTEQUILLA DE MANI EN CREMA,4530000549,Despensa,PETER PAN,Jaleas Mantequillas Y Mermeladas,"[""Gluten-free"",""Kosher""]",1,https://riba.app/imgrs/THUMBS%20500X500/170361.JPG
290956,OLD EL PASO SAUCE CREAMY QUESO,4600011633,Despensa,OLD EL PASO,Aderezos Y Salsas,NULL,1,https://riba.app/imgrs/THUMBS%20500X500/290956.JPG
290957,OLD EL PASO SAUCE SALSA VERDE,4600011634,Despensa,OLD EL PASO,Aderezos Y Salsas,NULL,1,https://riba.app/imgrs/THUMBS%20500X500/290957.JPG
290958,OLD EL PASO SAUCE ZESTY RANCH,4600011635,Despensa,OLD EL PASO,Aderezos Y Salsas,NULL,1,https://riba.app/imgrs/THUMBS%20500X500/290958.JPG
290954,OLD EL PASO SAUCE MILD TACO,4600011643,Despensa,OLD EL PASO,Aderezos Y Salsas,NULL,1,https://riba.app/imgrs/THUMBS%20500X500/290954.JPG
290955,OLD EL PASO SAUCE MEDIUM TACO,4600011644,Despensa,OLD EL PASO,Aderezos Y Salsas,NULL,1,https://riba.app/imgrs/THUMBS%20500X500/290955.JPG
13692,OEPASO TACO MIX 1 25 OZ,4600028869,Despensa,OLD EL PASO,Condimentos Y Semillas,"[""Gluten-free""]",1,https://riba.app/imgrs/THUMBS%20500X500/13692.JPG
158600,OEP CHILI SEASONING MIX 32 X 1,4600028872,Despensa,OLD EL PASO,Condimentos Y Semillas,NULL,1,https://riba.app/imgrs/THUMBS%20500X500/158600.JPG
163162,OEP FAJITA MIX 32 X 1 OZ,4600028873,Despensa,OLD EL PASO,Condimentos Y Semillas,NULL,1,https://riba.app/imgrs/THUMBS%20500X500/163162.JPG
248141,OLD EL PASO BLACK BEANS,4600041359,Despensa,OLD EL PASO,Arroz Y Granos,NULL,1,https://riba.app/imgrs/THUMBS%20500X500/248141.JPG
69239,REFRIED BEANS FAT FREE,4600082011,Despensa,OLD EL PASO,Arroz Y Granos,NULL,1,https://riba.app/imgrs/THUMBS%20500X500/69239.JPG
13718,OLD ELPASO REFRIED BEANS 16 OZ,4600082121,Despensa,OLD EL PASO,Arroz Y Granos,NULL,1,https://riba.app/imgrs/THUMBS%20500X500/13718.JPG
69237,REFRIED BEANS GREEN CHILES,4600082161,Despensa,OLD EL PASO,Arroz Y Granos,NULL,1,https://riba.app/imgrs/THUMBS%20500X500/69237.JPG
46619,OEPASO REFRD BEANS VEGETARIAN,4600084351,Despensa,OLD EL PASO,Arroz Y Granos,NULL,1,https://riba.app/imgrs/THUMBS%20500X500/46619.JPG
13698,JALAPENOS REBANADOS OLD EL PAS,4600085281,Despensa,OLD EL PASO,Conservas Y Encurtidos,NULL,1,https://riba.app/imgrs/THUMBS%20500X500/13698.JPG
310115,OLDEL PASO RED ENCHILADA SAUCE,4600086011,Despensa,OLD EL PASO,Aderezos Y Salsas,NULL,1,https://riba.app/imgrs/THUMBS%20500X500/310115.JPG
351898,ITALIAN HERB PASTA SAUCE ORGAN,4601516539,Despensa,ORGANIC VILLE,Aderezos Y Salsas,"[""Gluten-free"",""Keto"",""Orgánico"",""Vegano""]",1,https://riba.app/imgrs/THUMBS%20500X500/351898.JPG
136,SOPA FIDEO RIKA CAMARON,471000821165,Despensa,RIKA,Sopas Y Cremas,NULL,1,https://riba.app/imgrs/THUMBS%20500X500/136.JPG
137,SOPA FIDEO RIKA SAZONADO,471000821178,Despensa,RIKA,Sopas Y Cremas,NULL,1,https://riba.app/imgrs/THUMBS%20500X500/137.JPG
138,SOPA FIDEO RIKA WOMIEN,471000821179,Despensa,RIKA,Sopas Y Cremas,NULL,1,https://riba.app/imgrs/THUMBS%20500X500/138.JPG
140,FIDEO RIKA WO MEIN EN COPA,471000821291,Despensa,RIKA,Sopas Y Cremas,NULL,1,https://riba.app/imgrs/THUMBS%20500X500/140.JPG
141,FIDEO CAMARON RIKA EN COPA,471000821295,Despensa,RIKA,Sopas Y Cremas,NULL,1,https://riba.app/imgrs/THUMBS%20500X500/141.JPG
142,SALSA DE SOYA 24 5,471000831461,Despensa,KIM VE WONG,Aderezos Y Salsas,NULL,1,https://riba.app/imgrs/THUMBS%20500X500/142.JPG
15248,HONGOS ENTEROS,471023012054,Despensa,TAIYU,Conservas Y Encurtidos,NULL,1,https://riba.app/imgrs/THUMBS%20500X500/15248.JPG
15246,MUSHROOMS WHOLE 24 4 OZ ,471023012055,Despensa,TAIYU,Conservas Y Encurtidos,NULL,1,https://riba.app/imgrs/THUMBS%20500X500/15246.JPG
14967,MUSHROMS SLICED 24 8 OZ ,471023012064,Despensa,TAIYU,Conservas Y Encurtidos,NULL,1,https://riba.app/imgrs/THUMBS%20500X500/14967.JPG
14961,MUSHROOMS SLICED 24 4 OZ ,471023012065,Despensa,TAIYU,Conservas Y Encurtidos,NULL,1,https://riba.app/imgrs/THUMBS%20500X500/14961.JPG
15243,HONGOS EN TROZOS & TALLOS,471023012084,Despensa,TAIYU,Conservas Y Encurtidos,NULL,1,https://riba.app/imgrs/THUMBS%20500X500/15243.JPG
15242,HONGOS EN TROZOS & TALLOS,471023012085,Despensa,TAIYU,Conservas Y Encurtidos,NULL,1,https://riba.app/imgrs/THUMBS%20500X500/15242.JPG
15086,MUSHROOMS BUTTON 24 8 OZ ,471023012094,Despensa,TAIYU,Conservas Y Encurtidos,NULL,1,https://riba.app/imgrs/THUMBS%20500X500/15086.JPG
14879,MUSHROOMS BUTTON,471023012095,Despensa,TAIYU,Conservas Y Encurtidos,NULL,1,https://riba.app/imgrs/THUMBS%20500X500/14879.JPG
142681,WEBER GRILL KICKN CHICKN 2 5OZ,4760001103,Despensa,WEBER,Condimentos Y Semillas,"[""Kosher""]",1,https://riba.app/imgrs/THUMBS%20500X500/142681.JPG
142677,WEBER GRILL CHICAGO STK 2 5OZ,4760001111,Despensa,WEBER,Condimentos Y Semillas,"[""Gluten-free"",""Kosher""]",1,https://riba.app/imgrs/THUMBS%20500X500/142677.JPG
142679,WEBER GRILL GOURMT BURGR 2 75O,4760001112,Despensa,WEBER,Condimentos Y Semillas,"[""Gluten-free"",""Kosher""]",1,https://riba.app/imgrs/THUMBS%20500X500/142679.JPG
64717,SUSHI CHEF SHORT GRAIN RICE,4783406001,Despensa,SUSHI CHEF,Arroz Y Granos,NULL,1,https://riba.app/imgrs/THUMBS%20500X500/64717.JPG
51839,MAGIC SEASONING SALT FREE,4799713010,Despensa,CHEF PAUL PRUDHOMMES,Condimentos Y Semillas,"[""Kosher""]",1,https://riba.app/imgrs/THUMBS%20500X500/51839.JPG
153495,HELMN MAYO OLIVE OIL,4800120436,Despensa,HELLMANN S,Aderezos Y Salsas,"[""Kosher""]",1,https://riba.app/imgrs/THUMBS%20500X500/153495.JPG
128302,MAYONESA REAL,4800121338,Despensa,HELLMANN S,Aderezos Y Salsas,"[""Kosher""]",1,https://riba.app/imgrs/THUMBS%20500X500/128302.JPG
128299,MAYONESA REAL,4800121348,Despensa,HELLMANN´S,Aderezos Y Salsas,"[""Kosher""]",1,https://riba.app/imgrs/THUMBS%20500X500/128299.JPG
144908,KNORR CHICKEN  FLV CUBES,4800121988,Despensa,KNORR,Condimentos Y Semillas,NULL,1,https://riba.app/imgrs/THUMBS%20500X500/144908.JPG
140811,KNORR FRENCH ONION RECP MIX,4800122133,Despensa,KNORR,Condimentos Y Semillas,NULL,1,https://riba.app/imgrs/THUMBS%20500X500/140811.JPG
225858,SQUEEZE REAL MAYONNAISE,4800135366,Despensa,HELLMANN S,Aderezos Y Salsas,"[""Kosher""]",1,https://riba.app/imgrs/THUMBS%20500X500/225858.JPG
225859,SQUEEZE LIGHT MAYONNAISE,4800135472,Despensa,HELLMANN S,Aderezos Y Salsas,"[""Kosher""]",1,https://riba.app/imgrs/THUMBS%20500X500/225859.JPG
242417,HELMANN REAL 2PCK,4800148121,Despensa,HELLMANN S,Aderezos Y Salsas,"[""Gluten-free""]",1,https://riba.app/imgrs/THUMBS%20500X500/242417.JPG
136651,KNORR CHICKEN BOUILLON 6CUB,4800170101,Despensa,KNORR,Condimentos Y Semillas,NULL,1,https://riba.app/imgrs/THUMBS%20500X500/136651.JPG
124367,MANTOVA WHITE WINE VINEGAR,4817663101,Despensa,MANTOVA,Vinagre,NULL,1,https://riba.app/imgrs/THUMBS%20500X500/124367.JPG
124368,MANTOVA RED WINE VINEGAR,4817664101,Despensa,MANTOVA,Vinagre,NULL,1,https://riba.app/imgrs/THUMBS%20500X500/124368.JPG
124366,MANTOVA BALSAMIC VINEGAR ,4817665101,Despensa,MANTOVA,Vinagre,NULL,1,https://riba.app/imgrs/THUMBS%20500X500/124366.JPG
140074,GENOVESE PESTO,4817684001,Despensa,MANTOVA,Aderezos Y Salsas,"[""Gluten-free""]",1,https://riba.app/imgrs/THUMBS%20500X500/140074.JPG
140075,OLIVE PASTE,4817684070,Despensa,MANTOVA,Aderezos Y Salsas,NULL,1,https://riba.app/imgrs/THUMBS%20500X500/140075.JPG
140077,ARTICHOKE PASTE,4817684080,Despensa,MANTOVA,Aderezos Y Salsas,NULL,1,https://riba.app/imgrs/THUMBS%20500X500/140077.JPG
140076,SUN DRIED TOMATO PASTE,4817684090,Despensa,MANTOVA,Aderezos Y Salsas,NULL,1,https://riba.app/imgrs/THUMBS%20500X500/140076.JPG
14979,AZUCAR MORENA OSCURA,4920005600,Despensa,DOMINO,Azucar Y Endulzantes,"[""Kosher""]",1,https://riba.app/imgrs/THUMBS%20500X500/14979.JPG
14980,AZUCAR MORENA ,4920005675,Despensa,DOMINO,Azucar Y Endulzantes,"[""Kosher""]",1,https://riba.app/imgrs/THUMBS%20500X500/14980.JPG
213614,VEGENAISE GRAPESEED OIL,4956802032,Despensa,FOLLOW YOUR HEART,Aderezos Y Salsas,"[""Kosher"",""Vegano""]",1,https://riba.app/imgrs/THUMBS%20500X500/213614.JPG
264596,VEGAN HONEY MUSTARD DRESSING,4956809012,Despensa,FOLLOW YOUR HEART,Aderezos Y Salsas,"[""Kosher"",""Vegano""]",1,https://riba.app/imgrs/THUMBS%20500X500/264596.JPG
213613,VEGAN RANCH DRESSING,4956840012,Despensa,FOLLOW YOUR HEART,Aderezos Y Salsas,"[""Kosher"",""Orgánico"",""Vegano""]",1,https://riba.app/imgrs/THUMBS%20500X500/213613.JPG
213612,VEGAN CAESAR DRESSING ,4956868012,Despensa,FOLLOW YOUR HEART,Aderezos Y Salsas,"[""Kosher"",""Orgánico"",""Vegano""]",1,https://riba.app/imgrs/THUMBS%20500X500/213612.JPG
351640,BARRA G A YOGURT DE FRESA,500016803805,Despensa,GO AHEAD,Cereales Y Granola,NULL,1,https://riba.app/imgrs/THUMBS%20500X500/351640.JPG
351639,BARRA G A FRUTOS DEL BOSQUE,500016803807,Despensa,GO AHEAD,Cereales Y Granola,NULL,1,https://riba.app/imgrs/THUMBS%20500X500/351639.JPG
176954,HEALTHY CHOICE CHICKEN DUMPLIN,5010040797,Despensa,HEALTHY CHOICE,Sopas Y Cremas,NULL,1,https://riba.app/imgrs/THUMBS%20500X500/176954.JPG
316355,ST DALF APPLE AND CINNAMON,501427100272,Despensa,ST DALFOUR,Jaleas Mantequillas Y Mermeladas,"[""Gluten-free""]",1,https://riba.app/imgrs/THUMBS%20500X500/316355.JPG
316354,ST DALF SSTRAWBERRY RHUBARB,501427100273,Despensa,ST DALFOUR,Jaleas Mantequillas Y Mermeladas,NULL,1,https://riba.app/imgrs/THUMBS%20500X500/316354.JPG
316357,ST DALF MANGO PASSION FRUIT TR,501427100274,Despensa,ST DALFOUR,Jaleas Mantequillas Y Mermeladas,"[""Gluten-free""]",1,https://riba.app/imgrs/THUMBS%20500X500/316357.JPG
316356,ST DALF FRENCH GRAPE FRUIT SPR,501427100312,Despensa,ST DALFOUR,Jaleas Mantequillas Y Mermeladas,"[""Gluten-free""]",1,https://riba.app/imgrs/THUMBS%20500X500/316356.JPG
148869,MERMELADA DE ALBARICOQUE S A,501427130042,Despensa,ST DALFOUR,Jaleas Mantequillas Y Mermeladas,"[""Gluten-free""]",1,https://riba.app/imgrs/THUMBS%20500X500/148869.JPG
148868,MERMELADA DE GROSELLA N SIN AZ,501427134042,Despensa,ST DALFOUR,Jaleas Mantequillas Y Mermeladas,"[""Gluten-free""]",1,https://riba.app/imgrs/THUMBS%20500X500/148868.JPG
148871,MERMELADA DE HIGO 284 GR,501427179401,Despensa,ST DALFOUR,Jaleas Mantequillas Y Mermeladas,"[""Gluten-free""]",1,https://riba.app/imgrs/THUMBS%20500X500/148871.JPG
148872,MERMELADA ARANDANO ROJOS AZUL ,501427179565,Despensa,ST DALFOUR,Jaleas Mantequillas Y Mermeladas,"[""Gluten-free""]",1,https://riba.app/imgrs/THUMBS%20500X500/148872.JPG
148870,MERMELADA DE KUMQUAT 284 GR ,501427179583,Despensa,ST DALFOUR,Jaleas Mantequillas Y Mermeladas,"[""Gluten-free""]",1,https://riba.app/imgrs/THUMBS%20500X500/148870.JPG
148867,MERMELADA FRAMBUESA & GRANADA ,501427179639,Despensa,ST DALFOUR,Jaleas Mantequillas Y Mermeladas,"[""Gluten-free""]",1,https://riba.app/imgrs/THUMBS%20500X500/148867.JPG
338703,GO ENERGY BAKE TIRAMISU,502532419432,Despensa,SCIENCE IN SPORT,Cereales Y Granola,NULL,1,https://riba.app/imgrs/THUMBS%20500X500/338703.JPG
78263,COPOS DE COCO,5070029230,Despensa,CORAL BAY,Reposteria,"[""Kosher""]",1,https://riba.app/imgrs/THUMBS%20500X500/78263.JPG
45211,CKY NEW ENGLAND CLAM CHOWDER,5100000524,Despensa,CAMPBELL S,Sopas Y Cremas,"[""Gluten-free""]",1,https://riba.app/imgrs/THUMBS%20500X500/45211.JPG
347901,CAMPBELLS SOUP VEGETABLE BEEF,5100000549,Despensa,CAMPBELL´S,Sopas Y Cremas,NULL,1,https://riba.app/imgrs/THUMBS%20500X500/347901.JPG
9793,SOPA DE POLLO CON ARROZ,5100001051,Despensa,CAMPBELL S,Sopas Y Cremas,NULL,1,https://riba.app/imgrs/THUMBS%20500X500/9793.JPG
9795,POLLO QUIMBOMBO 24 10,5100001081,Despensa,CAMPBELL S,Sopas Y Cremas,NULL,1,https://riba.app/imgrs/THUMBS%20500X500/9795.JPG
43897,CAMP VEGETARIAN VEG,5100001151,Despensa,CAMPBELL S,Sopas Y Cremas,NULL,1,https://riba.app/imgrs/THUMBS%20500X500/43897.JPG
9807,CREMA DE APIO,5100001161,Despensa,CAMPBELL S,Sopas Y Cremas,NULL,1,https://riba.app/imgrs/THUMBS%20500X500/9807.JPG
9816,CALDO DE RES,5100001187,Despensa,CAMPBELL S,Sopas Y Cremas,NULL,1,https://riba.app/imgrs/THUMBS%20500X500/9816.JPG
9837,SPAG SCE.MUSH & PEPPER,5100001210,Despensa,PREGO,Aderezos Y Salsas,NULL,1,https://riba.app/imgrs/THUMBS%20500X500/9837.JPG
9840,SALSA PREGO TOMATE ONION,5100001214,Despensa,PREGO,Aderezos Y Salsas,NULL,1,https://riba.app/imgrs/THUMBS%20500X500/9840.JPG
43905,CREMA DE CAMARON,5100001327,Despensa,CAMPBELL S,Sopas Y Cremas,NULL,1,https://riba.app/imgrs/THUMBS%20500X500/43905.JPG
43907,CREMA DE BROCOLI & QUESO,5100001347,Despensa,CAMPBELL´S,Sopas Y Cremas,NULL,1,https://riba.app/imgrs/THUMBS%20500X500/43907.JPG
43910,CAMP SPLIT PEA W HAM,5100001467,Despensa,CAMPBELL S,Sopas Y Cremas,NULL,1,https://riba.app/imgrs/THUMBS%20500X500/43910.JPG
9802,CREMA DE POLLO & HONGOS,5100001527,Despensa,CAMPBELL S,Sopas Y Cremas,NULL,1,https://riba.app/imgrs/THUMBS%20500X500/9802.JPG
9819,CREMA DE CEBOLLA,5100001617,Despensa,CAMPBELL S,Sopas Y Cremas,NULL,1,https://riba.app/imgrs/THUMBS%20500X500/9819.JPG
9808,SOPA CREMA DE PAPAS ,5100001641,Despensa,CAMPBELL S,Sopas Y Cremas,NULL,1,https://riba.app/imgrs/THUMBS%20500X500/9808.JPG
9464,CALDO DE POLLO,5100002107,Despensa,CAMPBELL S,Sopas Y Cremas,NULL,1,https://riba.app/imgrs/THUMBS%20500X500/9464.JPG
45212,SWAN BEEF BROTH 2421,5100002421,Despensa,SWANSON,Sopas Y Cremas,"[""Gluten-free""]",1,https://riba.app/imgrs/THUMBS%20500X500/45212.JPG
51910,SWAN NAT GOOD CHIC BROTH,5100002429,Despensa,SWANSON,Sopas Y Cremas,"[""Gluten-free""]",1,https://riba.app/imgrs/THUMBS%20500X500/51910.JPG
51909,SWAN CHICKEN BROTH,5100002431,Despensa,SWANSON,Sopas Y Cremas,"[""Gluten-free""]",1,https://riba.app/imgrs/THUMBS%20500X500/51909.JPG
43928,CAMP HMSTYL CHICK NOOD 11 OZ,5100002457,Despensa,CAMPBELL S,Sopas Y Cremas,NULL,1,https://riba.app/imgrs/THUMBS%20500X500/43928.JPG
9841,PREGO SPGHTTI SCE 12 14,5100002548,Despensa,PREGO,Aderezos Y Salsas,NULL,1,https://riba.app/imgrs/THUMBS%20500X500/9841.JPG
9842,PREGO SPAGHETTI SC PLAIN,5100002549,Despensa,PREGO,Aderezos Y Salsas,"[""Gluten-free""]",1,https://riba.app/imgrs/THUMBS%20500X500/9842.JPG
43929,BEEF GRAVY 48 10 25 OZ.,5100002550,Despensa,CAMPBELL´S,Aderezos Y Salsas,NULL,1,https://riba.app/imgrs/THUMBS%20500X500/43929.JPG
43931,MUSHROOM GRAVY,5100002555,Despensa,CAMPBELL´S,Aderezos Y Salsas,NULL,1,https://riba.app/imgrs/THUMBS%20500X500/43931.JPG
74460,FRANCO AM GRAVY CHICKEN,5100002577,Despensa,CAMPBELL´S,Aderezos Y Salsas,NULL,1,https://riba.app/imgrs/THUMBS%20500X500/74460.JPG
9820,SOPA DE WON TON DE POLLO,5100002588,Despensa,CAMPBELL S,Sopas Y Cremas,NULL,1,https://riba.app/imgrs/THUMBS%20500X500/9820.JPG
9843,PREGO SPAGHETTI SC MEAT,5100002793,Despensa,PREGO,Aderezos Y Salsas,"[""Gluten-free""]",1,https://riba.app/imgrs/THUMBS%20500X500/9843.JPG
9844,PREGO SPAGHETTI SC MEAT,5100002794,Despensa,PREGO,Aderezos Y Salsas,"[""Gluten-free""]",1,https://riba.app/imgrs/THUMBS%20500X500/9844.JPG
9845,PREGO SPAGHETTI MUSHROM,5100002795,Despensa,PREGO,Aderezos Y Salsas,"[""Gluten-free""]",1,https://riba.app/imgrs/THUMBS%20500X500/9845.JPG
9846,PREGO SPAG SCE MUSHROM  12 30,5100002796,Despensa,PREGO,Aderezos Y Salsas,"[""Gluten-free""]",1,https://riba.app/imgrs/THUMBS%20500X500/9846.JPG
183327,SALSA SABOR MARINARA,5100002799,Despensa,PREGO,Aderezos Y Salsas,"[""Gluten-free""]",1,https://riba.app/imgrs/THUMBS%20500X500/183327.JPG
108388,CHUNKY CHICKEN NOODLE CLASSIC,5100003885,Despensa,CAMPBELL S,Sopas Y Cremas,NULL,1,https://riba.app/imgrs/THUMBS%20500X500/108388.JPG
9806,CREMA DE BROCOLI,5100004937,Despensa,CAMPBELL´S,Sopas Y Cremas,NULL,1,https://riba.app/imgrs/THUMBS%20500X500/9806.JPG
75377,PREGO THREE CHEESE SAUCE,5100005043,Despensa,PREGO,Aderezos Y Salsas,"[""Gluten-free""]",1,https://riba.app/imgrs/THUMBS%20500X500/75377.JPG
325472,SALSA PREGO GARDEN COMBO,5100005044,Despensa,PREGO,Aderezos Y Salsas,"[""Gluten-free""]",1,https://riba.app/imgrs/THUMBS%20500X500/325472.JPG
9811,CREMA DE ESPARRAGOS,5100005937,Despensa,CAMPBELL S,Sopas Y Cremas,NULL,1,https://riba.app/imgrs/THUMBS%20500X500/9811.JPG
43953,CREMA DE POLLO,5100005977,Despensa,CAMPBELL´S,Sopas Y Cremas,NULL,1,https://riba.app/imgrs/THUMBS%20500X500/43953.JPG
43954,CREMA DE HONGOS,5100006007,Despensa,CAMPBELL S,Sopas Y Cremas,NULL,1,https://riba.app/imgrs/THUMBS%20500X500/43954.JPG
312718,R&W HR CREAM OF CELERY,5100006569,Despensa,CAMPBELL S,Sopas Y Cremas,NULL,1,https://riba.app/imgrs/THUMBS%20500X500/312718.JPG
114112,PF PUFF PASTRI  SHELLS,5100007508,Despensa,PEPPERIDGE FARM,Reposteria,"[""Kosher""]",1,https://riba.app/imgrs/THUMBS%20500X500/114112.JPG
47512,PEP FM PUFF PASTRY,5100007874,Despensa,PEPPERIDGE FARM,Reposteria,NULL,1,https://riba.app/imgrs/THUMBS%20500X500/47512.JPG
328703,TOMATE BASIL GARLIC,5100009324,Despensa,PREGO,Aderezos Y Salsas,NULL,1,https://riba.app/imgrs/THUMBS%20500X500/328703.JPG
43970,PREGO GARLIC PARMESAN,5100010546,Despensa,PREGO,Aderezos Y Salsas,"[""Gluten-free""]",1,https://riba.app/imgrs/THUMBS%20500X500/43970.JPG
9828,FRIJOLES CON CERDO,5100011285,Despensa,CAMPBELL S,Arroz Y Granos,NULL,1,https://riba.app/imgrs/THUMBS%20500X500/9828.JPG
43994,CREAM OF MUSHROOM FAT FREE,5100011551,Despensa,CAMPBELL S,Sopas Y Cremas,NULL,1,https://riba.app/imgrs/THUMBS%20500X500/43994.JPG
43995,CREAM OF CELERY FAT FREE,5100011552,Despensa,CAMPBELL'S,Sopas Y Cremas,NULL,1,https://riba.app/imgrs/THUMBS%20500X500/43995.JPG
43996,CREAM OF CHICKEN FAT FREE,5100011553,Despensa,CAMPBELL´S,Sopas Y Cremas,NULL,1,https://riba.app/imgrs/THUMBS%20500X500/43996.JPG
172557,CHICKEN BROTH 100% NATURAL   ,5100012114,Despensa,SWANSON,Sopas Y Cremas,"[""Gluten-free""]",1,https://riba.app/imgrs/THUMBS%20500X500/172557.JPG
45210,CAMP CRM MUSHROOM ROAST GARLIC,5100012326,Despensa,CAMPBELL S,Sopas Y Cremas,NULL,1,https://riba.app/imgrs/THUMBS%20500X500/45210.JPG
44015,CAMP R&W CR OF CHICK W,5100012327,Despensa,CAMPBELL S,Sopas Y Cremas,NULL,1,https://riba.app/imgrs/THUMBS%20500X500/44015.JPG
129750,CAMPB CHEDDAR & BACON BITS ,5100012804,Despensa,CAMPBELL S,Sopas Y Cremas,NULL,1,https://riba.app/imgrs/THUMBS%20500X500/129750.JPG
44025,PREGO ROASTED GARLIC & HERB 28,5100012910,Despensa,PREGO,Aderezos Y Salsas,"[""Gluten-free""]",1,https://riba.app/imgrs/THUMBS%20500X500/44025.JPG
172558,CALDO DE POLLO LIBRE DE GRASA,5100013279,Despensa,SWANSON,Sopas Y Cremas,"[""Gluten-free""]",1,https://riba.app/imgrs/THUMBS%20500X500/172558.JPG
62506,CAMP CLASSIC TOMATO 8 10 8,5100013736,Despensa,CAMPBELL S,Sopas Y Cremas,"[""Vegano""]",1,https://riba.app/imgrs/THUMBS%20500X500/62506.JPG
274060,SAVORY POTATO ROAST SOUP,5100014292,Despensa,CAMPBELL S,Sopas Y Cremas,NULL,1,https://riba.app/imgrs/THUMBS%20500X500/274060.JPG
118888,CAMP  CLASSIC CHIC NOODLE,5100014880,Despensa,CAMPBELL S,Sopas Y Cremas,NULL,1,https://riba.app/imgrs/THUMBS%20500X500/118888.JPG
140256,CAMP  CHICKEN MINI NOODLES,5100014982,Despensa,CAMPBELL S,Sopas Y Cremas,NULL,1,https://riba.app/imgrs/THUMBS%20500X500/140256.JPG
342013,ORG CHICKEN BROTH ASPTC,5100015634,Despensa,SWANSON,Sopas Y Cremas,"[""Gluten-free"",""Orgánico""]",1,https://riba.app/imgrs/THUMBS%20500X500/342013.JPG
336472,CREAMY TOMATE BOWL,5100016461,Despensa,CAMPBELL S,Sopas Y Cremas,NULL,1,https://riba.app/imgrs/THUMBS%20500X500/336472.JPG
311802,CREAM OF MUSHROOM SOUP,5100016681,Despensa,CAMPBELL S,Sopas Y Cremas,NULL,1,https://riba.app/imgrs/THUMBS%20500X500/311802.JPG
152367,SWANSON CHICKEN BROTH 48 OZ,5100016887,Despensa,SWANSON,Sopas Y Cremas,"[""Gluten-free""]",1,https://riba.app/imgrs/THUMBS%20500X500/152367.JPG
147797,PREGO ITALIAN SAUCE TRADITION,5100017345,Despensa,PREGO,Aderezos Y Salsas,"[""Gluten-free""]",1,https://riba.app/imgrs/THUMBS%20500X500/147797.JPG
255334,PREGO PIZZA 14OZ,5100019532,Despensa,PREGO,Aderezos Y Salsas,"[""Gluten-free""]",1,https://riba.app/imgrs/THUMBS%20500X500/255334.JPG
210846,PREGO WHITE ALFREDO ,5100019759,Despensa,PREGO,Aderezos Y Salsas,NULL,1,https://riba.app/imgrs/THUMBS%20500X500/210846.JPG
328700,ITALIAN CREAMY VODKA SAUCE,5100019856,Despensa,PREGO,Aderezos Y Salsas,"[""Gluten-free""]",1,https://riba.app/imgrs/THUMBS%20500X500/328700.JPG
342015,VEGETABLE BROTH ASPTC,5100019879,Despensa,SWANSON,Sopas Y Cremas,"[""Gluten-free""]",1,https://riba.app/imgrs/THUMBS%20500X500/342015.JPG
237093,PORK & BEANS ,5100022439,Despensa,CAMPBELL S,Arroz Y Granos,NULL,1,https://riba.app/imgrs/THUMBS%20500X500/237093.JPG
262305,CHEDDAR CHEESE SOUP CAMPBELLS,5100024637,Despensa,CAMPBELL S,Sopas Y Cremas,NULL,1,https://riba.app/imgrs/THUMBS%20500X500/262305.JPG
9831,SOPA DE MINESTRONE,5100024651,Despensa,CAMPBELL S,Sopas Y Cremas,NULL,1,https://riba.app/imgrs/THUMBS%20500X500/9831.JPG
273655,PREGO WHITE FOUR CHEESE,5100024920,Despensa,PREGO,Aderezos Y Salsas,NULL,1,https://riba.app/imgrs/THUMBS%20500X500/273655.JPG
310693,SOPA CAMPBELLS N BACON,5100025300,Despensa,CAMPBELL S,Sopas Y Cremas,NULL,1,https://riba.app/imgrs/THUMBS%20500X500/310693.JPG
327951,SOPA DE POLLO CON TALLARINES,5100028108,Despensa,CAMPBELL S,Sopas Y Cremas,NULL,1,https://riba.app/imgrs/THUMBS%20500X500/327951.JPG
328701,CREAMY TOMATO BASIL,5100028430,Despensa,PREGO,Aderezos Y Salsas,"[""Gluten-free""]",1,https://riba.app/imgrs/THUMBS%20500X500/328701.JPG
328702,CREMINI POMODORO,5100028431,Despensa,PREGO,Aderezos Y Salsas,"[""Gluten-free""]",1,https://riba.app/imgrs/THUMBS%20500X500/328702.JPG
328704,SWEET SAUSAGE&ROASTER PEPPERS ,5100028433,Despensa,PREGO,Aderezos Y Salsas,"[""Gluten-free""]",1,https://riba.app/imgrs/THUMBS%20500X500/328704.JPG
348452,CREAMY PARMESAN PESTO PREGO,5100028946,Despensa,PREGO,Aderezos Y Salsas,NULL,1,https://riba.app/imgrs/THUMBS%20500X500/348452.JPG
348453,CREAMY ROASTED GARLIC PESTO,5100028947,Despensa,PREGO,Aderezos Y Salsas,NULL,1,https://riba.app/imgrs/THUMBS%20500X500/348453.JPG
348454,CREAMY BASIL PESTO PREGO,5100028948,Despensa,PREGO,Aderezos Y Salsas,NULL,1,https://riba.app/imgrs/THUMBS%20500X500/348454.JPG
348455,PREGO GARLIC &CARAMELI ONION,5100028950,Despensa,PREGO,Aderezos Y Salsas,NULL,1,https://riba.app/imgrs/THUMBS%20500X500/348455.JPG
343019,R&W SPICY TOMATO,5100028961,Despensa,CAMPBELL´S,Sopas Y Cremas,NULL,1,https://riba.app/imgrs/THUMBS%20500X500/343019.JPG
344203,MANTEQUILLA DE MANZANA,5150000001,Despensa,SMUCKER´S,Jaleas Mantequillas Y Mermeladas,"[""Kosher""]",1,https://riba.app/imgrs/THUMBS%20500X500/344203.JPG
3162,STRAWBERRY TOPPING 11 75Z,5150000026,Despensa,SMUCKER S,Jaleas Mantequillas Y Mermeladas,"[""Kosher""]",1,https://riba.app/imgrs/THUMBS%20500X500/3162.JPG
255120,GOOBER STRWBERRY M MANI,5150000065,Despensa,SMUCKER´S,Jaleas Mantequillas Y Mermeladas,"[""Kosher""]",1,https://riba.app/imgrs/THUMBS%20500X500/255120.JPG
3133,MERMELADA DE ALBARICOQUE,5150000075,Despensa,SMUCKER S,Jaleas Mantequillas Y Mermeladas,"[""Kosher""]",1,https://riba.app/imgrs/THUMBS%20500X500/3133.JPG
3135,MERMELADA DE CEREZA,5150000081,Despensa,SMUCKER S,Jaleas Mantequillas Y Mermeladas,"[""Kosher""]",1,https://riba.app/imgrs/THUMBS%20500X500/3135.JPG
3137,MERMELADA DE NARANJA,5150000084,Despensa,SMUCKER S,Jaleas Mantequillas Y Mermeladas,"[""Kosher""]",1,https://riba.app/imgrs/THUMBS%20500X500/3137.JPG
3139,MERMELADA DE MELOCOTON,5150000086,Despensa,SMUCKER S,Jaleas Mantequillas Y Mermeladas,"[""Kosher""]",1,https://riba.app/imgrs/THUMBS%20500X500/3139.JPG
3141,MERMELADA DE PIÑA,5150000087,Despensa,SMUCKER S,Jaleas Mantequillas Y Mermeladas,"[""Kosher""]",1,https://riba.app/imgrs/THUMBS%20500X500/3141.JPG
3142,RED RASPBERRY PRESERVES 12 OZ ,5150000089,Despensa,SMUCKER S,Jaleas Mantequillas Y Mermeladas,"[""Kosher""]",1,https://riba.app/imgrs/THUMBS%20500X500/3142.JPG
3144,MERMELADA DE FRESA,5150000095,Despensa,SMUCKER S,Jaleas Mantequillas Y Mermeladas,"[""Kosher""]",1,https://riba.app/imgrs/THUMBS%20500X500/3144.JPG
3164,MARSHMALLOW TOPPING 12 25 OZ,5150000120,Despensa,SMUCKER S,Jaleas Mantequillas Y Mermeladas,"[""Kosher""]",1,https://riba.app/imgrs/THUMBS%20500X500/3164.JPG
137161,MERMELADA DE FRESA,5150000163,Despensa,SMUCKER S,Jaleas Mantequillas Y Mermeladas,NULL,1,https://riba.app/imgrs/THUMBS%20500X500/137161.JPG
3136,CHERRY PRESERVES 18 OZ,5150000677,Despensa,SMUCKER'S,Jaleas Mantequillas Y Mermeladas,"[""Kosher""]",1,https://riba.app/imgrs/THUMBS%20500X500/3136.JPG
3153,MERMELADA DE UVA,5150000678,Despensa,SMUCKER S,Jaleas Mantequillas Y Mermeladas,NULL,1,https://riba.app/imgrs/THUMBS%20500X500/3153.JPG
3138,ORANGE MARMELADE SWEET 18 OZ ,5150000679,Despensa,SMUCKER'S,Jaleas Mantequillas Y Mermeladas,NULL,1,https://riba.app/imgrs/THUMBS%20500X500/3138.JPG
3143,MERMELADA DE FRAMBUESA,5150000683,Despensa,SMUCKER´S,Jaleas Mantequillas Y Mermeladas,"[""Kosher""]",1,https://riba.app/imgrs/THUMBS%20500X500/3143.JPG
3145,MERMELADA DE FRESA,5150000686,Despensa,SMUCKER S,Jaleas Mantequillas Y Mermeladas,"[""Kosher""]",1,https://riba.app/imgrs/THUMBS%20500X500/3145.JPG
3124,STRAWBERRY JELLY 18 OZ,5150000696,Despensa,SMUCKER'S,Jaleas Mantequillas Y Mermeladas,"[""Kosher""]",1,https://riba.app/imgrs/THUMBS%20500X500/3124.JPG
74815,SMUCKER S NATURAL CREAMY P BUT,5150001700,Despensa,SMUCKER S,Jaleas Mantequillas Y Mermeladas,"[""Gluten-free""]",1,https://riba.app/imgrs/THUMBS%20500X500/74815.JPG
3121,MERMELADA DE UVA,5150002208,Despensa,SMUCKER S,Jaleas Mantequillas Y Mermeladas,"[""Kosher""]",1,https://riba.app/imgrs/THUMBS%20500X500/3121.JPG
3123,02215 STRAWBERRY JELLY 12OZ,5150002215,Despensa,SMUCKER S,Jaleas Mantequillas Y Mermeladas,"[""Kosher""]",1,https://riba.app/imgrs/THUMBS%20500X500/3123.JPG
3168,MAGIC SHELL CHOCOLATE,5150002500,Despensa,SMUCKER S,Siropes,"[""Kosher""]",1,https://riba.app/imgrs/THUMBS%20500X500/3168.JPG
3166,SUNDAE SYRUP CARAMEL 20 OZ,5150002512,Despensa,SMUCKER S,Siropes,NULL,1,https://riba.app/imgrs/THUMBS%20500X500/3166.JPG
3167,SUNDAE SYRUP CHOCOLATE 20 OZ,5150002513,Despensa,SMUCKER S,Siropes,"[""Kosher""]",1,https://riba.app/imgrs/THUMBS%20500X500/3167.JPG
230306,SUGAR FREE CARAMELO ,5150002518,Despensa,SMUCKER S,Siropes,NULL,1,https://riba.app/imgrs/THUMBS%20500X500/230306.JPG
185682,RED RASBERRY SUGAR FEE,5150004001,Despensa,SMUCKER S,Jaleas Mantequillas Y Mermeladas,NULL,1,https://riba.app/imgrs/THUMBS%20500X500/185682.JPG
71424,SMU SUGAR FREE APRICOT RESERV,5150004002,Despensa,SMUCKER S,Jaleas Mantequillas Y Mermeladas,"[""Kosher""]",1,https://riba.app/imgrs/THUMBS%20500X500/71424.JPG
79583,SMUCKER S F CONCORD GRAPE JAM,5150004005,Despensa,SMUCKER S,Jaleas Mantequillas Y Mermeladas,"[""Kosher""]",1,https://riba.app/imgrs/THUMBS%20500X500/79583.JPG
109536,SMUCK SF ORG MARMALAD,5150004006,Despensa,SMUCKER S,Jaleas Mantequillas Y Mermeladas,"[""Kosher""]",1,https://riba.app/imgrs/THUMBS%20500X500/109536.JPG
134548,SMUCKER SF STRAWBERRY PRESRV,5150004042,Despensa,SMUCKER S,Jaleas Mantequillas Y Mermeladas,"[""Kosher""]",1,https://riba.app/imgrs/THUMBS%20500X500/134548.JPG
185683,PEACH PRESERVE SUGAR FEE,5150004061,Despensa,SMUCKER S,Jaleas Mantequillas Y Mermeladas,"[""Kosher""]",1,https://riba.app/imgrs/THUMBS%20500X500/185683.JPG
188149,BLUEBERRY PRESERVES S FREE,5150004062,Despensa,SMUCKER S,Jaleas Mantequillas Y Mermeladas,"[""Kosher""]",1,https://riba.app/imgrs/THUMBS%20500X500/188149.JPG
342311,MANTEQUILLA MANI CRUNCHY JIF,5150008026,Despensa,SMUCKER´S,Jaleas Mantequillas Y Mermeladas,"[""Gluten-free"",""Kosher""]",1,https://riba.app/imgrs/THUMBS%20500X500/342311.JPG
3529,PILLS BEST ALL PURPOSE FLOUR,5150020441,Despensa,PILLSBURY ,Harinas,"[""Kosher""]",1,https://riba.app/imgrs/THUMBS%20500X500/3529.JPG
121111,PILL BEST SELF RISING FLOUR,5150021321,Despensa,PILLSBURY ,Harinas,"[""Kosher""]",1,https://riba.app/imgrs/THUMBS%20500X500/121111.JPG
121114,PILL BEST UNBLEACHED FLOUR,5150022241,Despensa,PILLSBURY ,Harinas,"[""Kosher""]",1,https://riba.app/imgrs/THUMBS%20500X500/121114.JPG
76142,CREAMY PEANUT BUTTER 28 OZ,5150024177,Despensa,JIF,Jaleas Mantequillas Y Mermeladas,NULL,1,https://riba.app/imgrs/THUMBS%20500X500/76142.JPG
76141,MANTEQUILLA DE MANI EN CREMA,5150024191,Despensa,JIF,Jaleas Mantequillas Y Mermeladas,"[""Gluten-free"",""Kosher""]",1,https://riba.app/imgrs/THUMBS%20500X500/76141.JPG
339918,JIF CHOCOLATE PEANUT BUTTER,5150024668,Despensa,JIF,Jaleas Mantequillas Y Mermeladas,"[""Kosher""]",1,https://riba.app/imgrs/THUMBS%20500X500/339918.JPG
31916,MANTEQUILLA DE MANI EN CREMA,5150025516,Despensa,JIF,Jaleas Mantequillas Y Mermeladas,"[""Kosher""]",1,https://riba.app/imgrs/THUMBS%20500X500/31916.JPG
215771,MANTEQUILLA DE MANI BAJO SODIO,5150025565,Despensa,JIF,Jaleas Mantequillas Y Mermeladas,"[""Gluten-free"",""Kosher""]",1,https://riba.app/imgrs/THUMBS%20500X500/215771.JPG
341058,JIF CHOC PEANUT BUTTER TO GO,5150035614,Despensa,JIF,Jaleas Mantequillas Y Mermeladas,"[""Kosher""]",1,https://riba.app/imgrs/THUMBS%20500X500/341058.JPG
349912,MAGIC SHELL UNICORN TOPPING,5150078225,Despensa,SMUCKER'S,Siropes,"[""Kosher""]",1,https://riba.app/imgrs/THUMBS%20500X500/349912.JPG
44431,SALSA INGLESA,5160000001,Despensa,LEA & PERRINS,Aderezos Y Salsas,"[""Gluten-free""]",1,https://riba.app/imgrs/THUMBS%20500X500/44431.JPG
44430,SALSA INGLESA,5160000003,Despensa,LEA & PERRINS,Aderezos Y Salsas,"[""Gluten-free""]",1,https://riba.app/imgrs/THUMBS%20500X500/44430.JPG
44425,LEA & PERRIN WORC SAUCE,5160000004,Despensa,LEA & PERRINS,Aderezos Y Salsas,"[""Gluten-free""]",1,https://riba.app/imgrs/THUMBS%20500X500/44425.JPG
308190,SALSA LEA PERRINS 10 OZ,5160000250,Despensa,LEA & PERRINS,Aderezos Y Salsas,"[""Gluten-free""]",1,https://riba.app/imgrs/THUMBS%20500X500/308190.JPG
2951,FRIJOLES ROJOS OSCUROS,5200001034,Despensa,VAN CAMP S,Arroz Y Granos,NULL,1,https://riba.app/imgrs/THUMBS%20500X500/2951.JPG
1014,FRIJOLES CON CERDO EN SALSA TO,5200001122,Despensa,VAN CAMP S,Arroz Y Granos,NULL,1,https://riba.app/imgrs/THUMBS%20500X500/1014.JPG
1151,FRIJOLES CON CERDO EN SALSA,5200001172,Despensa,VAN CAMP S,Arroz Y Granos,NULL,1,https://riba.app/imgrs/THUMBS%20500X500/1151.JPG
216481,SPAGUETTI INTEGRAL N 6,520101000941,Despensa,MISKO,Pastas Secas,NULL,1,https://riba.app/imgrs/THUMBS%20500X500/216481.JPG
217840,MACARONI N 2 PASTITSIO,520101010302,Despensa,MISKO,Pastas Secas,NULL,1,https://riba.app/imgrs/THUMBS%20500X500/217840.JPG
216482,SPAGUETTI Nº6,520101010306,Despensa,MISKO,Pastas Secas,NULL,1,https://riba.app/imgrs/THUMBS%20500X500/216482.JPG
216484,RISONI LARGE KRITHARAKI ORZO,520101014451,Despensa,MISKO,Pastas Secas,NULL,1,https://riba.app/imgrs/THUMBS%20500X500/216484.JPG
286602,TUBETTI HALF ,520101014457,Despensa,MISKO,Pastas Secas,NULL,1,https://riba.app/imgrs/THUMBS%20500X500/286602.JPG
132822,VINE LEAVES STUFFED WITH RICE ,520111900010,Despensa,PALIRRIA,Conservas Y Encurtidos,"[""Vegano""]",1,https://riba.app/imgrs/THUMBS%20500X500/132822.JPG
142344,BAKED GIANT BEANS PALIRRIA,520111900016,Despensa,PALIRRIA,Arroz Y Granos,"[""Vegano""]",1,https://riba.app/imgrs/THUMBS%20500X500/142344.JPG
330440,PARLIRRIA GREEK STY BERENJENA,520111900022,Despensa,PALIRRIA,Conservas Y Encurtidos,"[""Vegano""]",1,https://riba.app/imgrs/THUMBS%20500X500/330440.JPG
359342,PIMIENTOS ROJOS ASADOS,520111900701,Despensa,PALIRRIA,Conservas Y Encurtidos,NULL,1,https://riba.app/imgrs/THUMBS%20500X500/359342.JPG
357779,HOJAS DOLMAS PALIRRIA ARROZ,520111900727,Despensa,PALIRRIA,Conservas Y Encurtidos,"[""Vegano""]",1,https://riba.app/imgrs/THUMBS%20500X500/357779.JPG
330446,GARBANZO PALIRRIA GREEK ISLAND,520111900755,Despensa,PALIRRIA,Arroz Y Granos,"[""Vegano""]",1,https://riba.app/imgrs/THUMBS%20500X500/330446.JPG
310796,HOJAS RELLENAS DE QUINOA,520111900797,Despensa,PALIRRIA,Conservas Y Encurtidos,"[""Vegano""]",1,https://riba.app/imgrs/THUMBS%20500X500/310796.JPG
129688,ACEITUNA KALAMATA C ACEITE EV,520121613307,Despensa,XENIA ,Conservas Y Encurtidos,NULL,1,https://riba.app/imgrs/THUMBS%20500X500/129688.JPG
303777,COCTEL DE FRUTAS,520141400101,Despensa,S&W,Conservas Y Encurtidos,NULL,1,https://riba.app/imgrs/THUMBS%20500X500/303777.JPG
303780,COCTEL DE FRUTAS ,520141400102,Despensa,S&W,Conservas Y Encurtidos,NULL,1,https://riba.app/imgrs/THUMBS%20500X500/303780.JPG
303781,MELOCOTONES EN RODAJAS ,520141400104,Despensa,S&W,Conservas Y Encurtidos,NULL,1,https://riba.app/imgrs/THUMBS%20500X500/303781.JPG
303787,MELOCOTONES EN MITADES ,520141400105,Despensa,S&W,Conservas Y Encurtidos,NULL,1,https://riba.app/imgrs/THUMBS%20500X500/303787.JPG
338672,VINAGRE DE MANZANA MESSINO,520190319974,Despensa,MESSINO,Vinagre,NULL,1,https://riba.app/imgrs/THUMBS%20500X500/338672.JPG
286561,VINAGRE BALSAMICO KALAMATA ,520190320091,Despensa,PAPADIMITRIOU D KALAMATA ,Vinagre,NULL,1,https://riba.app/imgrs/THUMBS%20500X500/286561.JPG
338670,VINAGRE BLANCO MESSINO,520190320138,Despensa,MESSINO,Vinagre,NULL,1,https://riba.app/imgrs/THUMBS%20500X500/338670.JPG
338671,VINAGRE TINTO MESSINO,520190320139,Despensa,MESSINO,Vinagre,NULL,1,https://riba.app/imgrs/THUMBS%20500X500/338671.JPG
231539,SALSA KALAMATA FRESA PAPADIMIT,520190320151,Despensa,PAPADIMITRIOU D KALAMATA ,Vinagre,"[""Gluten-free"",""Vegano""]",1,https://riba.app/imgrs/THUMBS%20500X500/231539.JPG
332808,VINAGRE BALSAMICO MIEL,520190320161,Despensa,MESSINO,Vinagre,NULL,1,https://riba.app/imgrs/THUMBS%20500X500/332808.JPG
332807,ACEITE DE OLIVA KALAMATA,520320419603,Despensa,ELEATIS ,Aceites Y Mantecas,NULL,1,https://riba.app/imgrs/THUMBS%20500X500/332807.JPG
110551,ACEITE DE OLIVA ELEATIS 1 LT,520320419604,Despensa,ELEATIS ,Aceites Y Mantecas,NULL,1,https://riba.app/imgrs/THUMBS%20500X500/110551.JPG
110550,ACEITE DE OLIVA ELEATIS 0 5LT ,520320419605,Despensa,ELEATIS ,Aceites Y Mantecas,NULL,1,https://riba.app/imgrs/THUMBS%20500X500/110550.JPG
359343,HOJAS MARIANNA DE PARRA,520450220200,Despensa,PALIRRIA,Conservas Y Encurtidos,NULL,1,https://riba.app/imgrs/THUMBS%20500X500/359343.JPG
248602,GOURMET FENNEL SEED ORGANIC ,5210000124,Despensa,MC.CORMICK(ESPECIAS),Condimentos Y Semillas,"[""Kosher"",""Orgánico""]",1,https://riba.app/imgrs/THUMBS%20500X500/248602.JPG
23240,PIMIENTA DE JAMAICA,5210000212,Despensa,MC.CORMICK(ESPECIAS),Condimentos Y Semillas,"[""Kosher""]",1,https://riba.app/imgrs/THUMBS%20500X500/23240.JPG
23214,CREMA TARTARA EN POLVO,5210000236,Despensa,MC.CORMICK(ESPECIAS),Condimentos Y Semillas,"[""Kosher""]",1,https://riba.app/imgrs/THUMBS%20500X500/23214.JPG
46339,G M MONTREAL STEAK MCCORMICK,5210000245,Despensa,MC.CORMICK(ESPECIAS),Condimentos Y Semillas,"[""Gluten-free"",""Kosher""]",1,https://riba.app/imgrs/THUMBS%20500X500/46339.JPG
46335,Mc GM MONTREAL CHICKEN SEASONI,5210000246,Despensa,MC.CORMICK(ESPECIAS),Condimentos Y Semillas,"[""Kosher""]",1,https://riba.app/imgrs/THUMBS%20500X500/46335.JPG
44461,MC  GROUND NUTMEG 1.1 OZ,5210000256,Despensa,MC.CORMICK(ESPECIAS),Condimentos Y Semillas,NULL,1,https://riba.app/imgrs/THUMBS%20500X500/44461.JPG
44463,POULTRY SEASONING 18GR,5210000263,Despensa,MC.CORMICK(ESPECIAS),Condimentos Y Semillas,"[""Kosher""]",1,https://riba.app/imgrs/THUMBS%20500X500/44463.JPG
44462,PUMPKIN PIE SPICE 1 12 OZ,5210000264,Despensa,MC.CORMICK(ESPECIAS),Condimentos Y Semillas,"[""Kosher""]",1,https://riba.app/imgrs/THUMBS%20500X500/44462.JPG
23222,SAZONADOR DE HIERBAS CHINAS,5210000310,Despensa,MC.CORMICK(ESPECIAS),Condimentos Y Semillas,"[""Kosher"",""Orgánico""]",1,https://riba.app/imgrs/THUMBS%20500X500/23222.JPG
23431,HOJAS DE SALVIA,5210000351,Despensa,MC.CORMICK(ESPECIAS),Condimentos Y Semillas,"[""Kosher"",""Orgánico""]",1,https://riba.app/imgrs/THUMBS%20500X500/23431.JPG
23443,HOJAS DE TARRAGON,5210000353,Despensa,MC.CORMICK(ESPECIAS),Condimentos Y Semillas,"[""Kosher"",""Orgánico""]",1,https://riba.app/imgrs/THUMBS%20500X500/23443.JPG
23425,CEBOLLA EN POLVO,5210000365,Despensa,MC.CORMICK(ESPECIAS),Condimentos Y Semillas,"[""Kosher"",""Orgánico""]",1,https://riba.app/imgrs/THUMBS%20500X500/23425.JPG
23539,HOJAS DE CULANTRO TRITURADAS,5210000396,Despensa,MC.CORMICK(ESPECIAS),Condimentos Y Semillas,"[""Kosher""]",1,https://riba.app/imgrs/THUMBS%20500X500/23539.JPG
79655,GROUND CINNAMON MCCORMICK,5210000438,Despensa,MC.CORMICK(ESPECIAS),Condimentos Y Semillas,"[""Kosher""]",1,https://riba.app/imgrs/THUMBS%20500X500/79655.JPG
182911,MCCORMICK STICK CINNAMON,5210000442,Despensa,MC.CORMICK(ESPECIAS),Condimentos Y Semillas,"[""Kosher""]",1,https://riba.app/imgrs/THUMBS%20500X500/182911.JPG
267574,CAYENNE PEPPER GOURMET ,5210000443,Despensa,MC.CORMICK(ESPECIAS),Condimentos Y Semillas,"[""Kosher"",""Orgánico""]",1,https://riba.app/imgrs/THUMBS%20500X500/267574.JPG
56106,CANELA AZUCARADA,5210000444,Despensa,MC.CORMICK(ESPECIAS),Condimentos Y Semillas,"[""Kosher""]",1,https://riba.app/imgrs/THUMBS%20500X500/56106.JPG
23215,PIMENTON ESPAÑOL PAPRIKA,5210000448,Despensa,MC.CORMICK(ESPECIAS),Condimentos Y Semillas,"[""Kosher""]",1,https://riba.app/imgrs/THUMBS%20500X500/23215.JPG
248587,GOURMET ROSEMARY  CRUSHED ORG,5210000451,Despensa,MC.CORMICK(ESPECIAS),Condimentos Y Semillas,"[""Kosher"",""Orgánico""]",1,https://riba.app/imgrs/THUMBS%20500X500/248587.JPG
248592,GOURMET ITALIAN SEASONING ORG,5210000452,Despensa,MC.CORMICK(ESPECIAS),Condimentos Y Semillas,"[""Kosher"",""Orgánico""]",1,https://riba.app/imgrs/THUMBS%20500X500/248592.JPG
248594,GOURMET CURRY POWDER ORGANIC ,5210000454,Despensa,MC.CORMICK(ESPECIAS),Condimentos Y Semillas,"[""Kosher"",""Orgánico""]",1,https://riba.app/imgrs/THUMBS%20500X500/248594.JPG
248596,GOURMET CORIANDER GROUND ORG,5210000461,Despensa,MC.CORMICK(ESPECIAS),Condimentos Y Semillas,"[""Kosher"",""Orgánico""]",1,https://riba.app/imgrs/THUMBS%20500X500/248596.JPG
248574,GOURMET BAY LEAVES TURKIH ORG,5210000462,Despensa,MC.CORMICK(ESPECIAS),Condimentos Y Semillas,"[""Kosher"",""Orgánico""]",1,https://riba.app/imgrs/THUMBS%20500X500/248574.JPG
248599,GOURMET MUSTARD GROUND ORG,5210000476,Despensa,MC.CORMICK(ESPECIAS),Condimentos Y Semillas,"[""Kosher"",""Orgánico""]",1,https://riba.app/imgrs/THUMBS%20500X500/248599.JPG
248590,GOURMET CUMIN GROUND ORGANIC,5210000493,Despensa,MC.CORMICK(ESPECIAS),Condimentos Y Semillas,"[""Kosher"",""Orgánico""]",1,https://riba.app/imgrs/THUMBS%20500X500/248590.JPG
248579,GOURMET WHITE PEPPER GRD PRG ,5210000582,Despensa,MC.CORMICK(ESPECIAS),Condimentos Y Semillas,"[""Kosher"",""Orgánico""]",1,https://riba.app/imgrs/THUMBS%20500X500/248579.JPG
248591,GOURMET HERBES DE PROVENCE ORG,5210000583,Despensa,MC.CORMICK(ESPECIAS),Condimentos Y Semillas,"[""Kosher"",""Orgánico""]",1,https://riba.app/imgrs/THUMBS%20500X500/248591.JPG
248578,GOURMET BLK PEPPER CRS ORG ,5210000586,Despensa,MC.CORMICK(ESPECIAS),Condimentos Y Semillas,"[""Kosher"",""Orgánico""]",1,https://riba.app/imgrs/THUMBS%20500X500/248578.JPG
23462,DOC  SAL DE AJO MC.,5210000593,Despensa,MC.CORMICK(ESPECIAS),Condimentos Y Semillas,"[""Kosher""]",1,https://riba.app/imgrs/THUMBS%20500X500/23462.JPG
314346,MC MINCED GARLIC ,5210000596,Despensa,MC.CORMICK(CONDIMENTOS),Condimentos Y Semillas,"[""Kosher""]",1,https://riba.app/imgrs/THUMBS%20500X500/314346.JPG
23470,AJO EN POLVO MCCORMICK,5210000626,Despensa,MC.CORMICK(ESPECIAS),Condimentos Y Semillas,"[""Kosher""]",1,https://riba.app/imgrs/THUMBS%20500X500/23470.JPG
23471,CEBOLLA EN POLV1,5210000647,Despensa,MC.CORMICK(ESPECIAS),Condimentos Y Semillas,"[""Kosher""]",1,https://riba.app/imgrs/THUMBS%20500X500/23471.JPG
248601,GOURMET PAPRIKA ORGANIC ,5210000657,Despensa,MC.CORMICK(ESPECIAS),Condimentos Y Semillas,"[""Kosher"",""Orgánico""]",1,https://riba.app/imgrs/THUMBS%20500X500/248601.JPG
23514,PIMIENTA ROJA MOLIDA,5210000676,Despensa,MC.CORMICK(ESPECIAS),Condimentos Y Semillas,"[""Kosher""]",1,https://riba.app/imgrs/THUMBS%20500X500/23514.JPG
23460,HOJA DE ALBAHACA ,5210000696,Despensa,MC.CORMICK(ESPECIAS),Condimentos Y Semillas,"[""Kosher""]",1,https://riba.app/imgrs/THUMBS%20500X500/23460.JPG
23463,HOJAS DE OREGANO ,5210000716,Despensa,MC.CORMICK(ESPECIAS),Condimentos Y Semillas,"[""Kosher""]",1,https://riba.app/imgrs/THUMBS%20500X500/23463.JPG
169732,PEDAZOS CON SABOR A TOCINO,5210001090,Despensa,MC.CORMICK(ESPECIAS),Aderezos Y Salsas,"[""Kosher""]",1,https://riba.app/imgrs/THUMBS%20500X500/169732.JPG
350672,CURCUMA EN POLVO MCCORMICK,5210001174,Despensa,MC.CORMICK(ESPECIAS),Condimentos Y Semillas,"[""Kosher""]",1,https://riba.app/imgrs/THUMBS%20500X500/350672.JPG
194434,BROWN SUGAR BOURBON,5210001384,Despensa,MC.CORMICK(ESPECIAS),Condimentos Y Semillas,NULL,1,https://riba.app/imgrs/THUMBS%20500X500/194434.JPG
269313,SCAMPI SALSA POLV DSM,5210001899,Despensa,MC.CORMICK(ESPECIAS),Aderezos Y Salsas,NULL,1,https://riba.app/imgrs/THUMBS%20500X500/269313.JPG
127769,FAJITAS SEASONING MIX,5210002121,Despensa,MC.CORMICK(ESPECIAS),Condimentos Y Semillas,NULL,1,https://riba.app/imgrs/THUMBS%20500X500/127769.JPG
46336,Mc GRILL MATES MESQUITE MARINA,5210002578,Despensa,MC.CORMICK(ESPECIAS),Condimentos Y Semillas,NULL,1,https://riba.app/imgrs/THUMBS%20500X500/46336.JPG
271792,TACO SEAS GLUTEN FREE,5210002750,Despensa,MC.CORMICK(CONDIMENTOS),Condimentos Y Semillas,"[""Gluten-free""]",1,https://riba.app/imgrs/THUMBS%20500X500/271792.JPG
248603,GOURMT CINNAMON SAIGON GRD ORG,5210002872,Despensa,MC.CORMICK(ESPECIAS),Condimentos Y Semillas,"[""Kosher"",""Orgánico""]",1,https://riba.app/imgrs/THUMBS%20500X500/248603.JPG
233760,PIMIENTA NEGRA,5210002992,Despensa,MC.CORMICK(ESPECIAS),Condimentos Y Semillas,"[""Kosher""]",1,https://riba.app/imgrs/THUMBS%20500X500/233760.JPG
239817,BLACK PEPPER COARSE GROUND,5210003004,Despensa,MC.CORMICK(ESPECIAS),Condimentos Y Semillas,"[""Kosher""]",1,https://riba.app/imgrs/THUMBS%20500X500/239817.JPG
350674,PIMIENTA NEGRA CON MOLINILLO,5210003026,Despensa,MC.CORMICK(ESPECIAS),Condimentos Y Semillas,"[""Kosher""]",1,https://riba.app/imgrs/THUMBS%20500X500/350674.JPG
287320,MCCORMICK BLACK PEPPERCORN GRD,5210003065,Despensa,MC.CORMICK(ESPECIAS),Condimentos Y Semillas,NULL,1,https://riba.app/imgrs/THUMBS%20500X500/287320.JPG
269306,MONTREAL MARINADE DP,5210003366,Despensa,MC.CORMICK(CONDIMENTOS),Condimentos Y Semillas,NULL,1,https://riba.app/imgrs/THUMBS%20500X500/269306.JPG
23232,CONDIMENTO PARA SALSA TACO,5210003491,Despensa,MC.CORMICK(ESPECIAS),Condimentos Y Semillas,NULL,1,https://riba.app/imgrs/THUMBS%20500X500/23232.JPG
258370,TACO SEAS MIX MILD,5210003493,Despensa,MC.CORMICK(ESPECIAS),Condimentos Y Semillas,NULL,1,https://riba.app/imgrs/THUMBS%20500X500/258370.JPG
271791,TACO SEASONING HOT,5210003496,Despensa,MC.CORMICK(ESPECIAS),Condimentos Y Semillas,NULL,1,https://riba.app/imgrs/THUMBS%20500X500/271791.JPG
249143,MC TACO SEAS ORGANIC GF,5210003502,Despensa,MC.CORMICK(ESPECIAS),Condimentos Y Semillas,"[""Gluten-free"",""Orgánico""]",1,https://riba.app/imgrs/THUMBS%20500X500/249143.JPG
249144,MC FAJITA SEAS ORGANIC GF,5210003508,Despensa,MC.CORMICK(ESPECIAS),Condimentos Y Semillas,"[""Gluten-free"",""Orgánico""]",1,https://riba.app/imgrs/THUMBS%20500X500/249144.JPG
249146,MC CHILI SEAS ORGANIC GF,5210003510,Despensa,MC.CORMICK(ESPECIAS),Condimentos Y Semillas,"[""Gluten-free"",""Orgánico""]",1,https://riba.app/imgrs/THUMBS%20500X500/249146.JPG
259274,TURMERIC GROUND ,5210003529,Despensa,MC.CORMICK(ESPECIAS),Condimentos Y Semillas,"[""Kosher"",""Orgánico""]",1,https://riba.app/imgrs/THUMBS%20500X500/259274.JPG
248604,GOURMET CHILI POWDER ORG,5210003530,Despensa,MC.CORMICK(ESPECIAS),Condimentos Y Semillas,"[""Kosher"",""Orgánico""]",1,https://riba.app/imgrs/THUMBS%20500X500/248604.JPG
23230,CHICKEN GRAVY MIX,5210003780,Despensa,MC.CORMICK(ESPECIAS),Aderezos Y Salsas,NULL,1,https://riba.app/imgrs/THUMBS%20500X500/23230.JPG
267794,EXTRACTO DE ALMENDRA PURO ,5210003786,Despensa,MC.CORMICK(ESPECIAS),Reposteria,"[""Gluten-free"",""Kosher""]",1,https://riba.app/imgrs/THUMBS%20500X500/267794.JPG
355672,CEBOLLA EN POLVO MCCORMICK,5210003806,Despensa,MC.CORMICK(ESPECIAS),Condimentos Y Semillas,"[""Kosher""]",1,https://riba.app/imgrs/THUMBS%20500X500/355672.JPG
355673,CANELA MOLIDA MCCORMICK,5210003821,Despensa,MC.CORMICK(ESPECIAS),Condimentos Y Semillas,"[""Kosher""]",1,https://riba.app/imgrs/THUMBS%20500X500/355673.JPG
355671,AJO EN POLVO MCCORMICK,5210003822,Despensa,MC.CORMICK(ESPECIAS),Condimentos Y Semillas,"[""Kosher""]",1,https://riba.app/imgrs/THUMBS%20500X500/355671.JPG
355675,SAZONADOR MONTREAL MCCORMICK,5210003828,Despensa,MC.CORMICK(CONDIMENTOS),Condimentos Y Semillas,"[""Gluten-free"",""Kosher""]",1,https://riba.app/imgrs/THUMBS%20500X500/355675.JPG
355674,PIMIENTA ROJA MCCORMICK,5210003835,Despensa,MC.CORMICK(ESPECIAS),Condimentos Y Semillas,"[""Kosher""]",1,https://riba.app/imgrs/THUMBS%20500X500/355674.JPG
350673,CURRY EN POLVO MCCORMICK,5210003956,Despensa,MC.CORMICK(ESPECIAS),Condimentos Y Semillas,"[""Kosher""]",1,https://riba.app/imgrs/THUMBS%20500X500/350673.JPG
267796,GINGER GROUN GOURMET ORGANIC ,5210003959,Despensa,MC.CORMICK(ESPECIAS),Condimentos Y Semillas,"[""Kosher"",""Orgánico""]",1,https://riba.app/imgrs/THUMBS%20500X500/267796.JPG
23454,ALFREDO PASTA  SAUCE MIX,5210004081,Despensa,MC.CORMICK(ESPECIAS),Aderezos Y Salsas,NULL,1,https://riba.app/imgrs/THUMBS%20500X500/23454.JPG
23218,SAZONADOR DE ESTOFADO DE RES,5210004360,Despensa,MC.CORMICK(ESPECIAS),Condimentos Y Semillas,NULL,1,https://riba.app/imgrs/THUMBS%20500X500/23218.JPG
319672,SAZONADOR CAJUN MCCORMICK,5210004969,Despensa,MC.CORMICK(CONDIMENTOS),Condimentos Y Semillas,"[""Gluten-free"",""Kosher""]",1,https://riba.app/imgrs/THUMBS%20500X500/319672.JPG
357761,SAZONADOR ITALIANO PP MCCORMIC,5210004973,Despensa,MC.CORMICK(CONDIMENTOS),Condimentos Y Semillas,"[""Kosher""]",1,https://riba.app/imgrs/THUMBS%20500X500/357761.JPG
334211,COLORANTE SURTIDO,5210005308,Despensa,MC.CORMICK(CONDIMENTOS),Reposteria,"[""Gluten-free"",""Kosher""]",1,https://riba.app/imgrs/THUMBS%20500X500/334211.JPG
23202,IMITACION EXTRACTO ALMEND,5210007064,Despensa,MC.CORMICK(ESPECIAS),Reposteria,"[""Gluten-free"",""Kosher""]",1,https://riba.app/imgrs/THUMBS%20500X500/23202.JPG
23427,EXTRACTO DE COCO IMITACION,5210007073,Despensa,MC.CORMICK(ESPECIAS),Reposteria,"[""Gluten-free"",""Kosher""]",1,https://riba.app/imgrs/THUMBS%20500X500/23427.JPG
253160,IMITATION MAPLE EXTRACT,5210007076,Despensa,MC.CORMICK(ESPECIAS),Reposteria,"[""Gluten-free"",""Kosher""]",1,https://riba.app/imgrs/THUMBS%20500X500/253160.JPG
245953,MCCORNICK PURE ORANGE EXTRACT,5210007078,Despensa,MC.CORMICK(ESPECIAS),Reposteria,"[""Gluten-free"",""Kosher""]",1,https://riba.app/imgrs/THUMBS%20500X500/245953.JPG
23220,EXTRACTO DE RON IMITACION,5210007082,Despensa,MC.CORMICK(ESPECIAS),Reposteria,"[""Gluten-free"",""Kosher""]",1,https://riba.app/imgrs/THUMBS%20500X500/23220.JPG
23200,EXTRACTO DE VAINILLA PURO,5210007086,Despensa,MC.CORMICK(ESPECIAS),Reposteria,"[""Gluten-free"",""Kosher""]",1,https://riba.app/imgrs/THUMBS%20500X500/23200.JPG
23472,COLORANTE VERDE ,5210007088,Despensa,MC.CORMICK(ESPECIAS),Reposteria,NULL,1,https://riba.app/imgrs/THUMBS%20500X500/23472.JPG
23450,RED FOOD COLOR,5210007091,Despensa,MC.CORMICK(ESPECIAS),Reposteria,NULL,1,https://riba.app/imgrs/THUMBS%20500X500/23450.JPG
23447,COLORANTE AMARILLO,5210007092,Despensa,MC.CORMICK(ESPECIAS),Reposteria,NULL,1,https://riba.app/imgrs/THUMBS%20500X500/23447.JPG
23258,EXTRACTO DE ALMENDRA IMITACION,5210007093,Despensa,MC.CORMICK(ESPECIAS),Reposteria,"[""Gluten-free"",""Kosher""]",1,https://riba.app/imgrs/THUMBS%20500X500/23258.JPG
267795,EXTRACTO DE LIMON PURO,5210007096,Despensa,MC.CORMICK(ESPECIAS),Reposteria,"[""Gluten-free"",""Kosher""]",1,https://riba.app/imgrs/THUMBS%20500X500/267795.JPG
23405,MUSHROOM GRAVY MIX,5210009020,Despensa,MC.CORMICK(ESPECIAS),Aderezos Y Salsas,NULL,1,https://riba.app/imgrs/THUMBS%20500X500/23405.JPG
23233,TURKEY GRAVY  MIX,5210009030,Despensa,MC.CORMICK(ESPECIAS),Aderezos Y Salsas,NULL,1,https://riba.app/imgrs/THUMBS%20500X500/23233.JPG
23235,SPAGUETTI SAUCE  MIX,5210009040,Despensa,MC.CORMICK(ESPECIAS),Aderezos Y Salsas,NULL,1,https://riba.app/imgrs/THUMBS%20500X500/23235.JPG
23478,SASONADOR CHILE CALIENTE,5210009110,Despensa,MC.CORMICK(ESPECIAS),Condimentos Y Semillas,NULL,1,https://riba.app/imgrs/THUMBS%20500X500/23478.JPG
157249,ITALIAN SPAGUETTI MUSHROOM,5210009140,Despensa,MC.CORMICK(ESPECIAS),Aderezos Y Salsas,NULL,1,https://riba.app/imgrs/THUMBS%20500X500/157249.JPG
23244,SAZONADOR DE CHILE  ORIGINAL,5210009150,Despensa,MC.CORMICK(ESPECIAS),Condimentos Y Semillas,NULL,1,https://riba.app/imgrs/THUMBS%20500X500/23244.JPG
23492,ENCHILADA SAUCE MIX MC CORMICK,5210009160,Despensa,MC.CORMICK(ESPECIAS),Condimentos Y Semillas,NULL,1,https://riba.app/imgrs/THUMBS%20500X500/23492.JPG
23231,PORK GRAVY MIX,5210009650,Despensa,MC.CORMICK(ESPECIAS),Aderezos Y Salsas,NULL,1,https://riba.app/imgrs/THUMBS%20500X500/23231.JPG
80526,AU JUS GRAVY MIX,5210009690,Despensa,MC.CORMICK(ESPECIAS),Aderezos Y Salsas,NULL,1,https://riba.app/imgrs/THUMBS%20500X500/80526.JPG
23403,ONION GRAVY MIX,5210009880,Despensa,MC.CORMICK(ESPECIAS),Aderezos Y Salsas,NULL,1,https://riba.app/imgrs/THUMBS%20500X500/23403.JPG
23502,SAZONADOR DE CHILI SUAVE,5210015520,Despensa,MC.CORMICK(ESPECIAS),Condimentos Y Semillas,NULL,1,https://riba.app/imgrs/THUMBS%20500X500/23502.JPG
106017,MC GRILLMATES BARBECUE,5210015848,Despensa,MC.CORMICK(ESPECIAS),Condimentos Y Semillas,"[""Gluten-free"",""Kosher""]",1,https://riba.app/imgrs/THUMBS%20500X500/106017.JPG
313262,SLOW COOKER POT ROAST,5210038245,Despensa,MC.CORMICK(ESPECIAS),Condimentos Y Semillas,NULL,1,https://riba.app/imgrs/THUMBS%20500X500/313262.JPG
271793,CHEESSY TACO,5210045150,Despensa,MC.CORMICK(ESPECIAS),Condimentos Y Semillas,NULL,1,https://riba.app/imgrs/THUMBS%20500X500/271793.JPG
138147,ORIGINAL BUFFALO WINGS,5210046450,Despensa,MC.CORMICK(ESPECIAS),Condimentos Y Semillas,NULL,1,https://riba.app/imgrs/THUMBS%20500X500/138147.JPG
150621,TOASTED ONION GARLIC POTATO SE,5210052178,Despensa,MC.CORMICK(ESPECIAS),Condimentos Y Semillas,NULL,1,https://riba.app/imgrs/THUMBS%20500X500/150621.JPG
194435,MOJITO LIME   ,5210057410,Despensa,MC.CORMICK(ESPECIAS),Condimentos Y Semillas,NULL,1,https://riba.app/imgrs/THUMBS%20500X500/194435.JPG
124470,TOMATO GARLIC & BASIL GRILL ,5210062534,Despensa,MC.CORMICK(ESPECIAS),Condimentos Y Semillas,NULL,1,https://riba.app/imgrs/THUMBS%20500X500/124470.JPG
154473,MCCORMICK GM LSOD MONT STEAK,5210069313,Despensa,MC.CORMICK(ESPECIAS),Condimentos Y Semillas,"[""Gluten-free"",""Kosher""]",1,https://riba.app/imgrs/THUMBS%20500X500/154473.JPG
105507,MEZCLA DE PIMIENTA EN GRANOS,5210074604,Despensa,MC.CORMICK(ESPECIAS),Condimentos Y Semillas,"[""Kosher""]",1,https://riba.app/imgrs/THUMBS%20500X500/105507.JPG
23499,DOC  HOLLANDAISE BCE,5210074757,Despensa,MC.CORMICK(ESPECIAS),Aderezos Y Salsas,NULL,1,https://riba.app/imgrs/THUMBS%20500X500/23499.JPG
124467,GARLIC HERB & WINE GRILL MATES,5210074862,Despensa,MC.CORMICK(ESPECIAS),Condimentos Y Semillas,NULL,1,https://riba.app/imgrs/THUMBS%20500X500/124467.JPG
153310,CHICKEN TACO  12 X 1 OZ ,5210076067,Despensa,MC.CORMICK(ESPECIAS),Condimentos Y Semillas,NULL,1,https://riba.app/imgrs/THUMBS%20500X500/153310.JPG
46346,MC MARINADE MONTREAL STEAK 71Z,5210076069,Despensa,MC.CORMICK(ESPECIAS),Condimentos Y Semillas,NULL,1,https://riba.app/imgrs/THUMBS%20500X500/46346.JPG
129748,BROWN GRAVY 30% LESS SODIU MIX,5210076249,Despensa,MC.CORMICK(ESPECIAS),Aderezos Y Salsas,NULL,1,https://riba.app/imgrs/THUMBS%20500X500/129748.JPG
248581,GOURMET BASIL ORGANIC ,5210082788,Despensa,MC.CORMICK(ESPECIAS),Condimentos Y Semillas,"[""Kosher"",""Orgánico""]",1,https://riba.app/imgrs/THUMBS%20500X500/248581.JPG
248585,GOURMET GARLIC PWD ORGANIC ,5210082790,Despensa,MC.CORMICK(ESPECIAS),Condimentos Y Semillas,"[""Kosher"",""Orgánico""]",1,https://riba.app/imgrs/THUMBS%20500X500/248585.JPG
248586,GOURMET OREGANO ORGANIC ,5210082791,Despensa,MC.CORMICK(ESPECIAS),Condimentos Y Semillas,"[""Kosher"",""Orgánico""]",1,https://riba.app/imgrs/THUMBS%20500X500/248586.JPG
129745,SAZONADOR DE CHILE BAJO SODIO,5210094269,Despensa,MC.CORMICK(ESPECIAS),Condimentos Y Semillas,NULL,1,https://riba.app/imgrs/THUMBS%20500X500/129745.JPG
286445,JAR  REAL MAYONNAISE,5250005005,Despensa,DUKE´S,Aderezos Y Salsas,"[""Gluten-free""]",1,https://riba.app/imgrs/THUMBS%20500X500/286445.JPG
331513,DUKE S MAYONNAISE BOTTLE 18OZ,5250005009,Despensa,DUKE S,Aderezos Y Salsas,"[""Kosher""]",1,https://riba.app/imgrs/THUMBS%20500X500/331513.JPG
352281,DUKES OLIVE OIL LIGHT MAYO,5250006715,Despensa,DUKE'S,Aderezos Y Salsas,"[""Kosher""]",1,https://riba.app/imgrs/THUMBS%20500X500/352281.JPG
299624,CODITOS 454 GR,5257703468,Despensa,DE LA ABUELA,Pastas Secas,"[""Kosher""]",1,https://riba.app/imgrs/THUMBS%20500X500/299624.JPG
337083,PANCAKE GOLD MILLS BUTTERMILK,5257708321,Despensa,GOLD MILLS,Harinas,NULL,1,https://riba.app/imgrs/THUMBS%20500X500/337083.JPG
15309,CREMA DE MALVAVISCO,5260011275,Despensa,FLUFF,Jaleas Mantequillas Y Mermeladas,"[""Kosher""]",1,https://riba.app/imgrs/THUMBS%20500X500/15309.JPG
135646,PACIFIC ORG MUSHROOM BROTH,5260304100,Despensa,PACIFIC,Sopas Y Cremas,"[""Gluten-free"",""Keto"",""Orgánico"",""Vegano""]",1,https://riba.app/imgrs/THUMBS%20500X500/135646.JPG
125720,SOUP CREAM TOMATO ORG,5260304120,Despensa,PACIFIC,Sopas Y Cremas,"[""Gluten-free"",""Kosher"",""Orgánico""]",1,https://riba.app/imgrs/THUMBS%20500X500/125720.JPG
143295,PACIFIC ORG CRMY BUTTERNUT S,5260304180,Despensa,PACIFIC,Sopas Y Cremas,"[""Gluten-free"",""Kosher"",""Orgánico"",""Vegano""]",1,https://riba.app/imgrs/THUMBS%20500X500/143295.JPG
195688,ROASTED RED PEPPER TOMATO SOUP,5260304283,Despensa,PACIFIC,Sopas Y Cremas,"[""Gluten-free"",""Kosher"",""Orgánico""]",1,https://riba.app/imgrs/THUMBS%20500X500/195688.JPG
134324,PACIF CHICK BROTH SOUP 32OZ,5260305400,Despensa,PACIFIC,Sopas Y Cremas,"[""Gluten-free"",""Keto""]",1,https://riba.app/imgrs/THUMBS%20500X500/134324.JPG
134325,PACIF ORG VEGETABLE BROTH SOUP,5260305410,Despensa,PACIFIC,Sopas Y Cremas,"[""Orgánico"",""Vegano""]",1,https://riba.app/imgrs/THUMBS%20500X500/134325.JPG
134633,PACIFIC ORG CHICKEN BROTH,5260305425,Despensa,PACIFIC,Sopas Y Cremas,"[""Gluten-free"",""Keto"",""Orgánico""]",1,https://riba.app/imgrs/THUMBS%20500X500/134633.JPG
217548,PACIFIC BROTH NATURAL BEEF,5260305440,Despensa,PACIFIC,Sopas Y Cremas,"[""Gluten-free""]",1,https://riba.app/imgrs/THUMBS%20500X500/217548.JPG
194824,PACIFIC ORGANIC BEEF BROTH,5260305444,Despensa,PACIFIC,Sopas Y Cremas,"[""Gluten-free"",""Orgánico""]",1,https://riba.app/imgrs/THUMBS%20500X500/194824.JPG
134632,PACIFIC VEG BROTH L SODIUM,5260305450,Despensa,PACIFIC,Sopas Y Cremas,"[""Orgánico"",""Vegano""]",1,https://riba.app/imgrs/THUMBS%20500X500/134632.JPG
318535,PACIFIC ORG CHICKEN STOCK,5260305630,Despensa,PACIFIC,Sopas Y Cremas,"[""Gluten-free"",""Keto"",""Orgánico""]",1,https://riba.app/imgrs/THUMBS%20500X500/318535.JPG
14970,OLIVES RIPE PITTED LARGE,5380002821,Despensa,LINDSAY,Conservas Y Encurtidos,"[""Gluten-free"",""Kosher""]",1,https://riba.app/imgrs/THUMBS%20500X500/14970.JPG
14975,ACEITUNAS NEGRAS EN REBANADAS,5380004191,Despensa,LINDSAY,Conservas Y Encurtidos,"[""Gluten-free"",""Kosher""]",1,https://riba.app/imgrs/THUMBS%20500X500/14975.JPG
14974,ACEITUNA NEGRA GRANDE DESHUES,5380004791,Despensa,LINDSAY,Conservas Y Encurtidos,"[""Gluten-free"",""Kosher""]",1,https://riba.app/imgrs/THUMBS%20500X500/14974.JPG
14973,ACEITUNAS NEGRAS EN REBANADAS,5380005099,Despensa,LINDSAY,Conservas Y Encurtidos,"[""Gluten-free""]",1,https://riba.app/imgrs/THUMBS%20500X500/14973.JPG
280600,KOSHER DILL BABY WHOLES ,5410000170,Despensa,VLASIC,Conservas Y Encurtidos,"[""Kosher""]",1,https://riba.app/imgrs/THUMBS%20500X500/280600.JPG
238641,BIG CRUNCH SWEET GHERKINS,5410001110,Despensa,VLASIC,Conservas Y Encurtidos,"[""Kosher""]",1,https://riba.app/imgrs/THUMBS%20500X500/238641.JPG
20175,ORIGINAL DILL CHIPS 12 16OZ,5410001160,Despensa,VLASIC,Conservas Y Encurtidos,"[""Kosher""]",1,https://riba.app/imgrs/THUMBS%20500X500/20175.JPG
20179,SALSA RELISH,5410001830,Despensa,VLASIC,Conservas Y Encurtidos,"[""Kosher""]",1,https://riba.app/imgrs/THUMBS%20500X500/20179.JPG
44422,A 1 SAUCE 10 OZ,5440000005,Despensa,A.1.,Aderezos Y Salsas,"[""Kosher""]",1,https://riba.app/imgrs/THUMBS%20500X500/44422.JPG
44380,GREY POUPON DIJON MUSTARD ,5440000024,Despensa,GREY POUPON,Aderezos Y Salsas,"[""Kosher""]",1,https://riba.app/imgrs/THUMBS%20500X500/44380.JPG
44420,THICK  HEARTY  ,5440001278,Despensa,A.1.,Aderezos Y Salsas,"[""Kosher""]",1,https://riba.app/imgrs/THUMBS%20500X500/44420.JPG
305212,READY RICE RST CHK,5480042330,Despensa,UNCLE BEN S,Arroz Y Granos,NULL,1,https://riba.app/imgrs/THUMBS%20500X500/305212.JPG
305213,RDY RCE WHLGR BRWN,5480042334,Despensa,UNCLE BEN S,Arroz Y Granos,"[""Orgánico""]",1,https://riba.app/imgrs/THUMBS%20500X500/305213.JPG
305211,READY RICE JASMINE,5480042339,Despensa,UNCLE BEN S,Arroz Y Granos,"[""Orgánico""]",1,https://riba.app/imgrs/THUMBS%20500X500/305211.JPG
305210,BRWN RCE WHL GRAIN,5480042359,Despensa,UNCLE BEN S,Arroz Y Granos,"[""Gluten-free"",""Kosher""]",1,https://riba.app/imgrs/THUMBS%20500X500/305210.JPG
44500,CAMPS PURE MAPLE SYRUP,5552613008,Despensa,CAMP,Siropes,"[""Kosher""]",1,https://riba.app/imgrs/THUMBS%20500X500/44500.JPG
175700,WEETABIX WHOLE GRAIN BISCUIT ,5571206712,Despensa,WEETABIX,Cereales Y Granola,"[""Kosher""]",1,https://riba.app/imgrs/THUMBS%20500X500/175700.JPG
339276,MAPLE SYRUP AMBER,5618300250,Despensa,THE MAPLE TREAT,Siropes,"[""Kosher""]",1,https://riba.app/imgrs/THUMBS%20500X500/339276.JPG
339277,MAPLE SYRUP AMBER,5618300375,Despensa,THE MAPLE TREAT,Siropes,"[""Kosher""]",1,https://riba.app/imgrs/THUMBS%20500X500/339277.JPG
225776,OATMEAL CREAMY COCONUT ORG,5844915403,Despensa,NATURE S PATH,Avenas Y Cremas,"[""Gluten-free"",""Orgánico"",""Vegano""]",1,https://riba.app/imgrs/THUMBS%20500X500/225776.JPG
341362,TURTLE SPLASH STRW CHOC NATURE,5844920502,Despensa,NATURE S PATH,Cereales Y Granola,"[""Gluten-free"",""Orgánico"",""Vegano""]",1,https://riba.app/imgrs/THUMBS%20500X500/341362.JPG
341365,RHINO ROLLS CINNAMON NATURE S,5844921231,Despensa,NATURE S PATH,Cereales Y Granola,"[""Gluten-free"",""Kosher"",""Orgánico""]",1,https://riba.app/imgrs/THUMBS%20500X500/341365.JPG
134664,CEREA L ORG HERITAGE FLAKES ,5844977020,Despensa,NATURE S PATH,Cereales Y Granola,"[""Kosher"",""Orgánico""]",1,https://riba.app/imgrs/THUMBS%20500X500/134664.JPG
226817,FLAX MAPLE PECAN CRUNCH CEREAL,5844977143,Despensa,NATURE S PATH,Cereales Y Granola,"[""Kosher"",""Orgánico""]",1,https://riba.app/imgrs/THUMBS%20500X500/226817.JPG
257855,ORG DARK CHOC RED BERRIES GRAN,5844977180,Despensa,NATURE S PATH,Cereales Y Granola,"[""Kosher"",""Orgánico""]",1,https://riba.app/imgrs/THUMBS%20500X500/257855.JPG
150314,CEREAL AMAZON FLAKES GF,5844986001,Despensa,ENVIROKIDZ,Cereales Y Granola,"[""Gluten-free"",""Kosher"",""Orgánico"",""Vegano""]",1,https://riba.app/imgrs/THUMBS%20500X500/150314.JPG
270473,KOALA ORG CHOCO CRISP,5844986003,Despensa,NATURE S PATH,Cereales Y Granola,"[""Gluten-free"",""Kosher"",""Vegano""]",1,https://riba.app/imgrs/THUMBS%20500X500/270473.JPG
134682,CEREAL ORG PANDA PUFF 10 6 OZ,5844986004,Despensa,ENVIROKIDZ,Cereales Y Granola,"[""Gluten-free"",""Kosher"",""Vegano""]",1,https://riba.app/imgrs/THUMBS%20500X500/134682.JPG
341359,LEAPIN  LEMURS ORG NATURE S PA,5844986007,Despensa,NATURE S PATH,Cereales Y Granola,"[""Gluten-free"",""Orgánico""]",1,https://riba.app/imgrs/THUMBS%20500X500/341359.JPG
146369,CEREAL OG HEMP PLUS GRANOLA ,5844989000,Despensa,NATURE S PATH,Cereales Y Granola,"[""Kosher"",""Orgánico""]",1,https://riba.app/imgrs/THUMBS%20500X500/146369.JPG
134622,KIND ALMOND/COCONUT BAR,60265217008,Despensa,KIND,Cereales Y Granola,"[""Gluten-free"",""Kosher""]",1,https://riba.app/imgrs/THUMBS%20500X500/134622.JPG
208636,KIND CRANB ALMON ANTIXIDANT ,60265217011,Despensa,KIND,Cereales Y Granola,"[""Kosher""]",1,https://riba.app/imgrs/THUMBS%20500X500/208636.JPG
317507,BARRA KIND CARAMEL SEA SALT,60265217030,Despensa,KIND,Cereales Y Granola,"[""Kosher""]",1,https://riba.app/imgrs/THUMBS%20500X500/317507.JPG
206531,KIND DARK CHOC. CHERRY CASHEW,60265217050,Despensa,KIND,Cereales Y Granola,"[""Gluten-free"",""Kosher""]",1,https://riba.app/imgrs/THUMBS%20500X500/206531.JPG
206530,KIND PEANUT BUTTER DARK CHOC.,60265217056,Despensa,KIND,Cereales Y Granola,"[""Gluten-free"",""Kosher""]",1,https://riba.app/imgrs/THUMBS%20500X500/206530.JPG
317506,BARRA KIND BLUEBERRY VANILLA C,60265217058,Despensa,KIND,Cereales Y Granola,"[""Gluten-free"",""Kosher""]",1,https://riba.app/imgrs/THUMBS%20500X500/317506.JPG
219203,MAPLE GLZD PECAN SEA SALT,60265217090,Despensa,KIND,Cereales Y Granola,"[""Gluten-free"",""Kosher""]",1,https://riba.app/imgrs/THUMBS%20500X500/219203.JPG
344169,GRANOLA AVENA MIEL KIND,60265217186,Despensa,KIND,Cereales Y Granola,"[""Gluten-free"",""Kosher""]",1,https://riba.app/imgrs/THUMBS%20500X500/344169.JPG
344170,GRANOLA KIND CHOCOLATE OSCURO,60265217199,Despensa,KIND,Cereales Y Granola,"[""Gluten-free"",""Kosher""]",1,https://riba.app/imgrs/THUMBS%20500X500/344170.JPG
206533,KIND DARK CHOC. NUTS SEA SALT,60265217651,Despensa,KIND,Cereales Y Granola,NULL,1,https://riba.app/imgrs/THUMBS%20500X500/206533.JPG
289583,BREAKFAST BAR HONEY OAT,60265220001,Despensa,KIND,Cereales Y Granola,"[""Gluten-free"",""Kosher""]",1,https://riba.app/imgrs/THUMBS%20500X500/289583.JPG
330837,BARRA KIND ALMOND BUTTER,60265220300,Despensa,KIND,Cereales Y Granola,"[""Gluten-free"",""Kosher""]",1,https://riba.app/imgrs/THUMBS%20500X500/330837.JPG
289424,BREAKFAST PROTEIN DARK CHOC CO,60265220301,Despensa,KIND,Cereales Y Granola,"[""Gluten-free""]",1,https://riba.app/imgrs/THUMBS%20500X500/289424.JPG
338843,KIND PROTEIN CRUNCHY PEANUT B,60265220700,Despensa,KIND,Cereales Y Granola,"[""Gluten-free"",""Kosher""]",1,https://riba.app/imgrs/THUMBS%20500X500/338843.JPG
344168,GRANOLA KIND ALMENDRA,60265225943,Despensa,KIND,Cereales Y Granola,"[""Gluten-free"",""Kosher""]",1,https://riba.app/imgrs/THUMBS%20500X500/344168.JPG
350459,KIND STRAW SUNFLWR SEED,60265243360,Despensa,KIND,Cereales Y Granola,NULL,1,https://riba.app/imgrs/THUMBS%20500X500/350459.JPG
350467,KIND DRK CHO NO SUGAR PEANUT B,60265243388,Despensa,KIND,Cereales Y Granola,"[""Gluten-free"",""Keto"",""Kosher""]",1,https://riba.app/imgrs/THUMBS%20500X500/350467.JPG
350451,KIND CARAMEL ALMN ZERO,60265243393,Despensa,KIND,Cereales Y Granola,"[""Keto""]",1,https://riba.app/imgrs/THUMBS%20500X500/350451.JPG
350466,KIND DARK CHOC ZERO SUGAR DARK,60265243398,Despensa,KIND,Cereales Y Granola,"[""Keto""]",1,https://riba.app/imgrs/THUMBS%20500X500/350466.JPG
338842,KIND HIGHT PROTEIN BAR CRISPY,60265243477,Despensa,KIND,Cereales Y Granola,"[""Kosher""]",1,https://riba.app/imgrs/THUMBS%20500X500/338842.JPG
236881,MRS DASH ORIGINAL BLEND,60502100008,Despensa,MRS. DASH ,Condimentos Y Semillas,"[""Kosher""]",1,https://riba.app/imgrs/THUMBS%20500X500/236881.JPG
298990,MRS ORIGINAL STEAK GRILLING ,60502100019,Despensa,MRS. DASH ,Condimentos Y Semillas,"[""Kosher""]",1,https://riba.app/imgrs/THUMBS%20500X500/298990.JPG
197789,DASH LEMON PEPPER,60502100061,Despensa,MRS. DASH ,Condimentos Y Semillas,"[""Kosher""]",1,https://riba.app/imgrs/THUMBS%20500X500/197789.JPG
198888,GARLIC & HERB,60502100088,Despensa,MRS. DASH ,Condimentos Y Semillas,"[""Kosher""]",1,https://riba.app/imgrs/THUMBS%20500X500/198888.JPG
282582,MR DASH SEASONING BLEND,60502100099,Despensa,MRS DASH ,Condimentos Y Semillas,"[""Kosher""]",1,https://riba.app/imgrs/THUMBS%20500X500/282582.JPG
303497,MRS DASH TACO SEASONING,60502100101,Despensa,MRS DASH ,Condimentos Y Semillas,"[""Kosher""]",1,https://riba.app/imgrs/THUMBS%20500X500/303497.JPG
322615,CHILI SEASONING,60502100103,Despensa,DASH,Condimentos Y Semillas,NULL,1,https://riba.app/imgrs/THUMBS%20500X500/322615.JPG
305418,DASH EVERYTHING BUT THE SALT,60502129918,Despensa,MRS DASH ,Condimentos Y Semillas,"[""Kosher""]",1,https://riba.app/imgrs/THUMBS%20500X500/305418.JPG
114793,GREEK GREEN OLIVE SPREAD,60962807021,Despensa,PARTHENON,Aderezos Y Salsas,NULL,1,https://riba.app/imgrs/THUMBS%20500X500/114793.JPG
291613,PITTED KALAMATA OLIVE IN BRINE,60962811015,Despensa,PARTHENON,Conservas Y Encurtidos,NULL,1,https://riba.app/imgrs/THUMBS%20500X500/291613.JPG
164820,CALAMATA OLIV EXT LARGE,60962811016,Despensa,PARTHENON,Conservas Y Encurtidos,"[""Gluten-free"",""Vegano""]",1,https://riba.app/imgrs/THUMBS%20500X500/164820.JPG
164822,GREEN OLIVES EXT JUMBO,60962811021,Despensa,PARTHENON,Conservas Y Encurtidos,NULL,1,https://riba.app/imgrs/THUMBS%20500X500/164822.JPG
164824,GREEN OLIVES STUFFED ALM COLOS,60962811071,Despensa,PARTHENON,Conservas Y Encurtidos,"[""Gluten-free"",""Vegano""]",1,https://riba.app/imgrs/THUMBS%20500X500/164824.JPG
164829,MEDITERRANEAN SALAD FETA OIL  ,60962811543,Despensa,PARTHENON,Conservas Y Encurtidos,NULL,1,https://riba.app/imgrs/THUMBS%20500X500/164829.JPG
249798,KITCHEN BASICS CHCKN GF,61144334001,Despensa,KITCHEN BASICS,Sopas Y Cremas,NULL,1,https://riba.app/imgrs/THUMBS%20500X500/249798.JPG
272390,KB ORIG BEEF STOCK,61144334011,Despensa,KITCHEN BASICS,Sopas Y Cremas,NULL,1,https://riba.app/imgrs/THUMBS%20500X500/272390.JPG
271491,UNSLTD VEGETABLE STOCK,61144334021,Despensa,KITCHEN BASICS,Sopas Y Cremas,"[""Gluten-free""]",1,https://riba.app/imgrs/THUMBS%20500X500/271491.JPG
329464,KITCHEN BASICS SEAFOOD STOC OR,61144334031,Despensa,KITCHEN BASICS,Sopas Y Cremas,"[""Gluten-free""]",1,https://riba.app/imgrs/THUMBS%20500X500/329464.JPG
174669,KITCHEN B STOCK BEEF UNSALTED,61144334513,Despensa,KITCHEN BASICS,Sopas Y Cremas,NULL,1,https://riba.app/imgrs/THUMBS%20500X500/174669.JPG
356895,SAL GRUESA HIMALAYA,61241517357,Despensa,PANAPACK,Condimentos Y Semillas,NULL,1,https://riba.app/imgrs/THUMBS%20500X500/356895.JPG
356892,SAL HIMALAYA REFINADA,61241517358,Despensa,PANAPACK,Condimentos Y Semillas,NULL,1,https://riba.app/imgrs/THUMBS%20500X500/356892.JPG
356891,SAL REFINADA PANAPACK,61241517359,Despensa,PANAPACK,Condimentos Y Semillas,NULL,1,https://riba.app/imgrs/THUMBS%20500X500/356891.JPG
356893,SAL GRUESA PARRILLERA,61241517360,Despensa,PANAPACK,Condimentos Y Semillas,NULL,1,https://riba.app/imgrs/THUMBS%20500X500/356893.JPG
339278,CACAO BUTTER,62773300205,Despensa,ORGANIC TRADITIONS ,Aceites Y Mantecas,"[""Kosher"",""Orgánico""]",1,https://riba.app/imgrs/THUMBS%20500X500/339278.JPG
339279,CACAO NIBS,62773300210,Despensa,ORGANIC TRADITIONS ,Reposteria,"[""Kosher"",""Orgánico""]",1,https://riba.app/imgrs/THUMBS%20500X500/339279.JPG
339337,CEYLON CINNAMON ORG,62773300418,Despensa,ORGANIC TRADITIONS ,Condimentos Y Semillas,"[""Kosher"",""Orgánico""]",1,https://riba.app/imgrs/THUMBS%20500X500/339337.JPG
339345,TURMERIC POWDER,62773300430,Despensa,ORGANIC TRADITIONS ,Condimentos Y Semillas,"[""Kosher"",""Orgánico""]",1,https://riba.app/imgrs/THUMBS%20500X500/339345.JPG
339346,SPROUTED CHIA,62773300616,Despensa,ORGANIC TRADITIONS ,Condimentos Y Semillas,"[""Kosher"",""Orgánico""]",1,https://riba.app/imgrs/THUMBS%20500X500/339346.JPG
339350,SPROUTED CHIA FLAX,62773300621,Despensa,ORGANIC TRADITIONS ,Condimentos Y Semillas,"[""Kosher"",""Orgánico""]",1,https://riba.app/imgrs/THUMBS%20500X500/339350.JPG
339351,SPROUTED FLAX,62773300626,Despensa,ORGANIC TRADITIONS ,Condimentos Y Semillas,"[""Kosher"",""Orgánico""]",1,https://riba.app/imgrs/THUMBS%20500X500/339351.JPG
339375,ENERGY BITE MIX ORIGINAL,62773300927,Despensa,ORGANIC TRADITIONS ,Reposteria,"[""Kosher"",""Orgánico""]",1,https://riba.app/imgrs/THUMBS%20500X500/339375.JPG
339376,ENERGY BITE MIX CHOCOLATE,62773300928,Despensa,ORGANIC TRADITIONS ,Reposteria,"[""Kosher"",""Orgánico""]",1,https://riba.app/imgrs/THUMBS%20500X500/339376.JPG
339377,PANCAKE & WAFFLE MIX ORIGINAL,62773301700,Despensa,ORGANIC TRADITIONS ,Harinas,"[""Kosher"",""Orgánico""]",1,https://riba.app/imgrs/THUMBS%20500X500/339377.JPG
339378,PANCAKE & WAFFLE MIX CHOCOLATE,62773301701,Despensa,ORGANIC TRADITIONS ,Harinas,"[""Kosher"",""Orgánico"",""Vegano""]",1,https://riba.app/imgrs/THUMBS%20500X500/339378.JPG
339379,PANCAKE & WAFFLE MIX MATCHA,62773301702,Despensa,ORGANIC TRADITIONS ,Harinas,"[""Kosher"",""Orgánico""]",1,https://riba.app/imgrs/THUMBS%20500X500/339379.JPG
291623,MARINARA PASTA SAUCE ,62805575800,Despensa,FODY,Aderezos Y Salsas,"[""Gluten-free"",""Kosher"",""Vegano""]",1,https://riba.app/imgrs/THUMBS%20500X500/291623.JPG
291621,TOMATO BASIL PASTA SAUCE ,62805575801,Despensa,FODY,Aderezos Y Salsas,"[""Gluten-free"",""Kosher"",""Vegano""]",1,https://riba.app/imgrs/THUMBS%20500X500/291621.JPG
283639,SALSA BBQ ORIGINAL FODY,62805575804,Despensa,FODY,Aderezos Y Salsas,"[""Gluten-free"",""Kosher"",""Vegano""]",1,https://riba.app/imgrs/THUMBS%20500X500/283639.JPG
291622,ARRABBIATA PASTA SAUCE ,62805575807,Despensa,FODY,Aderezos Y Salsas,"[""Gluten-free"",""Kosher"",""Vegano""]",1,https://riba.app/imgrs/THUMBS%20500X500/291622.JPG
310389,VINAGRE BALSAMICO FODY,62805575844,Despensa,FODY,Aderezos Y Salsas,"[""Gluten-free"",""Vegano""]",1,https://riba.app/imgrs/THUMBS%20500X500/310389.JPG
279381,FODY CAESAR DRESSING 8 OZ,62805575845,Despensa,FODY,Aderezos Y Salsas,"[""Gluten-free"",""Vegano""]",1,https://riba.app/imgrs/THUMBS%20500X500/279381.JPG
283827,MAPLE DIJON DRESSING ,62805575848,Despensa,FODY,Aderezos Y Salsas,"[""Keto"",""Kosher"",""Vegano""]",1,https://riba.app/imgrs/THUMBS%20500X500/283827.JPG
283665,TACO SAUCE ,62805575850,Despensa,FODY,Aderezos Y Salsas,"[""Gluten-free"",""Keto"",""Kosher"",""Vegano""]",1,https://riba.app/imgrs/THUMBS%20500X500/283665.JPG
283829,SESAME GINGER ,62805575852,Despensa,FODY,Aderezos Y Salsas,"[""Gluten-free"",""Kosher"",""Vegano""]",1,https://riba.app/imgrs/THUMBS%20500X500/283829.JPG
283643,TERIYAKI SAUCE ,62805575853,Despensa,FODY,Aderezos Y Salsas,"[""Gluten-free"",""Kosher"",""Vegano""]",1,https://riba.app/imgrs/THUMBS%20500X500/283643.JPG
291620,MAPLE BBQ SAUCE ,62805575869,Despensa,FODY,Aderezos Y Salsas,"[""Gluten-free"",""Kosher"",""Vegano""]",1,https://riba.app/imgrs/THUMBS%20500X500/291620.JPG
345502,SUGAR FREE SYRUP REGULAR,62805577016,Despensa,CAN NATUR,Siropes,"[""Kosher""]",1,https://riba.app/imgrs/THUMBS%20500X500/345502.JPG
345500,NATURAL BUTTER FLAVOUR SYRUP,62805577017,Despensa,CAN NATUR,Siropes,"[""Kosher""]",1,https://riba.app/imgrs/THUMBS%20500X500/345500.JPG
345503,SUGAR FREE SYRUP BLUEBERRY,62805577044,Despensa,CAN NATUR,Siropes,"[""Kosher""]",1,https://riba.app/imgrs/THUMBS%20500X500/345503.JPG
352545,OKASU GINGER MISO,62825046107,Despensa,ABOKICHI,Aderezos Y Salsas,"[""Gluten-free""]",1,https://riba.app/imgrs/THUMBS%20500X500/352545.JPG
338925,MISO SOUP,62825046115,Despensa,ABOKICHI,Sopas Y Cremas,"[""Vegano""]",1,https://riba.app/imgrs/THUMBS%20500X500/338925.JPG
338929,CHILI MISO SOUP,62825046116,Despensa,ABOKICHI,Sopas Y Cremas,"[""Vegano""]",1,https://riba.app/imgrs/THUMBS%20500X500/338929.JPG
338930,BLACK PEPPER MISO SOUP,62825046117,Despensa,ABOKICHI,Sopas Y Cremas,NULL,1,https://riba.app/imgrs/THUMBS%20500X500/338930.JPG
338924,CHILI MISO,62825046118,Despensa,ABOKICHI,Aderezos Y Salsas,"[""Gluten-free""]",1,https://riba.app/imgrs/THUMBS%20500X500/338924.JPG
338918,SPICY CHILI MISO,62825046119,Despensa,ABOKICHI,Aderezos Y Salsas,"[""Gluten-free""]",1,https://riba.app/imgrs/THUMBS%20500X500/338918.JPG
338927,CURRY MISO,62825046120,Despensa,ABOKICHI,Aderezos Y Salsas,"[""Gluten-free""]",1,https://riba.app/imgrs/THUMBS%20500X500/338927.JPG
338928,SANSHO MISO ,62825046124,Despensa,ABOKICHI,Aderezos Y Salsas,"[""Orgánico""]",1,https://riba.app/imgrs/THUMBS%20500X500/338928.JPG
339726,YUMI OVERNIGHT OATS APPLE CINN,62850438201,Despensa,YUMI,Avenas Y Cremas,"[""Vegano""]",1,https://riba.app/imgrs/THUMBS%20500X500/339726.JPG
339723,YUMI OVERNIGHTOATS BLUEB VANIL,62850438202,Despensa,YUMI,Avenas Y Cremas,"[""Vegano""]",1,https://riba.app/imgrs/THUMBS%20500X500/339723.JPG
339724,YUMI OVERNIGHT OATS DARK CHOCO,62850438203,Despensa,YUMI,Avenas Y Cremas,"[""Vegano""]",1,https://riba.app/imgrs/THUMBS%20500X500/339724.JPG
339725,YUMI OVERNIGHT O MAPLE CRBERRY,62850438204,Despensa,YUMI,Avenas Y Cremas,"[""Vegano""]",1,https://riba.app/imgrs/THUMBS%20500X500/339725.JPG
339240,YUMI OVERNIGHT OATS BF KIT JAR,62850438205,Despensa,YUMI,Avenas Y Cremas,"[""Vegano""]",1,https://riba.app/imgrs/THUMBS%20500X500/339240.JPG
339727,YUMI OVERNIGHT O PEACHES CREAM,62850438236,Despensa,YUMI,Avenas Y Cremas,NULL,1,https://riba.app/imgrs/THUMBS%20500X500/339727.JPG
339728,YUMI OVERNIGHT O ICED CAPPU,62850438247,Despensa,YUMI,Avenas Y Cremas,NULL,1,https://riba.app/imgrs/THUMBS%20500X500/339728.JPG
339221,ORGANIC GRANOLA CHOCOLATE CAC,62850487300,Despensa,RAWCOLOGY,Cereales Y Granola,"[""Gluten-free"",""Orgánico"",""Vegano""]",1,https://riba.app/imgrs/THUMBS%20500X500/339221.JPG
339222,RC ORG BANANA W MACA GRANOLA,62850487301,Despensa,RAWCOLOGY,Cereales Y Granola,"[""Gluten-free"",""Keto"",""Orgánico"",""Vegano""]",1,https://riba.app/imgrs/THUMBS%20500X500/339222.JPG
339223,ORG GRANOLA LEMON GINGER CAMU ,62850487302,Despensa,RAWCOLOGY,Cereales Y Granola,"[""Gluten-free"",""Keto"",""Orgánico"",""Vegano""]",1,https://riba.app/imgrs/THUMBS%20500X500/339223.JPG
339224,RC ORG BLUEBERRY W ACAI GRANOL,62850487303,Despensa,RAWCOLOGY,Cereales Y Granola,"[""Gluten-free"",""Orgánico"",""Vegano""]",1,https://riba.app/imgrs/THUMBS%20500X500/339224.JPG
339220,RAWCOLOGY BERRY B GRAN BITES,62850487337,Despensa,RAWCOLOGY,Cereales Y Granola,"[""Gluten-free"",""Orgánico"",""Vegano""]",1,https://riba.app/imgrs/THUMBS%20500X500/339220.JPG
339218,RAWCOLOGY CHOC GRANOLA BITES,62850487338,Despensa,RAWCOLOGY,Cereales Y Granola,"[""Gluten-free"",""Orgánico"",""Vegano""]",1,https://riba.app/imgrs/THUMBS%20500X500/339218.JPG
339219,RAWCOLOGY APPLE CINNAMON BITES,62850487339,Despensa,RAWCOLOGY,Cereales Y Granola,"[""Gluten-free"",""Orgánico"",""Vegano""]",1,https://riba.app/imgrs/THUMBS%20500X500/339219.JPG
339226,RC ORG PEACH W G BERRY GRANOLA,62850487358,Despensa,RAWCOLOGY,Cereales Y Granola,"[""Gluten-free"",""Orgánico"",""Vegano""]",1,https://riba.app/imgrs/THUMBS%20500X500/339226.JPG
339225,RC ORG ST W BEET ROOT GRANOLA,62850487359,Despensa,RAWCOLOGY,Cereales Y Granola,"[""Gluten-free"",""Orgánico"",""Vegano""]",1,https://riba.app/imgrs/THUMBS%20500X500/339225.JPG
339227,RC ORG MATCHA L W MORINGA GRAN,62850487360,Despensa,RAWCOLOGY,Cereales Y Granola,"[""Gluten-free"",""Orgánico"",""Vegano""]",1,https://riba.app/imgrs/THUMBS%20500X500/339227.JPG
186162,TAJIN CLASICO ,63314810001,Despensa,TAJIN,Condimentos Y Semillas,NULL,1,https://riba.app/imgrs/THUMBS%20500X500/186162.JPG
254898,TAJIN CLASICO ,63314810009,Despensa,TAJIN,Condimentos Y Semillas,NULL,1,https://riba.app/imgrs/THUMBS%20500X500/254898.JPG
326230,TAJIN MILD HOT SAUCE,63314810012,Despensa,TAJIN,Aderezos Y Salsas,"[""Kosher""]",1,https://riba.app/imgrs/THUMBS%20500X500/326230.JPG
333336,TAJÍN CLÁSICO 9 OZ,63314810015,Despensa,TAJIN,Condimentos Y Semillas,NULL,1,https://riba.app/imgrs/THUMBS%20500X500/333336.JPG
316130,TAJIN CLASICO ,63314810055,Despensa,TAJIN,Condimentos Y Semillas,NULL,1,https://riba.app/imgrs/THUMBS%20500X500/316130.JPG
326231,TAJIN CHAMOY HOT SAUCE,63314810061,Despensa,TAJIN,Aderezos Y Salsas,"[""Kosher""]",1,https://riba.app/imgrs/THUMBS%20500X500/326231.JPG
316131,TAJIN CLASICO ESCARCHADOR,63314859930,Despensa,TAJIN,Condimentos Y Semillas,NULL,1,https://riba.app/imgrs/THUMBS%20500X500/316131.JPG
2192,AVENA CON CANELA INSTANTANEA,634933001510,Despensa,QUAKER,Avenas Y Cremas,NULL,1,https://riba.app/imgrs/THUMBS%20500X500/2192.JPG
315631,FISHERMAN S FAVORITE SPICE BLE,63551911501,Despensa,FISHERMAN S FAVORITE ,Condimentos Y Semillas,"[""Gluten-free""]",1,https://riba.app/imgrs/THUMBS%20500X500/315631.JPG
253481,MERMELADA ORANGE LEMO,63779300094,Despensa,MACKAYS,Jaleas Mantequillas Y Mermeladas,NULL,1,https://riba.app/imgrs/THUMBS%20500X500/253481.JPG
343279,ORANGE MARMALDE WHISKY,63779300095,Despensa,MACKAYS,Jaleas Mantequillas Y Mermeladas,NULL,1,https://riba.app/imgrs/THUMBS%20500X500/343279.JPG
343280,ORANGE MARMALADE CHAMPAGNE,63779300096,Despensa,MACKAYS,Jaleas Mantequillas Y Mermeladas,NULL,1,https://riba.app/imgrs/THUMBS%20500X500/343280.JPG
253483,MERMELADA BERRY PRESE,63779300098,Despensa,MACKAYS,Jaleas Mantequillas Y Mermeladas,NULL,1,https://riba.app/imgrs/THUMBS%20500X500/253483.JPG
343282,GINGER PRESERVE,63779300103,Despensa,MACKAYS,Jaleas Mantequillas Y Mermeladas,"[""Gluten-free"",""Kosher"",""Vegano""]",1,https://riba.app/imgrs/THUMBS%20500X500/343282.JPG
343281,STRAWBERRY PRESERVE WITH CHAMP,63779303357,Despensa,MACKAYS,Jaleas Mantequillas Y Mermeladas,NULL,1,https://riba.app/imgrs/THUMBS%20500X500/343281.JPG
339062,ORGANIC SWEET APPLE CIDER,6393010338,Despensa,FILSINGER´S,Vinagre,"[""Gluten-free"",""Kosher"",""Orgánico"",""Vegano""]",1,https://riba.app/imgrs/THUMBS%20500X500/339062.JPG
339066,ORGANIC APPLE CIDER VINEGAR,6393018964,Despensa,FILSINGER´S,Vinagre,"[""Gluten-free"",""Kosher"",""Orgánico"",""Vegano""]",1,https://riba.app/imgrs/THUMBS%20500X500/339066.JPG
339067,ORGANIC APPLE SAUCE,6393046225,Despensa,FILSINGER´S,Jaleas Mantequillas Y Mermeladas,"[""Orgánico""]",1,https://riba.app/imgrs/THUMBS%20500X500/339067.JPG
339069,ORGANIC APPLE SAUCE,6393048886,Despensa,FILSINGER´S,Jaleas Mantequillas Y Mermeladas,"[""Gluten-free"",""Vegano""]",1,https://riba.app/imgrs/THUMBS%20500X500/339069.JPG
339064,ORGANIC APPLE CIDER VINEGAR,6393050064,Despensa,FILSINGER´S,Vinagre,"[""Gluten-free"",""Kosher"",""Orgánico"",""Vegano""]",1,https://riba.app/imgrs/THUMBS%20500X500/339064.JPG
339065,ORGANIC APPLE CIDER VINEGAR,6393094564,Despensa,FILSINGER´S,Vinagre,"[""Gluten-free"",""Kosher"",""Orgánico""]",1,https://riba.app/imgrs/THUMBS%20500X500/339065.JPG
16813,CREMA DE AVENA MOLIDA,63975600250,Despensa,RICAVENA,Avenas Y Cremas,NULL,1,https://riba.app/imgrs/THUMBS%20500X500/16813.JPG
16815,AVENA EN HOJUELAS,63975600255,Despensa,RICAVENA,Avenas Y Cremas,NULL,1,https://riba.app/imgrs/THUMBS%20500X500/16815.JPG
16842,ATOL ,63975600310,Despensa,RICA-CREMA,Avenas Y Cremas,NULL,1,https://riba.app/imgrs/THUMBS%20500X500/16842.JPG
16843,MAIZ PILADO ,63975600320,Despensa,RICA-CREMA,Avenas Y Cremas,NULL,1,https://riba.app/imgrs/THUMBS%20500X500/16843.JPG
201527,CREMA DE AVENA MOLIDA,63975600450,Despensa,RICAVENA,Avenas Y Cremas,NULL,1,https://riba.app/imgrs/THUMBS%20500X500/201527.JPG
276167,RICAVENA HOJUELA 454 G,63975600455,Despensa,RICAVENA,Avenas Y Cremas,NULL,1,https://riba.app/imgrs/THUMBS%20500X500/276167.JPG
276168,RICAVENA HOJUELA CANELA 454G,63975600457,Despensa,RICAVENA,Avenas Y Cremas,NULL,1,https://riba.app/imgrs/THUMBS%20500X500/276168.JPG
182576,AVENA EN HOJUELAS,63975601055,Despensa,RICAVENA,Avenas Y Cremas,NULL,1,https://riba.app/imgrs/THUMBS%20500X500/182576.JPG
182575,AVENA CON CANELA EN HOJUELAS,63975601057,Despensa,RICAVENA,Avenas Y Cremas,NULL,1,https://riba.app/imgrs/THUMBS%20500X500/182575.JPG
119867,LINAZA NATUFORTE ,63975601220,Despensa,NATUFORTE ,Condimentos Y Semillas,NULL,1,https://riba.app/imgrs/THUMBS%20500X500/119867.JPG
125942,LINAZA NATUFORTE 425 GR,63975601221,Despensa,NATUFORTE ,Condimentos Y Semillas,NULL,1,https://riba.app/imgrs/THUMBS%20500X500/125942.JPG
286890,PAM NON GMO AVOCADO OIL,6414400070,Despensa,PAM,Aceites Y Mantecas,NULL,1,https://riba.app/imgrs/THUMBS%20500X500/286890.JPG
349799,AIR FRY COOKING SPRAY,6414400098,Despensa,PAM,Aceites Y Mantecas,"[""Kosher""]",1,https://riba.app/imgrs/THUMBS%20500X500/349799.JPG
266917,PAM COOKING SP COCONUT OIL,6414400411,Despensa,PAM,Aceites Y Mantecas,"[""Kosher""]",1,https://riba.app/imgrs/THUMBS%20500X500/266917.JPG
64161,ACEITE DE CANOLA AEROSOL ORIGI,6414400412,Despensa,PAM,Aceites Y Mantecas,NULL,1,https://riba.app/imgrs/THUMBS%20500X500/64161.JPG
145689,PAM FOR GRILLING COOK SPRAY,6414404090,Despensa,PAM,Aceites Y Mantecas,NULL,1,https://riba.app/imgrs/THUMBS%20500X500/145689.JPG
145688,PAM SPRAY W FLOUR OIL 5 OZ,6414404091,Despensa,PAM,Aceites Y Mantecas,NULL,1,https://riba.app/imgrs/THUMBS%20500X500/145688.JPG
2374,PAM SPRAY BUTTER 5 OZ,6414404354,Despensa,PAM,Aceites Y Mantecas,NULL,1,https://riba.app/imgrs/THUMBS%20500X500/2374.JPG
2375,ACEITE DE OLIVA EXTRA VIRGEN A,6414404525,Despensa,PAM,Aceites Y Mantecas,"[""Kosher""]",1,https://riba.app/imgrs/THUMBS%20500X500/2375.JPG
55834,DUNCAN HINES VANILLA FROSTING ,64420900438,Despensa,DUNCAN HINES,Reposteria,"[""Kosher""]",1,https://riba.app/imgrs/THUMBS%20500X500/55834.JPG
55835,GLASEADO EN CREMA LECHE CHOCOL,64420900439,Despensa,DUNCAN HINES,Reposteria,"[""Kosher""]",1,https://riba.app/imgrs/THUMBS%20500X500/55835.JPG
280561,DUNCAN FINES CLASSIC YELLOW ,64420930749,Despensa,DUNCAN HINES,Reposteria,"[""Kosher""]",1,https://riba.app/imgrs/THUMBS%20500X500/280561.JPG
55858,DUNCAN HINES DEVI L FOOD,64420930757,Despensa,DUNCAN HINES,Reposteria,"[""Kosher""]",1,https://riba.app/imgrs/THUMBS%20500X500/55858.JPG
280562,CHEWY FUDGE BROWNIE MIX ,64420933247,Despensa,DUNCAN HINES,Reposteria,"[""Kosher""]",1,https://riba.app/imgrs/THUMBS%20500X500/280562.JPG
55861,LEMON SUPREME CAKE,64420941103,Despensa,DUNCAN HINES,Reposteria,"[""Kosher""]",1,https://riba.app/imgrs/THUMBS%20500X500/55861.JPG
213392,DUNC HINES SIGNATURE RED VELVT,64420941225,Despensa,DUNCAN HINES,Reposteria,"[""Kosher""]",1,https://riba.app/imgrs/THUMBS%20500X500/213392.JPG
286397,BAR COOKIES AND CREME ,64422572722,Despensa,POWER CRUNCH,Cereales Y Granola,NULL,1,https://riba.app/imgrs/THUMBS%20500X500/286397.JPG
294086,POWER CRUNCH BAR FRENCH VANILL,64422572738,Despensa,POWER CRUNCH,Cereales Y Granola,NULL,1,https://riba.app/imgrs/THUMBS%20500X500/294086.JPG
294089,POWER CRUNCH PEANUT BUTTER,64422572779,Despensa,POWER CRUNCH,Cereales Y Granola,NULL,1,https://riba.app/imgrs/THUMBS%20500X500/294089.JPG
301069,BARRA PCRUNCH CHOCOLATE,64422572783,Despensa,POWER CRUNCH,Cereales Y Granola,NULL,1,https://riba.app/imgrs/THUMBS%20500X500/301069.JPG
354389,COLMANS PREPARED MUSTARD,66780300005,Despensa,COLMAN´S,Aderezos Y Salsas,"[""Kosher""]",1,https://riba.app/imgrs/THUMBS%20500X500/354389.JPG
352116,COLMANS MUSTARD DRY 2 OZ,66780300070,Despensa,COLMAN´S,Aderezos Y Salsas,"[""Vegano""]",1,https://riba.app/imgrs/THUMBS%20500X500/352116.JPG
354721,EV KRNL SEA SALT POPCORN FLAVO,67017112985,Despensa,KERNEL SEASONS,Condimentos Y Semillas,NULL,1,https://riba.app/imgrs/THUMBS%20500X500/354721.JPG
334191,SALSA KETCHUP GOURMET,67053496137,Despensa,ELEVATION GOURMET,Aderezos Y Salsas,"[""Gluten-free"",""Vegano""]",1,https://riba.app/imgrs/THUMBS%20500X500/334191.JPG
154867,BENISSIMO OIL ROASTED GARLIC,67289085560,Despensa,BENISSIMO,Aceites Y Mantecas,NULL,1,https://riba.app/imgrs/THUMBS%20500X500/154867.JPG
355877,AVENA INSTANT MANZANA CANELA,67562565229,Despensa,ONE DEGREE,Avenas Y Cremas,"[""Gluten-free"",""Kosher"",""Orgánico"",""Vegano""]",1,https://riba.app/imgrs/THUMBS%20500X500/355877.JPG
355878,AVENA INSTANTANEA CON GUINEO,67562565429,Despensa,ONE DEGREE,Avenas Y Cremas,"[""Gluten-free"",""Kosher"",""Orgánico"",""Vegano""]",1,https://riba.app/imgrs/THUMBS%20500X500/355878.JPG
340850,CHOCO CHIP GRANOLA BARS,68745621301,Despensa,MADE GOOD,Cereales Y Granola,"[""Gluten-free"",""Kosher"",""Orgánico"",""Vegano""]",1,https://riba.app/imgrs/THUMBS%20500X500/340850.JPG
340851,MIXED FRUITS GRANOLA BARS,68745621302,Despensa,MADE GOOD,Cereales Y Granola,"[""Gluten-free"",""Kosher"",""Orgánico"",""Vegano""]",1,https://riba.app/imgrs/THUMBS%20500X500/340851.JPG
340852,CHOCO BANANA GRANOLA BARS,68745621304,Despensa,MADE GOOD,Cereales Y Granola,"[""Gluten-free"",""Kosher"",""Orgánico"",""Vegano""]",1,https://riba.app/imgrs/THUMBS%20500X500/340852.JPG
330934,ORGANIC GRANOLA BAR CHOCO CHIP,68745621305,Despensa,MADE GOOD,Cereales Y Granola,"[""Gluten-free"",""Kosher"",""Orgánico"",""Vegano""]",1,https://riba.app/imgrs/THUMBS%20500X500/330934.JPG
330935,ORG MIXED BERRY GRANOLA BAR,68745621306,Despensa,MADE GOOD,Cereales Y Granola,"[""Gluten-free"",""Kosher"",""Orgánico"",""Vegano""]",1,https://riba.app/imgrs/THUMBS%20500X500/330935.JPG
330936,ORG GRANOLA BAR CHOCO BANANA,68745621308,Despensa,MADE GOOD,Cereales Y Granola,"[""Gluten-free"",""Kosher"",""Orgánico"",""Vegano""]",1,https://riba.app/imgrs/THUMBS%20500X500/330936.JPG
340854,STRAWBERRY GRANOLA BARS,68745621317,Despensa,MADE GOOD,Cereales Y Granola,"[""Gluten-free"",""Kosher"",""Orgánico"",""Vegano""]",1,https://riba.app/imgrs/THUMBS%20500X500/340854.JPG
340865,VANILLA CRISPY SQUARES,68745621326,Despensa,MADE GOOD,Cereales Y Granola,"[""Gluten-free"",""Kosher"",""Orgánico"",""Vegano""]",1,https://riba.app/imgrs/THUMBS%20500X500/340865.JPG
330937,ORG CRISPY SQUARES VANILLA,68745621328,Despensa,MADE GOOD,Cereales Y Granola,"[""Kosher"",""Orgánico"",""Vegano""]",1,https://riba.app/imgrs/THUMBS%20500X500/330937.JPG
340867,CEREAL BARS STRAWBERRY CRISPY,68745621338,Despensa,MADE GOOD,Cereales Y Granola,"[""Gluten-free"",""Kosher"",""Orgánico"",""Vegano""]",1,https://riba.app/imgrs/THUMBS%20500X500/340867.JPG
330939,ORG STRAWBERRY CRISPY SQUARES,68745621340,Despensa,MADE GOOD,Cereales Y Granola,"[""Kosher"",""Orgánico"",""Vegano""]",1,https://riba.app/imgrs/THUMBS%20500X500/330939.JPG
340853,COOKIES & CREAM GRANOLA BARS,68745621375,Despensa,MADE GOOD,Cereales Y Granola,"[""Gluten-free"",""Kosher"",""Orgánico"",""Vegano""]",1,https://riba.app/imgrs/THUMBS%20500X500/340853.JPG
340855,CHOCO DRIZZLED VANILLA GR BARS,68745621412,Despensa,MADE GOOD,Cereales Y Granola,"[""Gluten-free"",""Kosher"",""Orgánico"",""Vegano""]",1,https://riba.app/imgrs/THUMBS%20500X500/340855.JPG
340856,CHOCO DR BIRTHDAY CAKE GR BARS,68745621413,Despensa,MADE GOOD,Cereales Y Granola,"[""Gluten-free"",""Kosher"",""Orgánico"",""Vegano""]",1,https://riba.app/imgrs/THUMBS%20500X500/340856.JPG
340857,CHOCO DR COOKIE CRUMBLE GR BAR,68745621414,Despensa,MADE GOOD,Cereales Y Granola,"[""Gluten-free"",""Kosher"",""Orgánico"",""Vegano""]",1,https://riba.app/imgrs/THUMBS%20500X500/340857.JPG
340858,CHOCO CHIP MORNING BARS,68745621430,Despensa,MADE GOOD,Cereales Y Granola,"[""Gluten-free"",""Kosher"",""Orgánico"",""Vegano""]",1,https://riba.app/imgrs/THUMBS%20500X500/340858.JPG
340859,BLUBERRY MORNING BARS,68745621431,Despensa,MADE GOOD,Cereales Y Granola,"[""Gluten-free"",""Kosher"",""Orgánico"",""Vegano""]",1,https://riba.app/imgrs/THUMBS%20500X500/340859.JPG
340860,CINNAMON BUN MORNING BARS,68745621432,Despensa,MADE GOOD,Cereales Y Granola,"[""Gluten-free"",""Orgánico""]",1,https://riba.app/imgrs/THUMBS%20500X500/340860.JPG
330930,SOFT BAKED OAT BAR CHOCO CHIP,68745621564,Despensa,MADE GOOD,Cereales Y Granola,"[""Gluten-free"",""Kosher"",""Orgánico"",""Vegano""]",1,https://riba.app/imgrs/THUMBS%20500X500/330930.JPG
330931,SOFT BAKED OAT BAR BLUEBERRY,68745621565,Despensa,MADE GOOD,Cereales Y Granola,"[""Gluten-free"",""Kosher"",""Orgánico"",""Vegano""]",1,https://riba.app/imgrs/THUMBS%20500X500/330931.JPG
330932,SOFT BAKED OAT BAR CINNAMON,68745621566,Despensa,MADE GOOD,Cereales Y Granola,"[""Kosher"",""Orgánico"",""Vegano""]",1,https://riba.app/imgrs/THUMBS%20500X500/330932.JPG
340847,GRANOLA CHOCO BANANA MINI,68745622401,Despensa,MADE GOOD,Cereales Y Granola,"[""Gluten-free"",""Kosher"",""Orgánico"",""Vegano""]",1,https://riba.app/imgrs/THUMBS%20500X500/340847.JPG
340848,GRANOLA STRAWBERRY MINI,68745622402,Despensa,MADE GOOD,Cereales Y Granola,"[""Gluten-free"",""Kosher"",""Orgánico"",""Vegano""]",1,https://riba.app/imgrs/THUMBS%20500X500/340848.JPG
340845,GRANOLA CHOCO CHIP MINI,68745622413,Despensa,MADE GOOD,Cereales Y Granola,"[""Gluten-free"",""Kosher"",""Orgánico"",""Vegano""]",1,https://riba.app/imgrs/THUMBS%20500X500/340845.JPG
340849,GRANOLA MIXED BERRY MINI,68745622414,Despensa,MADE GOOD,Cereales Y Granola,"[""Gluten-free"",""Kosher"",""Orgánico"",""Vegano""]",1,https://riba.app/imgrs/THUMBS%20500X500/340849.JPG
322772,HONGOS PICADOS NATURAL FOOD,690100915229,Despensa,NATURAL FOOD,Conservas Y Encurtidos,NULL,1,https://riba.app/imgrs/THUMBS%20500X500/322772.JPG
322771,HONGOS ENTEROS NUTARAL FOOD,690100952478,Despensa,NATURAL FOOD,Conservas Y Encurtidos,NULL,1,https://riba.app/imgrs/THUMBS%20500X500/322771.JPG
194360,BROWNIE CRUNCH NUGO BAR,69153520101,Despensa,NUGO,Cereales Y Granola,"[""Gluten-free"",""Kosher""]",1,https://riba.app/imgrs/THUMBS%20500X500/194360.JPG
194363,RASPBERRY TRUFFLE NTNL BAR SLM,69153520501,Despensa,NUGO,Cereales Y Granola,"[""Gluten-free"",""Kosher""]",1,https://riba.app/imgrs/THUMBS%20500X500/194363.JPG
172150,DOUBLE  DARK CHOCOLATE  B,69153548101,Despensa,NUGO,Cereales Y Granola,"[""Gluten-free"",""Kosher"",""Orgánico"",""Vegano""]",1,https://riba.app/imgrs/THUMBS%20500X500/172150.JPG
172151,DARK CHOCOLATE ALMOND B,69153548501,Despensa,NUGO,Cereales Y Granola,"[""Gluten-free"",""Kosher"",""Orgánico"",""Vegano""]",1,https://riba.app/imgrs/THUMBS%20500X500/172151.JPG
262453,NUGO DARK CHOCOLATE CHIP,69153552101,Despensa,NUGO,Cereales Y Granola,"[""Gluten-free"",""Kosher"",""Vegano""]",1,https://riba.app/imgrs/THUMBS%20500X500/262453.JPG
285417,COCONUT OIL ORGANIC CLASSIC,69275210880,Despensa,NUTIVA,Aceites Y Mantecas,"[""Gluten-free"",""Kosher"",""Orgánico""]",1,https://riba.app/imgrs/THUMBS%20500X500/285417.JPG
170849,PIÑA EN RODAJAS  ,693624540090,Despensa,KITCHEN MAID,Conservas Y Encurtidos,NULL,1,https://riba.app/imgrs/THUMBS%20500X500/170849.JPG
296493,FIDEO DE ARROZ KONG MOON,693933600082,Despensa,KONG MOON,Pastas Secas,NULL,1,https://riba.app/imgrs/THUMBS%20500X500/296493.JPG
338538,ACETE VEGETAL WESSON,6958861286,Despensa,WESSON,Aceites Y Mantecas,"[""Kosher""]",1,https://riba.app/imgrs/THUMBS%20500X500/338538.JPG
337349,ACEITE WESSON CANOLA 40 OZ,6958869086,Despensa,WESSON,Aceites Y Mantecas,"[""Kosher""]",1,https://riba.app/imgrs/THUMBS%20500X500/337349.JPG
338539,ACEITE WN MEZCLA CANOLA Y SOYA,6958869386,Despensa,WESSON,Aceites Y Mantecas,"[""Kosher""]",1,https://riba.app/imgrs/THUMBS%20500X500/338539.JPG
14871,ACEITUNAS RELLENAS DE PIMIENTO,7011800003,Despensa,ITALICA,Conservas Y Encurtidos,"[""Kosher""]",1,https://riba.app/imgrs/THUMBS%20500X500/14871.JPG
14872,OLIVES MANZANILLA STUFFED,7011800007,Despensa,ITALICA,Conservas Y Encurtidos,"[""Kosher""]",1,https://riba.app/imgrs/THUMBS%20500X500/14872.JPG
14874,OLIVES MANZANILLA STUFFED 5 OZ,7011800013,Despensa,ITALICA,Conservas Y Encurtidos,"[""Kosher""]",1,https://riba.app/imgrs/THUMBS%20500X500/14874.JPG
14913,ACEITUNAS V RELLENAS DE PIMIEN,7011800018,Despensa,ITALICA,Conservas Y Encurtidos,"[""Kosher""]",1,https://riba.app/imgrs/THUMBS%20500X500/14913.JPG
14876,OLIVES MANZANILLA STUF 10 OZ,7011800020,Despensa,ITALICA,Conservas Y Encurtidos,"[""Kosher""]",1,https://riba.app/imgrs/THUMBS%20500X500/14876.JPG
14977,ACEITUNAS VERDES RELLENAS PI,7011800023,Despensa,ITALICA,Conservas Y Encurtidos,"[""Kosher""]",1,https://riba.app/imgrs/THUMBS%20500X500/14977.JPG
14882,ACEITUNAS REBANADAS,7011800048,Despensa,ITALICA,Conservas Y Encurtidos,"[""Kosher""]",1,https://riba.app/imgrs/THUMBS%20500X500/14882.JPG
14920,ACEITUNAS VERDES EN REBANADAS,7011800106,Despensa,ITALICA,Conservas Y Encurtidos,"[""Kosher""]",1,https://riba.app/imgrs/THUMBS%20500X500/14920.JPG
14927,OLIVES MANZANILLA SLICED 107,7011800107,Despensa,ITALICA,Conservas Y Encurtidos,"[""Kosher""]",1,https://riba.app/imgrs/THUMBS%20500X500/14927.JPG
14899,OLIVES QUEEN STUFFED 7 OZ,7011800129,Despensa,ITALICA,Conservas Y Encurtidos,"[""Kosher""]",1,https://riba.app/imgrs/THUMBS%20500X500/14899.JPG
14902,OLIVES QUEEN STUFFED 10 OZ ,7011800137,Despensa,ITALICA,Conservas Y Encurtidos,"[""Kosher""]",1,https://riba.app/imgrs/THUMBS%20500X500/14902.JPG
14884,ACEITUNAS ESPAÑOLAS,7011800203,Despensa,ITALICA,Conservas Y Encurtidos,"[""Kosher""]",1,https://riba.app/imgrs/THUMBS%20500X500/14884.JPG
14885,OLIVES MANZANILLA PLAIN 211,7011800211,Despensa,ITALICA,Conservas Y Encurtidos,"[""Kosher""]",1,https://riba.app/imgrs/THUMBS%20500X500/14885.JPG
14896,OLIVES MANZANILLA PLAIN 218,7011800218,Despensa,ITALICA,Conservas Y Encurtidos,"[""Kosher""]",1,https://riba.app/imgrs/THUMBS%20500X500/14896.JPG
14897,ACEITUNAS VERDES ENTERAS ,7011800223,Despensa,ITALICA,Conservas Y Encurtidos,"[""Kosher""]",1,https://riba.app/imgrs/THUMBS%20500X500/14897.JPG
14903,OLIVES MANZANILLA PLAIN 229,7011800229,Despensa,ITALICA,Conservas Y Encurtidos,"[""Kosher""]",1,https://riba.app/imgrs/THUMBS%20500X500/14903.JPG
14930,ACEITUNAS GRANDES VERDES ENTER,7011800325,Despensa,ITALICA,Conservas Y Encurtidos,"[""Kosher""]",1,https://riba.app/imgrs/THUMBS%20500X500/14930.JPG
141599,OLIVES KALAMATA PITTED ,7011800410,Despensa,ITALICA,Conservas Y Encurtidos,"[""Kosher""]",1,https://riba.app/imgrs/THUMBS%20500X500/141599.JPG
141725,OLIVES KALAMATA PITTED 418,7011800418,Despensa,ITALICA,Conservas Y Encurtidos,"[""Kosher""]",1,https://riba.app/imgrs/THUMBS%20500X500/141725.JPG
14942,ACEITUNAS CON PIMIEMTO PICADO,7011800419,Despensa,ITALICA,Conservas Y Encurtidos,"[""Kosher""]",1,https://riba.app/imgrs/THUMBS%20500X500/14942.JPG
15206,OLIVES SALAD ,7011800426,Despensa,ITALICA,Conservas Y Encurtidos,"[""Kosher""]",1,https://riba.app/imgrs/THUMBS%20500X500/15206.JPG
15022,CAPERS & OLIVE (ALACAPARRADO),7011800500,Despensa,ITALICA,Conservas Y Encurtidos,"[""Kosher""]",1,https://riba.app/imgrs/THUMBS%20500X500/15022.JPG
14952,OLIVES & CAPERS (ALCAP) 3 OZ ,7011800506,Despensa,ITALICA,Conservas Y Encurtidos,"[""Kosher""]",1,https://riba.app/imgrs/THUMBS%20500X500/14952.JPG
14953,ALCAPARRAS & ACEITUNAS,7011800511,Despensa,ITALICA,Conservas Y Encurtidos,"[""Kosher""]",1,https://riba.app/imgrs/THUMBS%20500X500/14953.JPG
14954,ALCAPARRAS & ACEITUNAS,7011800513,Despensa,ITALICA,Conservas Y Encurtidos,"[""Kosher""]",1,https://riba.app/imgrs/THUMBS%20500X500/14954.JPG
15032,CAPERS (ALCAPARRAS) ,7011800526,Despensa,ITALICA,Conservas Y Encurtidos,"[""Kosher""]",1,https://riba.app/imgrs/THUMBS%20500X500/15032.JPG
14958,ALCAPARRAS,7011800527,Despensa,ITALICA,Conservas Y Encurtidos,"[""Kosher""]",1,https://riba.app/imgrs/THUMBS%20500X500/14958.JPG
15053,ALCAPARRAS,7011800528,Despensa,ITALICA,Conservas Y Encurtidos,"[""Kosher""]",1,https://riba.app/imgrs/THUMBS%20500X500/15053.JPG
15071,ALCAPARRAS,7011800529,Despensa,ITALICA,Conservas Y Encurtidos,"[""Kosher""]",1,https://riba.app/imgrs/THUMBS%20500X500/15071.JPG
15084,ALCAPARRAS,7011800530,Despensa,ITALICA,Conservas Y Encurtidos,"[""Kosher""]",1,https://riba.app/imgrs/THUMBS%20500X500/15084.JPG
14883,OLIVES MANZANILLA PITTED,7011800604,Despensa,ITALICA,Conservas Y Encurtidos,NULL,1,https://riba.app/imgrs/THUMBS%20500X500/14883.JPG
14886,ACEITUNAS VERDES DESHUESADAS,7011800608,Despensa,ITALICA,Conservas Y Encurtidos,"[""Kosher""]",1,https://riba.app/imgrs/THUMBS%20500X500/14886.JPG
14918,ACEITUNAS DESHUESADAS,7011800609,Despensa,ITALICA,Conservas Y Encurtidos,"[""Kosher""]",1,https://riba.app/imgrs/THUMBS%20500X500/14918.JPG
14917,ACEITUNAS VERDES DESHUESADAS,7011800612,Despensa,ITALICA,Conservas Y Encurtidos,"[""Kosher""]",1,https://riba.app/imgrs/THUMBS%20500X500/14917.JPG
280424,STEVIA HERBAL ADVANTAGE ,70119796651,Despensa,STEVIA,Azucar Y Endulzantes,NULL,1,https://riba.app/imgrs/THUMBS%20500X500/280424.JPG
163426,NY CROUTONS SEASONED,7020001065,Despensa,NEW YORK,Aderezos Y Salsas,NULL,1,https://riba.app/imgrs/THUMBS%20500X500/163426.JPG
163424,NY CROUTONS CAESAR,7020001066,Despensa,NEW YORK,Aderezos Y Salsas,NULL,1,https://riba.app/imgrs/THUMBS%20500X500/163424.JPG
345294,MZ DRESSING SLAW,7020011002,Despensa,MARZETTI,Aderezos Y Salsas,NULL,1,https://riba.app/imgrs/THUMBS%20500X500/345294.JPG
282297,ORIGINAL SLAW DRESSING,7020050420,Despensa,MARZETTI,Aderezos Y Salsas,NULL,1,https://riba.app/imgrs/THUMBS%20500X500/282297.JPG
282295,CHUNKY BLUE CHEESE DRESSING,7020050421,Despensa,MARZETTI,Aderezos Y Salsas,NULL,1,https://riba.app/imgrs/THUMBS%20500X500/282295.JPG
282298,THOUSAND ISLAND DRESSING,7020050422,Despensa,MARZETTI,Aderezos Y Salsas,NULL,1,https://riba.app/imgrs/THUMBS%20500X500/282298.JPG
282300,SWEET ITALIAN DRESSING,7020050424,Despensa,MARZETTI,Aderezos Y Salsas,NULL,1,https://riba.app/imgrs/THUMBS%20500X500/282300.JPG
282296,CLASSIC RANCH DRESSING,7020050425,Despensa,MARZETTI,Aderezos Y Salsas,NULL,1,https://riba.app/imgrs/THUMBS%20500X500/282296.JPG
282304,TM POPPYSEED SALAD DRESSING,7020050431,Despensa,MARZETTI,Aderezos Y Salsas,NULL,1,https://riba.app/imgrs/THUMBS%20500X500/282304.JPG
282299,SUPREME CAESAR DRESSING,7020050439,Despensa,MARZETTI,Aderezos Y Salsas,NULL,1,https://riba.app/imgrs/THUMBS%20500X500/282299.JPG
328751,AVOCADO RANCH DRESSING ,7020050453,Despensa,MARZETTI,Aderezos Y Salsas,"[""Gluten-free"",""Kosher""]",1,https://riba.app/imgrs/THUMBS%20500X500/328751.JPG
282308,LIGHT ORIGINAL SLAW DRESS,7020051400,Despensa,MARZETTI,Aderezos Y Salsas,NULL,1,https://riba.app/imgrs/THUMBS%20500X500/282308.JPG
282309,LIGHT HONEY FRENCH DRESSING,7020051402,Despensa,MARZETTI,Aderezos Y Salsas,NULL,1,https://riba.app/imgrs/THUMBS%20500X500/282309.JPG
282310,THE ULTIMATE BLUE CHEESE DRESS,7020052452,Despensa,MARZETTI,Aderezos Y Salsas,NULL,1,https://riba.app/imgrs/THUMBS%20500X500/282310.JPG
134674,ROASTED GARLIC ITALIAN VINAIGR,7020054007,Despensa,T.MARZETTI S,Aderezos Y Salsas,NULL,1,https://riba.app/imgrs/THUMBS%20500X500/134674.JPG
134675,LIGHT BALSAMIC VINAIGRETTE,7020054010,Despensa,T.MARZETTI S,Aderezos Y Salsas,NULL,1,https://riba.app/imgrs/THUMBS%20500X500/134675.JPG
134676,LIGHT CAESAR VINAIGRETTE,7020054012,Despensa,T.MARZETTI S,Aderezos Y Salsas,NULL,1,https://riba.app/imgrs/THUMBS%20500X500/134676.JPG
328753,SIGNATURE BLUE CHEESE DRESSING,7020054029,Despensa,MARZETTI,Aderezos Y Salsas,NULL,1,https://riba.app/imgrs/THUMBS%20500X500/328753.JPG
328755,CAESAR DRESSING ,7020055112,Despensa,MARZETTI,Aderezos Y Salsas,NULL,1,https://riba.app/imgrs/THUMBS%20500X500/328755.JPG
146960,CHEESE GARLIC CROUTONS ,7020058100,Despensa,T.MARZETTI S,Aderezos Y Salsas,NULL,1,https://riba.app/imgrs/THUMBS%20500X500/146960.JPG
146961,GARLIC BUTTER CROUTONS ,7020058101,Despensa,T.MARZETTI S,Aderezos Y Salsas,NULL,1,https://riba.app/imgrs/THUMBS%20500X500/146961.JPG
146964,CAESAR L C CROUTONS,7020058103,Despensa,T.MARZETTI S,Aderezos Y Salsas,NULL,1,https://riba.app/imgrs/THUMBS%20500X500/146964.JPG
146965,RANCH L C CROUTONS,7020058104,Despensa,T.MARZETTI S,Aderezos Y Salsas,NULL,1,https://riba.app/imgrs/THUMBS%20500X500/146965.JPG
324690,CHICK FIL SAUCE ,7020079005,Despensa,CHICK-FIL-A,Aderezos Y Salsas,NULL,1,https://riba.app/imgrs/THUMBS%20500X500/324690.JPG
324692,CHICK FIL POLYNESIAN SAUC,7020079006,Despensa,CHICK-FIL-A,Aderezos Y Salsas,NULL,1,https://riba.app/imgrs/THUMBS%20500X500/324692.JPG
324691,CHICK FIL SC ORIG ,7020079014,Despensa,CHICK-FIL-A,Aderezos Y Salsas,NULL,1,https://riba.app/imgrs/THUMBS%20500X500/324691.JPG
348069,CHICK-FIL-A BBQ SAUCE,7020079026,Despensa,CHICK-FIL-A,Aderezos Y Salsas,NULL,1,https://riba.app/imgrs/THUMBS%20500X500/348069.JPG
339465,MARZETTI LGHT RANCH VEGGIE DIP,7020085726,Despensa,T.MARZETTI´S,Aderezos Y Salsas,NULL,1,https://riba.app/imgrs/THUMBS%20500X500/339465.JPG
348070,CHICK-FIL-A SWT N SPICY SIRACH,7020087038,Despensa,CHICK-FIL-A,Aderezos Y Salsas,NULL,1,https://riba.app/imgrs/THUMBS%20500X500/348070.JPG
357514,CHICK-FIEL HONEY MUSTARD SAUCE,7020087046,Despensa,CHICK-FIL-A,Aderezos Y Salsas,NULL,1,https://riba.app/imgrs/THUMBS%20500X500/357514.JPG
120930,SEASONED FLOUR KENTUCKY KERNEL,7035118012,Despensa,KENTUCKY KERNEL,Condimentos Y Semillas,NULL,1,https://riba.app/imgrs/THUMBS%20500X500/120930.JPG
238854,POMP - GRAPESEED,7040400013,Despensa,POMPEIAN,Aceites Y Mantecas,NULL,1,https://riba.app/imgrs/THUMBS%20500X500/238854.JPG
280171,AGAVE REAL NECTAR,7049110209,Despensa,SIMPLY SQUEEZE,Siropes,NULL,1,https://riba.app/imgrs/THUMBS%20500X500/280171.JPG
132330,WOLFFS KASHA WHOLE BUCKWHEAT,7057700038,Despensa,WOLFFS,Arroz Y Granos,"[""Gluten-free""]",1,https://riba.app/imgrs/THUMBS%20500X500/132330.JPG
182460,WOLFFS KASHA LS NCH LF,7057700040,Despensa,WOLFFS,Arroz Y Granos,"[""Gluten-free""]",1,https://riba.app/imgrs/THUMBS%20500X500/182460.JPG
268872,PUFFINS PEANUT BUTTER CEREAL,7061700623,Despensa,BARBARA S,Cereales Y Granola,"[""Kosher"",""Vegano""]",1,https://riba.app/imgrs/THUMBS%20500X500/268872.JPG
265988,PUFFINS ORIGINAL CEREAL BARBAR,7061720609,Despensa,BARBARA S,Cereales Y Granola,"[""Kosher""]",1,https://riba.app/imgrs/THUMBS%20500X500/265988.JPG
268871,PUFFINS CEREAL CINNAMON,7061720610,Despensa,BARBARA S,Cereales Y Granola,"[""Kosher""]",1,https://riba.app/imgrs/THUMBS%20500X500/268871.JPG
281149,MORNING OAT CRUNCH ORIGINAL,7061720612,Despensa,BARBARA´S,Cereales Y Granola,"[""Kosher"",""Vegano""]",1,https://riba.app/imgrs/THUMBS%20500X500/281149.JPG
259423,RICE VINEGAR GEN BREW MARUKAN,7064100006,Despensa,MARUKAN,Vinagre,"[""Gluten-free"",""Kosher"",""Vegano""]",1,https://riba.app/imgrs/THUMBS%20500X500/259423.JPG
249828,RICE  VINEGAR SEASON,7064100009,Despensa,MARUKAN,Vinagre,"[""Gluten-free"",""Kosher"",""Vegano""]",1,https://riba.app/imgrs/THUMBS%20500X500/249828.JPG
249827,RICE VINEGAR,7064106412,Despensa,MARUKAN,Vinagre,"[""Gluten-free"",""Kosher"",""Orgánico"",""Vegano""]",1,https://riba.app/imgrs/THUMBS%20500X500/249827.JPG
249829,DRSG RICE VNG OG2 SEAS,7064106413,Despensa,MARUKAN,Vinagre,"[""Gluten-free"",""Kosher""]",1,https://riba.app/imgrs/THUMBS%20500X500/249829.JPG
3358,SOPA DE FIDEOS CARNE DE RES,7066203001,Despensa,NISSIN FOOD,Sopas Y Cremas,NULL,1,https://riba.app/imgrs/THUMBS%20500X500/3358.JPG
3360,SOPA DE FIDEOS CON CAMARON PIC,7066203012,Despensa,NISSIN FOOD,Sopas Y Cremas,NULL,1,https://riba.app/imgrs/THUMBS%20500X500/3360.JPG
301885,NISSI TERIYAKI BEEF CHOW MEIN,7066208720,Despensa,NISSIN FOOD,Sopas Y Cremas,NULL,1,https://riba.app/imgrs/THUMBS%20500X500/301885.JPG
144528,CHOW MEIN CHICKEN 4 OZ,7066208721,Despensa,NISSIN FOOD,Sopas Y Cremas,NULL,1,https://riba.app/imgrs/THUMBS%20500X500/144528.JPG
138991,NISSIN C/MEIN TERYAKI BEEF FLV,7066208723,Despensa,NISSIN FOOD,Sopas Y Cremas,NULL,1,https://riba.app/imgrs/THUMBS%20500X500/138991.JPG
302481,NISSIN H& S FIRE WOK PORK,7066209501,Despensa,NISSIN FOOD,Sopas Y Cremas,NULL,1,https://riba.app/imgrs/THUMBS%20500X500/302481.JPG
302482,NISSIN H&S FIRE WOK SHRIMP,7066209502,Despensa,NISSIN FOOD,Sopas Y Cremas,NULL,1,https://riba.app/imgrs/THUMBS%20500X500/302482.JPG
302483,NISSIN H&S FIRE WOK CHICKEN,7066209503,Despensa,NISSIN FOOD,Sopas Y Cremas,NULL,1,https://riba.app/imgrs/THUMBS%20500X500/302483.JPG
200602,NISSIN HOT & SPICY CHICKEN,7066209631,Despensa,NISSIN FOOD,Sopas Y Cremas,NULL,1,https://riba.app/imgrs/THUMBS%20500X500/200602.JPG
198100,NISS BOWL NOODLES HOT SPICY,7066209632,Despensa,NISSIN FOOD,Sopas Y Cremas,NULL,1,https://riba.app/imgrs/THUMBS%20500X500/198100.JPG
3359,SOPA DE FIDEOS CON CAMARON,7066214002,Despensa,NISSIN FOOD,Sopas Y Cremas,NULL,1,https://riba.app/imgrs/THUMBS%20500X500/3359.JPG
3363,SOPA DE FIDEOS & POLLO,7066214003,Despensa,NISSIN FOOD,Sopas Y Cremas,NULL,1,https://riba.app/imgrs/THUMBS%20500X500/3363.JPG
189413,SOPA DE CAMARON HABANERO & LIM,7066214122,Despensa,NISSIN FOOD,Sopas Y Cremas,NULL,1,https://riba.app/imgrs/THUMBS%20500X500/189413.JPG
325867,SOPA PICANTE BOTANERA SHRIMP,7066224202,Despensa,NISSIN FOOD,Sopas Y Cremas,NULL,1,https://riba.app/imgrs/THUMBS%20500X500/325867.JPG
325868,SOPA INST PICANTE POLLO NISSIN,7066224203,Despensa,NISSIN FOOD,Sopas Y Cremas,NULL,1,https://riba.app/imgrs/THUMBS%20500X500/325868.JPG
291268,FIDEOS FRITOS ESTILO KOREANO B,7066240403,Despensa,NISSIN FOOD,Sopas Y Cremas,NULL,1,https://riba.app/imgrs/THUMBS%20500X500/291268.JPG
302484,NISSIN STIR FRY HOT GARLIC CHI,7066240404,Despensa,NISSIN FOOD,Sopas Y Cremas,NULL,1,https://riba.app/imgrs/THUMBS%20500X500/302484.JPG
302488,NISSIN STIR FRY TERIYAKI CHICK,7066240405,Despensa,NISSIN FOOD,Sopas Y Cremas,NULL,1,https://riba.app/imgrs/THUMBS%20500X500/302488.JPG
334518,CUP RICE WITH NOODLES,7066240703,Despensa,NISSIN FOOD,Sopas Y Cremas,NULL,1,https://riba.app/imgrs/THUMBS%20500X500/334518.JPG
343285,REESE DOUBLE MARTINI ONIONS,7067000555,Despensa,REESE´S,Conservas Y Encurtidos,"[""Kosher""]",1,https://riba.app/imgrs/THUMBS%20500X500/343285.JPG
125657,BELLINO SUNDR TOMATOES,7079621002,Despensa,BELLINO,Conservas Y Encurtidos,"[""Kosher""]",1,https://riba.app/imgrs/THUMBS%20500X500/125657.JPG
126620,KAME HOISIN SAUCE,7084400507,Despensa,KAME,Aderezos Y Salsas,NULL,1,https://riba.app/imgrs/THUMBS%20500X500/126620.JPG
343962,KA ME KOREAN BBQ MARINADE,7084450055,Despensa,KAME,Aderezos Y Salsas,NULL,1,https://riba.app/imgrs/THUMBS%20500X500/343962.JPG
343959,KAME SPICY ORANGE SAUCE,7084450056,Despensa,KAME,Aderezos Y Salsas,"[""Kosher""]",1,https://riba.app/imgrs/THUMBS%20500X500/343959.JPG
344009,KA ME KOREAN BBQ ZRO CAL,7084450059,Despensa,KAME,Aderezos Y Salsas,"[""Kosher""]",1,https://riba.app/imgrs/THUMBS%20500X500/344009.JPG
344010,KA ME SESAME GNGR ZR CAL,7084450060,Despensa,KAME,Aderezos Y Salsas,NULL,1,https://riba.app/imgrs/THUMBS%20500X500/344010.JPG
317244,PICANTE AFRO,70908109979,Despensa,TIO IVAN,Aderezos Y Salsas,NULL,1,https://riba.app/imgrs/THUMBS%20500X500/317244.JPG
284509,SPICE WORLD SQUEEZE GARLIC,7096900410,Despensa,SPICE WORLD,Condimentos Y Semillas,"[""Kosher""]",1,https://riba.app/imgrs/THUMBS%20500X500/284509.JPG
340499,SOSONADOR SW ESTILO ITALIANO,7096900703,Despensa,SPICE WORLD,Condimentos Y Semillas,NULL,1,https://riba.app/imgrs/THUMBS%20500X500/340499.JPG
290554,UNBLCHED ALL PURPOSE FLOUR,7101200003,Despensa,KING ARTHUR,Harinas,"[""Kosher""]",1,https://riba.app/imgrs/THUMBS%20500X500/290554.JPG
192553,KING ARTHUR FLOUR MLTI PRPS GF,7101207502,Despensa,KING ARTHUR,Harinas,"[""Gluten-free"",""Kosher""]",1,https://riba.app/imgrs/THUMBS%20500X500/192553.JPG
192555,KING ARTHUR MIX PANCAKE GF,7101207503,Despensa,KING ARTHUR,Harinas,"[""Gluten-free"",""Kosher""]",1,https://riba.app/imgrs/THUMBS%20500X500/192555.JPG
192557,KING ARTHUR MIX BROWNIE GF,7101207508,Despensa,KING ARTHUR,Reposteria,"[""Gluten-free"",""Kosher""]",1,https://riba.app/imgrs/THUMBS%20500X500/192557.JPG
192558,KING ARTHUR MIX MUFFIN GF ,7101207509,Despensa,KING ARTHUR,Reposteria,"[""Gluten-free"",""Kosher""]",1,https://riba.app/imgrs/THUMBS%20500X500/192558.JPG
195816,MPL SYRUP OG2 100% MAPPLE,71028243908,Despensa,COOMBS FAMILY FARMS,Siropes,"[""Kosher"",""Orgánico""]",1,https://riba.app/imgrs/THUMBS%20500X500/195816.JPG
123310,COLGIN HICKOY LIQUID SMOKE,7105300001,Despensa,COLGIN,Condimentos Y Semillas,"[""Gluten-free"",""Kosher"",""Vegano""]",1,https://riba.app/imgrs/THUMBS%20500X500/123310.JPG
15363,FRIJOLES BLANCO ,7105400002,Despensa,CAMELLIA,Arroz Y Granos,NULL,1,https://riba.app/imgrs/THUMBS%20500X500/15363.JPG
123447,GRANOS DE PIMIENTA NEGRA ,7107200361,Despensa,ALESSI,Condimentos Y Semillas,NULL,1,https://riba.app/imgrs/THUMBS%20500X500/123447.JPG
177299,ALESSI MIXED PEPPER ,7107200363,Despensa,ALESSI,Condimentos Y Semillas,NULL,1,https://riba.app/imgrs/THUMBS%20500X500/177299.JPG
123448,VINAGRE BALSAMICO 6 8 5 OZ ,7107201129,Despensa,ALESSI,Vinagre,NULL,1,https://riba.app/imgrs/THUMBS%20500X500/123448.JPG
123449,VINAGRE BALSAMICO BLANCO ,7107201130,Despensa,ALESSI,Vinagre,NULL,1,https://riba.app/imgrs/THUMBS%20500X500/123449.JPG
227261,BALSAMIC VINEGAR ,7107201131,Despensa,ALESSI,Vinagre,NULL,1,https://riba.app/imgrs/THUMBS%20500X500/227261.JPG
227262,WHIT BALSAMIC VINEGAR ,7107201132,Despensa,ALESSI,Vinagre,NULL,1,https://riba.app/imgrs/THUMBS%20500X500/227262.JPG
180365,VINAGRE BALSAMICO RASPERRY BLU,7107201136,Despensa,ALESSI,Vinagre,NULL,1,https://riba.app/imgrs/THUMBS%20500X500/180365.JPG
194206,MARINATED ARTICHKE HEARTS,7107201231,Despensa,VIGO,Conservas Y Encurtidos,"[""Kosher""]",1,https://riba.app/imgrs/THUMBS%20500X500/194206.JPG
124625,VIGO SAFFRON YELLOW RICE,7107201303,Despensa,VIGO,Arroz Y Granos,NULL,1,https://riba.app/imgrs/THUMBS%20500X500/124625.JPG
169544,PAELLA  VALENCIANA ,7107201304,Despensa,VIGO,Arroz Y Granos,NULL,1,https://riba.app/imgrs/THUMBS%20500X500/169544.JPG
117151,ARROZ AL ESTILO POELLA VALENCI,7107201305,Despensa,VIGO,Arroz Y Granos,NULL,1,https://riba.app/imgrs/THUMBS%20500X500/117151.JPG
309957,REDUCTION BALSAMIC VINEGAR,7107202180,Despensa,ALESSI,Aderezos Y Salsas,NULL,1,https://riba.app/imgrs/THUMBS%20500X500/309957.JPG
323299,RICE BASMATI AGED,7107203021,Despensa,VIGO,Arroz Y Granos,NULL,1,https://riba.app/imgrs/THUMBS%20500X500/323299.JPG
323350,RECI JASMINE LONG GRAIN,7107203026,Despensa,VIGO,Arroz Y Granos,"[""Vegano""]",1,https://riba.app/imgrs/THUMBS%20500X500/323350.JPG
337562,PASTA CACIO E PEPE ALESSI,7107280353,Despensa,ALESSI,Pastas Secas,NULL,1,https://riba.app/imgrs/THUMBS%20500X500/337562.JPG
338193,ALESSI PASTA PORCINI E FORMAGG,7107280354,Despensa,ALESSI,Pastas Secas,NULL,1,https://riba.app/imgrs/THUMBS%20500X500/338193.JPG
338199,ALESSI PASTA BROCCOLI E FORMAG,7107280355,Despensa,ALESSI,Pastas Secas,NULL,1,https://riba.app/imgrs/THUMBS%20500X500/338199.JPG
62417,HVR THE ORIG RANCH EASY SQUEEZ,7110000021,Despensa,HIDDEN VALLEY RANCH,Aderezos Y Salsas,"[""Gluten-free""]",1,https://riba.app/imgrs/THUMBS%20500X500/62417.JPG
44429,KITCHEN BOUQUET,7110000052,Despensa,KITCHEN BOUQUET,Aderezos Y Salsas,"[""Kosher""]",1,https://riba.app/imgrs/THUMBS%20500X500/44429.JPG
172778,HVR ORIGINAL RANCH W BUTTMILK,7110000308,Despensa,HIDDEN VALLEY RANCH,Aderezos Y Salsas,"[""Gluten-free""]",1,https://riba.app/imgrs/THUMBS%20500X500/172778.JPG
44346,HVR ORIGINAL PARTY DIP,7110000403,Despensa,HIDDEN VALLEY RANCH,Aderezos Y Salsas,"[""Gluten-free""]",1,https://riba.app/imgrs/THUMBS%20500X500/44346.JPG
44345,HRV MILK RANCH MIX,7110000443,Despensa,HIDDEN VALLEY RANCH,Aderezos Y Salsas,"[""Gluten-free""]",1,https://riba.app/imgrs/THUMBS%20500X500/44345.JPG
44338,HID VAL ORIG RANCH DR 8 OZ,7110000550,Despensa,HIDDEN VALLEY RANCH,Aderezos Y Salsas,"[""Gluten-free""]",1,https://riba.app/imgrs/THUMBS%20500X500/44338.JPG
108387,HV THE ORIGINAL RANCH DRESSING,7110000551,Despensa,HIDDEN VALLEY RANCH,Aderezos Y Salsas,"[""Gluten-free""]",1,https://riba.app/imgrs/THUMBS%20500X500/108387.JPG
46100,HVR ORIGINAL RANCH WITH BACON,7110000572,Despensa,HIDDEN VALLEY RANCH,Aderezos Y Salsas,"[""Gluten-free""]",1,https://riba.app/imgrs/THUMBS%20500X500/46100.JPG
303362,HVR AVOCADO SALAD DRESSING    ,7110021189,Despensa,HIDDEN VALLEY RANCH,Aderezos Y Salsas,"[""Gluten-free""]",1,https://riba.app/imgrs/THUMBS%20500X500/303362.JPG
313482,HIDDEN VALLEY RANCH PLANT POWE,7110021399,Despensa,HIDDEN VALLEY RANCH,Aderezos Y Salsas,"[""Gluten-free""]",1,https://riba.app/imgrs/THUMBS%20500X500/313482.JPG
184090,STONEWALLRASP PEACH CHAMPA JAM,71138100004,Despensa,STONE WALL KITCHEN ,Jaleas Mantequillas Y Mermeladas,"[""Gluten-free""]",1,https://riba.app/imgrs/THUMBS%20500X500/184090.JPG
260485,S/K WILD MAINE BLUEBERRY JAM,71138100008,Despensa,STONE WALL KITCHEN ,Jaleas Mantequillas Y Mermeladas,"[""Gluten-free""]",1,https://riba.app/imgrs/THUMBS%20500X500/260485.JPG
304476,RED PEPPER JELLY,71138100009,Despensa,STONE WALL KITCHEN ,Jaleas Mantequillas Y Mermeladas,"[""Gluten-free""]",1,https://riba.app/imgrs/THUMBS%20500X500/304476.JPG
183171,ROASTED GARLIC ONION JAM,71138100010,Despensa,STONE WALL KITCHEN ,Jaleas Mantequillas Y Mermeladas,"[""Gluten-free"",""Orgánico""]",1,https://riba.app/imgrs/THUMBS%20500X500/183171.JPG
192503,CRANBERRY HORSEADISH SAUCE,71138100011,Despensa,STONE WALL KITCHEN ,Aderezos Y Salsas,"[""Gluten-free""]",1,https://riba.app/imgrs/THUMBS%20500X500/192503.JPG
183155,STONEWAROASTED GARLIC  MUSTARD,71138100012,Despensa,STONE WALL KITCHEN ,Aderezos Y Salsas,"[""Gluten-free""]",1,https://riba.app/imgrs/THUMBS%20500X500/183155.JPG
183160,STONEWALL HORSERADISH MUSTARD,71138100013,Despensa,STONE WALL KITCHEN ,Aderezos Y Salsas,"[""Gluten-free""]",1,https://riba.app/imgrs/THUMBS%20500X500/183160.JPG
225893,OLD FARMHOUSE CHUTNEY,71138100042,Despensa,STONE WALL KITCHEN ,Jaleas Mantequillas Y Mermeladas,"[""Gluten-free""]",1,https://riba.app/imgrs/THUMBS%20500X500/225893.JPG
279904,MAINE MAPLE CHAMPAGNE MUSTARD,71138100044,Despensa,STONE WALL KITCHEN ,Aderezos Y Salsas,"[""Gluten-free""]",1,https://riba.app/imgrs/THUMBS%20500X500/279904.JPG
186834,RED RASPBERRY JAM,71138100065,Despensa,STONE WALL KITCHEN ,Jaleas Mantequillas Y Mermeladas,"[""Gluten-free""]",1,https://riba.app/imgrs/THUMBS%20500X500/186834.JPG
183000,STONEWALL KIT STRAWBERRY JAM,71138100066,Despensa,STONE WALL KITCHEN ,Jaleas Mantequillas Y Mermeladas,"[""Gluten-free""]",1,https://riba.app/imgrs/THUMBS%20500X500/183000.JPG
183183,STOMAPLE CHIPOTLE GRILLE SAUCE,71138100203,Despensa,STONE WALL KITCHEN ,Aderezos Y Salsas,NULL,1,https://riba.app/imgrs/THUMBS%20500X500/183183.JPG
304472,ROASTED GARLIC VINAIGRETTE,71138100230,Despensa,STONE WALL KITCHEN ,Aderezos Y Salsas,"[""Gluten-free""]",1,https://riba.app/imgrs/THUMBS%20500X500/304472.JPG
253850,LEMON PEAR MARMALADE,71138100250,Despensa,STONE WALL KITCHEN ,Jaleas Mantequillas Y Mermeladas,"[""Gluten-free""]",1,https://riba.app/imgrs/THUMBS%20500X500/253850.JPG
194983,ORANGE CRANBERRY MARMALADE,71138100341,Despensa,STONE WALL KITCHEN ,Jaleas Mantequillas Y Mermeladas,"[""Gluten-free""]",1,https://riba.app/imgrs/THUMBS%20500X500/194983.JPG
183185,STONEWAVIDALIA ONION FIG SAUCE,71138100361,Despensa,STONE WALL KITCHEN ,Aderezos Y Salsas,NULL,1,https://riba.app/imgrs/THUMBS%20500X500/183185.JPG
183014,STONEWALL KIT MANGO CHUTNEY,71138102082,Despensa,STONE WALL KITCHEN ,Jaleas Mantequillas Y Mermeladas,NULL,1,https://riba.app/imgrs/THUMBS%20500X500/183014.JPG
183001,SMALLFARMHOUSE PANCAKEWAFFLE M,71138102088,Despensa,STONE WALL KITCHEN ,Harinas,NULL,1,https://riba.app/imgrs/THUMBS%20500X500/183001.JPG
304506,GARLIC ROSEMARY CITRUS SAUCE,71138102092,Despensa,STONE WALL KITCHEN ,Aderezos Y Salsas,"[""Gluten-free""]",1,https://riba.app/imgrs/THUMBS%20500X500/304506.JPG
183003,STONEWALL MAINE MAPLE SYRUP,71138102099,Despensa,STONE WALL KITCHEN ,Siropes,"[""Gluten-free""]",1,https://riba.app/imgrs/THUMBS%20500X500/183003.JPG
182999,STONEWALL PEACH AMARETTO JAM,71138102140,Despensa,STONE WALL KITCHEN ,Jaleas Mantequillas Y Mermeladas,"[""Gluten-free""]",1,https://riba.app/imgrs/THUMBS%20500X500/182999.JPG
183158,STONEWALL SPICY HONEY MUSTARDS,71138102141,Despensa,STONE WALL KITCHEN ,Aderezos Y Salsas,NULL,1,https://riba.app/imgrs/THUMBS%20500X500/183158.JPG
183182,STONEWALL HONEY BARBECUE SAUCE,71138102198,Despensa,STONE WALL KITCHEN ,Aderezos Y Salsas,"[""Gluten-free""]",1,https://riba.app/imgrs/THUMBS%20500X500/183182.JPG
186835,HOT PEPPER JELLY,71138102226,Despensa,STONE WALL KITCHEN ,Jaleas Mantequillas Y Mermeladas,"[""Gluten-free""]",1,https://riba.app/imgrs/THUMBS%20500X500/186835.JPG
304480,OLIVE OIL BALSAMIC DRESSING ,71138102233,Despensa,STONE WALL KITCHEN ,Aderezos Y Salsas,"[""Gluten-free""]",1,https://riba.app/imgrs/THUMBS%20500X500/304480.JPG
225163,MANGO LIME SALSA,71138102307,Despensa,STONE WALL KITCHEN ,Aderezos Y Salsas,"[""Gluten-free""]",1,https://riba.app/imgrs/THUMBS%20500X500/225163.JPG
304468,SPICY TOMATO SALSA,71138102311,Despensa,STONE WALL KITCHEN ,Aderezos Y Salsas,"[""Gluten-free""]",1,https://riba.app/imgrs/THUMBS%20500X500/304468.JPG
304522,CILANTRO LIME DRESSING,71138102319,Despensa,STONE WALL KITCHEN ,Aderezos Y Salsas,NULL,1,https://riba.app/imgrs/THUMBS%20500X500/304522.JPG
304524,BLUEBERRY PANCAKE AND WAFFLE M,71138102340,Despensa,STONE WALL KITCHEN ,Harinas,NULL,1,https://riba.app/imgrs/THUMBS%20500X500/304524.JPG
304464,SESAME GINGER TERIYAKI SAUCE ,71138102401,Despensa,STONE WALL KITCHEN ,Aderezos Y Salsas,NULL,1,https://riba.app/imgrs/THUMBS%20500X500/304464.JPG
243711,CHAMPAGNE SHALLOT WALNUT DRESS,71138102405,Despensa,STONE WALL KITCHEN ,Aderezos Y Salsas,"[""Gluten-free""]",1,https://riba.app/imgrs/THUMBS%20500X500/243711.JPG
183187,STONEWALLGARLIC TERIYAKI SAUCE,71138102406,Despensa,STONE WALL KITCHEN ,Aderezos Y Salsas,NULL,1,https://riba.app/imgrs/THUMBS%20500X500/183187.JPG
183179,STONEWALL ROASTED GARLIC OIL,71138102444,Despensa,STONE WALL KITCHEN ,Aceites Y Mantecas,NULL,1,https://riba.app/imgrs/THUMBS%20500X500/183179.JPG
182862,MERMELADA APRICOT,71138102474,Despensa,STONE WALL KITCHEN ,Jaleas Mantequillas Y Mermeladas,"[""Gluten-free""]",1,https://riba.app/imgrs/THUMBS%20500X500/182862.JPG
195007,AGED BALSAMIC VINEGAR,71138102502,Despensa,STONE WALL KITCHEN ,Vinagre,"[""Gluten-free""]",1,https://riba.app/imgrs/THUMBS%20500X500/195007.JPG
225895,TRADITIONAL PUB STYLE MUSTARD,71138102786,Despensa,STONE WALL KITCHEN ,Aderezos Y Salsas,"[""Gluten-free""]",1,https://riba.app/imgrs/THUMBS%20500X500/225895.JPG
195011,ROASTED APPLE GRILLE SAUCE,71138102989,Despensa,STONE WALL KITCHEN ,Aderezos Y Salsas,"[""Gluten-free""]",1,https://riba.app/imgrs/THUMBS%20500X500/195011.JPG
304544,MANGO PEACH JAM,71138102996,Despensa,STONE WALL KITCHEN ,Jaleas Mantequillas Y Mermeladas,"[""Gluten-free""]",1,https://riba.app/imgrs/THUMBS%20500X500/304544.JPG
183174,STONEWALL BASIL PESTO,71138103060,Despensa,STONE WALL KITCHEN ,Aderezos Y Salsas,"[""Gluten-free""]",1,https://riba.app/imgrs/THUMBS%20500X500/183174.JPG
304533,ARTICHOKE PESTO,71138103061,Despensa,STONE WALL KITCHEN ,Aderezos Y Salsas,"[""Gluten-free""]",1,https://riba.app/imgrs/THUMBS%20500X500/304533.JPG
284035,FARMHOUSE GREEN RELISH,71138103114,Despensa,STONE WALL KITCHEN ,Conservas Y Encurtidos,"[""Gluten-free""]",1,https://riba.app/imgrs/THUMBS%20500X500/284035.JPG
304509,FARMHOUSE RED RELISH,71138103115,Despensa,STONE WALL KITCHEN ,Conservas Y Encurtidos,"[""Gluten-free""]",1,https://riba.app/imgrs/THUMBS%20500X500/304509.JPG
198066,SK BLUE CHEESE HERB MUSTARD,71138103117,Despensa,STONE WALL KITCHEN ,Aderezos Y Salsas,"[""Gluten-free""]",1,https://riba.app/imgrs/THUMBS%20500X500/198066.JPG
304507,CREAMY PEANUT  BUTTER ,71138103141,Despensa,STONE WALL KITCHEN ,Jaleas Mantequillas Y Mermeladas,NULL,1,https://riba.app/imgrs/THUMBS%20500X500/304507.JPG
304521,CHUNKY PEANUT BUTTER,71138103142,Despensa,STONE WALL KITCHEN ,Jaleas Mantequillas Y Mermeladas,"[""Gluten-free""]",1,https://riba.app/imgrs/THUMBS%20500X500/304521.JPG
183006,STONEWALL CINNAMON APPLE SYRUP,71138103187,Despensa,STONE WALL KITCHEN ,Siropes,"[""Gluten-free""]",1,https://riba.app/imgrs/THUMBS%20500X500/183006.JPG
195012,BALSAMIC FIG DRESSING,71138103313,Despensa,STONE WALL KITCHEN ,Aderezos Y Salsas,"[""Gluten-free""]",1,https://riba.app/imgrs/THUMBS%20500X500/195012.JPG
183016,STONEWALL APPLE JALAPEÑO JELLY,71138103314,Despensa,STONE WALL KITCHEN ,Jaleas Mantequillas Y Mermeladas,"[""Gluten-free""]",1,https://riba.app/imgrs/THUMBS%20500X500/183016.JPG
183173,STTOMATO HERB BRUSCHETA SPREAD,71138103431,Despensa,STONE WALL KITCHEN ,Aderezos Y Salsas,"[""Gluten-free""]",1,https://riba.app/imgrs/THUMBS%20500X500/183173.JPG
194982,MIMOSA JAM,71138103432,Despensa,STONE WALL KITCHEN ,Jaleas Mantequillas Y Mermeladas,"[""Gluten-free""]",1,https://riba.app/imgrs/THUMBS%20500X500/194982.JPG
342940,BELLINI JAM,71138103434,Despensa,STONE WALL KITCHEN ,Jaleas Mantequillas Y Mermeladas,"[""Gluten-free""]",1,https://riba.app/imgrs/THUMBS%20500X500/342940.JPG
302612,HOLIDAY SYRUP,71138103439,Despensa,STONE WALL KITCHEN ,Siropes,"[""Gluten-free""]",1,https://riba.app/imgrs/THUMBS%20500X500/302612.JPG
304470,SALSA VERDE,71138103440,Despensa,STONE WALL KITCHEN ,Aderezos Y Salsas,"[""Gluten-free""]",1,https://riba.app/imgrs/THUMBS%20500X500/304470.JPG
304520,CLASSIC GREEK DRESSING,71138130578,Despensa,STONE WALL KITCHEN ,Aderezos Y Salsas,"[""Gluten-free""]",1,https://riba.app/imgrs/THUMBS%20500X500/304520.JPG
183012,STONNEW ENGLAND COCKTAIL SAUCE,71138130611,Despensa,STONE WALL KITCHEN ,Aderezos Y Salsas,"[""Gluten-free""]",1,https://riba.app/imgrs/THUMBS%20500X500/183012.JPG
194995,HORSERADISH CREAM SAUCE,71138130613,Despensa,STONE WALL KITCHEN ,Aderezos Y Salsas,NULL,1,https://riba.app/imgrs/THUMBS%20500X500/194995.JPG
195016,CLASSIC ITALIAN DRESSING,71138130655,Despensa,STONE WALL KITCHEN ,Aderezos Y Salsas,"[""Gluten-free""]",1,https://riba.app/imgrs/THUMBS%20500X500/195016.JPG
304490,HONEY MUSTARD DIP,71138130668,Despensa,STONE WALL KITCHEN ,Aderezos Y Salsas,"[""Gluten-free""]",1,https://riba.app/imgrs/THUMBS%20500X500/304490.JPG
304473,ROASTED GARLIC BREAD SPREAD,71138130720,Despensa,STONE WALL KITCHEN ,Condimentos Y Semillas,"[""Gluten-free""]",1,https://riba.app/imgrs/THUMBS%20500X500/304473.JPG
304458,TRADITIONAL CREPE MIX,71138130847,Despensa,STONE WALL KITCHEN ,Harinas,NULL,1,https://riba.app/imgrs/THUMBS%20500X500/304458.JPG
304477,PEACH JAM,71138130902,Despensa,STONE WALL KITCHEN ,Jaleas Mantequillas Y Mermeladas,NULL,1,https://riba.app/imgrs/THUMBS%20500X500/304477.JPG
304485,MIXED BERRY JAM,71138130903,Despensa,STONE WALL KITCHEN ,Jaleas Mantequillas Y Mermeladas,"[""Gluten-free""]",1,https://riba.app/imgrs/THUMBS%20500X500/304485.JPG
304474,PINEAPPLE GINGER SAUCE ,71138130905,Despensa,STONE WALL KITCHEN ,Aderezos Y Salsas,NULL,1,https://riba.app/imgrs/THUMBS%20500X500/304474.JPG
304528,BITTERSWEET CHOCOLATE SAUCE,71138130915,Despensa,STONE WALL KITCHEN ,Siropes,"[""Gluten-free""]",1,https://riba.app/imgrs/THUMBS%20500X500/304528.JPG
194992,DULCE DE LECHE SAUCE,71138130920,Despensa,STONE WALL KITCHEN ,Jaleas Mantequillas Y Mermeladas,"[""Gluten-free""]",1,https://riba.app/imgrs/THUMBS%20500X500/194992.JPG
194980,SEEDLESS BLACK RASPBERRY JAM,71138131135,Despensa,STONE WALL KITCHEN ,Jaleas Mantequillas Y Mermeladas,"[""Gluten-free""]",1,https://riba.app/imgrs/THUMBS%20500X500/194980.JPG
185851,STONE CARAMELIZE ONION MUSTARD,71138131141,Despensa,STONE WALL KITCHEN ,Aderezos Y Salsas,NULL,1,https://riba.app/imgrs/THUMBS%20500X500/185851.JPG
304532,SMOKY PEACH WHISKEY SAUCE,71138131144,Despensa,STONE WALL KITCHEN ,Aderezos Y Salsas,"[""Gluten-free""]",1,https://riba.app/imgrs/THUMBS%20500X500/304532.JPG
195010,BOURBON MOLASSES BBQ SAUCE,71138131145,Despensa,STONE WALL KITCHEN ,Aderezos Y Salsas,"[""Gluten-free""]",1,https://riba.app/imgrs/THUMBS%20500X500/195010.JPG
226507,GLUTN FREE PANCAKE WAFFLE MIX,71138131153,Despensa,STONE WALL KITCHEN ,Harinas,"[""Gluten-free""]",1,https://riba.app/imgrs/THUMBS%20500X500/226507.JPG
192501,HOT PEPPER PEACH JAM,71138131390,Despensa,STONE WALL KITCHEN ,Jaleas Mantequillas Y Mermeladas,"[""Gluten-free""]",1,https://riba.app/imgrs/THUMBS%20500X500/192501.JPG
236258,COQ AU VIN SIMMERING SAUCE,71138131393,Despensa,STONE WALL KITCHEN ,Aderezos Y Salsas,NULL,1,https://riba.app/imgrs/THUMBS%20500X500/236258.JPG
304511,CLASSIC PIZZA SAUCE,71138131399,Despensa,STONE WALL KITCHEN ,Aderezos Y Salsas,"[""Gluten-free""]",1,https://riba.app/imgrs/THUMBS%20500X500/304511.JPG
192544,ROASTED GARLIC AIOLI,71138131402,Despensa,STONE WALL KITCHEN ,Aderezos Y Salsas,"[""Gluten-free""]",1,https://riba.app/imgrs/THUMBS%20500X500/192544.JPG
225165,SMOKY BARBECUE AIOLI,71138131403,Despensa,STONE WALL KITCHEN ,Aderezos Y Salsas,NULL,1,https://riba.app/imgrs/THUMBS%20500X500/225165.JPG
192548,HABANERO MANGO AIOLI,71138131404,Despensa,STONE WALL KITCHEN ,Aderezos Y Salsas,"[""Gluten-free""]",1,https://riba.app/imgrs/THUMBS%20500X500/192548.JPG
192547,LEMON HERB AIOLI,71138131405,Despensa,STONE WALL KITCHEN ,Aderezos Y Salsas,"[""Gluten-free""]",1,https://riba.app/imgrs/THUMBS%20500X500/192547.JPG
304483,HORSERADISH AIOLI,71138131437,Despensa,STONE WALL KITCHEN ,Aderezos Y Salsas,"[""Gluten-free""]",1,https://riba.app/imgrs/THUMBS%20500X500/304483.JPG
194994,DOWN EAST TARTAR SAUCE,71138131467,Despensa,STONE WALL KITCHEN ,Aderezos Y Salsas,"[""Gluten-free""]",1,https://riba.app/imgrs/THUMBS%20500X500/194994.JPG
260486,S/K STRAWB CHAMPG JAM,71138131523,Despensa,STONE WALL KITCHEN ,Jaleas Mantequillas Y Mermeladas,"[""Gluten-free""]",1,https://riba.app/imgrs/THUMBS%20500X500/260486.JPG
225881,BUTTERMILK PANCAKE & WAFFLEMIX,71138131550,Despensa,STONE WALL KITCHEN ,Harinas,"[""Kosher""]",1,https://riba.app/imgrs/THUMBS%20500X500/225881.JPG
284033,SWEET HONEY MUSTARD,71138131750,Despensa,STONE WALL KITCHEN ,Aderezos Y Salsas,"[""Gluten-free""]",1,https://riba.app/imgrs/THUMBS%20500X500/284033.JPG
304530,BASIL PESTO AIOLI,71138131752,Despensa,STONE WALL KITCHEN ,Aderezos Y Salsas,"[""Gluten-free""]",1,https://riba.app/imgrs/THUMBS%20500X500/304530.JPG
304681,SRIRACHA TERIYAKI SAUCE ,71138131755,Despensa,STONE WALL KITCHEN ,Aderezos Y Salsas,NULL,1,https://riba.app/imgrs/THUMBS%20500X500/304681.JPG
284042,BABY BACK RIB SAUCE,71138131799,Despensa,STONE WALL KITCHEN ,Aderezos Y Salsas,NULL,1,https://riba.app/imgrs/THUMBS%20500X500/284042.JPG
304466,SRIRACHA AIOLI,71138132090,Despensa,STONE WALL KITCHEN ,Aderezos Y Salsas,"[""Gluten-free""]",1,https://riba.app/imgrs/THUMBS%20500X500/304466.JPG
219819,MAYONESA TRUFFLE AIOLI,71138132091,Despensa,STONE WALL KITCHEN ,Aderezos Y Salsas,"[""Gluten-free""]",1,https://riba.app/imgrs/THUMBS%20500X500/219819.JPG
349797,TIKKA MASALA SIMMNERING SAUCE,71138132100,Despensa,STONE WALL KITCHEN ,Aderezos Y Salsas,"[""Gluten-free""]",1,https://riba.app/imgrs/THUMBS%20500X500/349797.JPG
304510,CLASSIC VODKA SAUCE ,71138132104,Despensa,STONE WALL KITCHEN ,Aderezos Y Salsas,"[""Gluten-free""]",1,https://riba.app/imgrs/THUMBS%20500X500/304510.JPG
225159,ROASTED GARLIC BASIL SAUCE,71138132105,Despensa,STONE WALL KITCHEN ,Aderezos Y Salsas,"[""Gluten-free""]",1,https://riba.app/imgrs/THUMBS%20500X500/225159.JPG
225158,TRADITIONAL MARINARA SAUCE,71138132106,Despensa,STONE WALL KITCHEN ,Aderezos Y Salsas,"[""Gluten-free""]",1,https://riba.app/imgrs/THUMBS%20500X500/225158.JPG
218912,MAPPLE BACON ONION JAM,71138132208,Despensa,STONE WALL KITCHEN ,Jaleas Mantequillas Y Mermeladas,"[""Gluten-free""]",1,https://riba.app/imgrs/THUMBS%20500X500/218912.JPG
328309,MAPLE BACON AIOLI,71138132209,Despensa,STONE WALL KITCHEN ,Aderezos Y Salsas,"[""Gluten-free""]",1,https://riba.app/imgrs/THUMBS%20500X500/328309.JPG
304489,LEMON DIJON VINAIGRETTE,71138132212,Despensa,STONE WALL KITCHEN ,Aderezos Y Salsas,"[""Gluten-free""]",1,https://riba.app/imgrs/THUMBS%20500X500/304489.JPG
342938,APPLE CIDER JAM,71138132252,Despensa,STONE WALL KITCHEN ,Jaleas Mantequillas Y Mermeladas,"[""Gluten-free""]",1,https://riba.app/imgrs/THUMBS%20500X500/342938.JPG
224884,BOOZY BACON BARBECUE SAUCE,71138132359,Despensa,STONE WALL KITCHEN ,Aderezos Y Salsas,NULL,1,https://riba.app/imgrs/THUMBS%20500X500/224884.JPG
225164,HONEY SRIRACHA BARBECUE SAUCE,71138132360,Despensa,STONE WALL KITCHEN ,Aderezos Y Salsas,NULL,1,https://riba.app/imgrs/THUMBS%20500X500/225164.JPG
348680,FARMHOUSE MAYO GLUTEN FREE,71138132362,Despensa,STONE WALL KITCHEN,Aderezos Y Salsas,"[""Gluten-free""]",1,https://riba.app/imgrs/THUMBS%20500X500/348680.JPG
304529,BACON RANCH DRESSING,71138132549,Despensa,STONE WALL KITCHEN ,Aderezos Y Salsas,"[""Gluten-free""]",1,https://riba.app/imgrs/THUMBS%20500X500/304529.JPG
304527,CHIPOTLE AIOLI,71138132550,Despensa,STONE WALL KITCHEN ,Aderezos Y Salsas,"[""Gluten-free""]",1,https://riba.app/imgrs/THUMBS%20500X500/304527.JPG
304481,MAPLE BACON BALSAMIC DRESSING,71138132552,Despensa,STONE WALL KITCHEN ,Aderezos Y Salsas,"[""Gluten-free""]",1,https://riba.app/imgrs/THUMBS%20500X500/304481.JPG
304546,MAPLE BLUEBERRY SYRUP,71138132553,Despensa,STONE WALL KITCHEN ,Siropes,NULL,1,https://riba.app/imgrs/THUMBS%20500X500/304546.JPG
304471,SEEDLESS BLACKBERRY JAM,71138132556,Despensa,STONE WALL KITCHEN ,Jaleas Mantequillas Y Mermeladas,"[""Gluten-free""]",1,https://riba.app/imgrs/THUMBS%20500X500/304471.JPG
284036,HORSERADISH BACON MUSTARD DIP,71138132558,Despensa,STONE WALL KITCHEN ,Aderezos Y Salsas,"[""Gluten-free""]",1,https://riba.app/imgrs/THUMBS%20500X500/284036.JPG
251400,MISO GINGER DRESSING ORGANIC,71138132871,Despensa,STONE WALL KITCHEN ,Aderezos Y Salsas,"[""Gluten-free"",""Orgánico""]",1,https://riba.app/imgrs/THUMBS%20500X500/251400.JPG
260484,STONEWALL K BUFALO AIOLI,71138132999,Despensa,STONE WALL KITCHEN ,Aderezos Y Salsas,"[""Gluten-free""]",1,https://riba.app/imgrs/THUMBS%20500X500/260484.JPG
304525,BUTTERMILK CRACKED DRESSSING,71138133040,Despensa,STONE WALL KITCHEN ,Aderezos Y Salsas,NULL,1,https://riba.app/imgrs/THUMBS%20500X500/304525.JPG
260201,S/K HORSERADISH PP/GRILLE SAUS,71138133044,Despensa,STONE WALL KITCHEN ,Aderezos Y Salsas,"[""Gluten-free""]",1,https://riba.app/imgrs/THUMBS%20500X500/260201.JPG
304536,BACON CEASAR DRESSING ,71138133045,Despensa,STONE WALL KITCHEN ,Aderezos Y Salsas,"[""Gluten-free""]",1,https://riba.app/imgrs/THUMBS%20500X500/304536.JPG
304547,GHOST PEPPER JELLY,71138133205,Despensa,STONE WALL KITCHEN ,Jaleas Mantequillas Y Mermeladas,"[""Gluten-free""]",1,https://riba.app/imgrs/THUMBS%20500X500/304547.JPG
328308,BOURBON BACON JAM,71138133229,Despensa,STONE WALL KITCHEN ,Jaleas Mantequillas Y Mermeladas,"[""Gluten-free""]",1,https://riba.app/imgrs/THUMBS%20500X500/328308.JPG
342916,GHOST PEPPER AIOLI,71138133231,Despensa,STONE WALL KITCHEN ,Aderezos Y Salsas,"[""Gluten-free""]",1,https://riba.app/imgrs/THUMBS%20500X500/342916.JPG
284041,BUFFALO WING SAUCE,71138133357,Despensa,STONE WALL KITCHEN ,Aderezos Y Salsas,"[""Gluten-free""]",1,https://riba.app/imgrs/THUMBS%20500X500/284041.JPG
271741,HOT PEPPER CRANBERRY JELLY,71138133382,Despensa,STONE WALL KITCHEN ,Jaleas Mantequillas Y Mermeladas,"[""Gluten-free""]",1,https://riba.app/imgrs/THUMBS%20500X500/271741.JPG
297922,HOUSE COCKTAIL SAUCE,71138133471,Despensa,STONE WALL KITCHEN ,Aderezos Y Salsas,NULL,1,https://riba.app/imgrs/THUMBS%20500X500/297922.JPG
297925,HOUSE TARTAR SAUCE,71138133472,Despensa,STONE WALL KITCHEN ,Aderezos Y Salsas,NULL,1,https://riba.app/imgrs/THUMBS%20500X500/297925.JPG
297923,SPICY COCKTAIL SAUCE,71138133473,Despensa,STONE WALL KITCHEN ,Aderezos Y Salsas,NULL,1,https://riba.app/imgrs/THUMBS%20500X500/297923.JPG
304543,LEMON DILL AIOLI,71138133475,Despensa,STONE WALL KITCHEN ,Aderezos Y Salsas,NULL,1,https://riba.app/imgrs/THUMBS%20500X500/304543.JPG
297926,SEAFOOD REMOULADE SAUCE,71138133476,Despensa,STONE WALL KITCHEN ,Aderezos Y Salsas,"[""Gluten-free""]",1,https://riba.app/imgrs/THUMBS%20500X500/297926.JPG
275840,CINNAMON PEAR JAM ,71138133497,Despensa,STONE WALL KITCHEN ,Jaleas Mantequillas Y Mermeladas,NULL,1,https://riba.app/imgrs/THUMBS%20500X500/275840.JPG
285669,BOURBON BARREL-AGED MAPLE SYRU,71138133532,Despensa,STONE WALL KITCHEN ,Siropes,"[""Orgánico""]",1,https://riba.app/imgrs/THUMBS%20500X500/285669.JPG
297924,CHIPOTLE TARTAR SAUCE,71138133537,Despensa,STONE WALL KITCHEN ,Aderezos Y Salsas,NULL,1,https://riba.app/imgrs/THUMBS%20500X500/297924.JPG
304457,WATERMELON JELLY,71138133594,Despensa,STONE WALL KITCHEN ,Jaleas Mantequillas Y Mermeladas,"[""Gluten-free""]",1,https://riba.app/imgrs/THUMBS%20500X500/304457.JPG
302620,EVERYTHING AIOLI,71138133788,Despensa,STONE WALL KITCHEN ,Aderezos Y Salsas,"[""Gluten-free""]",1,https://riba.app/imgrs/THUMBS%20500X500/302620.JPG
304491,HAWAIIAN GRILLE SAUCE,71138134052,Despensa,STONE WALL KITCHEN ,Aderezos Y Salsas,"[""Gluten-free"",""Keto"",""Vegano""]",1,https://riba.app/imgrs/THUMBS%20500X500/304491.JPG
304467,SMOKY AND SPICY WING SAUCE ,71138134053,Despensa,STONE WALL KITCHEN ,Aderezos Y Salsas,"[""Gluten-free""]",1,https://riba.app/imgrs/THUMBS%20500X500/304467.JPG
304553,SCAMPI SAUCE,71138134055,Despensa,STONE WALL KITCHEN ,Aderezos Y Salsas,NULL,1,https://riba.app/imgrs/THUMBS%20500X500/304553.JPG
314720,EVERYTHING DRESSING,71138134159,Despensa,STONE WALL KITCHEN ,Aderezos Y Salsas,"[""Gluten-free""]",1,https://riba.app/imgrs/THUMBS%20500X500/314720.JPG
315621,STONEWALL PARMESAN GARLIC AIOL,71138134250,Despensa,STONE WALL KITCHEN ,Aderezos Y Salsas,"[""Gluten-free""]",1,https://riba.app/imgrs/THUMBS%20500X500/315621.JPG
316157,HOT HONEY WING SAUCE,71138134252,Despensa,STONE WALL KITCHEN ,Aderezos Y Salsas,"[""Gluten-free""]",1,https://riba.app/imgrs/THUMBS%20500X500/316157.JPG
316155,HICKORY BROWN SUGAR GRILLE ,71138134254,Despensa,STONE WALL KITCHEN ,Aderezos Y Salsas,NULL,1,https://riba.app/imgrs/THUMBS%20500X500/316155.JPG
328427,MALTED MILK CHOCOLATE SAUCE,71138134378,Despensa,STONE WALL KITCHEN ,Siropes,NULL,1,https://riba.app/imgrs/THUMBS%20500X500/328427.JPG
331146,TRUFFLE ALFREDO SAUCE,71138134398,Despensa,STONE WALL KITCHEN ,Aderezos Y Salsas,"[""Gluten-free""]",1,https://riba.app/imgrs/THUMBS%20500X500/331146.JPG
331145,MUSHROOM CREAM SAUCE ,71138134400,Despensa,STONE WALL KITCHEN ,Aderezos Y Salsas,"[""Gluten-free""]",1,https://riba.app/imgrs/THUMBS%20500X500/331145.JPG
331144,CACIO E PEPE SAUCE,71138134410,Despensa,STONE WALL KITCHEN ,Aderezos Y Salsas,"[""Gluten-free""]",1,https://riba.app/imgrs/THUMBS%20500X500/331144.JPG
341560,CHILI GARLIC NOODLE SAUCE,71138134564,Despensa,STONE WALL KITCHEN ,Aderezos Y Salsas,NULL,1,https://riba.app/imgrs/THUMBS%20500X500/341560.JPG
341561,CHILI LEMONGRASS NOODLE SAUCE,71138134565,Despensa,STONE WALL KITCHEN ,Aderezos Y Salsas,NULL,1,https://riba.app/imgrs/THUMBS%20500X500/341561.JPG
341562,GINGER SCALLION NOODLE SAUCE,71138134566,Despensa,STONE WALL KITCHEN ,Aderezos Y Salsas,NULL,1,https://riba.app/imgrs/THUMBS%20500X500/341562.JPG
342952,SRIRACHA RANCH DRESSING,71138134567,Despensa,STONE WALL KITCHEN ,Aderezos Y Salsas,"[""Gluten-free""]",1,https://riba.app/imgrs/THUMBS%20500X500/342952.JPG
354813,TOMATO RICOTTA SAUCE,71138134607,Despensa,STONE WALL KITCHEN ,Aderezos Y Salsas,NULL,1,https://riba.app/imgrs/THUMBS%20500X500/354813.JPG
339362,BC SPRINKLES COOL BLUE,7116922705,Despensa,BETTY CROCKER,Reposteria,"[""Kosher""]",1,https://riba.app/imgrs/THUMBS%20500X500/339362.JPG
300254,BC DECORATING ICING WHITE,7116927384,Despensa,BETTY CROCKER,Reposteria,"[""Gluten-free""]",1,https://riba.app/imgrs/THUMBS%20500X500/300254.JPG
278871,PASTEL GEL FOOD COLOR,7116928649,Despensa,BETTY CROCKER,Reposteria,"[""Gluten-free"",""Kosher""]",1,https://riba.app/imgrs/THUMBS%20500X500/278871.JPG
285189,BC PREMIUM METALLIC 4 CELL,7116930536,Despensa,BETTY CROCKER,Reposteria,"[""Gluten-free"",""Kosher""]",1,https://riba.app/imgrs/THUMBS%20500X500/285189.JPG
302531,BC PREMIUM METALLIC GEL GOLD,7116930537,Despensa,BETTY CROCKER,Reposteria,"[""Kosher""]",1,https://riba.app/imgrs/THUMBS%20500X500/302531.JPG
302536,BC PREMIUM METALIC GEL SILVER,7116930538,Despensa,BETTY CROCKER,Reposteria,"[""Kosher""]",1,https://riba.app/imgrs/THUMBS%20500X500/302536.JPG
302539,BC PEARLESCENT SUGAR GEMS,7116933386,Despensa,BETTY CROCKER,Reposteria,"[""Gluten-free"",""Kosher""]",1,https://riba.app/imgrs/THUMBS%20500X500/302539.JPG
294071,BC COOKIE ICING CHOCOLATE,7116970009,Despensa,BETTY CROCKER,Reposteria,"[""Gluten-free""]",1,https://riba.app/imgrs/THUMBS%20500X500/294071.JPG
281041,BC COOKIE ICING CREAM CHEESE,7116970011,Despensa,BETTY CROCKER,Reposteria,"[""Gluten-free"",""Kosher""]",1,https://riba.app/imgrs/THUMBS%20500X500/281041.JPG
266870,BC CUPCAKE GEM PEARLS WHITE,7116971001,Despensa,BETTY CROCKER,Reposteria,"[""Gluten-free"",""Kosher""]",1,https://riba.app/imgrs/THUMBS%20500X500/266870.JPG
270956,GOLD SUGAR CUPCAKE GEMS,7116971002,Despensa,BETTY CROCKER,Reposteria,"[""Gluten-free"",""Kosher""]",1,https://riba.app/imgrs/THUMBS%20500X500/270956.JPG
270957,SILVER SUGAR CUPCAKE,7116971003,Despensa,BETTY CROCKER,Reposteria,"[""Gluten-free"",""Kosher""]",1,https://riba.app/imgrs/THUMBS%20500X500/270957.JPG
39859,BC CHOCOLATE SPRINKLES,7116971010,Despensa,BETTY CROCKER,Reposteria,"[""Gluten-free"",""Kosher""]",1,https://riba.app/imgrs/THUMBS%20500X500/39859.JPG
39860,BC RAINBOW NON PAREIL,7116971015,Despensa,BETTY CROCKER,Reposteria,"[""Gluten-free"",""Kosher""]",1,https://riba.app/imgrs/THUMBS%20500X500/39860.JPG
39862,DECOR NOMPARES GREEN,7116971025,Despensa,BETTY CROCKER,Reposteria,"[""Gluten-free"",""Kosher""]",1,https://riba.app/imgrs/THUMBS%20500X500/39862.JPG
39863,DECOR NOMPARE CINAMON,7116971035,Despensa,BETTY CROCKER,Reposteria,NULL,1,https://riba.app/imgrs/THUMBS%20500X500/39863.JPG
122992,BC RAINBOW SPRINKLES,7116971040,Despensa,BETTY CROCKER,Reposteria,"[""Gluten-free"",""Kosher""]",1,https://riba.app/imgrs/THUMBS%20500X500/122992.JPG
266868,BC DECORATING STARS,7116971055,Despensa,BETTY CROCKER,Reposteria,"[""Gluten-free"",""Kosher""]",1,https://riba.app/imgrs/THUMBS%20500X500/266868.JPG
58055,CARDINI CAESAR DRESSING ORIGIN,7147500013,Despensa,CARDINI S,Aderezos Y Salsas,NULL,1,https://riba.app/imgrs/THUMBS%20500X500/58055.JPG
107223,CARDINI GOURMET ITALIAN CROUTO,7147501050,Despensa,CARDINI S,Aderezos Y Salsas,NULL,1,https://riba.app/imgrs/THUMBS%20500X500/107223.JPG
107225,CARDINI GOURMET CAESAR CROUTO,7147501052,Despensa,CARDINI S,Aderezos Y Salsas,NULL,1,https://riba.app/imgrs/THUMBS%20500X500/107225.JPG
141161,CARDINIS CAESAR DRESSING 12OZ,7147501082,Despensa,CARDINI S,Aderezos Y Salsas,NULL,1,https://riba.app/imgrs/THUMBS%20500X500/141161.JPG
270915,BALSAMIC VINAIGRETTE,7147501084,Despensa,CARDINI S,Aderezos Y Salsas,NULL,1,https://riba.app/imgrs/THUMBS%20500X500/270915.JPG
270917,CARDINI S LIGHT CAESAR,7147501088,Despensa,CARDINI S,Aderezos Y Salsas,NULL,1,https://riba.app/imgrs/THUMBS%20500X500/270917.JPG
107224,CARDINI GOURMET GARLIC CROUTON,7147501501,Despensa,CARDINI S,Aderezos Y Salsas,NULL,1,https://riba.app/imgrs/THUMBS%20500X500/107224.JPG
138541,JAMAICA STYLE JERK SAUCE,71536410003,Despensa,WORLD HARBORS,Aderezos Y Salsas,"[""Kosher""]",1,https://riba.app/imgrs/THUMBS%20500X500/138541.JPG
288178,SWEET DROPS CHOCOLATE FLAVORED,71612312402,Despensa,SWEET LEAF ,Azucar Y Endulzantes,NULL,1,https://riba.app/imgrs/THUMBS%20500X500/288178.JPG
272388,LIQ STEVIA SWEETENER NAT,71612312561,Despensa,SWEET LEAF ,Azucar Y Endulzantes,NULL,1,https://riba.app/imgrs/THUMBS%20500X500/272388.JPG
348160,SWEETLEAF DATE SUGAR,71612312726,Despensa,SWEETLEAF,Azucar Y Endulzantes,"[""Gluten-free"",""Kosher"",""Vegano""]",1,https://riba.app/imgrs/THUMBS%20500X500/348160.JPG
266359,SWT DROPS STEVIA CLEAR,71612312819,Despensa,SWEET LEAF ,Azucar Y Endulzantes,"[""Gluten-free"",""Kosher""]",1,https://riba.app/imgrs/THUMBS%20500X500/266359.JPG
266358,SWEET DROPS CARAMEL,71612312821,Despensa,SWEET LEAF ,Azucar Y Endulzantes,"[""Gluten-free"",""Kosher""]",1,https://riba.app/imgrs/THUMBS%20500X500/266358.JPG
266361,SWEET DROPS VANILLA,71612312823,Despensa,SWEET LEAF ,Azucar Y Endulzantes,"[""Gluten-free"",""Kosher""]",1,https://riba.app/imgrs/THUMBS%20500X500/266361.JPG
285425,SUGAR FREE STEVIA SYRUP MAPLE ,71612312870,Despensa,SWEET LEAF ,Siropes,"[""Kosher""]",1,https://riba.app/imgrs/THUMBS%20500X500/285425.JPG
285423,STEVIA SYRUP BLUEBERRY FLAVORE,71612312871,Despensa,SWEET LEAF ,Siropes,"[""Kosher""]",1,https://riba.app/imgrs/THUMBS%20500X500/285423.JPG
130368,ARROZ G LARGO PARBOLIZADO,7177108605,Despensa,BLUE RIBBON,Arroz Y Granos,"[""Gluten-free"",""Kosher""]",1,https://riba.app/imgrs/THUMBS%20500X500/130368.JPG
130373,ARROZ G LARGO PRECOCIDO LG,7177108610,Despensa,BLUE RIBBON,Arroz Y Granos,"[""Gluten-free"",""Kosher""]",1,https://riba.app/imgrs/THUMBS%20500X500/130373.JPG
130367,ARROZ G LARGO PRECOCIDO LG,7177108622,Despensa,BLUE RIBBON,Arroz Y Granos,"[""Gluten-free"",""Kosher""]",1,https://riba.app/imgrs/THUMBS%20500X500/130367.JPG
45282,ING HORSERADISH THICK N CREAMY,7182800912,Despensa,INGLEHOFFER,Aderezos Y Salsas,"[""Gluten-free"",""Kosher""]",1,https://riba.app/imgrs/THUMBS%20500X500/45282.JPG
75441,INGLEHOFFER HONEY MUSTARD,7182801101,Despensa,INGLEHOFFER,Aderezos Y Salsas,"[""Kosher""]",1,https://riba.app/imgrs/THUMBS%20500X500/75441.JPG
127976,ING WASABI HORSEDISH  MUST,7182801105,Despensa,INGLEHOFFER,Aderezos Y Salsas,"[""Gluten-free"",""Kosher""]",1,https://riba.app/imgrs/THUMBS%20500X500/127976.JPG
111479,ORIGINAL CREOLE SEASONING,7199800001,Despensa,TONY CHACHERE S,Condimentos Y Semillas,NULL,1,https://riba.app/imgrs/THUMBS%20500X500/111479.JPG
111489,CREOLE STYLE BUTTER INJECT MAR,7199850000,Despensa,TONY CHACHERE´S,Aderezos Y Salsas,NULL,1,https://riba.app/imgrs/THUMBS%20500X500/111489.JPG
111490,ROASTED GARLIC&HERB INJECT M,7199850005,Despensa,TONY CHACHERE S,Aderezos Y Salsas,NULL,1,https://riba.app/imgrs/THUMBS%20500X500/111490.JPG
236280,PANCAKE MIX TRIGO,72051601071,Despensa,ORGRAN ,Harinas,"[""Gluten-free"",""Kosher"",""Vegano""]",1,https://riba.app/imgrs/THUMBS%20500X500/236280.JPG
236285,PANCAKE MIX APPLE CINNAMON,72051602021,Despensa,ORGRAN ,Harinas,"[""Gluten-free"",""Kosher"",""Vegano""]",1,https://riba.app/imgrs/THUMBS%20500X500/236285.JPG
334951,DULCE ORGRAN VAINILLA,72051602143,Despensa,ORGRAN ,Reposteria,"[""Gluten-free"",""Kosher"",""Vegano"",""Vegetariana""]",1,https://riba.app/imgrs/THUMBS%20500X500/334951.JPG
334955,DULCE CHOCOLATE ORGRAN,72051602273,Despensa,ORGRAN ,Reposteria,"[""Gluten-free"",""Kosher"",""Vegano"",""Vegetariana""]",1,https://riba.app/imgrs/THUMBS%20500X500/334955.JPG
48120,FILLO PHYLLO DOUGH EASY PASTRY,7219600107,Despensa,ATHENS FOODS,Reposteria,"[""Kosher"",""Vegano""]",1,https://riba.app/imgrs/THUMBS%20500X500/48120.JPG
47519,MINI FILLO SHELLS 2 1 OZ.,7219607250,Despensa,ATHENS FOODS,Reposteria,NULL,1,https://riba.app/imgrs/THUMBS%20500X500/47519.JPG
258906,CLIF WHITE CHOCO MACADAMIA NUT,72225216109,Despensa,CLIF,Cereales Y Granola,"[""Kosher""]",1,https://riba.app/imgrs/THUMBS%20500X500/258906.JPG
141060,NEAR EAST SPANISH RICE MIX,7225100030,Despensa,NEAR EAST,Arroz Y Granos,"[""Kosher""]",1,https://riba.app/imgrs/THUMBS%20500X500/141060.JPG
62848,COUSCOUS ORIGINAL PLAIN,7225100050,Despensa,NEAR EAST,Arroz Y Granos,"[""Kosher""]",1,https://riba.app/imgrs/THUMBS%20500X500/62848.JPG
125717,NE TABOULE MIX WHT SALAD,7225100060,Despensa,NEAR EAST,Arroz Y Granos,"[""Kosher""]",1,https://riba.app/imgrs/THUMBS%20500X500/125717.JPG
140729,NEAR EAST RICE PILAF M ORIG,7225100105,Despensa,NEAR EAST,Arroz Y Granos,"[""Kosher""]",1,https://riba.app/imgrs/THUMBS%20500X500/140729.JPG
166679,NEAR EAST CHICKEN FLAVOR RICE,7225100125,Despensa,NEAR EAST,Arroz Y Granos,"[""Kosher""]",1,https://riba.app/imgrs/THUMBS%20500X500/166679.JPG
62890,COUSCOUS WILD MUSHROOM AN,7225100139,Despensa,NEAR EAST,Arroz Y Granos,"[""Kosher""]",1,https://riba.app/imgrs/THUMBS%20500X500/62890.JPG
140730,NEAR EAST L G WILD RICE M.ORIG,7225100145,Despensa,NEAR EAST,Arroz Y Granos,NULL,1,https://riba.app/imgrs/THUMBS%20500X500/140730.JPG
62887,COUSCOUS HERBED CHICKEN,7225100153,Despensa,NEAR EAST,Arroz Y Granos,NULL,1,https://riba.app/imgrs/THUMBS%20500X500/62887.JPG
62888,COUSCOUS MEDITERRANEAN CURRY,7225100154,Despensa,NEAR EAST,Arroz Y Granos,"[""Kosher""]",1,https://riba.app/imgrs/THUMBS%20500X500/62888.JPG
62847,ROASTED GARLIC & OLIVE OIL,7225100155,Despensa,NEAR EAST,Arroz Y Granos,"[""Kosher""]",1,https://riba.app/imgrs/THUMBS%20500X500/62847.JPG
62892,NEAR EAST COUSCOUS PARMES,7225100156,Despensa,NEAR EAST,Arroz Y Granos,"[""Kosher""]",1,https://riba.app/imgrs/THUMBS%20500X500/62892.JPG
62849,COUSCOUS TOASTED PINE NUT,7225100177,Despensa,NEAR EAST,Arroz Y Granos,"[""Kosher""]",1,https://riba.app/imgrs/THUMBS%20500X500/62849.JPG
141062,NEAR EAST GARLIC HERB MIX,7225100211,Despensa,NEAR EAST,Arroz Y Granos,"[""Kosher""]",1,https://riba.app/imgrs/THUMBS%20500X500/141062.JPG
353243,RICE PILAF MUSHROON & HERB,7225100216,Despensa,NEAR EAST,Arroz Y Granos,"[""Kosher""]",1,https://riba.app/imgrs/THUMBS%20500X500/353243.JPG
353241,COUSOCUS ROASTED G & OLIVE OIL,7225100347,Despensa,NEAR EAST,Arroz Y Granos,"[""Kosher""]",1,https://riba.app/imgrs/THUMBS%20500X500/353241.JPG
353247,QUINOA & BROWN RIVE ROSEMARY ,7225102007,Despensa,NEAR EAST,Arroz Y Granos,"[""Kosher""]",1,https://riba.app/imgrs/THUMBS%20500X500/353247.JPG
325832,FRIJOLES NEGROS SW,7227338765,Despensa,S&W,Arroz Y Granos,"[""Gluten-free""]",1,https://riba.app/imgrs/THUMBS%20500X500/325832.JPG
325833,POROTOS ENLATADOS S&W,7227339024,Despensa,S&W,Arroz Y Granos,NULL,1,https://riba.app/imgrs/THUMBS%20500X500/325833.JPG
6262,GARBANZOS ENLATADOS S&W,7227339164,Despensa,S&W,Arroz Y Granos,NULL,1,https://riba.app/imgrs/THUMBS%20500X500/6262.JPG
267178,SPLENDA LIQUIDO STEVIA 50ML,72277600236,Despensa,STEVIA EXTRAC AZUCAR,Azucar Y Endulzantes,"[""Kosher""]",1,https://riba.app/imgrs/THUMBS%20500X500/267178.JPG
286832,SPLENDA STEVIA 25 SOBRES,72277600288,Despensa,SPLENDA,Azucar Y Endulzantes,"[""Kosher""]",1,https://riba.app/imgrs/THUMBS%20500X500/286832.JPG
256156,SPLENDA NATURALS ,72277600289,Despensa,SPLENDA,Azucar Y Endulzantes,"[""Kosher""]",1,https://riba.app/imgrs/THUMBS%20500X500/256156.JPG
256157,SPLENDA NATURALS,72277600290,Despensa,SPLENDA,Azucar Y Endulzantes,"[""Kosher""]",1,https://riba.app/imgrs/THUMBS%20500X500/256157.JPG
256158,SPLENDA NATURALS ,72277600291,Despensa,SPLENDA,Azucar Y Endulzantes,"[""Kosher""]",1,https://riba.app/imgrs/THUMBS%20500X500/256158.JPG
290595,FRUTO DEL MONJE SPLENDA 50 ,72277600327,Despensa,SPLENDA,Azucar Y Endulzantes,"[""Kosher""]",1,https://riba.app/imgrs/THUMBS%20500X500/290595.JPG
290596,FRUTO DEL MONJE SPLENDA 100 ,72277600329,Despensa,SPLENDA,Azucar Y Endulzantes,"[""Kosher""]",1,https://riba.app/imgrs/THUMBS%20500X500/290596.JPG
347422,SPLENDA STEVIA LIQUID SWEETNER,72277600333,Despensa,SPLENDA,Azucar Y Endulzantes,"[""Gluten-free"",""Keto"",""Kosher""]",1,https://riba.app/imgrs/THUMBS%20500X500/347422.JPG
347423,SP MONK FRUIT LIQUID SWEETNER,72277600491,Despensa,SPLENDA,Azucar Y Endulzantes,"[""Keto"",""Kosher""]",1,https://riba.app/imgrs/THUMBS%20500X500/347423.JPG
347421,SPLENDA ORIGINAL LIQUID SWEETN,72277600493,Despensa,SPLENDA,Azucar Y Endulzantes,"[""Keto"",""Kosher""]",1,https://riba.app/imgrs/THUMBS%20500X500/347421.JPG
330246,SPLENDA ORIGINAL GRANULAR,72277600529,Despensa,SPLENDA,Azucar Y Endulzantes,"[""Kosher""]",1,https://riba.app/imgrs/THUMBS%20500X500/330246.JPG
330247,SPLENDA STEVIA GRANULAR,72277600530,Despensa,SPLENDA,Azucar Y Endulzantes,"[""Kosher""]",1,https://riba.app/imgrs/THUMBS%20500X500/330247.JPG
330245,SPLENDA F DEL MONJE GRANULAR,72277600531,Despensa,SPLENDA,Azucar Y Endulzantes,"[""Kosher""]",1,https://riba.app/imgrs/THUMBS%20500X500/330245.JPG
17759,SPLENDA SUGAR SUBSTITUTE,72277602001,Despensa,SPLENDA,Azucar Y Endulzantes,"[""Kosher""]",1,https://riba.app/imgrs/THUMBS%20500X500/17759.JPG
17762,SPLENDA SUGAR SUBST,72277602002,Despensa,SPLENDA,Azucar Y Endulzantes,"[""Kosher""]",1,https://riba.app/imgrs/THUMBS%20500X500/17762.JPG
17789,SPLENDA 200  SOBRES 1GRS,72277620062,Despensa,SPLENDA,Azucar Y Endulzantes,"[""Kosher""]",1,https://riba.app/imgrs/THUMBS%20500X500/17789.JPG
133361,SPLENDA SUGAR GRANULAR,72277621004,Despensa,SPLENDA,Azucar Y Endulzantes,"[""Gluten-free"",""Kosher""]",1,https://riba.app/imgrs/THUMBS%20500X500/133361.JPG
133360,SPLENDA SUGAR BLEND F BAKING,72277623001,Despensa,SPLENDA,Azucar Y Endulzantes,"[""Gluten-free"",""Kosher""]",1,https://riba.app/imgrs/THUMBS%20500X500/133360.JPG
133363,SPLNDA BRWN SUGAR BLND,72277623032,Despensa,SPLENDA,Azucar Y Endulzantes,"[""Gluten-free"",""Kosher""]",1,https://riba.app/imgrs/THUMBS%20500X500/133363.JPG
286439,GREEK FETA SALAD IN OIL,7236839381,Despensa,DELALLO,Conservas Y Encurtidos,NULL,1,https://riba.app/imgrs/THUMBS%20500X500/286439.JPG
286440,PETTID OLIVES JUBILEE IN OIL,7236839384,Despensa,DELALLO,Conservas Y Encurtidos,NULL,1,https://riba.app/imgrs/THUMBS%20500X500/286440.JPG
351092,DEALLO SPICY SWEET OLIVE SALAD,7236839487,Despensa,DELALLO,Conservas Y Encurtidos,NULL,1,https://riba.app/imgrs/THUMBS%20500X500/351092.JPG
307738,DELLALO ENTRETAINING COLLECTIO,7236850239,Despensa,DELALLO,Conservas Y Encurtidos,NULL,1,https://riba.app/imgrs/THUMBS%20500X500/307738.JPG
44504,GRANDMA S MOLASSES ORIGINAL,7240071124,Despensa,GRANDMA S,Siropes,"[""Kosher""]",1,https://riba.app/imgrs/THUMBS%20500X500/44504.JPG
129480,WF THOUSANDS ISLAND DRSS CF,7245733102,Despensa,WALDEN FARMS,Aderezos Y Salsas,"[""Keto"",""Kosher"",""Vegano""]",1,https://riba.app/imgrs/THUMBS%20500X500/129480.JPG
129481,WF BLE CHEESE CALORIE FREE,7245733103,Despensa,WALDEN FARMS,Aderezos Y Salsas,"[""Gluten-free"",""Keto"",""Kosher""]",1,https://riba.app/imgrs/THUMBS%20500X500/129481.JPG
129482,WF RANCH DRESSING CLR FREE,7245733104,Despensa,WALDEN FARMS,Aderezos Y Salsas,"[""Keto"",""Kosher"",""Vegano""]",1,https://riba.app/imgrs/THUMBS%20500X500/129482.JPG
129483,WF HONEY DIJON CALORIE FREE,7245733105,Despensa,WALDEN FARMS,Aderezos Y Salsas,"[""Gluten-free"",""Kosher""]",1,https://riba.app/imgrs/THUMBS%20500X500/129483.JPG
129484,WF CREAMY BACON CALORIE DREE,7245733106,Despensa,WALDEN FARMS,Aderezos Y Salsas,"[""Keto"",""Kosher"",""Vegano""]",1,https://riba.app/imgrs/THUMBS%20500X500/129484.JPG
129476,WF CESAR DRESSING FF,7245733107,Despensa,WALDEN FARMS,Aderezos Y Salsas,"[""Keto"",""Kosher""]",1,https://riba.app/imgrs/THUMBS%20500X500/129476.JPG
129477,WF BALSAMIC VINAIGRETTE FF,7245733108,Despensa,WALDEN FARMS,Aderezos Y Salsas,"[""Keto"",""Kosher"",""Vegano""]",1,https://riba.app/imgrs/THUMBS%20500X500/129477.JPG
129486,WF DRESSING BACON RANCH,7245733110,Despensa,WALDEN FARMS,Aderezos Y Salsas,"[""Keto"",""Kosher"",""Vegano""]",1,https://riba.app/imgrs/THUMBS%20500X500/129486.JPG
129490,WF RASPBERRY VINAGT CRL FREE,7245733113,Despensa,WALDEN FARMS,Aderezos Y Salsas,"[""Gluten-free"",""Keto"",""Kosher"",""Vegano""]",1,https://riba.app/imgrs/THUMBS%20500X500/129490.JPG
189856,WF SESAME GINGER DRESSING CF,7245733120,Despensa,WALDEN FARMS,Aderezos Y Salsas,"[""Keto"",""Kosher"",""Vegano""]",1,https://riba.app/imgrs/THUMBS%20500X500/189856.JPG
338190,WF STREET TACO RANCH SAUCE,7245735100,Despensa,WALDEN FARMS,Aderezos Y Salsas,"[""Keto"",""Kosher"",""Vegano""]",1,https://riba.app/imgrs/THUMBS%20500X500/338190.JPG
51610,WALDEN BBQ SAUCE HONEY,7245755022,Despensa,WALDEN FARMS,Aderezos Y Salsas,NULL,1,https://riba.app/imgrs/THUMBS%20500X500/51610.JPG
51604,WALDEN BBQ SAUCE THICK N SPICY,7245755033,Despensa,WALDEN FARMS,Aderezos Y Salsas,NULL,1,https://riba.app/imgrs/THUMBS%20500X500/51604.JPG
51654,WF SEAFOOD SAUCE SUGAR FREE,7245788022,Despensa,WALDEN FARMS,Aderezos Y Salsas,"[""Gluten-free"",""Kosher"",""Vegano""]",1,https://riba.app/imgrs/THUMBS%20500X500/51654.JPG
129467,WF CHOCOLAT SYRUP CLR FREE,7245788055,Despensa,WALDEN FARMS,Siropes,"[""Gluten-free"",""Kosher"",""Vegano""]",1,https://riba.app/imgrs/THUMBS%20500X500/129467.JPG
129475,WF PANCAKE SYRUP CALR FREE,7245788066,Despensa,WALDEN FARMS,Siropes,"[""Gluten-free"",""Kosher"",""Vegano""]",1,https://riba.app/imgrs/THUMBS%20500X500/129475.JPG
354404,MAPLE WALNUT SYRUP,7245788070,Despensa,WALDEN FARMS,Siropes,"[""Gluten-free"",""Kosher"",""Vegano""]",1,https://riba.app/imgrs/THUMBS%20500X500/354404.JPG
57722,JIFFY CORN MUFFIN,7248600220,Despensa,JIFFY,Reposteria,NULL,1,https://riba.app/imgrs/THUMBS%20500X500/57722.JPG
307498,SALSA MANGO HABANERO MVILLE,7273603210,Despensa,MARGARITA VILLE,Aderezos Y Salsas,"[""Kosher""]",1,https://riba.app/imgrs/THUMBS%20500X500/307498.JPG
300841,SALSA NASHVILLE HOT  FRIDAY,7273603401,Despensa,FRIDAY S,Aderezos Y Salsas,"[""Gluten-free"",""Kosher""]",1,https://riba.app/imgrs/THUMBS%20500X500/300841.JPG
330690,SAL MARINA LIGHT SELINA NAT,72806010008,Despensa,SELINA NATURALLY,Condimentos Y Semillas,"[""Gluten-free"",""Kosher""]",1,https://riba.app/imgrs/THUMBS%20500X500/330690.JPG
330689,SAL MARINA GRANOS FINOS SELFIN,72806010500,Despensa,SELINA NATURALLY,Condimentos Y Semillas,"[""Gluten-free"",""Kosher""]",1,https://riba.app/imgrs/THUMBS%20500X500/330689.JPG
15078,COCKTEL FRUTAS ,7281010300,Despensa,LIGO,Conservas Y Encurtidos,NULL,1,https://riba.app/imgrs/THUMBS%20500X500/15078.JPG
242790,TOMATE EN CUADRITOS,7281011266,Despensa,LIGO,Conservas Y Encurtidos,NULL,1,https://riba.app/imgrs/THUMBS%20500X500/242790.JPG
23268,GUISANTES DULCES,7281013253,Despensa,LIGO,Conservas Y Encurtidos,NULL,1,https://riba.app/imgrs/THUMBS%20500X500/23268.JPG
15077,COCKTEL DE FRUTALES,7281017500,Despensa,LIGO,Conservas Y Encurtidos,NULL,1,https://riba.app/imgrs/THUMBS%20500X500/15077.JPG
15079,COCKTAIL DE FRUTAS,7281018200,Despensa,LIGO,Conservas Y Encurtidos,NULL,1,https://riba.app/imgrs/THUMBS%20500X500/15079.JPG
15080,GARBANZOS LIGO,7281021202,Despensa,LIGO,Arroz Y Granos,NULL,1,https://riba.app/imgrs/THUMBS%20500X500/15080.JPG
65361,REMOLACHA EN CUBITOS,7281023105,Despensa,LIGO,Conservas Y Encurtidos,NULL,1,https://riba.app/imgrs/THUMBS%20500X500/65361.JPG
142393,REMOLACHA REBANADAS 24 X 15 OZ,7281023110,Despensa,LIGO,Conservas Y Encurtidos,NULL,1,https://riba.app/imgrs/THUMBS%20500X500/142393.JPG
23271,MAIZ ENTERO,7281024099,Despensa,LIGO,Conservas Y Encurtidos,NULL,1,https://riba.app/imgrs/THUMBS%20500X500/23271.JPG
23270,VEGETALES MIXTOS,7281024302,Despensa,LIGO,Conservas Y Encurtidos,NULL,1,https://riba.app/imgrs/THUMBS%20500X500/23270.JPG
23265,VEGETALES MIXTOS,7281024317,Despensa,LIGO,Conservas Y Encurtidos,NULL,1,https://riba.app/imgrs/THUMBS%20500X500/23265.JPG
23387,GUISANTES CON ZANAHORIAS,7281025270,Despensa,LIGO,Conservas Y Encurtidos,NULL,1,https://riba.app/imgrs/THUMBS%20500X500/23387.JPG
23267,GUISANTE CON ZANAHORIAS,7281025362,Despensa,LIGO,Conservas Y Encurtidos,NULL,1,https://riba.app/imgrs/THUMBS%20500X500/23267.JPG
23266,GUISANTES DULCES  ,7281034084,Despensa,LIGO,Conservas Y Encurtidos,NULL,1,https://riba.app/imgrs/THUMBS%20500X500/23266.JPG
23388,MAIZ EN CREMA ,7281034093,Despensa,LIGO,Conservas Y Encurtidos,NULL,1,https://riba.app/imgrs/THUMBS%20500X500/23388.JPG
23269,MAIZ ENTERO,7281034128,Despensa,LIGO,Conservas Y Encurtidos,NULL,1,https://riba.app/imgrs/THUMBS%20500X500/23269.JPG
357319,SALSA ESPESA HERDEZ,7287836894,Despensa,HERDEZ,Aderezos Y Salsas,NULL,1,https://riba.app/imgrs/THUMBS%20500X500/357319.JPG
255460,ALMOND BUTTER OG CRUNCHY,73055500126,Despensa,MAISIE JANE S,Jaleas Mantequillas Y Mermeladas,"[""Gluten-free"",""Orgánico"",""Vegano""]",1,https://riba.app/imgrs/THUMBS%20500X500/255460.JPG
153252,RAYADO ,73170100120,Despensa,ROMA ,Pastas Secas,NULL,1,https://riba.app/imgrs/THUMBS%20500X500/153252.JPG
153254,CANELON,73170100129,Despensa,ROMA ,Pastas Secas,NULL,1,https://riba.app/imgrs/THUMBS%20500X500/153254.JPG
153260,CABELLO ROMA 18 X 250 GR,73170100136,Despensa,ROMA ,Pastas Secas,NULL,1,https://riba.app/imgrs/THUMBS%20500X500/153260.JPG
109702,TORNILLO ROMA ,73170100140,Despensa,ROMA ,Pastas Secas,NULL,1,https://riba.app/imgrs/THUMBS%20500X500/109702.JPG
153263,CODOS RAYADOS,73170100144,Despensa,ROMA ,Pastas Secas,NULL,1,https://riba.app/imgrs/THUMBS%20500X500/153263.JPG
153255,PLUMAS ,73170100146,Despensa,ROMA ,Pastas Secas,NULL,1,https://riba.app/imgrs/THUMBS%20500X500/153255.JPG
301254,LASAGNA ROMA 400G,73170101432,Despensa,ROMA ,Pastas Secas,NULL,1,https://riba.app/imgrs/THUMBS%20500X500/301254.JPG
319723,LASANA LISTA AL HORNO ROMA,73170101713,Despensa,ROMA ,Pastas Secas,NULL,1,https://riba.app/imgrs/THUMBS%20500X500/319723.JPG
308747,TALLARIN ROMA 300G,73170101723,Despensa,ROMA ,Pastas Secas,NULL,1,https://riba.app/imgrs/THUMBS%20500X500/308747.JPG
54486,SPAGHETTI ,73170104056,Despensa,ROMA ,Pastas Secas,NULL,1,https://riba.app/imgrs/THUMBS%20500X500/54486.JPG
153262,SPAGUETTI ROMA ,73170110104,Despensa,ROMA ,Pastas Secas,NULL,1,https://riba.app/imgrs/THUMBS%20500X500/153262.JPG
153253,TORNILLO TRICOLOR,73170112240,Despensa,ROMA ,Pastas Secas,NULL,1,https://riba.app/imgrs/THUMBS%20500X500/153253.JPG
153256,PLUMAS TRICOLOR ,73170112246,Despensa,ROMA ,Pastas Secas,NULL,1,https://riba.app/imgrs/THUMBS%20500X500/153256.JPG
306817,CHOW CHOW SWEET RELISH,7320900007,Despensa,MRS. CAMPBELL S,Conservas Y Encurtidos,"[""Kosher""]",1,https://riba.app/imgrs/THUMBS%20500X500/306817.JPG
107195,QUEEN OLIVES W MINCED PIMENTO,7321400108,Despensa,MEZZETTA BRAND,Conservas Y Encurtidos,NULL,1,https://riba.app/imgrs/THUMBS%20500X500/107195.JPG
227862,OLIVE ANTIPASTO SPICY ITL,7321400725,Despensa,JEFF S NATURALS,Conservas Y Encurtidos,"[""Gluten-free"",""Vegano""]",1,https://riba.app/imgrs/THUMBS%20500X500/227862.JPG
344873,JALAPEÑO PEPPERS,7321400726,Despensa,JEFF´S NATURALS,Conservas Y Encurtidos,"[""Gluten-free"",""Kosher"",""Vegano""]",1,https://riba.app/imgrs/THUMBS%20500X500/344873.JPG
227861,OLIVES CASTELVETRANO,7321400745,Despensa,JEFF S NATURALS,Conservas Y Encurtidos,"[""Gluten-free"",""Vegano""]",1,https://riba.app/imgrs/THUMBS%20500X500/227861.JPG
339257,PITTED CASTELVETRANO OLIVES ,7321400800,Despensa,JEFF´S NATURALS,Conservas Y Encurtidos,"[""Gluten-free""]",1,https://riba.app/imgrs/THUMBS%20500X500/339257.JPG
145995,HOOTERS WING SAUCE MEDIUM,73328600002,Despensa,HOOTERS,Aderezos Y Salsas,NULL,1,https://riba.app/imgrs/THUMBS%20500X500/145995.JPG
51578,HOOTERS BBQ WING SAUCE HOT,73328600003,Despensa,HOOTERS,Aderezos Y Salsas,NULL,1,https://riba.app/imgrs/THUMBS%20500X500/51578.JPG
351896,CREAMY SPINACH ALFREDO SAUCE ,73363633103,Despensa,SONOMA,Aderezos Y Salsas,NULL,1,https://riba.app/imgrs/THUMBS%20500X500/351896.JPG
231238,SWEET GINGER CHI SAUCE,73402790127,Despensa,THE GINGER PEOPLE,Aderezos Y Salsas,"[""Gluten-free"",""Vegano""]",1,https://riba.app/imgrs/THUMBS%20500X500/231238.JPG
293589,"RICE, OG2, BRN BASMTI, SPRTD A",7341600330,Despensa,LUNDBERG,Arroz Y Granos,"[""Gluten-free"",""Kosher"",""Orgánico""]",1,https://riba.app/imgrs/THUMBS%20500X500/293589.JPG
266429,ORG SPROUTED SHORT BROWN RICE,7341600355,Despensa,LUNDBERG,Arroz Y Granos,"[""Gluten-free"",""Kosher"",""Orgánico""]",1,https://riba.app/imgrs/THUMBS%20500X500/266429.JPG
343976,WILD RICE LUNDBERG ORG,7341600432,Despensa,LUNDBERG,Arroz Y Granos,"[""Gluten-free"",""Kosher"",""Orgánico""]",1,https://riba.app/imgrs/THUMBS%20500X500/343976.JPG
295212,RISOTTO PORCINI MUSHROOM,7341602035,Despensa,LUNDBERG,Arroz Y Granos,"[""Gluten-free"",""Kosher"",""Orgánico""]",1,https://riba.app/imgrs/THUMBS%20500X500/295212.JPG
357684,LUNDBERG SUSHI GRN ORG,7341604003,Despensa,LUNDBERG,Arroz Y Granos,"[""Gluten-free"",""Kosher"",""Orgánico""]",1,https://riba.app/imgrs/THUMBS%20500X500/357684.JPG
72713,CALIF WHITE JASMINE NUTRA FARM,7341604022,Despensa,LUNDBERG,Arroz Y Granos,"[""Gluten-free"",""Kosher"",""Orgánico""]",1,https://riba.app/imgrs/THUMBS%20500X500/72713.JPG
149662,RICE JASMINE WHITE GOURMET ORG,7341604028,Despensa,LUNDBERG,Arroz Y Granos,"[""Gluten-free"",""Kosher"",""Orgánico""]",1,https://riba.app/imgrs/THUMBS%20500X500/149662.JPG
144301,RICE JASMINE BROWN GOURMET ORG,7341604058,Despensa,LUNDBERG,Arroz Y Granos,"[""Gluten-free"",""Kosher"",""Orgánico""]",1,https://riba.app/imgrs/THUMBS%20500X500/144301.JPG
293586,"RICE, OG1, LONG GRAIN, WHITE 1",7341619774,Despensa,LUNDBERG,Arroz Y Granos,"[""Gluten-free"",""Kosher"",""Orgánico""]",1,https://riba.app/imgrs/THUMBS%20500X500/293586.JPG
213773,RICE BASMATI WHITE GOURMET,7341640153,Despensa,LUNDBERG,Arroz Y Granos,"[""Gluten-free"",""Kosher""]",1,https://riba.app/imgrs/THUMBS%20500X500/213773.JPG
50786,RICE BASMATI BROWN GOURMET ORG,7341640203,Despensa,LUNDBERG,Arroz Y Granos,"[""Gluten-free"",""Kosher"",""Orgánico""]",1,https://riba.app/imgrs/THUMBS%20500X500/50786.JPG
50787,RICE BASMATI WHITE GOUMET ORG,7341640204,Despensa,LUNDBERG,Arroz Y Granos,NULL,1,https://riba.app/imgrs/THUMBS%20500X500/50787.JPG
293591,RICE SUSHI GOURMET ORG,7341653490,Despensa,LUNDBERG,Arroz Y Granos,"[""Gluten-free"",""Kosher"",""Orgánico""]",1,https://riba.app/imgrs/THUMBS%20500X500/293591.JPG
266427,ORG BLACK PEARL RICE,7341654260,Despensa,LUNDBERG,Arroz Y Granos,"[""Gluten-free"",""Kosher"",""Orgánico""]",1,https://riba.app/imgrs/THUMBS%20500X500/266427.JPG
266437,ORG RISOTTO CREAMY PARMESAN,7341654430,Despensa,LUNDBERG,Arroz Y Granos,"[""Gluten-free"",""Kosher"",""Orgánico""]",1,https://riba.app/imgrs/THUMBS%20500X500/266437.JPG
317248,PICANTE PRETTY SPICY AFRO,73419142981,Despensa,TIO IVAN,Aderezos Y Salsas,NULL,1,https://riba.app/imgrs/THUMBS%20500X500/317248.JPG
6076,SIROPE ORIGINAL,73441400014,Despensa,GOLD MILLS,Siropes,NULL,1,https://riba.app/imgrs/THUMBS%20500X500/6076.JPG
6078,HARINA PARA PANCAKE ,73441400016,Despensa,GOLD MILLS,Harinas,"[""Kosher""]",1,https://riba.app/imgrs/THUMBS%20500X500/6078.JPG
6079,HARINA DE TRIGO,73441400018,Despensa,GOLD MILLS,Harinas,"[""Kosher""]",1,https://riba.app/imgrs/THUMBS%20500X500/6079.JPG
6080,HARINA DE TRIGO ,73441400019,Despensa,GOLD MILLS,Harinas,"[""Kosher""]",1,https://riba.app/imgrs/THUMBS%20500X500/6080.JPG
78097,RINA PARA HOJALDRE & EMPANADAS,73441400042,Despensa,GOLD MILLS,Harinas,"[""Kosher""]",1,https://riba.app/imgrs/THUMBS%20500X500/78097.JPG
106495,MAICENA ORIGINAL ,73441400073,Despensa,GOLD MILLS,Avenas Y Cremas,"[""Kosher""]",1,https://riba.app/imgrs/THUMBS%20500X500/106495.JPG
106498,MAICENA DE FRESA ,73441400076,Despensa,GOLD MILLS,Avenas Y Cremas,"[""Kosher""]",1,https://riba.app/imgrs/THUMBS%20500X500/106498.JPG
106499,MAICENA DE BANANO ,73441400077,Despensa,GOLD MILLS,Avenas Y Cremas,"[""Kosher""]",1,https://riba.app/imgrs/THUMBS%20500X500/106499.JPG
106500,MAICENA DE VAINILLA ,73441400078,Despensa,GOLD MILLS,Avenas Y Cremas,"[""Kosher""]",1,https://riba.app/imgrs/THUMBS%20500X500/106500.JPG
121368,HARINA PARA PANCAKE COMPLETO,73441400094,Despensa,GOLD MILLS,Harinas,"[""Kosher""]",1,https://riba.app/imgrs/THUMBS%20500X500/121368.JPG
126036,HARINA P PANCAKES COMPLETO,73441400095,Despensa,GOLD MILLS,Harinas,"[""Kosher""]",1,https://riba.app/imgrs/THUMBS%20500X500/126036.JPG
121369,SIROPE DE MAIZ DIETA,73441400096,Despensa,GOLD MILLS,Siropes,NULL,1,https://riba.app/imgrs/THUMBS%20500X500/121369.JPG
186082,SIROPE ORIGINAL ,73441411115,Despensa,GOLD MILLS,Siropes,NULL,1,https://riba.app/imgrs/THUMBS%20500X500/186082.JPG
235492,SIROPE LIGHT ,73441411160,Despensa,GOLD MILLS,Siropes,NULL,1,https://riba.app/imgrs/THUMBS%20500X500/235492.JPG
282071,HOJALDRE Y EMPANADA MIX 400GR,73441411195,Despensa,GOLD MILLS,Harinas,NULL,1,https://riba.app/imgrs/THUMBS%20500X500/282071.JPG
294550,POLVO DE HORNEAR 47 GR,73441411257,Despensa,GOLD MILLS,Reposteria,"[""Kosher""]",1,https://riba.app/imgrs/THUMBS%20500X500/294550.JPG
302625,HARINA DURA PARA PAN GOLD MILS,73441411286,Despensa,GOLD MILLS,Harinas,"[""Kosher""]",1,https://riba.app/imgrs/THUMBS%20500X500/302625.JPG
273827,EZEKIEL ORIGINAL ORGANIC,7347200255,Despensa,FOOD FOR LIFE,Cereales Y Granola,"[""Kosher"",""Orgánico"",""Vegano""]",1,https://riba.app/imgrs/THUMBS%20500X500/273827.JPG
152543,EZEKIEL GOLDEN FLAX 16OZ,7347200256,Despensa,FOOD FOR LIFE,Cereales Y Granola,"[""Kosher"",""Orgánico"",""Vegano""]",1,https://riba.app/imgrs/THUMBS%20500X500/152543.JPG
152544,EZEKIEL CEREAL CINNAMON RAISIN,7347200257,Despensa,FOOD FOR LIFE,Cereales Y Granola,"[""Kosher"",""Orgánico"",""Vegano""]",1,https://riba.app/imgrs/THUMBS%20500X500/152544.JPG
152542,EZEKIEL CEREAL ALMOND,7347200258,Despensa,FOOD FOR LIFE,Cereales Y Granola,"[""Kosher"",""Orgánico"",""Vegano""]",1,https://riba.app/imgrs/THUMBS%20500X500/152542.JPG
328311,EZEKIEL CEREAL LOW SODIUM,7347200259,Despensa,FOOD FOR LIFE,Cereales Y Granola,"[""Kosher"",""Orgánico"",""Vegano""]",1,https://riba.app/imgrs/THUMBS%20500X500/328311.JPG
288295,STUBB OIRGINAL BBQ SAUCE,73475600002,Despensa,STUBBS,Aderezos Y Salsas,"[""Gluten-free"",""Kosher""]",1,https://riba.app/imgrs/THUMBS%20500X500/288295.JPG
288296,STUBBS SMOKEY MESQUITE BBQ SAU,73475600006,Despensa,STUBBS,Aderezos Y Salsas,"[""Gluten-free"",""Kosher""]",1,https://riba.app/imgrs/THUMBS%20500X500/288296.JPG
288298,STUBBS HICKORY BBQ SAUCE,73475600008,Despensa,STUBBS,Aderezos Y Salsas,"[""Gluten-free"",""Kosher""]",1,https://riba.app/imgrs/THUMBS%20500X500/288298.JPG
288297,STUBBS SWEET HEAT BBQ SAUCE,73475600009,Despensa,STUBBS,Aderezos Y Salsas,"[""Gluten-free"",""Kosher""]",1,https://riba.app/imgrs/THUMBS%20500X500/288297.JPG
334935,SALSA MARINADA STUBBS CARNE,73475600201,Despensa,STUBBS,Aderezos Y Salsas,"[""Gluten-free"",""Kosher""]",1,https://riba.app/imgrs/THUMBS%20500X500/334935.JPG
334936,SALSA MARINADA POLLO STUBBS,73475600202,Despensa,STUBBS,Aderezos Y Salsas,"[""Gluten-free"",""Kosher""]",1,https://riba.app/imgrs/THUMBS%20500X500/334936.JPG
261579,MIRACLE WHIP DOYPACK ,73505100020,Despensa,KRAFT,Aderezos Y Salsas,NULL,1,https://riba.app/imgrs/THUMBS%20500X500/261579.JPG
320594,MAYONESA KRAFT DYPK 350G,73505100038,Despensa,KRAFT,Aderezos Y Salsas,NULL,1,https://riba.app/imgrs/THUMBS%20500X500/320594.JPG
316282,MIRACLE WIP DPYPACK 650 GR,73505100041,Despensa,KRAFT,Aderezos Y Salsas,NULL,1,https://riba.app/imgrs/THUMBS%20500X500/316282.JPG
336207,MIRACLE WHIP DOYPACK 350 GR,73505100092,Despensa,KRAFT,Aderezos Y Salsas,NULL,1,https://riba.app/imgrs/THUMBS%20500X500/336207.JPG
337719,KETCHUP UNTABLE KRAFT,73505100176,Despensa,KRAFT,Aderezos Y Salsas,NULL,1,https://riba.app/imgrs/THUMBS%20500X500/337719.JPG
337723,KETCHUP KRAFT UNTABLE,73505100177,Despensa,KRAFT,Aderezos Y Salsas,NULL,1,https://riba.app/imgrs/THUMBS%20500X500/337723.JPG
339455,SALSITA CASERA HEINZ,73505100197,Despensa,HEINZ,Aderezos Y Salsas,NULL,1,https://riba.app/imgrs/THUMBS%20500X500/339455.JPG
339452,SALSA CARNE HEINZ,73505100220,Despensa,HEINZ,Aderezos Y Salsas,NULL,1,https://riba.app/imgrs/THUMBS%20500X500/339452.JPG
339453,SALSA RANCHERA HEINZ,73505100222,Despensa,HEINZ,Aderezos Y Salsas,NULL,1,https://riba.app/imgrs/THUMBS%20500X500/339453.JPG
339454,SALSA HEINZ CON HONGOS,73505100224,Despensa,HEINZ,Aderezos Y Salsas,NULL,1,https://riba.app/imgrs/THUMBS%20500X500/339454.JPG
278366,KETCHUP DOYPACK,73505101636,Despensa,HEINZ,Aderezos Y Salsas,NULL,1,https://riba.app/imgrs/THUMBS%20500X500/278366.JPG
236091,KETCHUP DOYPACK HEINZ,73505101637,Despensa,HEINZ,Aderezos Y Salsas,NULL,1,https://riba.app/imgrs/THUMBS%20500X500/236091.JPG
279991,AVOCADO OIL,73621170108,Despensa,CHOSEN FOODS,Aceites Y Mantecas,"[""Kosher""]",1,https://riba.app/imgrs/THUMBS%20500X500/279991.JPG
352472,CALDO DE POLLO DONA KATHE,73637266229,Despensa,DOÑA KATHE,Sopas Y Cremas,"[""Gluten-free"",""Kosher""]",1,https://riba.app/imgrs/THUMBS%20500X500/352472.JPG
136795,SUNBUTTER NATURAL CREAMY,73753919120,Despensa,SUNBUTTER,Jaleas Mantequillas Y Mermeladas,"[""Gluten-free"",""Kosher""]",1,https://riba.app/imgrs/THUMBS%20500X500/136795.JPG
112834,STIR FRY RICE NOODLES LINGUINI,73762802525,Despensa,THAI KITCHEN,Pastas Secas,"[""Gluten-free""]",1,https://riba.app/imgrs/THUMBS%20500X500/112834.JPG
117867,THAI KITCHEN FRY RICE NOODLES,73762802560,Despensa,THAI KITCHEN,Pastas Secas,"[""Gluten-free""]",1,https://riba.app/imgrs/THUMBS%20500X500/117867.JPG
338850,HARINA MAIZ BLANCA GLUTTEN FRE,73990700001,Despensa,P.A.N.,Harinas,"[""Gluten-free"",""Kosher""]",1,https://riba.app/imgrs/THUMBS%20500X500/338850.JPG
338851,HARINA MAIZ AMARILLA GLUT FREE,73990700206,Despensa,P.A.N.,Harinas,"[""Gluten-free"",""Kosher""]",1,https://riba.app/imgrs/THUMBS%20500X500/338851.JPG
148749, REFRITOS DE FRIJOLES NEGROS,740100070522,Despensa,DEL MONTE,Arroz Y Granos,NULL,1,https://riba.app/imgrs/THUMBS%20500X500/148749.JPG
338708,ACEITE IDEAL DE SOYA,740100150679,Despensa,IDEAL (ACEITE),Aceites Y Mantecas,NULL,1,https://riba.app/imgrs/THUMBS%20500X500/338708.JPG
340983,ACEITE IDEAL SOYA 800 ML,740100158724,Despensa,IDEAL (ACEITE),Aceites Y Mantecas,NULL,1,https://riba.app/imgrs/THUMBS%20500X500/340983.JPG
344706,ACEITE IDEAL GIRASOL,740100158773,Despensa,IDEAL (ACEITE),Aceites Y Mantecas,NULL,1,https://riba.app/imgrs/THUMBS%20500X500/344706.JPG
343384,ACEITE SOYA COCINERO,740100158782,Despensa,COCINERO,Aceites Y Mantecas,NULL,1,https://riba.app/imgrs/THUMBS%20500X500/343384.JPG
269577,ALOLIVO ADEREZO RANCH,740100421314,Despensa,AL OLIVO,Aderezos Y Salsas,NULL,1,https://riba.app/imgrs/THUMBS%20500X500/269577.JPG
269578,ALOLIVO ADEREZO CESAR 240 G,740100421315,Despensa,AL OLIVO,Aderezos Y Salsas,NULL,1,https://riba.app/imgrs/THUMBS%20500X500/269578.JPG
269579,ALOLIVO ADEREZO ITALIANO,740100421317,Despensa,AL OLIVO,Aderezos Y Salsas,NULL,1,https://riba.app/imgrs/THUMBS%20500X500/269579.JPG
343623,MAYONESA LIVIANA ALOLIVO,740100422117,Despensa,AL OLIVO,Aderezos Y Salsas,NULL,1,https://riba.app/imgrs/THUMBS%20500X500/343623.JPG
344585,MAYONESA ALOLIVO LIMON,740100422121,Despensa,AL OLIVO,Aderezos Y Salsas,NULL,1,https://riba.app/imgrs/THUMBS%20500X500/344585.JPG
343620,MAYONESA ALOLIVO S COLESTEROL,740100422128,Despensa,AL OLIVO,Aderezos Y Salsas,NULL,1,https://riba.app/imgrs/THUMBS%20500X500/343620.JPG
344584,MAYONESA ALOLIVO LIVIANA,740100422129,Despensa,AL OLIVO,Aderezos Y Salsas,NULL,1,https://riba.app/imgrs/THUMBS%20500X500/344584.JPG
279889,KETCHUP 0% AZUCAR,740113340001,Despensa,SAVORE,Aderezos Y Salsas,NULL,1,https://riba.app/imgrs/THUMBS%20500X500/279889.JPG
279888,SIROPE 0% AZUCAR ,740113340002,Despensa,SAVORE,Siropes,"[""Keto""]",1,https://riba.app/imgrs/THUMBS%20500X500/279888.JPG
279886,NUTRI PANCAKE AVENA ,740113340004,Despensa,SAVORE,Harinas,NULL,1,https://riba.app/imgrs/THUMBS%20500X500/279886.JPG
279887,NUTRIN PANCAKE BANANO,740113340015,Despensa,SAVORE,Harinas,NULL,1,https://riba.app/imgrs/THUMBS%20500X500/279887.JPG
291000,NUTRIPANKES MULTIGR ARANDANO,740113340036,Despensa,SAVORE,Harinas,NULL,1,https://riba.app/imgrs/THUMBS%20500X500/291000.JPG
319158,NUTRIPANKES AVENA Y FRAMBUESA,740113340038,Despensa,SAVORE,Harinas,NULL,1,https://riba.app/imgrs/THUMBS%20500X500/319158.JPG
300236,NUTRIPANKES DE AVENA QUINOA,740113340059,Despensa,SAVORE,Harinas,NULL,1,https://riba.app/imgrs/THUMBS%20500X500/300236.JPG
340404,NUTRIPANKES KIDS SAVORE,740113340092,Despensa,SAVORE,Harinas,"[""Gluten-free"",""Kosher""]",1,https://riba.app/imgrs/THUMBS%20500X500/340404.JPG
332698,GRANOLA CON LINAZA GRAN DIA,740600708015,Despensa,GRAN DIA,Cereales Y Granola,NULL,1,https://riba.app/imgrs/THUMBS%20500X500/332698.JPG
332699,GRANOLA GD CON ALMENDRA,740600708057,Despensa,GRAN DIA,Cereales Y Granola,NULL,1,https://riba.app/imgrs/THUMBS%20500X500/332699.JPG
332654,GRANOLA CON YOGURT GRAN DIA,740600708097,Despensa,GRAN DIA,Cereales Y Granola,NULL,1,https://riba.app/imgrs/THUMBS%20500X500/332654.JPG
332697,GRANOLA GD GRANOS ANCESTTRALES,740600708191,Despensa,GRAN DIA,Cereales Y Granola,NULL,1,https://riba.app/imgrs/THUMBS%20500X500/332697.JPG
332653,GRANOLA CON PASAS GRAN DIA,740600708309,Despensa,GRAN DIA,Cereales Y Granola,NULL,1,https://riba.app/imgrs/THUMBS%20500X500/332653.JPG
351848,MULTICEREAL GRAN DIA ALMENDRA,740600708347,Despensa,GRAN DIA,Cereales Y Granola,NULL,1,https://riba.app/imgrs/THUMBS%20500X500/351848.JPG
351845,MULTICEREAL GRAN DIA CHOCOLATE,740600708348,Despensa,GRAN DIA,Cereales Y Granola,NULL,1,https://riba.app/imgrs/THUMBS%20500X500/351845.JPG
351849,MULTICEREAL GRAN DIA MANZANA,740600708349,Despensa,GRAN DIA,Cereales Y Granola,NULL,1,https://riba.app/imgrs/THUMBS%20500X500/351849.JPG
148752,DM REFRITOS FRIJOLES NEGROS,740618900619,Despensa,DEL MONTE,Arroz Y Granos,NULL,1,https://riba.app/imgrs/THUMBS%20500X500/148752.JPG
148756,DM REFRITOS FRIJOLES ROJOS,740618900620,Despensa,DEL MONTE,Arroz Y Granos,NULL,1,https://riba.app/imgrs/THUMBS%20500X500/148756.JPG
294729,SALSA SPAGHETY TOMATE ALBAHACA,740618900887,Despensa,DEL MONTE,Aderezos Y Salsas,NULL,1,https://riba.app/imgrs/THUMBS%20500X500/294729.JPG
294728,SALSA SPAGHETY AJO CEBOLLA,740618900888,Despensa,DEL MONTE,Aderezos Y Salsas,NULL,1,https://riba.app/imgrs/THUMBS%20500X500/294728.JPG
313501,PALMITO EN TROZOS,741003139637,Despensa,CALVO,Conservas Y Encurtidos,"[""Gluten-free"",""Kosher""]",1,https://riba.app/imgrs/THUMBS%20500X500/313501.JPG
23290,MAYONESA ,741100020008,Despensa,MC.CORMICK (MAYO/ADE,Aderezos Y Salsas,NULL,1,https://riba.app/imgrs/THUMBS%20500X500/23290.JPG
23291,MAYONESA ,741100020016,Despensa,MC.CORMICK (MAYO/ADE,Aderezos Y Salsas,NULL,1,https://riba.app/imgrs/THUMBS%20500X500/23291.JPG
23292,MAYONESA ,741100020032,Despensa,MC.CORMICK (MAYO/ADE,Aderezos Y Salsas,NULL,1,https://riba.app/imgrs/THUMBS%20500X500/23292.JPG
253034,ADEREZO SUPER WHIP  350GR,741100020080,Despensa,MC.CORMICK (MAYO/ADE,Aderezos Y Salsas,NULL,1,https://riba.app/imgrs/THUMBS%20500X500/253034.JPG
259735,ADEREZO CILANTRO BOT ,741100020099,Despensa,MC.CORMICK (MAYO/ADE,Aderezos Y Salsas,NULL,1,https://riba.app/imgrs/THUMBS%20500X500/259735.JPG
259738,ADEREZO CHIPOTLE PARMESANO BOT,741100020113,Despensa,MC.CORMICK (MAYO/ADE,Aderezos Y Salsas,NULL,1,https://riba.app/imgrs/THUMBS%20500X500/259738.JPG
264014,MAYONESA CHILE CHIPOTL DOYPACK,741100020174,Despensa,MC.CORMICK (MAYO/ADE,Aderezos Y Salsas,NULL,1,https://riba.app/imgrs/THUMBS%20500X500/264014.JPG
302357,MAYONESA CREMOSA MCCORMICK,741100020224,Despensa,MC.CORMICK (MAYO/ADE,Aderezos Y Salsas,NULL,1,https://riba.app/imgrs/THUMBS%20500X500/302357.JPG
269472,SALSA AJO Y CEBOLLA,741100020229,Despensa,MC.CORMICK(CONDIMENTOS),Aderezos Y Salsas,NULL,1,https://riba.app/imgrs/THUMBS%20500X500/269472.JPG
269473,SALSA CILANTRO LIMON,741100020230,Despensa,MC.CORMICK(CONDIMENTOS),Aderezos Y Salsas,NULL,1,https://riba.app/imgrs/THUMBS%20500X500/269473.JPG
291782,SAZONADOR CASERO ,741100020309,Despensa,MC.CORMICK(CONDIMENTOS),Condimentos Y Semillas,NULL,1,https://riba.app/imgrs/THUMBS%20500X500/291782.JPG
298823,SALSA AGRIDULCE MCCORMICK,741100020319,Despensa,MC.CORMICK (MAYO/ADE,Aderezos Y Salsas,NULL,1,https://riba.app/imgrs/THUMBS%20500X500/298823.JPG
307901,SAZONADOR CON COSOME POLLO,741100020336,Despensa,MC.CORMICK(CONDIMENTOS),Condimentos Y Semillas,NULL,1,https://riba.app/imgrs/THUMBS%20500X500/307901.JPG
322271,SALSA TERIYAKI MCCORMICK,741100020391,Despensa,MC.CORMICK(CONDIMENTOS),Aderezos Y Salsas,NULL,1,https://riba.app/imgrs/THUMBS%20500X500/322271.JPG
331202,ADEREZO RANCH DOYPACK 180GR,741100020412,Despensa,MC.CORMICK (MAYO/ADE,Aderezos Y Salsas,NULL,1,https://riba.app/imgrs/THUMBS%20500X500/331202.JPG
331207,ADEREZO CAESAR DOYPACK 180GR,741100020413,Despensa,MC.CORMICK (MAYO/ADE,Aderezos Y Salsas,NULL,1,https://riba.app/imgrs/THUMBS%20500X500/331207.JPG
331208,SANDWICH SPREAD DOYPACK 180GR,741100020415,Despensa,MC.CORMICK (MAYO/ADE,Aderezos Y Salsas,NULL,1,https://riba.app/imgrs/THUMBS%20500X500/331208.JPG
331193,SANDWICH SPREAD DOYPACK 350G,741100020416,Despensa,MC.CORMICK (MAYO/ADE,Aderezos Y Salsas,NULL,1,https://riba.app/imgrs/THUMBS%20500X500/331193.JPG
331191,MOSTAZA & MIEL DOYPACK 350 G,741100020422,Despensa,MC.CORMICK (MAYO/ADE,Aderezos Y Salsas,NULL,1,https://riba.app/imgrs/THUMBS%20500X500/331191.JPG
331199,MOSTAZA PREPARADA DOYPACK 180G,741100020423,Despensa,MC.CORMICK (MAYO/ADE,Aderezos Y Salsas,NULL,1,https://riba.app/imgrs/THUMBS%20500X500/331199.JPG
331196,MOSTAZA PREPARADA DOYPACK 350G,741100020425,Despensa,MC.CORMICK (MAYO/ADE,Aderezos Y Salsas,NULL,1,https://riba.app/imgrs/THUMBS%20500X500/331196.JPG
331212,MOSTAZA PARA MARINAR 180GR,741100020428,Despensa,MC.CORMICK (MAYO/ADE,Aderezos Y Salsas,NULL,1,https://riba.app/imgrs/THUMBS%20500X500/331212.JPG
331215,SALSA BARBACOA CON MIEL 180ML,741100020429,Despensa,MC.CORMICK (MAYO/ADE,Aderezos Y Salsas,NULL,1,https://riba.app/imgrs/THUMBS%20500X500/331215.JPG
331195,MAYONESA LIGHT DOYPACK 350 GR,741100020465,Despensa,MC.CORMICK (MAYO/ADE,Aderezos Y Salsas,NULL,1,https://riba.app/imgrs/THUMBS%20500X500/331195.JPG
331194,MAYONESA DE OLIVA DOYPACK 350G,741100020467,Despensa,MC.CORMICK (MAYO/ADE,Aderezos Y Salsas,NULL,1,https://riba.app/imgrs/THUMBS%20500X500/331194.JPG
331198,MAYONESA DOYPACK 180GR,741100020474,Despensa,MC.CORMICK (MAYO/ADE,Aderezos Y Salsas,NULL,1,https://riba.app/imgrs/THUMBS%20500X500/331198.JPG
331197,MAYONESA DOYPACK 350GR,741100020475,Despensa,MC.CORMICK (MAYO/ADE,Aderezos Y Salsas,NULL,1,https://riba.app/imgrs/THUMBS%20500X500/331197.JPG
331206,SALSA BARBACOA ORIGINAL 180GR,741100020476,Despensa,MC.CORMICK (MAYO/ADE,Aderezos Y Salsas,NULL,1,https://riba.app/imgrs/THUMBS%20500X500/331206.JPG
331201,MOSTAZA & MIEL DOYPACK 180GR,741100020477,Despensa,MC.CORMICK (MAYO/ADE,Aderezos Y Salsas,NULL,1,https://riba.app/imgrs/THUMBS%20500X500/331201.JPG
331214,SALSA BARBACOA CRIOLLA 180GR,741100020479,Despensa,MC.CORMICK (MAYO/ADE,Aderezos Y Salsas,NULL,1,https://riba.app/imgrs/THUMBS%20500X500/331214.JPG
331213,SALSA BARBACOA CON PIÑA 180GR,741100020480,Despensa,MC.CORMICK (MAYO/ADE,Aderezos Y Salsas,NULL,1,https://riba.app/imgrs/THUMBS%20500X500/331213.JPG
357570,MAYONESA CLASICA MCCORMICK,741100020481,Despensa,MC.CORMICK (MAYO/ADE,Aderezos Y Salsas,NULL,1,https://riba.app/imgrs/THUMBS%20500X500/357570.JPG
331209,ADEREZO CILANTRO DOYPACK 180GR,741100020482,Despensa,MC.CORMICK (MAYO/ADE,Aderezos Y Salsas,NULL,1,https://riba.app/imgrs/THUMBS%20500X500/331209.JPG
331211,ADEREZO CHIPOTLE PARM 180G,741100020483,Despensa,MC.CORMICK (MAYO/ADE,Aderezos Y Salsas,NULL,1,https://riba.app/imgrs/THUMBS%20500X500/331211.JPG
331203,MAYONESA DELICREMOSA DOY 180GR,741100020484,Despensa,MC.CORMICK (MAYO/ADE,Aderezos Y Salsas,NULL,1,https://riba.app/imgrs/THUMBS%20500X500/331203.JPG
337181,ADEREZO UNTABLE A LA PARRILLA,741100020514,Despensa,MC.CORMICK (MAYO/ADE,Aderezos Y Salsas,NULL,1,https://riba.app/imgrs/THUMBS%20500X500/337181.JPG
334937,SAZONADOR JALISCO CHILE LIMON,741100020515,Despensa,MC.CORMICK(CONDIMENTOS),Condimentos Y Semillas,NULL,1,https://riba.app/imgrs/THUMBS%20500X500/334937.JPG
352721,MAYONESA CLASICA DOYPACK,741100020526,Despensa,MC.CORMICK (MAYO/ADE,Aderezos Y Salsas,NULL,1,https://riba.app/imgrs/THUMBS%20500X500/352721.JPG
23297,MAYONESA CON PEPINO,741100020800,Despensa,MC.CORMICK (MAYO/ADE,Aderezos Y Salsas,NULL,1,https://riba.app/imgrs/THUMBS%20500X500/23297.JPG
23298,MAYONESA CON PEPINO,741100020801,Despensa,MC.CORMICK (MAYO/ADE,Aderezos Y Salsas,NULL,1,https://riba.app/imgrs/THUMBS%20500X500/23298.JPG
234867,MAYONESA OLIVA DOYPACK,741100020831,Despensa,MC.CORMICK (MAYO/ADE,Aderezos Y Salsas,NULL,1,https://riba.app/imgrs/THUMBS%20500X500/234867.JPG
23302,MOSTAZA  ,741100021004,Despensa,MC.CORMICK (MAYO/ADE,Aderezos Y Salsas,NULL,1,https://riba.app/imgrs/THUMBS%20500X500/23302.JPG
23304,MOSTAZA CHOW CHOW,741100021019,Despensa,MC.CORMICK (MAYO/ADE,Aderezos Y Salsas,NULL,1,https://riba.app/imgrs/THUMBS%20500X500/23304.JPG
23306,MOSTAZA C PIÑA MC CORMICK,741100021020,Despensa,MC.CORMICK (MAYO/ADE,Aderezos Y Salsas,NULL,1,https://riba.app/imgrs/THUMBS%20500X500/23306.JPG
248733,AJO MOLIDO ,741100021704,Despensa,MC.CORMICK(ESPECIAS),Condimentos Y Semillas,NULL,1,https://riba.app/imgrs/THUMBS%20500X500/248733.JPG
265519,COMINO MOLIDO SOBRE ,741100021727,Despensa,MC.CORMICK(ESPECIAS),Condimentos Y Semillas,NULL,1,https://riba.app/imgrs/THUMBS%20500X500/265519.JPG
248734,SAL CON AJO ,741100021764,Despensa,MC.CORMICK(ESPECIAS),Condimentos Y Semillas,NULL,1,https://riba.app/imgrs/THUMBS%20500X500/248734.JPG
248735,SAZONADOR COMPLETO ,741100021767,Despensa,MC.CORMICK(ESPECIAS),Condimentos Y Semillas,NULL,1,https://riba.app/imgrs/THUMBS%20500X500/248735.JPG
248736,AJO MIX ,741100021768,Despensa,MC.CORMICK(ESPECIAS),Condimentos Y Semillas,NULL,1,https://riba.app/imgrs/THUMBS%20500X500/248736.JPG
231161,AJOMIX MC CORMICK,741100022205,Despensa,MC.CORMICK(ESPECIAS),Condimentos Y Semillas,NULL,1,https://riba.app/imgrs/THUMBS%20500X500/231161.JPG
331254,SAZONADOR MEZCLA MEDITERRANEA,741100022207,Despensa,MC.CORMICK(CONDIMENTOS),Condimentos Y Semillas,NULL,1,https://riba.app/imgrs/THUMBS%20500X500/331254.JPG
322165,SAZONADOR PARA CARNE MCCORMICK,741100022279,Despensa,MC.CORMICK(CONDIMENTOS),Condimentos Y Semillas,NULL,1,https://riba.app/imgrs/THUMBS%20500X500/322165.JPG
331256,SAZONADOR DE MARISCOS MCCORMIC,741100022281,Despensa,MC.CORMICK(CONDIMENTOS),Condimentos Y Semillas,NULL,1,https://riba.app/imgrs/THUMBS%20500X500/331256.JPG
322169,SAZONADOR PARA POLLO MCCORMICK,741100022283,Despensa,MC.CORMICK(CONDIMENTOS),Condimentos Y Semillas,NULL,1,https://riba.app/imgrs/THUMBS%20500X500/322169.JPG
319674,SAZONADOR COMPLETO MCCORMICK,741100022289,Despensa,MC.CORMICK(CONDIMENTOS),Condimentos Y Semillas,NULL,1,https://riba.app/imgrs/THUMBS%20500X500/319674.JPG
252305,SAZONADOR COMPLETO LIQUIDO,741100022290,Despensa,MC.CORMICK(CONDIMENTOS),Condimentos Y Semillas,NULL,1,https://riba.app/imgrs/THUMBS%20500X500/252305.JPG
355663,SAZONADOR COMPLETO MCCORMICK,741100022389,Despensa,MC.CORMICK(CONDIMENTOS),Condimentos Y Semillas,NULL,1,https://riba.app/imgrs/THUMBS%20500X500/355663.JPG
322269,SALSA INGLESA MCCORMICK,741100022505,Despensa,MC.CORMICK(CONDIMENTOS),Aderezos Y Salsas,NULL,1,https://riba.app/imgrs/THUMBS%20500X500/322269.JPG
322270,SALSA INGLESA MCCORMICK 10OZ,741100022510,Despensa,MC.CORMICK(CONDIMENTOS),Aderezos Y Salsas,NULL,1,https://riba.app/imgrs/THUMBS%20500X500/322270.JPG
322265,SALSA CHINA MCCORMICK 5 OZ,741100022605,Despensa,MC.CORMICK(CONDIMENTOS),Aderezos Y Salsas,NULL,1,https://riba.app/imgrs/THUMBS%20500X500/322265.JPG
322266,SALSA CHINA 10 OZ MCCORMICK,741100022610,Despensa,MC.CORMICK(CONDIMENTOS),Aderezos Y Salsas,NULL,1,https://riba.app/imgrs/THUMBS%20500X500/322266.JPG
252321,SALSA DE AJO ,741100022712,Despensa,MC.CORMICK (MAYO/ADE,Aderezos Y Salsas,NULL,1,https://riba.app/imgrs/THUMBS%20500X500/252321.JPG
252322,SALSA  AJOMIX,741100022714,Despensa,MC.CORMICK (MAYO/ADE,Aderezos Y Salsas,NULL,1,https://riba.app/imgrs/THUMBS%20500X500/252322.JPG
252320,SALSA TERIYAKY,741100022715,Despensa,MC.CORMICK (MAYO/ADE,Aderezos Y Salsas,NULL,1,https://riba.app/imgrs/THUMBS%20500X500/252320.JPG
277563,EMPAMIX COMPLETO,741100024513,Despensa,MC.CORMICK(CONDIMENTOS),Condimentos Y Semillas,NULL,1,https://riba.app/imgrs/THUMBS%20500X500/277563.JPG
279185,ADEREZO ENSALADA CAESAR BOT MA,741100024708,Despensa,MC.CORMICK (MAYO/ADE,Aderezos Y Salsas,NULL,1,https://riba.app/imgrs/THUMBS%20500X500/279185.JPG
266246,ADEREZO ENS ITALIAN BOT,741100024718,Despensa,MC.CORMICK (MAYO/ADE,Aderezos Y Salsas,NULL,1,https://riba.app/imgrs/THUMBS%20500X500/266246.JPG
248645,ADEREZO ENSALADA MIL ISLAS ,741100024728,Despensa,MC.CORMICK (MAYO/ADE,Aderezos Y Salsas,NULL,1,https://riba.app/imgrs/THUMBS%20500X500/248645.JPG
279186,ADEREZO ENSALADA RANCH BOT MAC,741100024738,Despensa,MC.CORMICK (MAYO/ADE,Aderezos Y Salsas,NULL,1,https://riba.app/imgrs/THUMBS%20500X500/279186.JPG
266247,ADEREZO ENS VIN BALSAMICA BT,741100024745,Despensa,MC.CORMICK (MAYO/ADE,Aderezos Y Salsas,NULL,1,https://riba.app/imgrs/THUMBS%20500X500/266247.JPG
266248,ADEREZO ENS BLUE CHEESE BOTELL,741100024747,Despensa,MC.CORMICK (MAYO/ADE,Aderezos Y Salsas,NULL,1,https://riba.app/imgrs/THUMBS%20500X500/266248.JPG
112555,MAYONESA CON LIMON 380 GR,741100030967,Despensa,HELLMANN S,Aderezos Y Salsas,NULL,1,https://riba.app/imgrs/THUMBS%20500X500/112555.JPG
21701,SALSA DE TOMATE RANCHERA ,741100031393,Despensa,NATURA S,Aderezos Y Salsas,NULL,1,https://riba.app/imgrs/THUMBS%20500X500/21701.JPG
21703,SALSA DE TOMATE CON CARNE,741100031394,Despensa,NATURA S,Aderezos Y Salsas,NULL,1,https://riba.app/imgrs/THUMBS%20500X500/21703.JPG
21704,SALSA DE TOMATE HONGOS,741100031397,Despensa,NATURA S,Aderezos Y Salsas,NULL,1,https://riba.app/imgrs/THUMBS%20500X500/21704.JPG
21694,PASTA DE TOMATE,741100031398,Despensa,NATURA S,Aderezos Y Salsas,NULL,1,https://riba.app/imgrs/THUMBS%20500X500/21694.JPG
21693,PASTA DE TOMATE,741100031399,Despensa,NATURA S,Aderezos Y Salsas,NULL,1,https://riba.app/imgrs/THUMBS%20500X500/21693.JPG
259709,SALSA TOMATE RANCHERA,741100031400,Despensa,NATURA S,Aderezos Y Salsas,NULL,1,https://riba.app/imgrs/THUMBS%20500X500/259709.JPG
287349,HELLMANNS MAYO DOYPACK,741100031535,Despensa,HELLMANN S,Aderezos Y Salsas,NULL,1,https://riba.app/imgrs/THUMBS%20500X500/287349.JPG
5000,MAIZENA ORIGINAL ,741100034250,Despensa,DURYEA,Reposteria,NULL,1,https://riba.app/imgrs/THUMBS%20500X500/5000.JPG
133144,MAYONESA LIVIANA 190 GR,741100034295,Despensa,HELLMANN S,Aderezos Y Salsas,NULL,1,https://riba.app/imgrs/THUMBS%20500X500/133144.JPG
161516,SALSA SOFRITO CRIOLLO,741100034477,Despensa,NATURA S,Aderezos Y Salsas,NULL,1,https://riba.app/imgrs/THUMBS%20500X500/161516.JPG
21699,SALSA DE TOMATE CON HONGOS ,741100034482,Despensa,NATURA S,Aderezos Y Salsas,NULL,1,https://riba.app/imgrs/THUMBS%20500X500/21699.JPG
161513,SALSA DE TOMATE CON CARNE,741100034483,Despensa,NATURA S,Aderezos Y Salsas,NULL,1,https://riba.app/imgrs/THUMBS%20500X500/161513.JPG
21695,SALSA DE TOMATE CON QUESO ,741100034484,Despensa,NATURA S,Aderezos Y Salsas,NULL,1,https://riba.app/imgrs/THUMBS%20500X500/21695.JPG
161509,SALSA DE TOMATE RANCHERA,741100034485,Despensa,NATURA S,Aderezos Y Salsas,NULL,1,https://riba.app/imgrs/THUMBS%20500X500/161509.JPG
21764,SOPA DE POLLO CON FIDEO,741100034535,Despensa,KNORR,Sopas Y Cremas,NULL,1,https://riba.app/imgrs/THUMBS%20500X500/21764.JPG
116575,SOPA DE GALLINA CRIOLLA,741100034537,Despensa,KNORR,Sopas Y Cremas,NULL,1,https://riba.app/imgrs/THUMBS%20500X500/116575.JPG
116574, SOPA DE COSTILLA CRIOLLA C FI,741100034540,Despensa,KNORR,Sopas Y Cremas,NULL,1,https://riba.app/imgrs/THUMBS%20500X500/116574.JPG
148586, SANCOCHO ,741100034541,Despensa,KNORR,Sopas Y Cremas,NULL,1,https://riba.app/imgrs/THUMBS%20500X500/148586.JPG
287601,ACEITE PABO 3LTS,74117624032,Despensa,PABO,Aceites Y Mantecas,"[""Kosher""]",1,https://riba.app/imgrs/THUMBS%20500X500/287601.JPG
285153,ACEITE VEGETAL NATURAL,74117625007,Despensa,PABO,Aceites Y Mantecas,NULL,1,https://riba.app/imgrs/THUMBS%20500X500/285153.JPG
287541,PABO ACEITE VEGETAL 1.5 LTS,74117625026,Despensa,PABO,Aceites Y Mantecas,"[""Kosher""]",1,https://riba.app/imgrs/THUMBS%20500X500/287541.JPG
287502,ACEITE PABO 900 ML,74117625027,Despensa,PABO,Aceites Y Mantecas,NULL,1,https://riba.app/imgrs/THUMBS%20500X500/287502.JPG
240835,COCONUT COOKING OIL,74239270290,Despensa,CARRINGTON FARMS,Aceites Y Mantecas,"[""Gluten-free"",""Orgánico""]",1,https://riba.app/imgrs/THUMBS%20500X500/240835.JPG
277528,LIQUID AMINOS,7430500010,Despensa,BRAGG,Aderezos Y Salsas,"[""Gluten-free"",""Vegano""]",1,https://riba.app/imgrs/THUMBS%20500X500/277528.JPG
139825,BRAGG LIQUID AMINOS ,7430500016,Despensa,BRAGG,Aderezos Y Salsas,"[""Gluten-free"",""Kosher""]",1,https://riba.app/imgrs/THUMBS%20500X500/139825.JPG
127144,BRAGG ALL NATURAL SOY SAUCE,7430500032,Despensa,BRAGG,Aderezos Y Salsas,"[""Gluten-free"",""Kosher"",""Vegano""]",1,https://riba.app/imgrs/THUMBS%20500X500/127144.JPG
131576,ORG APPLE CIDER VINEGAR,7430500116,Despensa,BRAGG,Vinagre,"[""Gluten-free"",""Kosher"",""Orgánico""]",1,https://riba.app/imgrs/THUMBS%20500X500/131576.JPG
214130,APPLE CIDER VINEGAR ORGANIC ,7430500132,Despensa,BRAGG,Vinagre,"[""Gluten-free"",""Kosher"",""Orgánico""]",1,https://riba.app/imgrs/THUMBS%20500X500/214130.JPG
277529,ORG COCONUT LIQUID AMINOS,7430500610,Despensa,BRAGG,Aderezos Y Salsas,"[""Gluten-free"",""Kosher"",""Orgánico"",""Vegano""]",1,https://riba.app/imgrs/THUMBS%20500X500/277529.JPG
319304,APPLE VING & HONEY BRAGG,7430501316,Despensa,BRAGG,Vinagre,"[""Gluten-free"",""Kosher"",""Orgánico""]",1,https://riba.app/imgrs/THUMBS%20500X500/319304.JPG
319314,ACV CRANBERRY APPLE,7430501716,Despensa,BRAGG,Vinagre,"[""Gluten-free"",""Orgánico""]",1,https://riba.app/imgrs/THUMBS%20500X500/319314.JPG
214651,APPLE CIDER GINGER SPICE ORG,7430505116,Despensa,BRAGG,Vinagre,"[""Gluten-free"",""Kosher"",""Orgánico""]",1,https://riba.app/imgrs/THUMBS%20500X500/214651.JPG
204160,BRAGG ORG APLE  CIDER VINEG,7430505216,Despensa,BRAGG,Vinagre,"[""Gluten-free"",""Kosher"",""Orgánico""]",1,https://riba.app/imgrs/THUMBS%20500X500/204160.JPG
319324,HERBS & SPICE SPRINKLE ORG,7430506002,Despensa,BRAGG,Condimentos Y Semillas,"[""Gluten-free"",""Kosher"",""Orgánico""]",1,https://riba.app/imgrs/THUMBS%20500X500/319324.JPG
324309,SMOKY BBQ BRAGG NTRITIONAL YEA,7430506602,Despensa,BRAGG,Condimentos Y Semillas,"[""Gluten-free"",""Keto"",""Kosher"",""Vegano""]",1,https://riba.app/imgrs/THUMBS%20500X500/324309.JPG
324310,ROASTED GARLIC NUTRITIONAL YEA,7430506604,Despensa,BRAGG,Condimentos Y Semillas,"[""Gluten-free"",""Keto"",""Kosher"",""Vegano""]",1,https://riba.app/imgrs/THUMBS%20500X500/324310.JPG
193822,BRAGG SEASONING NUTRL YEAST,7430506605,Despensa,BRAGG,Condimentos Y Semillas,"[""Gluten-free"",""Kosher""]",1,https://riba.app/imgrs/THUMBS%20500X500/193822.JPG
319914,OH SNAP SWEET PICKLE BITES,7432912325,Despensa,OH SNAP,Conservas Y Encurtidos,"[""Gluten-free"",""Kosher""]",1,https://riba.app/imgrs/THUMBS%20500X500/319914.JPG
319924,OH SNAP DILL KOSHER PICKLE,7432912336,Despensa,OH SNAP,Conservas Y Encurtidos,"[""Kosher""]",1,https://riba.app/imgrs/THUMBS%20500X500/319924.JPG
319926,OH SNAP CARROT CUTIES,7432912340,Despensa,OH SNAP,Conservas Y Encurtidos,"[""Gluten-free"",""Kosher""]",1,https://riba.app/imgrs/THUMBS%20500X500/319926.JPG
290550,AH ORG BROWN RICE FLOUR,7433368423,Despensa,ARROWHEAD MILLS,Harinas,"[""Gluten-free"",""Kosher"",""Orgánico""]",1,https://riba.app/imgrs/THUMBS%20500X500/290550.JPG
290551,AH ORG COCONUT FLOUR,7433368426,Despensa,ARROWHEAD MILLS,Harinas,"[""Gluten-free"",""Kosher"",""Orgánico""]",1,https://riba.app/imgrs/THUMBS%20500X500/290551.JPG
290548,AH ORG ALL PURPOSE FLOUR,7433368428,Despensa,ARROWHEAD MILLS,Harinas,"[""Gluten-free"",""Kosher"",""Orgánico""]",1,https://riba.app/imgrs/THUMBS%20500X500/290548.JPG
243716,ARROWHEAD FLOUR ORG RYE,7433368429,Despensa,ARROWHEAD MILLS,Harinas,"[""Kosher"",""Orgánico""]",1,https://riba.app/imgrs/THUMBS%20500X500/243716.JPG
290552,AH ORG SPELT FLOUR,7433368431,Despensa,ARROWHEAD MILLS,Harinas,"[""Kosher"",""Orgánico""]",1,https://riba.app/imgrs/THUMBS%20500X500/290552.JPG
290530,ORG OAT FLOUR,7433368435,Despensa,ARROWHEAD MILLS,Harinas,"[""Kosher"",""Orgánico""]",1,https://riba.app/imgrs/THUMBS%20500X500/290530.JPG
238437,RICESELECT JASMATI,7440161041,Despensa,RICESELECT,Arroz Y Granos,"[""Gluten-free"",""Kosher""]",1,https://riba.app/imgrs/THUMBS%20500X500/238437.JPG
185868,RICE SELETC ORZO TRI COLOR ,7440170141,Despensa,RICESELECT,Arroz Y Granos,"[""Kosher""]",1,https://riba.app/imgrs/THUMBS%20500X500/185868.JPG
185872,RICE SELETC ORZO TRADITIONAL,7440170241,Despensa,RICESELECT,Arroz Y Granos,"[""Kosher""]",1,https://riba.app/imgrs/THUMBS%20500X500/185872.JPG
315639,RSELECT COUSCUS ORIGINAL PRL ,7440170923,Despensa,RICESELECT,Arroz Y Granos,"[""Keto"",""Orgánico""]",1,https://riba.app/imgrs/THUMBS%20500X500/315639.JPG
297155,RICE SELETC COSCOUIS ,7440171423,Despensa,RICESELECT,Arroz Y Granos,"[""Keto""]",1,https://riba.app/imgrs/THUMBS%20500X500/297155.JPG
280371,QUINOA TRI-COLOR,7440173422,Despensa,RICESELECT,Arroz Y Granos,"[""Gluten-free"",""Kosher""]",1,https://riba.app/imgrs/THUMBS%20500X500/280371.JPG
162339,RS COSCOUS TRI COLOR,7440173432,Despensa,RICESELECT,Arroz Y Granos,"[""Kosher""]",1,https://riba.app/imgrs/THUMBS%20500X500/162339.JPG
341835,ROYAL BLEN WHOLE GRAIN WILD ,7440176032,Despensa,RICESELECT,Arroz Y Granos,"[""Kosher""]",1,https://riba.app/imgrs/THUMBS%20500X500/341835.JPG
191566,RICE SELECT ARBORIO ITALIAN,7440191041,Despensa,RICESELECT,Arroz Y Granos,"[""Gluten-free"",""Kosher""]",1,https://riba.app/imgrs/THUMBS%20500X500/191566.JPG
283590,RICESELECT ORG TEXMATI WHT RIC,7440191141,Despensa,RICESELECT,Arroz Y Granos,"[""Gluten-free"",""Kosher"",""Orgánico""]",1,https://riba.app/imgrs/THUMBS%20500X500/283590.JPG
283589,RICESELECT ORG TEXMATI BROWN,7440193041,Despensa,RICESELECT,Arroz Y Granos,"[""Gluten-free"",""Kosher"",""Orgánico""]",1,https://riba.app/imgrs/THUMBS%20500X500/283589.JPG
283588,RICESELECT ORG JASMATI,7440196041,Despensa,RICESELECT,Arroz Y Granos,"[""Gluten-free"",""Kosher"",""Orgánico""]",1,https://riba.app/imgrs/THUMBS%20500X500/283588.JPG
297156,RICE SELECT ARBORIO JAR ORG ,7440199041,Despensa,RICESELECT,Arroz Y Granos,"[""Gluten-free"",""Kosher"",""Orgánico""]",1,https://riba.app/imgrs/THUMBS%20500X500/297156.JPG
269283,PALMITOS ENTERO PREMIUM,744100070810,Despensa,LA CIMA,Conservas Y Encurtidos,"[""Kosher""]",1,https://riba.app/imgrs/THUMBS%20500X500/269283.JPG
169557,PALMITOS EN PIEZAS,744100070811,Despensa,LA CIMA,Conservas Y Encurtidos,"[""Kosher""]",1,https://riba.app/imgrs/THUMBS%20500X500/169557.JPG
169558,PALMITOS ENTEROS PREMIUM ,744100070814,Despensa,LA CIMA,Conservas Y Encurtidos,NULL,1,https://riba.app/imgrs/THUMBS%20500X500/169558.JPG
342373,PALMITO EN MEDALLONES,744100070994,Despensa,LA CIMA,Conservas Y Encurtidos,"[""Kosher""]",1,https://riba.app/imgrs/THUMBS%20500X500/342373.JPG
218355,HARINA DE MAIZ AMARILLO L GLUT,744100071167,Despensa,MASECA,Harinas,"[""Gluten-free""]",1,https://riba.app/imgrs/THUMBS%20500X500/218355.JPG
265714,HARINA JUANA BLANCA,744100071406,Despensa,JUANA,Harinas,NULL,1,https://riba.app/imgrs/THUMBS%20500X500/265714.JPG
265716,HARINA JUANA AMARILLA,744100071407,Despensa,JUANA,Harinas,NULL,1,https://riba.app/imgrs/THUMBS%20500X500/265716.JPG
255650,GELATINA DIET X PURA ,744100554320,Despensa,DIET X ,Reposteria,"[""Keto""]",1,https://riba.app/imgrs/THUMBS%20500X500/255650.JPG
255651,FLAN DIET X VAINILLA LIGHT ,744100561074,Despensa,DIET X ,Reposteria,NULL,1,https://riba.app/imgrs/THUMBS%20500X500/255651.JPG
272841,GELATINA LIMON ,744100561186,Despensa,DIET X ,Reposteria,"[""Keto""]",1,https://riba.app/imgrs/THUMBS%20500X500/272841.JPG
255649,GELATINA DIET X FRESA ,744100561187,Despensa,DIET X ,Reposteria,"[""Keto""]",1,https://riba.app/imgrs/THUMBS%20500X500/255649.JPG
272842,GELATINA FRAMBUESA ,744100561192,Despensa,DIET X ,Reposteria,"[""Keto""]",1,https://riba.app/imgrs/THUMBS%20500X500/272842.JPG
272838,GELATINA DULCE DE LECHE,744100563300,Despensa,DIET X ,Reposteria,NULL,1,https://riba.app/imgrs/THUMBS%20500X500/272838.JPG
272839,GELATINA CHEESE DE FRESA ,744100563301,Despensa,DIET X ,Reposteria,NULL,1,https://riba.app/imgrs/THUMBS%20500X500/272839.JPG
344486,GELANTINA DIETX TROPICAL,744100563928,Despensa,DIET X ,Reposteria,"[""Keto""]",1,https://riba.app/imgrs/THUMBS%20500X500/344486.JPG
344489,GELATINA DIETX ALOE VERA,744100563929,Despensa,DIET X ,Reposteria,"[""Keto""]",1,https://riba.app/imgrs/THUMBS%20500X500/344489.JPG
344485,GELATINA DIETX ARANDANOS,744100563930,Despensa,DIET X ,Reposteria,"[""Keto""]",1,https://riba.app/imgrs/THUMBS%20500X500/344485.JPG
272840,GALATINA CEREZA DIET X,744100569276,Despensa,DIET X ,Reposteria,"[""Keto""]",1,https://riba.app/imgrs/THUMBS%20500X500/272840.JPG
161975,TAPA DE DULCE MOLIDA,744101791005,Despensa,EL CAÑERO,Azucar Y Endulzantes,"[""Kosher""]",1,https://riba.app/imgrs/THUMBS%20500X500/161975.JPG
169064,RASPADURA EL CAÑERO ORGANICA ,744101791015,Despensa,EL CAÑERO,Azucar Y Endulzantes,"[""Kosher""]",1,https://riba.app/imgrs/THUMBS%20500X500/169064.JPG
336580,AVENA MOLIDA SIN GLUTEN,744102820214,Despensa,JINCA FOODS,Harinas,"[""Gluten-free""]",1,https://riba.app/imgrs/THUMBS%20500X500/336580.JPG
301681,GOMA XANTHAN GLUTEN FREE,744102820267,Despensa,JINCA FOODS,Reposteria,"[""Gluten-free""]",1,https://riba.app/imgrs/THUMBS%20500X500/301681.JPG
327888,EMPANIZADOR DE MAIZ GLUTENFREE,744102820270,Despensa,JINCA FOODS,Condimentos Y Semillas,"[""Gluten-free""]",1,https://riba.app/imgrs/THUMBS%20500X500/327888.JPG
310560,PANCAKE SUGAR FREE GLUT FREE,744102820294,Despensa,JINCA FOODS,Harinas,"[""Gluten-free""]",1,https://riba.app/imgrs/THUMBS%20500X500/310560.JPG
319511,ALMIDON DE PAPA GLUTEN FREE,744102820329,Despensa,JINCA FOODS,Reposteria,"[""Gluten-free""]",1,https://riba.app/imgrs/THUMBS%20500X500/319511.JPG
336578,HARINA DE AMARANTO SIN GLUTEN,744102820332,Despensa,JINCA FOODS,Harinas,"[""Gluten-free""]",1,https://riba.app/imgrs/THUMBS%20500X500/336578.JPG
352719,CEREAL CHOCOLATE SIN GLUTEN,744102820362,Despensa,JINCA FOODS,Cereales Y Granola,"[""Gluten-free""]",1,https://riba.app/imgrs/THUMBS%20500X500/352719.JPG
323338,PANCAKE MIX GLUTEN FREE PROTEI,744102820374,Despensa,JINCA FOODS,Harinas,"[""Gluten-free""]",1,https://riba.app/imgrs/THUMBS%20500X500/323338.JPG
331678,GOLDEN MILK LECHE DORADA,744102820422,Despensa,JINCA FOODS,Condimentos Y Semillas,NULL,1,https://riba.app/imgrs/THUMBS%20500X500/331678.JPG
310557,MEZCLA QUEQUE VAINILLA GLUT FR,744102820531,Despensa,JINCA FOODS,Reposteria,"[""Gluten-free""]",1,https://riba.app/imgrs/THUMBS%20500X500/310557.JPG
310556,PREMEZCLA QUEQUE CHOCO GLUT FR,744102820532,Despensa,JINCA FOODS,Reposteria,"[""Gluten-free""]",1,https://riba.app/imgrs/THUMBS%20500X500/310556.JPG
285532,PREMEZCLA PARA PAN MULTIG GLUT,744102820534,Despensa,JINCA FOODS,Harinas,"[""Gluten-free""]",1,https://riba.app/imgrs/THUMBS%20500X500/285532.JPG
293866,PREMEZCLA PIZZA GLUTEN FREE,744102820537,Despensa,JINCA FOODS,Harinas,"[""Gluten-free""]",1,https://riba.app/imgrs/THUMBS%20500X500/293866.JPG
301680,PANCAKE GLUTENF JINCAFOODS,744102820538,Despensa,JINCA FOODS,Harinas,"[""Gluten-free""]",1,https://riba.app/imgrs/THUMBS%20500X500/301680.JPG
352720,CEREAL GUINEO SIN GLUTEN,744102820550,Despensa,JINCA FOODS,Cereales Y Granola,"[""Gluten-free""]",1,https://riba.app/imgrs/THUMBS%20500X500/352720.JPG
293870,HARINA DE COCO GLUTEN FREE,744102820597,Despensa,JINCA FOODS,Harinas,"[""Gluten-free""]",1,https://riba.app/imgrs/THUMBS%20500X500/293870.JPG
297595,HARINA DE ARROZ JINCA FOODS,744102820709,Despensa,JINCA FOODS,Harinas,"[""Gluten-free""]",1,https://riba.app/imgrs/THUMBS%20500X500/297595.JPG
293869,HARINA DE YUCA GLUTEN FREE,744102820712,Despensa,JINCA FOODS,Harinas,"[""Gluten-free""]",1,https://riba.app/imgrs/THUMBS%20500X500/293869.JPG
285530,CHIA MOLIDA ,744102820721,Despensa,JINCA FOODS,Condimentos Y Semillas,"[""Gluten-free""]",1,https://riba.app/imgrs/THUMBS%20500X500/285530.JPG
285531,SEMILLAS DE CHIA ,744102820722,Despensa,JINCA FOODS,Condimentos Y Semillas,"[""Gluten-free""]",1,https://riba.app/imgrs/THUMBS%20500X500/285531.JPG
285533,PREMEZCLA PARA PAN PANAD RESP,744102820725,Despensa,JINCA FOODS,Harinas,"[""Gluten-free""]",1,https://riba.app/imgrs/THUMBS%20500X500/285533.JPG
349412,LINAZA MOLIDA LIBRE GLUTEN,744102820728,Despensa,JINCA FOODS,Condimentos Y Semillas,"[""Gluten-free""]",1,https://riba.app/imgrs/THUMBS%20500X500/349412.JPG
285534,POLVO PARA HORNEAR GLUTEN FREE,744102820743,Despensa,JINCA FOODS,Reposteria,"[""Gluten-free""]",1,https://riba.app/imgrs/THUMBS%20500X500/285534.JPG
297596,ALMIDON DE YUCA JINCA FOODS,744102820746,Despensa,JINCA FOODS,Harinas,"[""Gluten-free""]",1,https://riba.app/imgrs/THUMBS%20500X500/297596.JPG
293863,CEREAL GOJIBERRY COCO GLUTEN F,744102820779,Despensa,JINCA FOODS,Cereales Y Granola,"[""Gluten-free""]",1,https://riba.app/imgrs/THUMBS%20500X500/293863.JPG
310559,QUINUA CURRY COCO GLUT FREE,744102820799,Despensa,JINCA FOODS,Arroz Y Granos,"[""Gluten-free""]",1,https://riba.app/imgrs/THUMBS%20500X500/310559.JPG
269377,PASTA DE GUAYABA TROCITO 145 G,744104100273,Despensa,UJARRAS,Jaleas Mantequillas Y Mermeladas,NULL,1,https://riba.app/imgrs/THUMBS%20500X500/269377.JPG
27115,PASTA GUAYABA EN TROCITOS 200G,744104100278,Despensa,UJARRAS,Jaleas Mantequillas Y Mermeladas,"[""Gluten-free""]",1,https://riba.app/imgrs/THUMBS%20500X500/27115.JPG
269376,PASTA DE GUAYABA TROCITOS,744104100279,Despensa,UJARRAS,Jaleas Mantequillas Y Mermeladas,"[""Gluten-free""]",1,https://riba.app/imgrs/THUMBS%20500X500/269376.JPG
27119,MERMELADA DE GUAYABA,744104100280,Despensa,UJARRAS,Jaleas Mantequillas Y Mermeladas,NULL,1,https://riba.app/imgrs/THUMBS%20500X500/27119.JPG
27120,JALEA DE PINA 24  300GRS ,744104100291,Despensa,UJARRAS,Jaleas Mantequillas Y Mermeladas,NULL,1,https://riba.app/imgrs/THUMBS%20500X500/27120.JPG
27121,MERMELADA DE FRESA,744104100313,Despensa,UJARRAS,Jaleas Mantequillas Y Mermeladas,"[""Gluten-free""]",1,https://riba.app/imgrs/THUMBS%20500X500/27121.JPG
337711,MERMELADA GUAYABA SIN AZUCAR,744104100404,Despensa,UJARRAS,Jaleas Mantequillas Y Mermeladas,"[""Gluten-free""]",1,https://riba.app/imgrs/THUMBS%20500X500/337711.JPG
337715,MERMELADA PINA SIN AZUCAR,744104100405,Despensa,UJARRAS,Jaleas Mantequillas Y Mermeladas,"[""Gluten-free""]",1,https://riba.app/imgrs/THUMBS%20500X500/337715.JPG
345834,DULCE DE LECHE UJARRAS,744104100410,Despensa,UJARRAS,Jaleas Mantequillas Y Mermeladas,NULL,1,https://riba.app/imgrs/THUMBS%20500X500/345834.JPG
345835,DULCE DE LECHE CON COCO UJARRA,744104100416,Despensa,UJARRAS,Jaleas Mantequillas Y Mermeladas,NULL,1,https://riba.app/imgrs/THUMBS%20500X500/345835.JPG
224566,PIXBAE EN MITADES ,744110700011,Despensa,ALPIGO,Conservas Y Encurtidos,NULL,1,https://riba.app/imgrs/THUMBS%20500X500/224566.JPG
110752,MERMELADA GUAYABA CREMERA ,744300086050,Despensa,TRICOPILIA,Jaleas Mantequillas Y Mermeladas,NULL,1,https://riba.app/imgrs/THUMBS%20500X500/110752.JPG
110757,MERMELADA DE GUAYABA,744300086100,Despensa,TRICOPILIA,Jaleas Mantequillas Y Mermeladas,NULL,1,https://riba.app/imgrs/THUMBS%20500X500/110757.JPG
110761,MERMELADA FRESA DOYPACK ,744300086102,Despensa,TRICOPILIA,Jaleas Mantequillas Y Mermeladas,NULL,1,https://riba.app/imgrs/THUMBS%20500X500/110761.JPG
257193,MERMELADA PIÑA DOYPACK,744300086131,Despensa,TRICOPILIA,Jaleas Mantequillas Y Mermeladas,NULL,1,https://riba.app/imgrs/THUMBS%20500X500/257193.JPG
257192,MERMELADA MORA DOYPACK,744300086133,Despensa,TRICOPILIA,Jaleas Mantequillas Y Mermeladas,NULL,1,https://riba.app/imgrs/THUMBS%20500X500/257192.JPG
341467,MERMELADA GUAYABA SIN AZUCAR,744300086136,Despensa,TRICOPILIA,Jaleas Mantequillas Y Mermeladas,"[""Gluten-free"",""Keto""]",1,https://riba.app/imgrs/THUMBS%20500X500/341467.JPG
341468,MERMELADA PINA SIN AZUCAR,744300086137,Despensa,TRICOPILIA,Jaleas Mantequillas Y Mermeladas,"[""Gluten-free"",""Keto""]",1,https://riba.app/imgrs/THUMBS%20500X500/341468.JPG
341471,MERMELADA FRESA SIN AZUCAR,744300086138,Despensa,TRICOPILIA,Jaleas Mantequillas Y Mermeladas,"[""Gluten-free"",""Keto""]",1,https://riba.app/imgrs/THUMBS%20500X500/341471.JPG
67628,BOCADITOS GUAYABA  T-10,744300086150,Despensa,TRICOPILIA,Jaleas Mantequillas Y Mermeladas,NULL,1,https://riba.app/imgrs/THUMBS%20500X500/67628.JPG
67629,BOCADIT BOCADITOS GUAYABA T-18,744300086151,Despensa,TRICOPILIA,Jaleas Mantequillas Y Mermeladas,NULL,1,https://riba.app/imgrs/THUMBS%20500X500/67629.JPG
341474,BOCADITOS GUAYABA ELECTROLITOS,744300086184,Despensa,TRICOPILIA,Jaleas Mantequillas Y Mermeladas,"[""Gluten-free""]",1,https://riba.app/imgrs/THUMBS%20500X500/341474.JPG
226473,BOCADILLO GUAYABA ,744300086700,Despensa,TRICOPILIA,Jaleas Mantequillas Y Mermeladas,NULL,1,https://riba.app/imgrs/THUMBS%20500X500/226473.JPG
226475,BOCADILLO GUAYABA DULCE LECHE ,744300086701,Despensa,TRICOPILIA,Jaleas Mantequillas Y Mermeladas,NULL,1,https://riba.app/imgrs/THUMBS%20500X500/226475.JPG
144030,AZUCAR PORCIONADA,745100070001,Despensa,DURAN,Azucar Y Endulzantes,NULL,1,https://riba.app/imgrs/THUMBS%20500X500/144030.JPG
5523,SOPA DE POLLO CON FIDEO,745100071001,Despensa,CONTINENTAL,Sopas Y Cremas,NULL,1,https://riba.app/imgrs/THUMBS%20500X500/5523.JPG
110496,AJO MOLIDO,745100120011,Despensa,LA DOÑA,Condimentos Y Semillas,NULL,1,https://riba.app/imgrs/THUMBS%20500X500/110496.JPG
110501,CANELA MOLIDA ,745100120012,Despensa,LA DOÑA,Condimentos Y Semillas,"[""Kosher""]",1,https://riba.app/imgrs/THUMBS%20500X500/110501.JPG
110502,CLAVITO DE OLOR ,745100120013,Despensa,LA DOÑA,Condimentos Y Semillas,"[""Kosher""]",1,https://riba.app/imgrs/THUMBS%20500X500/110502.JPG
110504,COMINO MOLIDO ,745100120014,Despensa,LA DOÑA,Condimentos Y Semillas,"[""Kosher""]",1,https://riba.app/imgrs/THUMBS%20500X500/110504.JPG
110507,LAUREL EN HOJA ENTERAS,745100120016,Despensa,LA DOÑA,Condimentos Y Semillas,"[""Kosher""]",1,https://riba.app/imgrs/THUMBS%20500X500/110507.JPG
110509,NUEZ ENTERA ,745100120017,Despensa,LA DOÑA,Condimentos Y Semillas,NULL,1,https://riba.app/imgrs/THUMBS%20500X500/110509.JPG
110508,NUEZ MOLIDA ,745100120018,Despensa,LA DOÑA,Condimentos Y Semillas,"[""Kosher""]",1,https://riba.app/imgrs/THUMBS%20500X500/110508.JPG
110510,OREGANO ENTERO,745100120019,Despensa,LA DOÑA,Condimentos Y Semillas,"[""Kosher""]",1,https://riba.app/imgrs/THUMBS%20500X500/110510.JPG
110512,PAPRIKA MOLIDA,745100120020,Despensa,LA DOÑA,Condimentos Y Semillas,"[""Kosher""]",1,https://riba.app/imgrs/THUMBS%20500X500/110512.JPG
110513,PIMIENTA EN GRANO,745100120021,Despensa,LA DOÑA,Condimentos Y Semillas,"[""Kosher""]",1,https://riba.app/imgrs/THUMBS%20500X500/110513.JPG
81186,CURRY MOLIDO,745100120023,Despensa,LA DOÑA,Condimentos Y Semillas,NULL,1,https://riba.app/imgrs/THUMBS%20500X500/81186.JPG
148855,SAZONADOR CON ACHIOTE,745100120026,Despensa,LA DOÑA,Condimentos Y Semillas,"[""Kosher""]",1,https://riba.app/imgrs/THUMBS%20500X500/148855.JPG
81181,CALDO DE POLLO ,745100120027,Despensa,LA DOÑA,Condimentos Y Semillas,NULL,1,https://riba.app/imgrs/THUMBS%20500X500/81181.JPG
81193,AJO MOLIDO,745100120029,Despensa,LA DOÑA,Condimentos Y Semillas,NULL,1,https://riba.app/imgrs/THUMBS%20500X500/81193.JPG
110497,ANIES EN SEMILLAS,745100120038,Despensa,LA DOÑA,Condimentos Y Semillas,"[""Kosher""]",1,https://riba.app/imgrs/THUMBS%20500X500/110497.JPG
110511,OREGANO MOLIDO ,745100120052,Despensa,LA DOÑA,Condimentos Y Semillas,"[""Kosher""]",1,https://riba.app/imgrs/THUMBS%20500X500/110511.JPG
110515,ROMERO ,745100120053,Despensa,LA DOÑA,Condimentos Y Semillas,"[""Kosher""]",1,https://riba.app/imgrs/THUMBS%20500X500/110515.JPG
110518,TOMILLO,745100120054,Despensa,LA DOÑA,Condimentos Y Semillas,"[""Kosher""]",1,https://riba.app/imgrs/THUMBS%20500X500/110518.JPG
110516,SAZÒNATODO,745100120055,Despensa,LA DOÑA,Condimentos Y Semillas,"[""Kosher""]",1,https://riba.app/imgrs/THUMBS%20500X500/110516.JPG
110527,CREMA DE ARROZ MOLIDA,745100120061,Despensa,LA DOÑA,Avenas Y Cremas,"[""Kosher""]",1,https://riba.app/imgrs/THUMBS%20500X500/110527.JPG
110526,CHICHEME,745100120063,Despensa,LA DOÑA,Avenas Y Cremas,"[""Kosher""]",1,https://riba.app/imgrs/THUMBS%20500X500/110526.JPG
110528,CREMA DE AVENA MOLIDA,745100120068,Despensa,LA DOÑA,Avenas Y Cremas,"[""Kosher""]",1,https://riba.app/imgrs/THUMBS%20500X500/110528.JPG
110524,AVENA EN HOJUELAS,745100120069,Despensa,LA DOÑA,Avenas Y Cremas,"[""Kosher""]",1,https://riba.app/imgrs/THUMBS%20500X500/110524.JPG
110694,ACHIOTE EN GRANO,745100120070,Despensa,LA DOÑA,Condimentos Y Semillas,"[""Kosher""]",1,https://riba.app/imgrs/THUMBS%20500X500/110694.JPG
32492,SALSA CHINA,745100120073,Despensa,LA DOÑA,Aderezos Y Salsas,NULL,1,https://riba.app/imgrs/THUMBS%20500X500/32492.JPG
32493,SALSA INGLESA,745100120075,Despensa,LA DOÑA,Aderezos Y Salsas,NULL,1,https://riba.app/imgrs/THUMBS%20500X500/32493.JPG
148851,AJO MOLIDO,745100120110,Despensa,LA DOÑA,Condimentos Y Semillas,NULL,1,https://riba.app/imgrs/THUMBS%20500X500/148851.JPG
148854,PIMIENTA MOLIDA ,745100120111,Despensa,LA DOÑA,Condimentos Y Semillas,"[""Kosher""]",1,https://riba.app/imgrs/THUMBS%20500X500/148854.JPG
110522,PIMIENTA MOLIDA ,745100120118,Despensa,LA DOÑA,Condimentos Y Semillas,"[""Kosher""]",1,https://riba.app/imgrs/THUMBS%20500X500/110522.JPG
110521,CURRY MOLIDO,745100120119,Despensa,LA DOÑA,Condimentos Y Semillas,NULL,1,https://riba.app/imgrs/THUMBS%20500X500/110521.JPG
110519,AJO MOLIDO,745100120120,Despensa,LA DOÑA,Condimentos Y Semillas,"[""Kosher""]",1,https://riba.app/imgrs/THUMBS%20500X500/110519.JPG
110500,CANELA EN RAJA,745100120123,Despensa,LA DOÑA,Condimentos Y Semillas,"[""Kosher""]",1,https://riba.app/imgrs/THUMBS%20500X500/110500.JPG
110523,SAZONADOR DE POLLO,745100120126,Despensa,LA DOÑA,Condimentos Y Semillas,NULL,1,https://riba.app/imgrs/THUMBS%20500X500/110523.JPG
81195,PIMIENTA MOLIDA ,745100120127,Despensa,LA DOÑA,Condimentos Y Semillas,"[""Kosher""]",1,https://riba.app/imgrs/THUMBS%20500X500/81195.JPG
81178,OREGANO ENTERO ,745100120129,Despensa,LA DOÑA,Condimentos Y Semillas,"[""Kosher""]",1,https://riba.app/imgrs/THUMBS%20500X500/81178.JPG
148852,ARROCERO ,745100120150,Despensa,LA DOÑA,Condimentos Y Semillas,NULL,1,https://riba.app/imgrs/THUMBS%20500X500/148852.JPG
182314,SALSA CHINA-INGLESA-SAZONADA,745100120152,Despensa,LA DOÑA,Aderezos Y Salsas,NULL,1,https://riba.app/imgrs/THUMBS%20500X500/182314.JPG
288529,SAZONATODO LA DOÑA 10.5 OZ,745100120156,Despensa,LA DOÑA,Condimentos Y Semillas,"[""Kosher""]",1,https://riba.app/imgrs/THUMBS%20500X500/288529.JPG
81185,CANELA EN RAJA ,745100120166,Despensa,LA DOÑA,Condimentos Y Semillas,NULL,1,https://riba.app/imgrs/THUMBS%20500X500/81185.JPG
81179,CANELA MOLIDA,745100120167,Despensa,LA DOÑA,Condimentos Y Semillas,NULL,1,https://riba.app/imgrs/THUMBS%20500X500/81179.JPG
110535,HONGOS ENTEROS,745100120192,Despensa,LA DOÑA,Conservas Y Encurtidos,NULL,1,https://riba.app/imgrs/THUMBS%20500X500/110535.JPG
110536,HONGOS EN TROZOS & TALLOS,745100120193,Despensa,LA DOÑA,Conservas Y Encurtidos,NULL,1,https://riba.app/imgrs/THUMBS%20500X500/110536.JPG
288022,VINAGRE CLARO ,745100120199,Despensa,LA DOÑA,Vinagre,"[""Kosher""]",1,https://riba.app/imgrs/THUMBS%20500X500/288022.JPG
116996,AJONJOLÌ EN SEMILLA,745100120214,Despensa,LA DOÑA,Condimentos Y Semillas,"[""Kosher""]",1,https://riba.app/imgrs/THUMBS%20500X500/116996.JPG
119690,PEREJIL,745100120215,Despensa,LA DOÑA,Condimentos Y Semillas,"[""Kosher""]",1,https://riba.app/imgrs/THUMBS%20500X500/119690.JPG
116991,ALBAHACA ,745100120216,Despensa,LA DOÑA,Condimentos Y Semillas,"[""Kosher""]",1,https://riba.app/imgrs/THUMBS%20500X500/116991.JPG
116995,AJI CHOMBO ,745100120217,Despensa,LA DOÑA,Condimentos Y Semillas,"[""Kosher""]",1,https://riba.app/imgrs/THUMBS%20500X500/116995.JPG
350779,SOPITA DE CAMARON BOLSA,745100120218,Despensa,LA DOÑA,Sopas Y Cremas,NULL,1,https://riba.app/imgrs/THUMBS%20500X500/350779.JPG
350780,SOPITA DE CARNE BOLSA,745100120220,Despensa,LA DOÑA,Sopas Y Cremas,NULL,1,https://riba.app/imgrs/THUMBS%20500X500/350780.JPG
350781,SOPITA DE POLLO LA DONA,745100120221,Despensa,LA DOÑA,Sopas Y Cremas,NULL,1,https://riba.app/imgrs/THUMBS%20500X500/350781.JPG
288018,VINAGRE CLARO ,745100120227,Despensa,LA DOÑA,Vinagre,"[""Kosher""]",1,https://riba.app/imgrs/THUMBS%20500X500/288018.JPG
288019,VINAGRE OSCURO ,745100120229,Despensa,LA DOÑA,Vinagre,"[""Kosher""]",1,https://riba.app/imgrs/THUMBS%20500X500/288019.JPG
110352,GLACEADO DE JAMON,745100120231,Despensa,LA DOÑA,Aderezos Y Salsas,"[""Kosher""]",1,https://riba.app/imgrs/THUMBS%20500X500/110352.JPG
254326,KETCHUP LA DOÑA ,745100120233,Despensa,LA DOÑA,Aderezos Y Salsas,"[""Kosher""]",1,https://riba.app/imgrs/THUMBS%20500X500/254326.JPG
116993,OREGANO ENTERO,745100120238,Despensa,LA DOÑA,Condimentos Y Semillas,"[""Kosher""]",1,https://riba.app/imgrs/THUMBS%20500X500/116993.JPG
125054,CHOW MEIN ,745100120242,Despensa,LA DOÑA,Pastas Secas,NULL,1,https://riba.app/imgrs/THUMBS%20500X500/125054.JPG
288020,VINAGRE CLARO ,745100120244,Despensa,LA DOÑA,Vinagre,"[""Kosher""]",1,https://riba.app/imgrs/THUMBS%20500X500/288020.JPG
288021,VINAGRE OSCURO ,745100120245,Despensa,LA DOÑA,Vinagre,"[""Kosher""]",1,https://riba.app/imgrs/THUMBS%20500X500/288021.JPG
182311,MAYONESA,745100120249,Despensa,LA DOÑA,Aderezos Y Salsas,"[""Kosher""]",1,https://riba.app/imgrs/THUMBS%20500X500/182311.JPG
125049,PASTA DE TOMATE,745100120251,Despensa,LA DOÑA,Aderezos Y Salsas,NULL,1,https://riba.app/imgrs/THUMBS%20500X500/125049.JPG
193256,LINAZA ,745100120256,Despensa,LA DOÑA,Condimentos Y Semillas,"[""Kosher""]",1,https://riba.app/imgrs/THUMBS%20500X500/193256.JPG
254389,MAYONESA LA DOÑA ,745100120258,Despensa,LA DOÑA,Aderezos Y Salsas,"[""Kosher""]",1,https://riba.app/imgrs/THUMBS%20500X500/254389.JPG
254388,KETCHUP LA DOÑA ,745100120265,Despensa,LA DOÑA,Aderezos Y Salsas,"[""Kosher""]",1,https://riba.app/imgrs/THUMBS%20500X500/254388.JPG
182312,MAYONESA LIGERA,745100120273,Despensa,LA DOÑA,Aderezos Y Salsas,"[""Kosher""]",1,https://riba.app/imgrs/THUMBS%20500X500/182312.JPG
347247,CULANTRO LA DONA,745100120278,Despensa,LA DOÑA,Condimentos Y Semillas,"[""Kosher""]",1,https://riba.app/imgrs/THUMBS%20500X500/347247.JPG
154390,ALBAHACA TRITURADO FRASCO,745100120284,Despensa,LA DOÑA,Condimentos Y Semillas,NULL,1,https://riba.app/imgrs/THUMBS%20500X500/154390.JPG
154391,PEREJIL TRITURADO FRASCO,745100120293,Despensa,LA DOÑA,Condimentos Y Semillas,NULL,1,https://riba.app/imgrs/THUMBS%20500X500/154391.JPG
154392,CULANTRO TRITURADO FRASCO,745100120294,Despensa,LA DOÑA,Condimentos Y Semillas,"[""Kosher""]",1,https://riba.app/imgrs/THUMBS%20500X500/154392.JPG
340002,MAYONESA CON LIMON LA DONA,745100120305,Despensa,LA DOÑA,Aderezos Y Salsas,"[""Kosher""]",1,https://riba.app/imgrs/THUMBS%20500X500/340002.JPG
110514,PIMIENTA MOLIDA,745100120456,Despensa,LA DOÑA,Condimentos Y Semillas,"[""Kosher""]",1,https://riba.app/imgrs/THUMBS%20500X500/110514.JPG
110505,CURRY MOLIDO,745100120789,Despensa,LA DOÑA,Condimentos Y Semillas,NULL,1,https://riba.app/imgrs/THUMBS%20500X500/110505.JPG
81177,AJO MOLIDO FRASCO,745100120821,Despensa,LA DOÑA,Condimentos Y Semillas,"[""Kosher""]",1,https://riba.app/imgrs/THUMBS%20500X500/81177.JPG
81170,CANELA MOLIDA FRASCO,745100120869,Despensa,LA DOÑA,Condimentos Y Semillas,"[""Kosher""]",1,https://riba.app/imgrs/THUMBS%20500X500/81170.JPG
81171,C0MINO MOLIDO FRASCO,745100120906,Despensa,LA DOÑA,Condimentos Y Semillas,NULL,1,https://riba.app/imgrs/THUMBS%20500X500/81171.JPG
81144,CURRY,745100120913,Despensa,LA DOÑA,Condimentos Y Semillas,NULL,1,https://riba.app/imgrs/THUMBS%20500X500/81144.JPG
81167,OREGANO TRITURADO,745100120968,Despensa,LA DOÑA,Condimentos Y Semillas,"[""Kosher""]",1,https://riba.app/imgrs/THUMBS%20500X500/81167.JPG
81360,OREGANO MOLIDO FRASCO,745100120975,Despensa,LA DOÑA,Condimentos Y Semillas,NULL,1,https://riba.app/imgrs/THUMBS%20500X500/81360.JPG
81174,PIMENTON ESPAÑOL,745100120982,Despensa,LA DOÑA,Condimentos Y Semillas,NULL,1,https://riba.app/imgrs/THUMBS%20500X500/81174.JPG
81175,PIMIENTA MOLIDA FRASCO,745100121002,Despensa,LA DOÑA,Condimentos Y Semillas,NULL,1,https://riba.app/imgrs/THUMBS%20500X500/81175.JPG
110525,AVENA EN HOJUELAS CON CANELA,745100122001,Despensa,LA DOÑA,Avenas Y Cremas,"[""Kosher""]",1,https://riba.app/imgrs/THUMBS%20500X500/110525.JPG
287940,TRIO SALSA INGL SAZ CHINA  ,745100122010,Despensa,LA DOÑA,Aderezos Y Salsas,NULL,1,https://riba.app/imgrs/THUMBS%20500X500/287940.JPG
331175,CHOW MEIN LA DONA,745100122012,Despensa,LA DOÑA,Pastas Secas,NULL,1,https://riba.app/imgrs/THUMBS%20500X500/331175.JPG
193249,CONSOME DE MARISCO ,745100122015,Despensa,LA DOÑA,Condimentos Y Semillas,NULL,1,https://riba.app/imgrs/THUMBS%20500X500/193249.JPG
193252,CONSOME DE POLLO   ,745100122017,Despensa,LA DOÑA,Condimentos Y Semillas,NULL,1,https://riba.app/imgrs/THUMBS%20500X500/193252.JPG
193253,CALDO DE POLLO ACHIOTE CULANT,745100122018,Despensa,LA DOÑA,Condimentos Y Semillas,NULL,1,https://riba.app/imgrs/THUMBS%20500X500/193253.JPG
193254,ARROCERO ,745100122019,Despensa,LA DOÑA,Condimentos Y Semillas,NULL,1,https://riba.app/imgrs/THUMBS%20500X500/193254.JPG
192238,SALSA CHINA-SAZONADA-CONDIMENT,745100122024,Despensa,LA DOÑA,Aderezos Y Salsas,NULL,1,https://riba.app/imgrs/THUMBS%20500X500/192238.JPG
195641,SAZONADOR COMPLETO,745100122035,Despensa,LA DOÑA,Condimentos Y Semillas,NULL,1,https://riba.app/imgrs/THUMBS%20500X500/195641.JPG
197051,MAYONESA CON PEPINO BAJO GRASA,745100122044,Despensa,LA DOÑA,Aderezos Y Salsas,"[""Kosher""]",1,https://riba.app/imgrs/THUMBS%20500X500/197051.JPG
206950,SOPA DE POLLO CON FIDEOS,745100122048,Despensa,LA DOÑA,Sopas Y Cremas,NULL,1,https://riba.app/imgrs/THUMBS%20500X500/206950.JPG
288536,SALSA CON HONGOS LA DOÑA,745100122056,Despensa,LA DOÑA,Aderezos Y Salsas,"[""Kosher""]",1,https://riba.app/imgrs/THUMBS%20500X500/288536.JPG
288538,SALSA ESTILO PANAMEÑO,745100122057,Despensa,LA DOÑA,Aderezos Y Salsas,"[""Kosher""]",1,https://riba.app/imgrs/THUMBS%20500X500/288538.JPG
288542,SALSA ESTILO ITALIANA LA DOÑA,745100122058,Despensa,LA DOÑA,Aderezos Y Salsas,"[""Kosher""]",1,https://riba.app/imgrs/THUMBS%20500X500/288542.JPG
326032,CREMA MAIZ FAMILIAR LA DONA,745100122066,Despensa,LA DOÑA,Avenas Y Cremas,"[""Kosher""]",1,https://riba.app/imgrs/THUMBS%20500X500/326032.JPG
326079,HOJUELA CANELA FAMILIAR 454G,745100122067,Despensa,LA DOÑA,Avenas Y Cremas,"[""Kosher""]",1,https://riba.app/imgrs/THUMBS%20500X500/326079.JPG
326031,AVENA EN HOJUELA MGFAMILIAR,745100122068,Despensa,LA DOÑA,Avenas Y Cremas,"[""Kosher""]",1,https://riba.app/imgrs/THUMBS%20500X500/326031.JPG
206949,SOPA GALLINA CRIOLLO FIDEOS,745100122069,Despensa,LA DOÑA,Sopas Y Cremas,NULL,1,https://riba.app/imgrs/THUMBS%20500X500/206949.JPG
244466,ARROCERO LA DOÑA ,745100122072,Despensa,LA DOÑA,Condimentos Y Semillas,NULL,1,https://riba.app/imgrs/THUMBS%20500X500/244466.JPG
221087,FINAS HIERBAS,745100122074,Despensa,LA DOÑA,Condimentos Y Semillas,"[""Kosher""]",1,https://riba.app/imgrs/THUMBS%20500X500/221087.JPG
239494,SAZONADOR COMPLETO ,745100122075,Despensa,LA DOÑA,Condimentos Y Semillas,"[""Kosher""]",1,https://riba.app/imgrs/THUMBS%20500X500/239494.JPG
243697,EL PARRILLERO ,745100122076,Despensa,LA DOÑA,Condimentos Y Semillas,"[""Kosher""]",1,https://riba.app/imgrs/THUMBS%20500X500/243697.JPG
207020,SAZONADOR COMPLETO FRASCO,745100122079,Despensa,LA DOÑA,Condimentos Y Semillas,NULL,1,https://riba.app/imgrs/THUMBS%20500X500/207020.JPG
207022,EL PARRILLERO FRASCO ,745100122080,Despensa,LA DOÑA,Condimentos Y Semillas,NULL,1,https://riba.app/imgrs/THUMBS%20500X500/207022.JPG
288526,SIROPE LA DOÑA 12 OZ,745100122093,Despensa,LA DOÑA,Siropes,"[""Kosher""]",1,https://riba.app/imgrs/THUMBS%20500X500/288526.JPG
253568,RECAO VERDE          ,745100122096,Despensa,LA DOÑA,Aderezos Y Salsas,"[""Kosher""]",1,https://riba.app/imgrs/THUMBS%20500X500/253568.JPG
288533,SAZONADOR COMPLETO 5 SOB,745100122099,Despensa,LA DOÑA,Condimentos Y Semillas,NULL,1,https://riba.app/imgrs/THUMBS%20500X500/288533.JPG
300179,MAYONESA LA DONA 680G,745100122104,Despensa,LA DOÑA,Aderezos Y Salsas,"[""Kosher""]",1,https://riba.app/imgrs/THUMBS%20500X500/300179.JPG
300176,MAYONESA LA DONA 1KG,745100122105,Despensa,LA DOÑA,Aderezos Y Salsas,"[""Kosher""]",1,https://riba.app/imgrs/THUMBS%20500X500/300176.JPG
300169,ADEREZO UNTABLE LA DONA DOY,745100122114,Despensa,LA DOÑA,Aderezos Y Salsas,NULL,1,https://riba.app/imgrs/THUMBS%20500X500/300169.JPG
298713,SALSA BBQ LA DONA,745100122118,Despensa,LA DOÑA,Aderezos Y Salsas,NULL,1,https://riba.app/imgrs/THUMBS%20500X500/298713.JPG
252494,AVENA HOJUELA C CHIA,745100122122,Despensa,LA DOÑA,Avenas Y Cremas,"[""Kosher""]",1,https://riba.app/imgrs/THUMBS%20500X500/252494.JPG
300158,EMPANIZADOR CASERO LA DONA,745100122125,Despensa,LA DOÑA,Condimentos Y Semillas,NULL,1,https://riba.app/imgrs/THUMBS%20500X500/300158.JPG
300160,EMPANIZADOR CONDIMENTADO LDONA,745100122126,Despensa,LA DOÑA,Condimentos Y Semillas,NULL,1,https://riba.app/imgrs/THUMBS%20500X500/300160.JPG
300162,EMPANIZADOR COMPLETO LA DONA,745100122127,Despensa,LA DOÑA,Condimentos Y Semillas,NULL,1,https://riba.app/imgrs/THUMBS%20500X500/300162.JPG
297804,SASONADOR COMPLETO 710 GR,745100122129,Despensa,LA DOÑA,Condimentos Y Semillas,"[""Kosher""]",1,https://riba.app/imgrs/THUMBS%20500X500/297804.JPG
254167,PASTA Y SALSA TOMATE ECONOPACK,745100122137,Despensa,LA DOÑA,Aderezos Y Salsas,"[""Kosher""]",1,https://riba.app/imgrs/THUMBS%20500X500/254167.JPG
259049,AVENA HOJUELA CON CHIA,745100122141,Despensa,LA DOÑA,Avenas Y Cremas,"[""Kosher""]",1,https://riba.app/imgrs/THUMBS%20500X500/259049.JPG
259048,AVENA HOJUELA CON LINAZA,745100122142,Despensa,LA DOÑA,Avenas Y Cremas,NULL,1,https://riba.app/imgrs/THUMBS%20500X500/259048.JPG
259050,AVENA EN HOJUELAS ,745100122143,Despensa,LA DOÑA,Avenas Y Cremas,"[""Kosher""]",1,https://riba.app/imgrs/THUMBS%20500X500/259050.JPG
270133,CHIA LA DOÑA ,745100122155,Despensa,LA DOÑA,Condimentos Y Semillas,"[""Kosher""]",1,https://riba.app/imgrs/THUMBS%20500X500/270133.JPG
270136,CURCUMA TURMERIC ,745100122156,Despensa,LA DOÑA,Condimentos Y Semillas,"[""Kosher""]",1,https://riba.app/imgrs/THUMBS%20500X500/270136.JPG
270121,CEBOLLA EN POLVO ,745100122157,Despensa,LA DOÑA,Condimentos Y Semillas,NULL,1,https://riba.app/imgrs/THUMBS%20500X500/270121.JPG
270137,PIMIENTA MIX ,745100122158,Despensa,LA DOÑA,Condimentos Y Semillas,"[""Kosher""]",1,https://riba.app/imgrs/THUMBS%20500X500/270137.JPG
270126,SAL DE AJO CON PEREJIL ,745100122159,Despensa,LA DOÑA,Condimentos Y Semillas,NULL,1,https://riba.app/imgrs/THUMBS%20500X500/270126.JPG
279170,PARRILLERO 615 GR FRASCO,745100122160,Despensa,LA DOÑA,Condimentos Y Semillas,NULL,1,https://riba.app/imgrs/THUMBS%20500X500/279170.JPG
297803,SAL DE AJO CON PEREJIL 890 GR,745100122161,Despensa,LA DOÑA,Condimentos Y Semillas,"[""Kosher""]",1,https://riba.app/imgrs/THUMBS%20500X500/297803.JPG
279153,CALDITO DE POLLO ACHIOTE CULAN,745100122162,Despensa,LA DOÑA,Condimentos Y Semillas,NULL,1,https://riba.app/imgrs/THUMBS%20500X500/279153.JPG
297800,OREGANO 170GR FCO GRANDE,745100122163,Despensa,LA DOÑA,Condimentos Y Semillas,"[""Kosher""]",1,https://riba.app/imgrs/THUMBS%20500X500/297800.JPG
297802,AJO MOLIDO 565 GR FCO GRANDE,745100122164,Despensa,LA DOÑA,Condimentos Y Semillas,NULL,1,https://riba.app/imgrs/THUMBS%20500X500/297802.JPG
297801,CANELA EN RAJA 205 GR FCO GRAN,745100122165,Despensa,LA DOÑA,Condimentos Y Semillas,"[""Kosher""]",1,https://riba.app/imgrs/THUMBS%20500X500/297801.JPG
269449,SAL ROSADA DEL HIMALAYA ,745100122166,Despensa,LA DOÑA,Condimentos Y Semillas,"[""Gluten-free"",""Kosher""]",1,https://riba.app/imgrs/THUMBS%20500X500/269449.JPG
281714,CONSOME DE MARISCO ,745100122170,Despensa,LA DOÑA,Condimentos Y Semillas,NULL,1,https://riba.app/imgrs/THUMBS%20500X500/281714.JPG
281715,CONSOME  DE POLLO ,745100122171,Despensa,LA DOÑA,Condimentos Y Semillas,NULL,1,https://riba.app/imgrs/THUMBS%20500X500/281715.JPG
281713,CALDITO POLLO ACHIOTE CULANTRO,745100122172,Despensa,LA DOÑA,Condimentos Y Semillas,NULL,1,https://riba.app/imgrs/THUMBS%20500X500/281713.JPG
287938,ANIS ESTRELLA ,745100122176,Despensa,LA DOÑA,Condimentos Y Semillas,NULL,1,https://riba.app/imgrs/THUMBS%20500X500/287938.JPG
269448,PIMIENTA  MIX FRASCO,745100122177,Despensa,LA DOÑA,Condimentos Y Semillas,"[""Gluten-free"",""Kosher""]",1,https://riba.app/imgrs/THUMBS%20500X500/269448.JPG
207977,PIMIENTA GRANO MOLINITO FRASCO,745100122178,Despensa,LA DOÑA,Condimentos Y Semillas,"[""Kosher""]",1,https://riba.app/imgrs/THUMBS%20500X500/207977.JPG
330033,CALDITO POLLO ACHIOTE CULANTRO,745100122188,Despensa,LA DOÑA,Condimentos Y Semillas,NULL,1,https://riba.app/imgrs/THUMBS%20500X500/330033.JPG
287941,MOSTAZA LA DOÑA ,745100122220,Despensa,LA DOÑA,Aderezos Y Salsas,"[""Kosher""]",1,https://riba.app/imgrs/THUMBS%20500X500/287941.JPG
288551,BBQ INVERTER LA DOÑA POLV 570G,745100122221,Despensa,LA DOÑA,Aderezos Y Salsas,"[""Kosher""]",1,https://riba.app/imgrs/THUMBS%20500X500/288551.JPG
300205,SIROPE LA DONA 6 OZ,745100122223,Despensa,LA DOÑA,Siropes,"[""Kosher""]",1,https://riba.app/imgrs/THUMBS%20500X500/300205.JPG
284549,SAZONADOR COMPLETO FRASCO,745100122229,Despensa,LA DOÑA,Condimentos Y Semillas,"[""Kosher""]",1,https://riba.app/imgrs/THUMBS%20500X500/284549.JPG
288557,PASTA DE TOMATE 350G LA DOÑA,745100122234,Despensa,LA DOÑA,Aderezos Y Salsas,NULL,1,https://riba.app/imgrs/THUMBS%20500X500/288557.JPG
300200,FINAS HIERBAS LA DONA 50G,745100122236,Despensa,LA DOÑA,Condimentos Y Semillas,"[""Kosher""]",1,https://riba.app/imgrs/THUMBS%20500X500/300200.JPG
300198,SAL DE AJO CON PEREJIL,745100122237,Despensa,LA DOÑA,Condimentos Y Semillas,"[""Kosher""]",1,https://riba.app/imgrs/THUMBS%20500X500/300198.JPG
289852,CURCUMA FRASQUITO,745100122238,Despensa,LA DOÑA,Condimentos Y Semillas,NULL,1,https://riba.app/imgrs/THUMBS%20500X500/289852.JPG
289853,CEBOLLA EN POLVO FRASCO,745100122239,Despensa,LA DOÑA,Condimentos Y Semillas,NULL,1,https://riba.app/imgrs/THUMBS%20500X500/289853.JPG
301567,SAZONADOR COMP CURCUMA LA DONA,745100122245,Despensa,LA DOÑA,Condimentos Y Semillas,"[""Kosher""]",1,https://riba.app/imgrs/THUMBS%20500X500/301567.JPG
301572,SAZONADOR CURCUMA LA DONA,745100122247,Despensa,LA DOÑA,Condimentos Y Semillas,"[""Kosher""]",1,https://riba.app/imgrs/THUMBS%20500X500/301572.JPG
300193,SAZONADOR COMP CURCUMA 180G,745100122248,Despensa,LA DOÑA,Condimentos Y Semillas,"[""Kosher""]",1,https://riba.app/imgrs/THUMBS%20500X500/300193.JPG
300191,SAZONADOR CURCUMA 80G,745100122249,Despensa,LA DOÑA,Condimentos Y Semillas,"[""Kosher""]",1,https://riba.app/imgrs/THUMBS%20500X500/300191.JPG
302606,SAZONADOR ACHIOTE Y CULANTRO ,745100122251,Despensa,LA DOÑA,Condimentos Y Semillas,"[""Kosher""]",1,https://riba.app/imgrs/THUMBS%20500X500/302606.JPG
302604,POLVO PARA HORNEAR LA DONA,745100122253,Despensa,LA DOÑA,Reposteria,"[""Kosher""]",1,https://riba.app/imgrs/THUMBS%20500X500/302604.JPG
302605,6PACK POLVO DE HORNEAR LA DONA,745100122254,Despensa,LA DOÑA,Reposteria,NULL,1,https://riba.app/imgrs/THUMBS%20500X500/302605.JPG
307746,CHIA EN GRANO LA DONA,745100122262,Despensa,LA DOÑA,Condimentos Y Semillas,"[""Kosher""]",1,https://riba.app/imgrs/THUMBS%20500X500/307746.JPG
306336,PIMIENTA NEGRA EN GRANO L DONA,745100122268,Despensa,LA DOÑA,Condimentos Y Semillas,"[""Kosher""]",1,https://riba.app/imgrs/THUMBS%20500X500/306336.JPG
313989,SALSA LISTA SPAGUETTI LA DONA,745100122270,Despensa,LA DOÑA,Aderezos Y Salsas,"[""Kosher""]",1,https://riba.app/imgrs/THUMBS%20500X500/313989.JPG
312733,BASE DE SANCHOCHO LA DONA,745100122271,Despensa,LA DOÑA,Sopas Y Cremas,NULL,1,https://riba.app/imgrs/THUMBS%20500X500/312733.JPG
306175,PIMIENTA MOLIDA LA DONA,745100122275,Despensa,LA DOÑA,Condimentos Y Semillas,"[""Kosher""]",1,https://riba.app/imgrs/THUMBS%20500X500/306175.JPG
307737,PAPRIKA FRASCO LA DONA 490G,745100122276,Despensa,LA DOÑA,Condimentos Y Semillas,"[""Kosher""]",1,https://riba.app/imgrs/THUMBS%20500X500/307737.JPG
330034,ARROCERO EN FRASCO 1054GR,745100122277,Despensa,LA DOÑA,Condimentos Y Semillas,NULL,1,https://riba.app/imgrs/THUMBS%20500X500/330034.JPG
312734,RECAITO LA DOÑA 100G,745100122301,Despensa,LA DOÑA,Aderezos Y Salsas,NULL,1,https://riba.app/imgrs/THUMBS%20500X500/312734.JPG
312248,MOSTAZA MIEL LA DONA,745100122302,Despensa,LA DOÑA,Aderezos Y Salsas,NULL,1,https://riba.app/imgrs/THUMBS%20500X500/312248.JPG
312247,KETCHUP MAYO LA DONA,745100122303,Despensa,LA DOÑA,Aderezos Y Salsas,NULL,1,https://riba.app/imgrs/THUMBS%20500X500/312247.JPG
312249,MOSTA MAYO LA DONA,745100122304,Despensa,LA DOÑA,Aderezos Y Salsas,NULL,1,https://riba.app/imgrs/THUMBS%20500X500/312249.JPG
330032,SAZON CON ACHIOTE 75 GR,745100122327,Despensa,LA DOÑA,Condimentos Y Semillas,"[""Kosher""]",1,https://riba.app/imgrs/THUMBS%20500X500/330032.JPG
336348,SALSA DE OSTION LA DONA,745100122329,Despensa,LA DOÑA,Aderezos Y Salsas,NULL,1,https://riba.app/imgrs/THUMBS%20500X500/336348.JPG
347294,PIMIENTA GRANULADA CONDIMENTE,745100122344,Despensa,CONDIMENTE,Condimentos Y Semillas,"[""Kosher""]",1,https://riba.app/imgrs/THUMBS%20500X500/347294.JPG
341266,PAPRIKA CONDIMENTE,745100122345,Despensa,CONDIMENTE FOODS,Condimentos Y Semillas,"[""Kosher""]",1,https://riba.app/imgrs/THUMBS%20500X500/341266.JPG
347290,OREGANO ENTERO CONDIMENTE,745100122346,Despensa,CONDIMENTE,Condimentos Y Semillas,"[""Kosher""]",1,https://riba.app/imgrs/THUMBS%20500X500/347290.JPG
347291,LAUREL CONDIMENTE,745100122347,Despensa,CONDIMENTE,Condimentos Y Semillas,"[""Kosher""]",1,https://riba.app/imgrs/THUMBS%20500X500/347291.JPG
341267,SAZONADOR CON ACHIOTE,745100122348,Despensa,CONDIMENTE FOODS,Condimentos Y Semillas,"[""Kosher""]",1,https://riba.app/imgrs/THUMBS%20500X500/341267.JPG
347292,CANELA EN RAJA CONDIMENTE,745100122349,Despensa,CONDIMENTE,Condimentos Y Semillas,"[""Kosher""]",1,https://riba.app/imgrs/THUMBS%20500X500/347292.JPG
347286,AJO MOLIDO CONDIMENTE,745100122350,Despensa,CONDIMENTE,Condimentos Y Semillas,NULL,1,https://riba.app/imgrs/THUMBS%20500X500/347286.JPG
347296,RESALTADOR DE SABOR CONDIMENTE,745100122351,Despensa,CONDIMENTE,Condimentos Y Semillas,"[""Kosher""]",1,https://riba.app/imgrs/THUMBS%20500X500/347296.JPG
341265,AJO EN POLVO CON CULANTRO,745100122352,Despensa,CONDIMENTE,Condimentos Y Semillas,"[""Kosher""]",1,https://riba.app/imgrs/THUMBS%20500X500/341265.JPG
347287,CEBOLLA MOLIDA CONDIMENTE,745100122353,Despensa,CONDIMENTE,Condimentos Y Semillas,NULL,1,https://riba.app/imgrs/THUMBS%20500X500/347287.JPG
347289,CONSOME DE POLLO CONDIMENTE,745100122354,Despensa,CONDIMENTE,Condimentos Y Semillas,NULL,1,https://riba.app/imgrs/THUMBS%20500X500/347289.JPG
347288,CURCUMA CONDIMENTE,745100122355,Despensa,CONDIMENTE,Condimentos Y Semillas,"[""Kosher""]",1,https://riba.app/imgrs/THUMBS%20500X500/347288.JPG
347295,SAZONADOR COMPLETO CONDIMENTE,745100122356,Despensa,CONDIMENTE,Condimentos Y Semillas,"[""Kosher""]",1,https://riba.app/imgrs/THUMBS%20500X500/347295.JPG
341268,RECAO VERDE 25GR,745100122357,Despensa,CONDIMENTE FOODS,Condimentos Y Semillas,"[""Kosher""]",1,https://riba.app/imgrs/THUMBS%20500X500/341268.JPG
347293,CURRY CONDIMENTE,745100122358,Despensa,CONDIMENTE,Condimentos Y Semillas,"[""Kosher""]",1,https://riba.app/imgrs/THUMBS%20500X500/347293.JPG
340008,SALSA PARA SPAGUETI Y QUESO,745100122359,Despensa,LA DOÑA,Aderezos Y Salsas,NULL,1,https://riba.app/imgrs/THUMBS%20500X500/340008.JPG
340007,SALSA PARA SPAGUETTI Y HONGOS,745100122360,Despensa,LA DOÑA,Aderezos Y Salsas,NULL,1,https://riba.app/imgrs/THUMBS%20500X500/340007.JPG
332773,SAZON SIN SAL LA DOÑA,745100122363,Despensa,LA DOÑA,Condimentos Y Semillas,"[""Kosher""]",1,https://riba.app/imgrs/THUMBS%20500X500/332773.JPG
336528,CONSOME Y SAZON TOTAL LA DONA,745100122364,Despensa,LA DOÑA,Condimentos Y Semillas,NULL,1,https://riba.app/imgrs/THUMBS%20500X500/336528.JPG
336529,SAZON SIN AL FCO GRANDE,745100122366,Despensa,LA DOÑA,Condimentos Y Semillas,"[""Kosher""]",1,https://riba.app/imgrs/THUMBS%20500X500/336529.JPG
341134,CONSOME SAZON COSTILLA RES 4S,745100122374,Despensa,LA DOÑA,Condimentos Y Semillas,NULL,1,https://riba.app/imgrs/THUMBS%20500X500/341134.JPG
340445,SOPA DE COSTILLA Y FIDEOS,745100122375,Despensa,LA DOÑA,Sopas Y Cremas,NULL,1,https://riba.app/imgrs/THUMBS%20500X500/340445.JPG
341293,PASTA DE TOMATE LA DONA,745100122379,Despensa,LA DOÑA,Aderezos Y Salsas,NULL,1,https://riba.app/imgrs/THUMBS%20500X500/341293.JPG
344573,SAZONADOR CON MANTEQUILLA,745100122382,Despensa,LA DOÑA,Condimentos Y Semillas,NULL,1,https://riba.app/imgrs/THUMBS%20500X500/344573.JPG
343694,SAZONADOR CON MANTEQUILLA,745100122383,Despensa,LA DOÑA,Condimentos Y Semillas,NULL,1,https://riba.app/imgrs/THUMBS%20500X500/343694.JPG
344484,SALSA DE TOMATE LA DONA,745100122385,Despensa,LA DOÑA,Aderezos Y Salsas,"[""Kosher""]",1,https://riba.app/imgrs/THUMBS%20500X500/344484.JPG
349666,MOSTAZA MIEL LA DONA,745100122401,Despensa,LA DOÑA,Aderezos Y Salsas,NULL,1,https://riba.app/imgrs/THUMBS%20500X500/349666.JPG
356907,AJO CON SABOR MANTEQUILLA,745100122403,Despensa,CONDIMENTE FOODS,Condimentos Y Semillas,NULL,1,https://riba.app/imgrs/THUMBS%20500X500/356907.JPG
356924,CLAVOS DE OLOR CONDIMENTE,745100122407,Despensa,CONDIMENTE FOODS,Condimentos Y Semillas,"[""Kosher""]",1,https://riba.app/imgrs/THUMBS%20500X500/356924.JPG
79533,VINAGRE BLANCO,745100180108,Despensa,PROLUXSA,Vinagre,"[""Kosher""]",1,https://riba.app/imgrs/THUMBS%20500X500/79533.JPG
19253,VINAGRE BLANCO,745100180115,Despensa,PROLUXSA,Vinagre,"[""Kosher""]",1,https://riba.app/imgrs/THUMBS%20500X500/19253.JPG
19254,VINAGRE BLANCO ,745100180122,Despensa,PROLUXSA,Vinagre,"[""Kosher""]",1,https://riba.app/imgrs/THUMBS%20500X500/19254.JPG
19256,VINAGRE OSCURO NATURAL,745100180139,Despensa,PROLUXSA,Vinagre,"[""Kosher""]",1,https://riba.app/imgrs/THUMBS%20500X500/19256.JPG
19257,VINAGRE NATURAL OSCURO,745100180146,Despensa,PROLUXSA,Vinagre,"[""Kosher""]",1,https://riba.app/imgrs/THUMBS%20500X500/19257.JPG
19259,VINAGRE BLANCO,745100180184,Despensa,PROLUXSA,Vinagre,"[""Kosher""]",1,https://riba.app/imgrs/THUMBS%20500X500/19259.JPG
19260,SALSA PICANTE ORIGINAL,745100180207,Despensa,CONGO,Aderezos Y Salsas,NULL,1,https://riba.app/imgrs/THUMBS%20500X500/19260.JPG
119530,PICANTE CASERO AMARILLO ,745100180212,Despensa,CONGO,Aderezos Y Salsas,NULL,1,https://riba.app/imgrs/THUMBS%20500X500/119530.JPG
19261,SALSA PICANTE ORIGINAL,745100180214,Despensa,CONGO,Aderezos Y Salsas,NULL,1,https://riba.app/imgrs/THUMBS%20500X500/19261.JPG
19262,PICANTE CONGO ANTILLANO 24 5OZ,745100180240,Despensa,CONGO,Aderezos Y Salsas,NULL,1,https://riba.app/imgrs/THUMBS%20500X500/19262.JPG
334933,SALSA AGRIDULCE PICANTE PROLUX,745100180251,Despensa,PROLUXSA,Aderezos Y Salsas,NULL,1,https://riba.app/imgrs/THUMBS%20500X500/334933.JPG
334930,SALSA AGRIDULCE PROLUXA,745100180252,Despensa,PROLUXSA,Aderezos Y Salsas,NULL,1,https://riba.app/imgrs/THUMBS%20500X500/334930.JPG
334934,SALSA DE OSTIONES PROLUXA,745100180253,Despensa,PROLUXSA,Aderezos Y Salsas,NULL,1,https://riba.app/imgrs/THUMBS%20500X500/334934.JPG
263512,SALSA TERIYAKI PROLUXA,745100180312,Despensa,PROLUXSA,Aderezos Y Salsas,NULL,1,https://riba.app/imgrs/THUMBS%20500X500/263512.JPG
360027,SALSA PICANTE CHOMBASIA,745100180315,Despensa,CHOMBASIA,Aderezos Y Salsas,NULL,1,https://riba.app/imgrs/THUMBS%20500X500/360027.JPG
360026,SALSA SOYA CHOMBASIA,745100180320,Despensa,CHOMBASIA,Aderezos Y Salsas,NULL,1,https://riba.app/imgrs/THUMBS%20500X500/360026.JPG
120063,SALSA INGLESA ,745100180474,Despensa,PROLUXSA,Aderezos Y Salsas,NULL,1,https://riba.app/imgrs/THUMBS%20500X500/120063.JPG
140024,SALSA INGLESA,745100180481,Despensa,PROLUXSA,Aderezos Y Salsas,NULL,1,https://riba.app/imgrs/THUMBS%20500X500/140024.JPG
129616,SALSA CHINA BAJA SODIO,745100180522,Despensa,PROLUXSA,Aderezos Y Salsas,NULL,1,https://riba.app/imgrs/THUMBS%20500X500/129616.JPG
140023,SALSA CHINA BAJA EN SAL ,745100180523,Despensa,PROLUXSA,Aderezos Y Salsas,NULL,1,https://riba.app/imgrs/THUMBS%20500X500/140023.JPG
149827,SALSA CHINA,745100180542,Despensa,PROLUXSA,Aderezos Y Salsas,NULL,1,https://riba.app/imgrs/THUMBS%20500X500/149827.JPG
120064,SALSA CHINA ,745100180573,Despensa,PROLUXSA,Aderezos Y Salsas,NULL,1,https://riba.app/imgrs/THUMBS%20500X500/120064.JPG
140022,SALSA CHINA  SOYA,745100180580,Despensa,PROLUXSA,Aderezos Y Salsas,NULL,1,https://riba.app/imgrs/THUMBS%20500X500/140022.JPG
19252,VAINILLA ,745100180610,Despensa,PROLUXSA,Reposteria,"[""Kosher""]",1,https://riba.app/imgrs/THUMBS%20500X500/19252.JPG
19265,VAINILLA,745100180627,Despensa,PROLUXSA,Reposteria,"[""Kosher""]",1,https://riba.app/imgrs/THUMBS%20500X500/19265.JPG
19266,VAINILLA PROLUXA,745100180634,Despensa,PROLUXSA,Reposteria,"[""Kosher""]",1,https://riba.app/imgrs/THUMBS%20500X500/19266.JPG
19267,VAINILLA,745100180641,Despensa,PROLUXSA,Reposteria,"[""Kosher""]",1,https://riba.app/imgrs/THUMBS%20500X500/19267.JPG
120062,ADOBO CRIOLLO,745100181210,Despensa,PROLUXSA,Aderezos Y Salsas,NULL,1,https://riba.app/imgrs/THUMBS%20500X500/120062.JPG
140025,ADOBO CRIOLLO  ,745100181224,Despensa,PROLUXSA,Aderezos Y Salsas,NULL,1,https://riba.app/imgrs/THUMBS%20500X500/140025.JPG
149824,ADOBO CRIOLLO,745100181255,Despensa,PROLUXSA,Aderezos Y Salsas,NULL,1,https://riba.app/imgrs/THUMBS%20500X500/149824.JPG
308450,PINA EN RODAJAS PROLUXA,745100181440,Despensa,PROLUXSA,Conservas Y Encurtidos,"[""Gluten-free""]",1,https://riba.app/imgrs/THUMBS%20500X500/308450.JPG
116412,SALSA CONDIMENTADA CON VINO ,745100184182,Despensa,PROLUXSA,Aderezos Y Salsas,NULL,1,https://riba.app/imgrs/THUMBS%20500X500/116412.JPG
19290,VINAGRE SIDRA 24 16 PROLUXSA,745100185028,Despensa,PROLUXSA,Vinagre,"[""Kosher""]",1,https://riba.app/imgrs/THUMBS%20500X500/19290.JPG
131572,VINAGRE BALSAMICO,745100185031,Despensa,PROLUXSA,Vinagre,"[""Kosher""]",1,https://riba.app/imgrs/THUMBS%20500X500/131572.JPG
19291,VINAGRE DE VINO ,745100185127,Despensa,PROLUXSA,Vinagre,NULL,1,https://riba.app/imgrs/THUMBS%20500X500/19291.JPG
149829,SALSA CHINA-INGLESA -VINAGRE,745100186041,Despensa,PROLUXSA,Aderezos Y Salsas,NULL,1,https://riba.app/imgrs/THUMBS%20500X500/149829.JPG
19293,TRIO DE SALSAS PROLUXA,745100186056,Despensa,DEL HUERTO,Aderezos Y Salsas,NULL,1,https://riba.app/imgrs/THUMBS%20500X500/19293.JPG
150010,TRIO PACK SALSA CON ADOBO,745100186075,Despensa,PROLUXSA,Aderezos Y Salsas,NULL,1,https://riba.app/imgrs/THUMBS%20500X500/150010.JPG
325433,SALSA DE AJO PROLUXA 5.5 OZ,745100186401,Despensa,PROLUXSA,Aderezos Y Salsas,NULL,1,https://riba.app/imgrs/THUMBS%20500X500/325433.JPG
325434,SALSA DE AJO PROLUXA 10.5 OZ,745100186402,Despensa,PROLUXSA,Aderezos Y Salsas,NULL,1,https://riba.app/imgrs/THUMBS%20500X500/325434.JPG
16286,PAN KRUNCHI,745100261210,Despensa,RIMITH,Condimentos Y Semillas,NULL,1,https://riba.app/imgrs/THUMBS%20500X500/16286.JPG
126913,ARROZ ESPECIAL INTEGRAL,745100370015,Despensa,DEL ORO,Arroz Y Granos,"[""Kosher""]",1,https://riba.app/imgrs/THUMBS%20500X500/126913.JPG
108983,ARROZ ESPECIAL,745100371001,Despensa,DEL ORO,Arroz Y Granos,"[""Kosher""]",1,https://riba.app/imgrs/THUMBS%20500X500/108983.JPG
6575,ARROZ ESPECIAL,745100371002,Despensa,DEL ORO,Arroz Y Granos,"[""Kosher""]",1,https://riba.app/imgrs/THUMBS%20500X500/6575.JPG
6577,ARROZ ESPECIAL,745100371003,Despensa,DEL ORO,Arroz Y Granos,"[""Kosher""]",1,https://riba.app/imgrs/THUMBS%20500X500/6577.JPG
6576,ARROZ DE PRIMERA,745100371005,Despensa,PREMIER,Arroz Y Granos,"[""Kosher""]",1,https://riba.app/imgrs/THUMBS%20500X500/6576.JPG
257871,ARROZ INTEGRAL DEL ORO,745100371013,Despensa,DEL ORO,Arroz Y Granos,"[""Kosher""]",1,https://riba.app/imgrs/THUMBS%20500X500/257871.JPG
331227,ARROZ ESPECIAL PREMIUM 2 LBS ,745100371026,Despensa,DEL ORO,Arroz Y Granos,"[""Gluten-free"",""Kosher""]",1,https://riba.app/imgrs/THUMBS%20500X500/331227.JPG
278784,GEL HADA FLAN FAMILIAR,745100410101,Despensa,GEL`HADA,Reposteria,NULL,1,https://riba.app/imgrs/THUMBS%20500X500/278784.JPG
12028,POLVO PARA HORNEAR,745100410113,Despensa,LEVAPAN,Reposteria,NULL,1,https://riba.app/imgrs/THUMBS%20500X500/12028.JPG
12022,MAICENA NATURAL,745100410121,Despensa,LEVAPAN,Reposteria,"[""Gluten-free""]",1,https://riba.app/imgrs/THUMBS%20500X500/12022.JPG
12034,GELATINA GELHADA CEREZA,745100410130,Despensa,GEL`HADA,Reposteria,NULL,1,https://riba.app/imgrs/THUMBS%20500X500/12034.JPG
12035,GELATINA GELHADA FRESA ,745100410131,Despensa,GEL`HADA,Reposteria,NULL,1,https://riba.app/imgrs/THUMBS%20500X500/12035.JPG
12036,GELATINA FRAMBUESA ,745100410132,Despensa,GEL`HADA,Reposteria,NULL,1,https://riba.app/imgrs/THUMBS%20500X500/12036.JPG
12037,GELATINA UVA ,745100410133,Despensa,GEL`HADA,Reposteria,NULL,1,https://riba.app/imgrs/THUMBS%20500X500/12037.JPG
107167,GELATINA DE NARANJA ,745100410134,Despensa,GEL`HADA,Reposteria,NULL,1,https://riba.app/imgrs/THUMBS%20500X500/107167.JPG
12038,MAICENA LEVAPAN  BANANO,745100410135,Despensa,LEVAPAN,Avenas Y Cremas,NULL,1,https://riba.app/imgrs/THUMBS%20500X500/12038.JPG
107168,GELATINA DE PINA,745100410136,Despensa,GEL`HADA,Reposteria,NULL,1,https://riba.app/imgrs/THUMBS%20500X500/107168.JPG
12039,CREMA CANELA LEVAPAN,745100410140,Despensa,LEVAPAN,Avenas Y Cremas,NULL,1,https://riba.app/imgrs/THUMBS%20500X500/12039.JPG
12026,GEL HADA FRESA,745100410141,Despensa,GEL HADA,Reposteria,NULL,1,https://riba.app/imgrs/THUMBS%20500X500/12026.JPG
12025,GEL HADA FRAMBUESA ,745100410142,Despensa,GEL HADA,Reposteria,NULL,1,https://riba.app/imgrs/THUMBS%20500X500/12025.JPG
12040,GEL HADA UVA ,745100410143,Despensa,GEL`HADA,Reposteria,NULL,1,https://riba.app/imgrs/THUMBS%20500X500/12040.JPG
12033,GELATINA PURA 24 32GR,745100410144,Despensa,GEL`HADA,Reposteria,NULL,1,https://riba.app/imgrs/THUMBS%20500X500/12033.JPG
12041,MAICENA LEVAPAN  FRESA,745100410145,Despensa,LEVAPAN,Avenas Y Cremas,NULL,1,https://riba.app/imgrs/THUMBS%20500X500/12041.JPG
12046,CREMA PINA LEVAPAN,745100410150,Despensa,LEVAPAN,Avenas Y Cremas,NULL,1,https://riba.app/imgrs/THUMBS%20500X500/12046.JPG
12047,MAICENA LEVAPAN  VAINILLA,745100410155,Despensa,LEVAPAN,Avenas Y Cremas,NULL,1,https://riba.app/imgrs/THUMBS%20500X500/12047.JPG
12027,CREMA DE NARANJA LEVAPAN,745100410165,Despensa,LEVAPAN,Avenas Y Cremas,NULL,1,https://riba.app/imgrs/THUMBS%20500X500/12027.JPG
12023,MAICENA LEVAPAN 50 80GR ,745100410182,Despensa,LEVAPAN,Reposteria,"[""Gluten-free""]",1,https://riba.app/imgrs/THUMBS%20500X500/12023.JPG
12032,GELATINA CARIBENO,745100411002,Despensa,GEL`HADA,Reposteria,NULL,1,https://riba.app/imgrs/THUMBS%20500X500/12032.JPG
314947,CREMA RICAS FRUTAS LEVAPAN,745100411005,Despensa,LEVAPAN,Avenas Y Cremas,NULL,1,https://riba.app/imgrs/THUMBS%20500X500/314947.JPG
314946,CREMA FRESA BANANA LEVAPAN,745100411006,Despensa,LEVAPAN,Avenas Y Cremas,NULL,1,https://riba.app/imgrs/THUMBS%20500X500/314946.JPG
153653,MAICENA MANZANA CON CANELA ,745100411007,Despensa,LEVAPAN,Avenas Y Cremas,NULL,1,https://riba.app/imgrs/THUMBS%20500X500/153653.JPG
247424,AZUCAR MORENA PARA CAFE ,745100411125,Despensa,LEVAPAN,Azucar Y Endulzantes,NULL,1,https://riba.app/imgrs/THUMBS%20500X500/247424.JPG
248647,HOJUELA DE AVENA CON LINAZA  ,745100411126,Despensa,RICAVENA,Avenas Y Cremas,NULL,1,https://riba.app/imgrs/THUMBS%20500X500/248647.JPG
248642,HOJUELA  INSTANTAN CON HIERRO ,745100411127,Despensa,RICAVENA,Avenas Y Cremas,NULL,1,https://riba.app/imgrs/THUMBS%20500X500/248642.JPG
257716,MAICENA NATURAL,745100411131,Despensa,LEVAPAN,Reposteria,"[""Gluten-free""]",1,https://riba.app/imgrs/THUMBS%20500X500/257716.JPG
264866,HOJUELAS DE AVENA CON CANELA ,745100411132,Despensa,RICAVENA,Avenas Y Cremas,NULL,1,https://riba.app/imgrs/THUMBS%20500X500/264866.JPG
264867,HOJUELAS DE AVENA CON CHIA,745100411133,Despensa,RICAVENA,Avenas Y Cremas,NULL,1,https://riba.app/imgrs/THUMBS%20500X500/264867.JPG
325204,AZUCAR MICROPULVERIZADA,745100411180,Despensa,LEVAPAN,Azucar Y Endulzantes,NULL,1,https://riba.app/imgrs/THUMBS%20500X500/325204.JPG
336426,HARINA LEVAPAN 454G,745100411183,Despensa,LEVAPAN,Harinas,NULL,1,https://riba.app/imgrs/THUMBS%20500X500/336426.JPG
336431,HARINA LEVAPAN 2LBS,745100411184,Despensa,LEVAPAN,Harinas,NULL,1,https://riba.app/imgrs/THUMBS%20500X500/336431.JPG
339920,HARINA DE HOJALDRE Y EMPANADAS,745100411186,Despensa,LEVAPAN,Harinas,NULL,1,https://riba.app/imgrs/THUMBS%20500X500/339920.JPG
18996,CONCHAS DE PASTEL,745100530203,Despensa,ANAMARY,Reposteria,NULL,1,https://riba.app/imgrs/THUMBS%20500X500/18996.JPG
65172,AVENA CON PASITAS EN HOJUELAS,745100760025,Despensa,MOLINO CRIOLLO,Avenas Y Cremas,"[""Kosher""]",1,https://riba.app/imgrs/THUMBS%20500X500/65172.JPG
34404,AVENA CON PASITAS EN HOJUELAS,745100760026,Despensa,MOLINO CRIOLLO,Avenas Y Cremas,"[""Kosher""]",1,https://riba.app/imgrs/THUMBS%20500X500/34404.JPG
34403,AVENA EN HOJUELAS,745100760027,Despensa,MOLINO CRIOLLO,Avenas Y Cremas,"[""Kosher"",""Vegano""]",1,https://riba.app/imgrs/THUMBS%20500X500/34403.JPG
77322,CREMA AVENA  CON CANELA 24 150,745100760038,Despensa,MOLINO CRIOLLO,Avenas Y Cremas,"[""Kosher""]",1,https://riba.app/imgrs/THUMBS%20500X500/77322.JPG
84309,HOJUELA AVENA CANELA 24 150 GR,745100760046,Despensa,MOLINO CRIOLLO,Avenas Y Cremas,"[""Kosher""]",1,https://riba.app/imgrs/THUMBS%20500X500/84309.JPG
104195,CREMA AVENA 24 250 GR,745100760066,Despensa,MOLINO CRIOLLO,Avenas Y Cremas,"[""Kosher""]",1,https://riba.app/imgrs/THUMBS%20500X500/104195.JPG
20514,AVENA MOLIDA,745100760351,Despensa,MOLINO CRIOLLO,Avenas Y Cremas,"[""Kosher""]",1,https://riba.app/imgrs/THUMBS%20500X500/20514.JPG
20518,CREMA DE ARROZ MOLIDA,745100760354,Despensa,MOLINO CRIOLLO,Avenas Y Cremas,"[""Kosher""]",1,https://riba.app/imgrs/THUMBS%20500X500/20518.JPG
20507,CHICHEME,745100760356,Despensa,MOLINO CRIOLLO,Avenas Y Cremas,"[""Kosher""]",1,https://riba.app/imgrs/THUMBS%20500X500/20507.JPG
20513,ATOL ,745100760357,Despensa,MOLINO CRIOLLO,Avenas Y Cremas,"[""Kosher""]",1,https://riba.app/imgrs/THUMBS%20500X500/20513.JPG
20516,AVENA EN HOJUELAS,745100760359,Despensa,MOLINO CRIOLLO,Avenas Y Cremas,"[""Kosher"",""Vegano""]",1,https://riba.app/imgrs/THUMBS%20500X500/20516.JPG
20517,AVENA CON CANELA EN HOJUELAS,745100760378,Despensa,MOLINO CRIOLLO,Avenas Y Cremas,"[""Kosher""]",1,https://riba.app/imgrs/THUMBS%20500X500/20517.JPG
20512,CREMA DE MAIZ ,745100760382,Despensa,MOLINO CRIOLLO,Avenas Y Cremas,"[""Kosher""]",1,https://riba.app/imgrs/THUMBS%20500X500/20512.JPG
20499,CREMA DE MAIZ 300 GR,745100760385,Despensa,MOLINO CRIOLLO,Avenas Y Cremas,"[""Kosher""]",1,https://riba.app/imgrs/THUMBS%20500X500/20499.JPG
20519,CREMA DE PLATANO,745100763523,Despensa,MOLINO CRIOLLO,Avenas Y Cremas,"[""Kosher"",""Vegano""]",1,https://riba.app/imgrs/THUMBS%20500X500/20519.JPG
20502,MAIZ PILADO  24 300GR,745100763585,Despensa,MOLINO CRIOLLO,Avenas Y Cremas,NULL,1,https://riba.app/imgrs/THUMBS%20500X500/20502.JPG
265273,CREMA DE PLATANO ,745100763615,Despensa,MOLINO CRIOLLO,Avenas Y Cremas,"[""Kosher"",""Vegano""]",1,https://riba.app/imgrs/THUMBS%20500X500/265273.JPG
20515,AVENA MOLIDA CON CANELA ,745100763776,Despensa,MOLINO CRIOLLO,Avenas Y Cremas,"[""Kosher"",""Vegano""]",1,https://riba.app/imgrs/THUMBS%20500X500/20515.JPG
20505,AVENA EN HOJUELAS,745100763837,Despensa,MOLINO CRIOLLO,Avenas Y Cremas,"[""Kosher""]",1,https://riba.app/imgrs/THUMBS%20500X500/20505.JPG
20511,AVENA CON CANELA EN HOJUELAS,745100763844,Despensa,MOLINO CRIOLLO,Avenas Y Cremas,"[""Kosher""]",1,https://riba.app/imgrs/THUMBS%20500X500/20511.JPG
276557,PANCAKES WAFFLES DE AVEN CANEL,745100763915,Despensa,MOLINO CRIOLLO,Harinas,"[""Kosher"",""Vegano""]",1,https://riba.app/imgrs/THUMBS%20500X500/276557.JPG
276554,PANCAKES WAFFLES AVENA CANELA,745100763916,Despensa,MOLINO CRIOLLO,Harinas,"[""Kosher"",""Vegano""]",1,https://riba.app/imgrs/THUMBS%20500X500/276554.JPG
276553,PANCAKES WAFFLES AVENA INTEGRA,745100763917,Despensa,MOLINO CRIOLLO,Harinas,NULL,1,https://riba.app/imgrs/THUMBS%20500X500/276553.JPG
276556,PANCAKES WAFFLES INTEGRAL 340G,745100763918,Despensa,MOLINO CRIOLLO,Harinas,NULL,1,https://riba.app/imgrs/THUMBS%20500X500/276556.JPG
276555,PANACAKES WAFFLES AVEN NAT 340,745100763919,Despensa,MOLINO CRIOLLO,Harinas,"[""Kosher""]",1,https://riba.app/imgrs/THUMBS%20500X500/276555.JPG
276552,PANCAKES WAFFLES AVENA 170G,745100763920,Despensa,MOLINO CRIOLLO,Harinas,"[""Kosher""]",1,https://riba.app/imgrs/THUMBS%20500X500/276552.JPG
307241,PANCAKE AVENA CANELA,745100763947,Despensa,MOLINO CRIOLLO,Harinas,"[""Kosher"",""Vegano""]",1,https://riba.app/imgrs/THUMBS%20500X500/307241.JPG
307239,PANCAKE AVENA INTEGRAL,745100763948,Despensa,MOLINO CRIOLLO,Harinas,"[""Kosher""]",1,https://riba.app/imgrs/THUMBS%20500X500/307239.JPG
307234,PANCAKE AVENA NATURAL,745100763949,Despensa,MOLINO CRIOLLO,Harinas,"[""Kosher"",""Vegano""]",1,https://riba.app/imgrs/THUMBS%20500X500/307234.JPG
310791,PANCAKE AVENA EL MOLINO CRIOLL,745100763950,Despensa,MOLINO CRIOLLO,Harinas,NULL,1,https://riba.app/imgrs/THUMBS%20500X500/310791.JPG
320360,HARINA MULTIUSO DE AVENA,745100763959,Despensa,MOLINO CRIOLLO,Harinas,"[""Gluten-free"",""Kosher"",""Vegano""]",1,https://riba.app/imgrs/THUMBS%20500X500/320360.JPG
320362,CREMA DE MAIZ CON CANELA,745100763961,Despensa,MOLINO CRIOLLO,Avenas Y Cremas,"[""Kosher""]",1,https://riba.app/imgrs/THUMBS%20500X500/320362.JPG
328154,HOJUELAS JUMBO EL MOLINO CRIOL,745100763979,Despensa,MOLINO CRIOLLO,Avenas Y Cremas,"[""Kosher""]",1,https://riba.app/imgrs/THUMBS%20500X500/328154.JPG
333073,PANCAKE SOLO AGUA MOLINO CRIOL,745100763983,Despensa,MOLINO CRIOLLO,Harinas,NULL,1,https://riba.app/imgrs/THUMBS%20500X500/333073.JPG
333072,CREMA DE PLATANO MOLINO CRIOLL,745100763984,Despensa,MOLINO CRIOLLO,Avenas Y Cremas,"[""Kosher""]",1,https://riba.app/imgrs/THUMBS%20500X500/333072.JPG
331230,AVENA HOJUELA INTEGRAL,745100763985,Despensa,MOLINO CRIOLLO,Avenas Y Cremas,"[""Kosher""]",1,https://riba.app/imgrs/THUMBS%20500X500/331230.JPG
340006,CREMA DE MAIZ MOLINO CRIOLLO,745100763987,Despensa,MOLINO CRIOLLO,Avenas Y Cremas,"[""Vegano""]",1,https://riba.app/imgrs/THUMBS%20500X500/340006.JPG
344753,DULCE DE CHOCOLATE ELMOLINO CR,745100764087,Despensa,MOLINO CRIOLLO,Reposteria,"[""Gluten-free""]",1,https://riba.app/imgrs/THUMBS%20500X500/344753.JPG
344752,HARINA MAIZ AMARILLO PRECOCIDO,745100764095,Despensa,MOLINO CRIOLLO,Harinas,"[""Vegano""]",1,https://riba.app/imgrs/THUMBS%20500X500/344752.JPG
344751,HARINA MAIZ PRECOCIDO BLANCO,745100764097,Despensa,MOLINO CRIOLLO,Harinas,"[""Vegano""]",1,https://riba.app/imgrs/THUMBS%20500X500/344751.JPG
344754,DULCE VAINILLA EL MOLINO CRIOL,745100764116,Despensa,MOLINO CRIOLLO,Reposteria,"[""Gluten-free""]",1,https://riba.app/imgrs/THUMBS%20500X500/344754.JPG
312108,BAHIL ANIS ESTRELLA,745100830740,Despensa,BAHIL,Condimentos Y Semillas,NULL,1,https://riba.app/imgrs/THUMBS%20500X500/312108.JPG
98,PIMIENTA NEGRA MOLIDA PURA,745101200200,Despensa,RIKA,Condimentos Y Semillas,NULL,1,https://riba.app/imgrs/THUMBS%20500X500/98.JPG
99,CALDO DE POLLO,745101200201,Despensa,RIKA,Condimentos Y Semillas,NULL,1,https://riba.app/imgrs/THUMBS%20500X500/99.JPG
100,AJO MOLIDO SOBRE 5UN,745101200202,Despensa,RIKA,Condimentos Y Semillas,NULL,1,https://riba.app/imgrs/THUMBS%20500X500/100.JPG
101,AJO MOLIDO 24 2,745101200203,Despensa,RIKA,Condimentos Y Semillas,NULL,1,https://riba.app/imgrs/THUMBS%20500X500/101.JPG
59139,AJO MOLIDO A MANTEQUILLA,745101200252,Despensa,RIKA,Condimentos Y Semillas,NULL,1,https://riba.app/imgrs/THUMBS%20500X500/59139.JPG
59140,AJO MOLIDO A MANTEQUILLA,745101200253,Despensa,RIKA,Condimentos Y Semillas,NULL,1,https://riba.app/imgrs/THUMBS%20500X500/59140.JPG
107098,AZUCAR DIETA DULCE 24 100 SOB,745101200279,Despensa,RIKA,Azucar Y Endulzantes,NULL,1,https://riba.app/imgrs/THUMBS%20500X500/107098.JPG
107099,AZUCAR DIETA DULCE 12 200 UND,745101200280,Despensa,RIKA,Azucar Y Endulzantes,NULL,1,https://riba.app/imgrs/THUMBS%20500X500/107099.JPG
332029,SAZONADOR DE ARROZ RIKA,745101200357,Despensa,RIKA,Condimentos Y Semillas,NULL,1,https://riba.app/imgrs/THUMBS%20500X500/332029.JPG
337863,RIKASASON SAZONADOR COMPLETO,745101200358,Despensa,RIKA,Condimentos Y Semillas,NULL,1,https://riba.app/imgrs/THUMBS%20500X500/337863.JPG
14184,CHOW MEIN,745101450780,Despensa,GRAN CHINA,Pastas Secas,NULL,1,https://riba.app/imgrs/THUMBS%20500X500/14184.JPG
14185,CHOW MEIN ,745101450880,Despensa,DELICIAS,Pastas Secas,NULL,1,https://riba.app/imgrs/THUMBS%20500X500/14185.JPG
319075,ACEITE DE OLIVA ARBEQUINA ,745101511073,Despensa,FINCA LA RIBA,Aceites Y Mantecas,NULL,1,https://riba.app/imgrs/THUMBS%20500X500/319075.JPG
319076,ACEITE OLIVA ARBEQUINA,745101511074,Despensa,FINCA LA RIBA,Aceites Y Mantecas,NULL,1,https://riba.app/imgrs/THUMBS%20500X500/319076.JPG
354547,POROTOS ROJOS,745101518043,Despensa,RESERVAS DEL CAMPO,Arroz Y Granos,"[""Kosher""]",1,https://riba.app/imgrs/THUMBS%20500X500/354547.JPG
354548,LENTEJAS,745101518044,Despensa,RESERVAS DEL CAMPO,Arroz Y Granos,NULL,1,https://riba.app/imgrs/THUMBS%20500X500/354548.JPG
354549,FRIJOLES CHIRICANOS,745101518045,Despensa,RESERVAS DEL CAMPO,Arroz Y Granos,NULL,1,https://riba.app/imgrs/THUMBS%20500X500/354549.JPG
358158,PALLAR,745101518052,Despensa,RESERVAS DEL CAMPO,Arroz Y Granos,NULL,1,https://riba.app/imgrs/THUMBS%20500X500/358158.JPG
358180,HABA PELADA,745101518053,Despensa,RESERVAS DEL CAMPO,Arroz Y Granos,NULL,1,https://riba.app/imgrs/THUMBS%20500X500/358180.JPG
358172,FRIJOL CARAOTA ,745101518054,Despensa,RESERVAS DEL CAMPO,Arroz Y Granos,NULL,1,https://riba.app/imgrs/THUMBS%20500X500/358172.JPG
358161,FRIJOL ADZUKI ,745101518055,Despensa,RESERVAS DEL CAMPO,Arroz Y Granos,NULL,1,https://riba.app/imgrs/THUMBS%20500X500/358161.JPG
358174,FRIJOL CASTILLA,745101518056,Despensa,RESERVAS DEL CAMPO,Arroz Y Granos,"[""Kosher""]",1,https://riba.app/imgrs/THUMBS%20500X500/358174.JPG
358159,FRIJOL PANAMITO ,745101518057,Despensa,RESERVAS DEL CAMPO,Arroz Y Granos,NULL,1,https://riba.app/imgrs/THUMBS%20500X500/358159.JPG
358177,FRIJOL CABALLERO ,745101518058,Despensa,RESERVAS DEL CAMPO,Arroz Y Granos,NULL,1,https://riba.app/imgrs/THUMBS%20500X500/358177.JPG
358165,FRIJOL CANARIO ,745101518059,Despensa,RESERVAS DEL CAMPO,Arroz Y Granos,NULL,1,https://riba.app/imgrs/THUMBS%20500X500/358165.JPG
358168,FRIJOL LOCTAO ,745101518060,Despensa,RESERVAS DEL CAMPO,Arroz Y Granos,NULL,1,https://riba.app/imgrs/THUMBS%20500X500/358168.JPG
358164,FRIJOL PALO ,745101518061,Despensa,RESERVAS DEL CAMPO,Arroz Y Granos,NULL,1,https://riba.app/imgrs/THUMBS%20500X500/358164.JPG
358170,FRIJOL GUINDA ,745101518062,Despensa,RESERVAS DEL CAMPO,Arroz Y Granos,NULL,1,https://riba.app/imgrs/THUMBS%20500X500/358170.JPG
358160,MAIZ POP CORN ,745101518063,Despensa,RESERVAS DEL CAMPO,Arroz Y Granos,NULL,1,https://riba.app/imgrs/THUMBS%20500X500/358160.JPG
358178,MAIZ MORADO ,745101518064,Despensa,RESERVAS DEL CAMPO,Arroz Y Granos,NULL,1,https://riba.app/imgrs/THUMBS%20500X500/358178.JPG
358162,MAIZ CANCHA CHUPE ,745101518065,Despensa,RESERVAS DEL CAMPO,Arroz Y Granos,NULL,1,https://riba.app/imgrs/THUMBS%20500X500/358162.JPG
358167,MAIZ CANCHA MONTAÑA ,745101518066,Despensa,RESERVAS DEL CAMPO,Arroz Y Granos,NULL,1,https://riba.app/imgrs/THUMBS%20500X500/358167.JPG
358171,MAIZ MOTE ,745101518067,Despensa,RESERVAS DEL CAMPO,Arroz Y Granos,NULL,1,https://riba.app/imgrs/THUMBS%20500X500/358171.JPG
358175,MAIZ MOTE CUSCO ,745101518068,Despensa,RESERVAS DEL CAMPO,Arroz Y Granos,NULL,1,https://riba.app/imgrs/THUMBS%20500X500/358175.JPG
358176,QUINOA BLANCA ,745101518069,Despensa,RESERVAS DEL CAMPO,Arroz Y Granos,NULL,1,https://riba.app/imgrs/THUMBS%20500X500/358176.JPG
358169,QUINOA ROJA,745101518070,Despensa,RESERVAS DEL CAMPO,Arroz Y Granos,NULL,1,https://riba.app/imgrs/THUMBS%20500X500/358169.JPG
358163,QUINOA TRI COLOR ,745101518071,Despensa,RESERVAS DEL CAMPO,Arroz Y Granos,NULL,1,https://riba.app/imgrs/THUMBS%20500X500/358163.JPG
358179,QUINOA NEGRA ,745101518072,Despensa,RESERVAS DEL CAMPO,Arroz Y Granos,NULL,1,https://riba.app/imgrs/THUMBS%20500X500/358179.JPG
358166,CHIA NEGRA ,745101518073,Despensa,RESERVAS DEL CAMPO,Condimentos Y Semillas,NULL,1,https://riba.app/imgrs/THUMBS%20500X500/358166.JPG
23389,GUANDU VERDES,745101560036,Despensa,AMAPOLA,Arroz Y Granos,NULL,1,https://riba.app/imgrs/THUMBS%20500X500/23389.JPG
114965,GUANDU CON COCO ,745101560191,Despensa,AMAPOLA,Arroz Y Granos,NULL,1,https://riba.app/imgrs/THUMBS%20500X500/114965.JPG
81755,ACEITE DE SOYA 20 900 ML,745101560195,Despensa,HELMET,Aceites Y Mantecas,NULL,1,https://riba.app/imgrs/THUMBS%20500X500/81755.JPG
139485,LENTEJAS ROJAS PARTIDAS,745101560271,Despensa,CAMELLIA,Arroz Y Granos,NULL,1,https://riba.app/imgrs/THUMBS%20500X500/139485.JPG
136454,LENTEJAS ROJAS ENTERAS,745101560272,Despensa,CAMELLIA,Arroz Y Granos,NULL,1,https://riba.app/imgrs/THUMBS%20500X500/136454.JPG
23530,LENTEJAS,745101560415,Despensa,AMAPOLA,Arroz Y Granos,NULL,1,https://riba.app/imgrs/THUMBS%20500X500/23530.JPG
23533,ARVEJAS AMARILLAS,745101560417,Despensa,AMAPOLA,Arroz Y Granos,NULL,1,https://riba.app/imgrs/THUMBS%20500X500/23533.JPG
23278,LENTEJAS,745101560419,Despensa,CAMELLIA,Arroz Y Granos,NULL,1,https://riba.app/imgrs/THUMBS%20500X500/23278.JPG
15396,POROTOS ROJOS,745101560420,Despensa,CAMELLIA,Arroz Y Granos,NULL,1,https://riba.app/imgrs/THUMBS%20500X500/15396.JPG
23279,ARVEJAS AMARILLAS ,745101560503,Despensa,CAMELLIA,Arroz Y Granos,NULL,1,https://riba.app/imgrs/THUMBS%20500X500/23279.JPG
15364,PEAS BLACKEYE 24 16 OZ,745101560504,Despensa,CAMELLIA,Arroz Y Granos,NULL,1,https://riba.app/imgrs/THUMBS%20500X500/15364.JPG
15372,FRIJOLES NEGROS,745101560505,Despensa,CAMELLIA,Arroz Y Granos,NULL,1,https://riba.app/imgrs/THUMBS%20500X500/15372.JPG
23277,FRIJOLES ROSADOS,745101560507,Despensa,CAMELLIA,Arroz Y Granos,NULL,1,https://riba.app/imgrs/THUMBS%20500X500/23277.JPG
110436,ACEITE DE SOYA HELMET 6 3 LT,745101560536,Despensa,HELMET,Aceites Y Mantecas,NULL,1,https://riba.app/imgrs/THUMBS%20500X500/110436.JPG
234918,QUINUA ROJA,745101560692,Despensa,CAMELLIA,Arroz Y Granos,"[""Gluten-free""]",1,https://riba.app/imgrs/THUMBS%20500X500/234918.JPG
234919,QUINUA BLANCA,745101560693,Despensa,CAMELLIA,Arroz Y Granos,"[""Gluten-free""]",1,https://riba.app/imgrs/THUMBS%20500X500/234919.JPG
234921,CHIA NEGRA,745101560694,Despensa,CAMELLIA,Condimentos Y Semillas,NULL,1,https://riba.app/imgrs/THUMBS%20500X500/234921.JPG
234920,QUINUA NEGRA,745101560695,Despensa,CAMELLIA,Arroz Y Granos,"[""Gluten-free""]",1,https://riba.app/imgrs/THUMBS%20500X500/234920.JPG
279283,FRIJOL CHIRICANO ,745101560723,Despensa,CAMELLIA,Arroz Y Granos,NULL,1,https://riba.app/imgrs/THUMBS%20500X500/279283.JPG
279284,FRIJOL ROJO ,745101560724,Despensa,CAMELLIA,Arroz Y Granos,NULL,1,https://riba.app/imgrs/THUMBS%20500X500/279284.JPG
279285,POROTO CHILENO ,745101560725,Despensa,CAMELLIA,Arroz Y Granos,NULL,1,https://riba.app/imgrs/THUMBS%20500X500/279285.JPG
272385,CAMELIA FRIJOL DESAYUNO ,745101560727,Despensa,CAMELLIA,Arroz Y Granos,NULL,1,https://riba.app/imgrs/THUMBS%20500X500/272385.JPG
350398,POROTOS ROJOS AMAPOLA,745101560854,Despensa,AMAPOLA,Arroz Y Granos,NULL,1,https://riba.app/imgrs/THUMBS%20500X500/350398.JPG
28796,RAVIOLI DE CARNE 1 2 LB ,745101621001,Despensa,PASTA FRESCAS,Pastas Secas,NULL,1,https://riba.app/imgrs/THUMBS%20500X500/28796.JPG
28797,RAVIOLI DE RICOTTA 1 2 LB,745101621002,Despensa,PASTA FRESCAS,Pastas Secas,NULL,1,https://riba.app/imgrs/THUMBS%20500X500/28797.JPG
28798,RAVIOLI DE POLLO 1 2 LB ,745101621003,Despensa,PASTA FRESCAS,Pastas Secas,NULL,1,https://riba.app/imgrs/THUMBS%20500X500/28798.JPG
28799,TORTELLINI DE CARNE 1 2LB,745101621004,Despensa,PASTA FRESCAS,Pastas Secas,NULL,1,https://riba.app/imgrs/THUMBS%20500X500/28799.JPG
323569,FIDEOS CHOW MEIN 1LB,745101691002,Despensa,EL PACIFICO,Pastas Secas,"[""Kosher""]",1,https://riba.app/imgrs/THUMBS%20500X500/323569.JPG
338400,PASTA FIDEOS DE HUEVO,745101691011,Despensa,PASTAS ORIENTAL,Pastas Secas,"[""Kosher""]",1,https://riba.app/imgrs/THUMBS%20500X500/338400.JPG
250005,DUO PACK SALSAS,745101790005,Despensa,BATURRO,Aderezos Y Salsas,NULL,1,https://riba.app/imgrs/THUMBS%20500X500/250005.JPG
14148,SIROPE DE GRANADINA,745101790011,Despensa,CAMELIA,Siropes,NULL,1,https://riba.app/imgrs/THUMBS%20500X500/14148.JPG
14149,SIROPE DE GOMA,745101790013,Despensa,CAMELIA,Siropes,NULL,1,https://riba.app/imgrs/THUMBS%20500X500/14149.JPG
23359,SALSA CHINA-INGLESA-CONDIMENTA,745101790103,Despensa,BATURRO,Aderezos Y Salsas,NULL,1,https://riba.app/imgrs/THUMBS%20500X500/23359.JPG
23330,SALSA CHINA,745101790930,Despensa,BATURRO,Aderezos Y Salsas,NULL,1,https://riba.app/imgrs/THUMBS%20500X500/23330.JPG
23337,SALSA PARA CONDIMENTAR,745101790937,Despensa,BATURRO,Aderezos Y Salsas,NULL,1,https://riba.app/imgrs/THUMBS%20500X500/23337.JPG
79447,SALSA CONDIMENTADA 24 10 5 OZ,745101790992,Despensa,BATURRO,Aderezos Y Salsas,NULL,1,https://riba.app/imgrs/THUMBS%20500X500/79447.JPG
23357,SALSA INGLESA,745101790997,Despensa,BATURRO,Aderezos Y Salsas,NULL,1,https://riba.app/imgrs/THUMBS%20500X500/23357.JPG
23356,SALSA CHINA,745101790999,Despensa,BATURRO,Aderezos Y Salsas,NULL,1,https://riba.app/imgrs/THUMBS%20500X500/23356.JPG
265101,AJO EN PASTA ,745101850024,Despensa,TROPIDALI,Aderezos Y Salsas,NULL,1,https://riba.app/imgrs/THUMBS%20500X500/265101.JPG
75347,OREGANO TRITURADO,745102090001,Despensa,DOÑA ANITA,Condimentos Y Semillas,"[""Kosher""]",1,https://riba.app/imgrs/THUMBS%20500X500/75347.JPG
75346,CANELA EN RAJA,745102090002,Despensa,DOÑA ANITA,Condimentos Y Semillas,"[""Kosher""]",1,https://riba.app/imgrs/THUMBS%20500X500/75346.JPG
69078,ROMERO  ,745102090003,Despensa,DOÑA ANITA,Condimentos Y Semillas,"[""Kosher""]",1,https://riba.app/imgrs/THUMBS%20500X500/69078.JPG
78905,LAUREL EN HOJA ENTERA FRASCO,745102090005,Despensa,DOÑA ANITA,Condimentos Y Semillas,"[""Kosher""]",1,https://riba.app/imgrs/THUMBS%20500X500/78905.JPG
83992,PIMIENTA DULCE EN GRANO,745102090006,Despensa,DOÑA ANITA,Condimentos Y Semillas,"[""Kosher""]",1,https://riba.app/imgrs/THUMBS%20500X500/83992.JPG
83993,PEREJIL TRITURADO FRASCO,745102090007,Despensa,DOÑA ANITA,Condimentos Y Semillas,"[""Kosher""]",1,https://riba.app/imgrs/THUMBS%20500X500/83993.JPG
83995,ALBAHACA TRITURADO,745102090008,Despensa,DOÑA ANITA,Condimentos Y Semillas,"[""Kosher""]",1,https://riba.app/imgrs/THUMBS%20500X500/83995.JPG
109084,TOMILLO TRITURADO,745102090009,Despensa,DOÑA ANITA,Condimentos Y Semillas,"[""Kosher""]",1,https://riba.app/imgrs/THUMBS%20500X500/109084.JPG
109083,PIMIENTA MIXTAS EN GRANOS,745102090010,Despensa,DOÑA ANITA,Condimentos Y Semillas,"[""Kosher""]",1,https://riba.app/imgrs/THUMBS%20500X500/109083.JPG
135049,CLAVITO DE OLOR MOLIDO ,745102090011,Despensa,DOÑA ANITA,Condimentos Y Semillas,"[""Kosher""]",1,https://riba.app/imgrs/THUMBS%20500X500/135049.JPG
156583,GENGIBRE MOLIDO,745102090013,Despensa,DOÑA ANITA,Condimentos Y Semillas,"[""Kosher""]",1,https://riba.app/imgrs/THUMBS%20500X500/156583.JPG
156576,MOSTAZA MOLIDA,745102090015,Despensa,DOÑA ANITA,Condimentos Y Semillas,"[""Kosher""]",1,https://riba.app/imgrs/THUMBS%20500X500/156576.JPG
156580,PIMIENTA ROJA CAYENA,745102090016,Despensa,DOÑA ANITA,Condimentos Y Semillas,"[""Kosher""]",1,https://riba.app/imgrs/THUMBS%20500X500/156580.JPG
25008,CURRY MOLIDO,745102099002,Despensa,DOÑA ANITA,Condimentos Y Semillas,"[""Kosher""]",1,https://riba.app/imgrs/THUMBS%20500X500/25008.JPG
25009,LAUREL HOJAS ENTERAS,745102099003,Despensa,DOÑA ANITA,Condimentos Y Semillas,"[""Kosher""]",1,https://riba.app/imgrs/THUMBS%20500X500/25009.JPG
25015,PIMIENTA NEGRA MOLIDA,745102099064,Despensa,DOÑA ANITA,Condimentos Y Semillas,"[""Kosher""]",1,https://riba.app/imgrs/THUMBS%20500X500/25015.JPG
25018,NUEZ MOSCADA ENTERA,745102099088,Despensa,DOÑA ANITA,Condimentos Y Semillas,"[""Kosher""]",1,https://riba.app/imgrs/THUMBS%20500X500/25018.JPG
25021,CLAVITO DE OLOR ENTERO,745102099118,Despensa,DOÑA ANITA,Condimentos Y Semillas,"[""Kosher""]",1,https://riba.app/imgrs/THUMBS%20500X500/25021.JPG
25026,ANIS EN SEMILLAS,745102099200,Despensa,DOÑA ANITA,Condimentos Y Semillas,"[""Kosher""]",1,https://riba.app/imgrs/THUMBS%20500X500/25026.JPG
170720,FRASCO CURRY MOLIDA,745102099202,Despensa,DOÑA ANITA,Condimentos Y Semillas,"[""Kosher""]",1,https://riba.app/imgrs/THUMBS%20500X500/170720.JPG
170719,FRASCO CANELA MOLIDA,745102099204,Despensa,DOÑA ANITA,Condimentos Y Semillas,"[""Kosher""]",1,https://riba.app/imgrs/THUMBS%20500X500/170719.JPG
170740,FRASCO PIMENTON ESPAÑOL,745102099206,Despensa,DOÑA ANITA,Condimentos Y Semillas,NULL,1,https://riba.app/imgrs/THUMBS%20500X500/170740.JPG
170742,CANELA MOLIDA,745102099208,Despensa,DOÑA ANITA,Condimentos Y Semillas,"[""Kosher""]",1,https://riba.app/imgrs/THUMBS%20500X500/170742.JPG
170743,CURRY MOLIDA,745102099209,Despensa,DOÑA ANITA,Condimentos Y Semillas,"[""Kosher""]",1,https://riba.app/imgrs/THUMBS%20500X500/170743.JPG
219853,REALZADOR DE SABOR,745102099211,Despensa,DOÑA ANITA,Condimentos Y Semillas,"[""Kosher""]",1,https://riba.app/imgrs/THUMBS%20500X500/219853.JPG
219498,ANIS ESTRELLAS ,745102099212,Despensa,DOÑA ANITA,Condimentos Y Semillas,"[""Kosher""]",1,https://riba.app/imgrs/THUMBS%20500X500/219498.JPG
75173,HOJAS DE LAUREL ENTERA,745102210011,Despensa,BAHIL,Condimentos Y Semillas,NULL,1,https://riba.app/imgrs/THUMBS%20500X500/75173.JPG
19001,CANELA FINA EN CASCARA ,745102211015,Despensa,BAHIL,Condimentos Y Semillas,NULL,1,https://riba.app/imgrs/THUMBS%20500X500/19001.JPG
19000,CANELA FINA EN CASCARA ,745102211022,Despensa,BAHIL,Condimentos Y Semillas,NULL,1,https://riba.app/imgrs/THUMBS%20500X500/19000.JPG
19002,CANELA FINA CASCARA ,745102211039,Despensa,BAHIL,Condimentos Y Semillas,NULL,1,https://riba.app/imgrs/THUMBS%20500X500/19002.JPG
19004,CANELA MOLIDA ,745102211053,Despensa,BAHIL,Condimentos Y Semillas,NULL,1,https://riba.app/imgrs/THUMBS%20500X500/19004.JPG
19007,CLAVITOS DE OLOR,745102211084,Despensa,BAHIL,Condimentos Y Semillas,NULL,1,https://riba.app/imgrs/THUMBS%20500X500/19007.JPG
19010,NUEZ MOSCADA MOLIDA,745102211107,Despensa,BAHIL,Condimentos Y Semillas,NULL,1,https://riba.app/imgrs/THUMBS%20500X500/19010.JPG
19012,HOJAS DE LAUREL,745102211121,Despensa,BAHIL,Condimentos Y Semillas,NULL,1,https://riba.app/imgrs/THUMBS%20500X500/19012.JPG
19014,PIMIENTA NEGRA MOLIDA,745102211145,Despensa,BAHIL,Condimentos Y Semillas,NULL,1,https://riba.app/imgrs/THUMBS%20500X500/19014.JPG
19015,PIMIENTA NEGRA MOLIDA,745102211152,Despensa,BAHIL,Condimentos Y Semillas,NULL,1,https://riba.app/imgrs/THUMBS%20500X500/19015.JPG
19018,PIMIENTA NEGRO EN GRANOS,745102211183,Despensa,BAHIL,Condimentos Y Semillas,NULL,1,https://riba.app/imgrs/THUMBS%20500X500/19018.JPG
19021,CURRY POLVO,745102211213,Despensa,BAHIL,Condimentos Y Semillas,NULL,1,https://riba.app/imgrs/THUMBS%20500X500/19021.JPG
19024,OREGANO TRITURADO,745102211329,Despensa,BAHIL,Condimentos Y Semillas,NULL,1,https://riba.app/imgrs/THUMBS%20500X500/19024.JPG
19025,OREGANO TRITURADO,745102211336,Despensa,BAHIL,Condimentos Y Semillas,NULL,1,https://riba.app/imgrs/THUMBS%20500X500/19025.JPG
19005,CANELA MOLIDA ,745102211600,Despensa,BAHIL,Condimentos Y Semillas,NULL,1,https://riba.app/imgrs/THUMBS%20500X500/19005.JPG
19008,CLAVITOS DE OLOR 24 30GR,745102211619,Despensa,BAHIL,Condimentos Y Semillas,NULL,1,https://riba.app/imgrs/THUMBS%20500X500/19008.JPG
19019,PIMIENTA NEGRA EN GRANO,745102211632,Despensa,BAHIL,Condimentos Y Semillas,NULL,1,https://riba.app/imgrs/THUMBS%20500X500/19019.JPG
19027,HOJAS DE ROMERO,745102211640,Despensa,BAHIL,Condimentos Y Semillas,NULL,1,https://riba.app/imgrs/THUMBS%20500X500/19027.JPG
19029,HOJAS DE LAUREL ENTERAS,745102211664,Despensa,BAHIL,Condimentos Y Semillas,NULL,1,https://riba.app/imgrs/THUMBS%20500X500/19029.JPG
19033,CURRY MOLIDO,745102211725,Despensa,BAHIL,Condimentos Y Semillas,NULL,1,https://riba.app/imgrs/THUMBS%20500X500/19033.JPG
166092,MACARRONES GRUESO PAPEL,745102250007,Despensa,LA PARMIGIANA,Pastas Secas,NULL,1,https://riba.app/imgrs/THUMBS%20500X500/166092.JPG
155786, PLUMA PASTA CORTA,745102250019,Despensa,LA PARMIGIANA,Pastas Secas,"[""Kosher""]",1,https://riba.app/imgrs/THUMBS%20500X500/155786.JPG
156672,FIDEOS DE 1/2 LB,745102250020,Despensa,LA PARMIGIANA,Pastas Secas,"[""Kosher""]",1,https://riba.app/imgrs/THUMBS%20500X500/156672.JPG
220644,CANELONES  ,745102250027,Despensa,LA PARMIGIANA,Pastas Secas,"[""Kosher""]",1,https://riba.app/imgrs/THUMBS%20500X500/220644.JPG
223432,CHICHEME ,745102250030,Despensa,LA PARMIGIANA,Avenas Y Cremas,"[""Gluten-free"",""Kosher""]",1,https://riba.app/imgrs/THUMBS%20500X500/223432.JPG
296626,MACARRON CON QUESO LA PARMIGIA,745102250031,Despensa,LA PARMIGIANA,Pastas Secas,NULL,1,https://riba.app/imgrs/THUMBS%20500X500/296626.JPG
219384,SPAGHETTI DELGADO ,745102250032,Despensa,LA PARMIGIANA,Pastas Secas,"[""Kosher""]",1,https://riba.app/imgrs/THUMBS%20500X500/219384.JPG
223241,SPAGUETTI INTEGRAL,745102250034,Despensa,LA PARMIGIANA,Pastas Secas,"[""Kosher""]",1,https://riba.app/imgrs/THUMBS%20500X500/223241.JPG
223240,LINGUINE  ,745102250035,Despensa,LA PARMIGIANA,Pastas Secas,"[""Kosher""]",1,https://riba.app/imgrs/THUMBS%20500X500/223240.JPG
231540,PLUMAS CON VEGETALES ,745102250037,Despensa,LA PARMIGIANA,Pastas Secas,"[""Kosher""]",1,https://riba.app/imgrs/THUMBS%20500X500/231540.JPG
231584,SOPA DE FIDEO SABOR POLLO ,745102250038,Despensa,LA PARMIGIANA,Sopas Y Cremas,NULL,1,https://riba.app/imgrs/THUMBS%20500X500/231584.JPG
231585,SOPA DE FIDEO SABOR MARISCO ,745102250039,Despensa,LA PARMIGIANA,Sopas Y Cremas,NULL,1,https://riba.app/imgrs/THUMBS%20500X500/231585.JPG
223431,CREMA DE MAIZ,745102250523,Despensa,LA PARMIGIANA,Avenas Y Cremas,NULL,1,https://riba.app/imgrs/THUMBS%20500X500/223431.JPG
261893,CREMA DE PLATANO,745102250524,Despensa,LA PARMIGIANA,Avenas Y Cremas,"[""Gluten-free""]",1,https://riba.app/imgrs/THUMBS%20500X500/261893.JPG
130322,LASAGÑA ,745102250538,Despensa,LA PARMIGIANA,Pastas Secas,"[""Kosher""]",1,https://riba.app/imgrs/THUMBS%20500X500/130322.JPG
170319,SPAGHETTI ,745102250542,Despensa,LA PARMIGIANA,Pastas Secas,"[""Kosher""]",1,https://riba.app/imgrs/THUMBS%20500X500/170319.JPG
155785,CODITOS,745102250711,Despensa,LA PARMIGIANA,Pastas Secas,"[""Kosher""]",1,https://riba.app/imgrs/THUMBS%20500X500/155785.JPG
155784,CARRIZO PASTA CORTA  1 LB ,745102250720,Despensa,LA PARMIGIANA,Pastas Secas,"[""Kosher""]",1,https://riba.app/imgrs/THUMBS%20500X500/155784.JPG
155783,TORNILLO,745102250721,Despensa,LA PARMIGIANA,Pastas Secas,"[""Kosher""]",1,https://riba.app/imgrs/THUMBS%20500X500/155783.JPG
227523,AZUCAR MICRO PULVERIZADA ,745102250839,Despensa,LA PARMIGIANA,Azucar Y Endulzantes,"[""Kosher""]",1,https://riba.app/imgrs/THUMBS%20500X500/227523.JPG
229832,PANCAKE INTEGRAL ,745102250873,Despensa,LA PARMIGIANA,Harinas,NULL,1,https://riba.app/imgrs/THUMBS%20500X500/229832.JPG
242799,GNOCCHI DI PATATE,745102250875,Despensa,LA PARMIGIANA,Pastas Secas,NULL,1,https://riba.app/imgrs/THUMBS%20500X500/242799.JPG
268796,PASTA TORNILLO INTEGRAL,745102250876,Despensa,LA PARMIGIANA,Pastas Secas,"[""Kosher""]",1,https://riba.app/imgrs/THUMBS%20500X500/268796.JPG
248101,AVENA DE HOJUELA CON CANELA ,745102250878,Despensa,LA PARMIGIANA,Avenas Y Cremas,"[""Kosher""]",1,https://riba.app/imgrs/THUMBS%20500X500/248101.JPG
248100,AVENA DE HOJUELA CON PASITAS ,745102250882,Despensa,LA PARMIGIANA,Avenas Y Cremas,"[""Kosher""]",1,https://riba.app/imgrs/THUMBS%20500X500/248100.JPG
231542,ACEITE OLIVA EXTR VIRGEN ,745102250887,Despensa,LA PARMIGIANA,Aceites Y Mantecas,NULL,1,https://riba.app/imgrs/THUMBS%20500X500/231542.JPG
241675,BASE DE SANCOCHO LA PARMEGIANA,745102250891,Despensa,LA PARMIGIANA,Sopas Y Cremas,NULL,1,https://riba.app/imgrs/THUMBS%20500X500/241675.JPG
245136,SALSA TOMATE ESTILO ITALIANA,745102250895,Despensa,LA PARMIGIANA,Aderezos Y Salsas,NULL,1,https://riba.app/imgrs/THUMBS%20500X500/245136.JPG
238492,TOMATE PELADO ,745102250897,Despensa,LA PARMIGIANA,Conservas Y Encurtidos,"[""Kosher""]",1,https://riba.app/imgrs/THUMBS%20500X500/238492.JPG
241901,CHOW MEIN ,745102250918,Despensa,LA PARMIGIANA,Pastas Secas,NULL,1,https://riba.app/imgrs/THUMBS%20500X500/241901.JPG
258535,CHOW MEIN,745102250919,Despensa,LA PARMIGIANA,Pastas Secas,NULL,1,https://riba.app/imgrs/THUMBS%20500X500/258535.JPG
242798,PASSATA DI POMODORO,745102250927,Despensa,LA PARMIGIANA,Aderezos Y Salsas,"[""Kosher""]",1,https://riba.app/imgrs/THUMBS%20500X500/242798.JPG
257648,PLUMAS A LA CARBONARA,745102250946,Despensa,LA PARMIGIANA,Pastas Secas,NULL,1,https://riba.app/imgrs/THUMBS%20500X500/257648.JPG
257647,PLUMAS A LA BOLOGNESA ,745102250947,Despensa,LA PARMIGIANA,Pastas Secas,NULL,1,https://riba.app/imgrs/THUMBS%20500X500/257647.JPG
257649,PLUMAS EN SALSA ALFREDO,745102250948,Despensa,LA PARMIGIANA,Pastas Secas,NULL,1,https://riba.app/imgrs/THUMBS%20500X500/257649.JPG
257650,PLUMAS  AL PESTO,745102250949,Despensa,LA PARMIGIANA,Pastas Secas,NULL,1,https://riba.app/imgrs/THUMBS%20500X500/257650.JPG
258541,TORNILLO CON VEGETALES ,745102250950,Despensa,LA PARMIGIANA,Pastas Secas,"[""Kosher""]",1,https://riba.app/imgrs/THUMBS%20500X500/258541.JPG
297684,PASTA TORTELLINI CARNE LA PARM,745102250951,Despensa,LA PARMIGIANA,Pastas Secas,NULL,1,https://riba.app/imgrs/THUMBS%20500X500/297684.JPG
297687,TORTELLINI CON QUESO LA PARMIG,745102250952,Despensa,LA PARMIGIANA,Pastas Secas,NULL,1,https://riba.app/imgrs/THUMBS%20500X500/297687.JPG
266144,ACEITUNA RELLENAS DE PIMIENTON,745102250960,Despensa,LA PARMIGIANA,Conservas Y Encurtidos,"[""Kosher""]",1,https://riba.app/imgrs/THUMBS%20500X500/266144.JPG
264072,KALAMATA SIN HUESO ,745102250961,Despensa,LA PARMIGIANA,Conservas Y Encurtidos,"[""Kosher""]",1,https://riba.app/imgrs/THUMBS%20500X500/264072.JPG
264071,ACEITUNA NEGRAS ENT SIN HUESO,745102250963,Despensa,LA PARMIGIANA,Conservas Y Encurtidos,"[""Kosher""]",1,https://riba.app/imgrs/THUMBS%20500X500/264071.JPG
266142,ACEITUNAS RODAJAS,745102250964,Despensa,LA PARMIGIANA,Conservas Y Encurtidos,"[""Kosher""]",1,https://riba.app/imgrs/THUMBS%20500X500/266142.JPG
266143,ACEITUNAS SIN HUESO,745102250965,Despensa,LA PARMIGIANA,Conservas Y Encurtidos,"[""Kosher""]",1,https://riba.app/imgrs/THUMBS%20500X500/266143.JPG
258562,PESTO CREMOSO ,745102250966,Despensa,LA PARMIGIANA,Aderezos Y Salsas,NULL,1,https://riba.app/imgrs/THUMBS%20500X500/258562.JPG
258561,ALCACHOFA PARRILLA EN ACEITE ,745102250967,Despensa,LA PARMIGIANA,Conservas Y Encurtidos,NULL,1,https://riba.app/imgrs/THUMBS%20500X500/258561.JPG
258559,MIX VEG PARRILLA EN ACEITE ,745102250969,Despensa,LA PARMIGIANA,Conservas Y Encurtidos,NULL,1,https://riba.app/imgrs/THUMBS%20500X500/258559.JPG
258557,BERENJENA PARRILLA EN  ACEITE ,745102250971,Despensa,LA PARMIGIANA,Conservas Y Encurtidos,NULL,1,https://riba.app/imgrs/THUMBS%20500X500/258557.JPG
258556,ESPARRAGOS VERDE A LA PARRILLA,745102250972,Despensa,LA PARMIGIANA,Conservas Y Encurtidos,NULL,1,https://riba.app/imgrs/THUMBS%20500X500/258556.JPG
264181,HONGOS ENTEROS,745102250982,Despensa,DONNA VERONA ,Conservas Y Encurtidos,NULL,1,https://riba.app/imgrs/THUMBS%20500X500/264181.JPG
316344,PANCAKE GLUTEN FREE ,745102251000,Despensa,LA PARMIGIANA,Harinas,NULL,1,https://riba.app/imgrs/THUMBS%20500X500/316344.JPG
297686,RAVIOLIS DE QUESO LA PARMIGIAN,745102251001,Despensa,LA PARMIGIANA,Pastas Secas,NULL,1,https://riba.app/imgrs/THUMBS%20500X500/297686.JPG
262000,AVENA DE HOJUELA ,745102251008,Despensa,LA PARMIGIANA,Avenas Y Cremas,NULL,1,https://riba.app/imgrs/THUMBS%20500X500/262000.JPG
285975,PALMITO MEDALLONES ,745102251026,Despensa,LA PARMIGIANA,Conservas Y Encurtidos,NULL,1,https://riba.app/imgrs/THUMBS%20500X500/285975.JPG
285976,PALMITO CORAZONES ,745102251027,Despensa,LA PARMIGIANA,Conservas Y Encurtidos,NULL,1,https://riba.app/imgrs/THUMBS%20500X500/285976.JPG
280015,GLAZE BALSAMICO 250 ML,745102251034,Despensa,LA PARMIGIANA,Aderezos Y Salsas,"[""Gluten-free"",""Vegano""]",1,https://riba.app/imgrs/THUMBS%20500X500/280015.JPG
270118,ALCAPARRAS LA PARMIGIANA ,745102251038,Despensa,LA PARMIGIANA,Conservas Y Encurtidos,NULL,1,https://riba.app/imgrs/THUMBS%20500X500/270118.JPG
285385,SALSA CON ALBAHACA ,745102251042,Despensa,LA PARMIGIANA,Aderezos Y Salsas,NULL,1,https://riba.app/imgrs/THUMBS%20500X500/285385.JPG
288182,MERMELADA DE FRESA 230 GR,745102251055,Despensa,LA PARMIGIANA,Jaleas Mantequillas Y Mermeladas,"[""Kosher""]",1,https://riba.app/imgrs/THUMBS%20500X500/288182.JPG
288185,MERMELADA DE PINA,745102251056,Despensa,LA PARMIGIANA,Jaleas Mantequillas Y Mermeladas,NULL,1,https://riba.app/imgrs/THUMBS%20500X500/288185.JPG
288180,MERMELADA FRUTOS ROJOS,745102251058,Despensa,LA PARMIGIANA,Jaleas Mantequillas Y Mermeladas,"[""Kosher""]",1,https://riba.app/imgrs/THUMBS%20500X500/288180.JPG
287668,FARFALLE LA  PARMIGIANA,745102251064,Despensa,LA PARMIGIANA,Pastas Secas,"[""Kosher""]",1,https://riba.app/imgrs/THUMBS%20500X500/287668.JPG
287666,LASAGNA PRECOCIDA PARMIGIANA,745102251065,Despensa,LA PARMIGIANA,Pastas Secas,"[""Kosher""]",1,https://riba.app/imgrs/THUMBS%20500X500/287666.JPG
302670,CODITO FAMILIAR LA PARMIGIANA,745102251070,Despensa,LA PARMIGIANA,Pastas Secas,"[""Kosher""]",1,https://riba.app/imgrs/THUMBS%20500X500/302670.JPG
304733,PASTA PENE RIGATE GLUTEN FREE,745102251119,Despensa,LA PARMIGIANA,Pastas Secas,NULL,1,https://riba.app/imgrs/THUMBS%20500X500/304733.JPG
304731,SPAGHETTI GLUENT F ARROZ MAIZ,745102251121,Despensa,LA PARMIGIANA,Pastas Secas,"[""Gluten-free""]",1,https://riba.app/imgrs/THUMBS%20500X500/304731.JPG
314308,ACEITE OLIVA BLACK TRUFFLE,745102251136,Despensa,LA PARMIGIANA,Aceites Y Mantecas,NULL,1,https://riba.app/imgrs/THUMBS%20500X500/314308.JPG
314307,ACEITE EXTRA VIRGEN ROSEMARY,745102251137,Despensa,LA PARMIGIANA,Aceites Y Mantecas,NULL,1,https://riba.app/imgrs/THUMBS%20500X500/314307.JPG
314306,ACEITE OLIVA EXTRA GARLIC,745102251138,Despensa,LA PARMIGIANA,Aceites Y Mantecas,NULL,1,https://riba.app/imgrs/THUMBS%20500X500/314306.JPG
314304,ACEITE OLIVA EXTRA BASIL,745102251139,Despensa,LA PARMIGIANA,Aceites Y Mantecas,NULL,1,https://riba.app/imgrs/THUMBS%20500X500/314304.JPG
314305,ACEITE OLIVA CHILI PEPPER,745102251140,Despensa,LA PARMIGIANA,Aceites Y Mantecas,NULL,1,https://riba.app/imgrs/THUMBS%20500X500/314305.JPG
307414,PASTA DE LETRAS LA PARMIGIANA,745102251148,Despensa,LA PARMIGIANA,Pastas Secas,"[""Kosher""]",1,https://riba.app/imgrs/THUMBS%20500X500/307414.JPG
303469,MAIZ PILADO MOLIDO ,745102251150,Despensa,LA PARMIGIANA,Avenas Y Cremas,"[""Gluten-free"",""Kosher""]",1,https://riba.app/imgrs/THUMBS%20500X500/303469.JPG
323340,CEBOLLA CARAMELIZADA LA PARMIG,745102251151,Despensa,LA PARMIGIANA,Conservas Y Encurtidos,NULL,1,https://riba.app/imgrs/THUMBS%20500X500/323340.JPG
314322,PANCAKE AVENA LA PARMIGIANA,745102251155,Despensa,LA PARMIGIANA,Harinas,NULL,1,https://riba.app/imgrs/THUMBS%20500X500/314322.JPG
347474,PASTA A BASE DE LENTEJA ROJA,745102251156,Despensa,LA PARMIGIANA,Pastas Secas,"[""Gluten-free""]",1,https://riba.app/imgrs/THUMBS%20500X500/347474.JPG
314325,PANCAKE ORIGINAL LA PARMIGIANA,745102251165,Despensa,LA PARMIGIANA,Harinas,"[""Kosher""]",1,https://riba.app/imgrs/THUMBS%20500X500/314325.JPG
314315,PANCAKE COMPLETO LA PARMIGIANA,745102251166,Despensa,LA PARMIGIANA,Harinas,NULL,1,https://riba.app/imgrs/THUMBS%20500X500/314315.JPG
314319,PANCAKE INTEGRAL LA PARMIGIANA,745102251167,Despensa,LA PARMIGIANA,Harinas,"[""Kosher""]",1,https://riba.app/imgrs/THUMBS%20500X500/314319.JPG
316055,VINAGRE MANZANA ORG LIMON JENG,745102251175,Despensa,LA PARMIGIANA,Vinagre,"[""Gluten-free"",""Orgánico"",""Vegano""]",1,https://riba.app/imgrs/THUMBS%20500X500/316055.JPG
316056,VINAGRE DE VINO BLANCO,745102251176,Despensa,LA PARMIGIANA,Vinagre,NULL,1,https://riba.app/imgrs/THUMBS%20500X500/316056.JPG
316286,PASTA ORZO 454 GR,745102251183,Despensa,LA PARMIGIANA,Pastas Secas,"[""Kosher""]",1,https://riba.app/imgrs/THUMBS%20500X500/316286.JPG
308982,AVENA EN HOJUELAS LA PARMIGIAN,745102251205,Despensa,LA PARMIGIANA,Avenas Y Cremas,NULL,1,https://riba.app/imgrs/THUMBS%20500X500/308982.JPG
310155,CHICHEME INSTANTANEO LA PARMIG,745102251208,Despensa,LA PARMIGIANA,Avenas Y Cremas,"[""Gluten-free"",""Kosher""]",1,https://riba.app/imgrs/THUMBS%20500X500/310155.JPG
323334,PASTA RIGATONI FORMA CORAZON,745102251288,Despensa,LA PARMIGIANA,Pastas Secas,"[""Kosher""]",1,https://riba.app/imgrs/THUMBS%20500X500/323334.JPG
315346,SPAGHETTI,745102251299,Despensa,LA NACIONAL,Pastas Secas,"[""Kosher""]",1,https://riba.app/imgrs/THUMBS%20500X500/315346.JPG
315344,CODITOS,745102251301,Despensa,LA NACIONAL,Pastas Secas,"[""Kosher""]",1,https://riba.app/imgrs/THUMBS%20500X500/315344.JPG
347473,PASTA DE PALMITO LINGUINE,745102251304,Despensa,LA PARMIGIANA,Pastas Secas,"[""Gluten-free"",""Kosher"",""Vegano""]",1,https://riba.app/imgrs/THUMBS%20500X500/347473.JPG
339787,ESPAGUETI CON SALSA DE QUESO,745102251305,Despensa,LA PARMIGIANA,Pastas Secas,NULL,1,https://riba.app/imgrs/THUMBS%20500X500/339787.JPG
336042,TALLARIN LA PARMIGIANA,745102251315,Despensa,LA PARMIGIANA,Pastas Secas,NULL,1,https://riba.app/imgrs/THUMBS%20500X500/336042.JPG
336041,PASTA SECA CABELLO DE ANGEL,745102251317,Despensa,LA PARMIGIANA,Pastas Secas,"[""Kosher""]",1,https://riba.app/imgrs/THUMBS%20500X500/336041.JPG
347475,ACEITE GIRASOL LA PARMIGIANA,745102251349,Despensa,LA PARMIGIANA,Aceites Y Mantecas,NULL,1,https://riba.app/imgrs/THUMBS%20500X500/347475.JPG
347476,ACEITE LA PARMIGIANA GIRASOL,745102251350,Despensa,LA PARMIGIANA,Aceites Y Mantecas,NULL,1,https://riba.app/imgrs/THUMBS%20500X500/347476.JPG
347477,ACEITE OLIVA EXTRA LA PARMIGIA,745102251386,Despensa,LA PARMIGIANA,Aceites Y Mantecas,"[""Kosher""]",1,https://riba.app/imgrs/THUMBS%20500X500/347477.JPG
33954,AZUCAR MORENA,745102280001,Despensa,AZUCAR CRISTAL,Azucar Y Endulzantes,"[""Kosher""]",1,https://riba.app/imgrs/THUMBS%20500X500/33954.JPG
33955,AZUCAR MORENA ,745102280003,Despensa,AZUCAR CRISTAL,Azucar Y Endulzantes,"[""Kosher""]",1,https://riba.app/imgrs/THUMBS%20500X500/33955.JPG
33953,AZUCAR MORENA ,745102280288,Despensa,AZUCAR CRISTAL,Azucar Y Endulzantes,"[""Kosher""]",1,https://riba.app/imgrs/THUMBS%20500X500/33953.JPG
236033,AZUCAR LA MORENITA ,745102280289,Despensa,LA MORENITA (AZUCAR),Azucar Y Endulzantes,"[""Kosher""]",1,https://riba.app/imgrs/THUMBS%20500X500/236033.JPG
236028,AZUCAR LA MORENITA,745102280290,Despensa,LA MORENITA (AZUCAR),Azucar Y Endulzantes,"[""Kosher""]",1,https://riba.app/imgrs/THUMBS%20500X500/236028.JPG
257878,AZUCAR BLANCO ,745102280292,Despensa,AZUCAR CRISTAL,Azucar Y Endulzantes,"[""Kosher""]",1,https://riba.app/imgrs/THUMBS%20500X500/257878.JPG
257877,AZUCAR BLANCO,745102280293,Despensa,AZUCAR CRISTAL,Azucar Y Endulzantes,"[""Kosher""]",1,https://riba.app/imgrs/THUMBS%20500X500/257877.JPG
257875,AZUCAR BLANCO ,745102280294,Despensa,AZUCAR CRISTAL,Azucar Y Endulzantes,"[""Kosher""]",1,https://riba.app/imgrs/THUMBS%20500X500/257875.JPG
283350,AZUCAR MORENA CON ATEVIA ,745102280296,Despensa,LA VICTORIA,Azucar Y Endulzantes,"[""Kosher""]",1,https://riba.app/imgrs/THUMBS%20500X500/283350.JPG
31987,CONCENTRADO RECAO D CARLA,745102960002,Despensa,DOÑA CARLA,Aderezos Y Salsas,NULL,1,https://riba.app/imgrs/THUMBS%20500X500/31987.JPG
118314,RECAO ROJO DOÑA CARLA 16 OZ,745102960004,Despensa,DOÑA CARLA,Aderezos Y Salsas,NULL,1,https://riba.app/imgrs/THUMBS%20500X500/118314.JPG
72803,ACEITE GIRASOL CLASICO,745103240557,Despensa,GIROL,Aceites Y Mantecas,NULL,1,https://riba.app/imgrs/THUMBS%20500X500/72803.JPG
67241,ACEITE GIRASOL CLASICO,745103240558,Despensa,GIROL,Aceites Y Mantecas,NULL,1,https://riba.app/imgrs/THUMBS%20500X500/67241.JPG
66834,ACEITE GIRASOL CLASICO,745103240559,Despensa,GIROL,Aceites Y Mantecas,NULL,1,https://riba.app/imgrs/THUMBS%20500X500/66834.JPG
72806,ACEITE GIRASOL CLASICO,745103240560,Despensa,GIROL,Aceites Y Mantecas,NULL,1,https://riba.app/imgrs/THUMBS%20500X500/72806.JPG
72711,ACEITE NATURAL  GIROL SOYA,745103240561,Despensa,GIROL,Aceites Y Mantecas,NULL,1,https://riba.app/imgrs/THUMBS%20500X500/72711.JPG
67571,ACEITE DE SOYA NATURAL GIROL,745103240562,Despensa,GIROL,Aceites Y Mantecas,NULL,1,https://riba.app/imgrs/THUMBS%20500X500/67571.JPG
72805,ACEITE DE SOYA NATURAL,745103240563,Despensa,GIROL,Aceites Y Mantecas,NULL,1,https://riba.app/imgrs/THUMBS%20500X500/72805.JPG
72807,ACEITE NATURAL SOYA,745103240564,Despensa,GIROL,Aceites Y Mantecas,NULL,1,https://riba.app/imgrs/THUMBS%20500X500/72807.JPG
267526,ACEITE GIRASOL ,745103240580,Despensa,GIROL,Aceites Y Mantecas,NULL,1,https://riba.app/imgrs/THUMBS%20500X500/267526.JPG
268269,GIROL ACEITE VEGETAL,745103240581,Despensa,GIROL,Aceites Y Mantecas,NULL,1,https://riba.app/imgrs/THUMBS%20500X500/268269.JPG
342672,ACEITE GIROL GIRASOL 5 LTS,745103240613,Despensa,GIROL,Aceites Y Mantecas,NULL,1,https://riba.app/imgrs/THUMBS%20500X500/342672.JPG
342669,ACEITE VEGETAL GIROL 5LTS,745103240614,Despensa,GIROL,Aceites Y Mantecas,NULL,1,https://riba.app/imgrs/THUMBS%20500X500/342669.JPG
342684,ACEITE GIRASOL 900 ML,745103240616,Despensa,GIROL,Aceites Y Mantecas,NULL,1,https://riba.app/imgrs/THUMBS%20500X500/342684.JPG
225848,ARROZ ESPECIAL,745107399014,Despensa,MIRO,Arroz Y Granos,NULL,1,https://riba.app/imgrs/THUMBS%20500X500/225848.JPG
225929,ARROZ ESPECIAL,745107399015,Despensa,MIRO,Arroz Y Granos,NULL,1,https://riba.app/imgrs/THUMBS%20500X500/225929.JPG
246208,AZUCAR REFINADA ,745107850104,Despensa,SANTA ROSA,Azucar Y Endulzantes,"[""Kosher""]",1,https://riba.app/imgrs/THUMBS%20500X500/246208.JPG
246205,AZUCAR TURBINADA ,745107850105,Despensa,SANTA ROSA,Azucar Y Endulzantes,"[""Kosher""]",1,https://riba.app/imgrs/THUMBS%20500X500/246205.JPG
246209,AZUCAR REFINADA,745107850106,Despensa,SANTA ROSA,Azucar Y Endulzantes,"[""Kosher""]",1,https://riba.app/imgrs/THUMBS%20500X500/246209.JPG
246206,AZUCAR TURBINADA ,745107850107,Despensa,SANTA ROSA,Azucar Y Endulzantes,"[""Kosher""]",1,https://riba.app/imgrs/THUMBS%20500X500/246206.JPG
321369,AZUCAR TURBINADA STA ROSA,745107850113,Despensa,SANTA ROSA,Azucar Y Endulzantes,"[""Kosher""]",1,https://riba.app/imgrs/THUMBS%20500X500/321369.JPG
321368,AZUCAR REFINADA STA ROSA,745107850114,Despensa,SANTA ROSA,Azucar Y Endulzantes,"[""Kosher""]",1,https://riba.app/imgrs/THUMBS%20500X500/321368.JPG
341606,AZUCAR REFINADA LIVIANA,745107850117,Despensa,SANTA ROSA,Azucar Y Endulzantes,"[""Kosher""]",1,https://riba.app/imgrs/THUMBS%20500X500/341606.JPG
32845,AZUCAR REFINADA ,745108210012,Despensa,LA ESTRELLA,Azucar Y Endulzantes,NULL,1,https://riba.app/imgrs/THUMBS%20500X500/32845.JPG
29236,AZUCAR REFINADA PLAST 1LB,745108210018,Despensa,LA ESTRELLA,Azucar Y Endulzantes,NULL,1,https://riba.app/imgrs/THUMBS%20500X500/29236.JPG
83164,AZUCAR MORENA,745108210028,Despensa,LA ESTRELLA,Azucar Y Endulzantes,NULL,1,https://riba.app/imgrs/THUMBS%20500X500/83164.JPG
124811,AZUCAR MORENA,745108210033,Despensa,LA ESTRELLA,Azucar Y Endulzantes,"[""Kosher""]",1,https://riba.app/imgrs/THUMBS%20500X500/124811.JPG
350139,AZUCAR MORENA 4 LBS ESTRELLA,745108210046,Despensa,LA ESTRELLA,Azucar Y Endulzantes,"[""Kosher""]",1,https://riba.app/imgrs/THUMBS%20500X500/350139.JPG
284824,ARROZ ESPECIAL PREMIUM DEL ORO,745108210052,Despensa,DEL ORO,Arroz Y Granos,"[""Gluten-free"",""Kosher""]",1,https://riba.app/imgrs/THUMBS%20500X500/284824.JPG
285761,ARROZ ESPECIAL ,745108210053,Despensa,DEL ORO,Arroz Y Granos,"[""Kosher""]",1,https://riba.app/imgrs/THUMBS%20500X500/285761.JPG
284462,AZUCAR BLANCA SACHET ,745108210054,Despensa,LA ESTRELLA,Azucar Y Endulzantes,NULL,1,https://riba.app/imgrs/THUMBS%20500X500/284462.JPG
350138,AZUCAR BLANCA 4 LBS ESTRELLA,745108210063,Despensa,LA ESTRELLA,Azucar Y Endulzantes,"[""Kosher""]",1,https://riba.app/imgrs/THUMBS%20500X500/350138.JPG
113121,ARROZ ESPECIAL 5 LBS PELIN,745108477009,Despensa,ARROZ PELIN,Arroz Y Granos,NULL,1,https://riba.app/imgrs/THUMBS%20500X500/113121.JPG
113120,ARROZ ESPECIAL 20 LBS,745108477010,Despensa,ARROZ PELIN,Arroz Y Granos,NULL,1,https://riba.app/imgrs/THUMBS%20500X500/113120.JPG
113122,ARROZ ESPECIAL 2 LBS PELIN,745108477011,Despensa,ARROZ PELIN,Arroz Y Granos,NULL,1,https://riba.app/imgrs/THUMBS%20500X500/113122.JPG
336684,SALVADO DE AVENA Y TRIGO,745108740005,Despensa,PROSALUD,Avenas Y Cremas,NULL,1,https://riba.app/imgrs/THUMBS%20500X500/336684.JPG
336640,SALVADO PROSALUD DIABETICO,745108740009,Despensa,PROSALUD,Avenas Y Cremas,NULL,1,https://riba.app/imgrs/THUMBS%20500X500/336640.JPG
347574,CREMA DE AVENA INTEGRAL,745108740015,Despensa,PROSALUD,Avenas Y Cremas,NULL,1,https://riba.app/imgrs/THUMBS%20500X500/347574.JPG
250912,AZUCAR TURBINDA 800G,745109130013,Despensa,DORADITA (AZUCAR),Azucar Y Endulzantes,NULL,1,https://riba.app/imgrs/THUMBS%20500X500/250912.JPG
296527,AZUCAR DORADITA 3KG,745109130014,Despensa,DORADITA (AZUCAR),Azucar Y Endulzantes,NULL,1,https://riba.app/imgrs/THUMBS%20500X500/296527.JPG
349653,AZUCAR DORADITA,745109130017,Despensa,DORADITA (AZUCAR),Azucar Y Endulzantes,NULL,1,https://riba.app/imgrs/THUMBS%20500X500/349653.JPG
300693,AJO MOLIDO FRASCO KEIKO,745109270032,Despensa,KEIKO,Condimentos Y Semillas,NULL,1,https://riba.app/imgrs/THUMBS%20500X500/300693.JPG
300659,PIMIENTA EN GRANO KEIKO,745109270039,Despensa,KEIKO,Condimentos Y Semillas,NULL,1,https://riba.app/imgrs/THUMBS%20500X500/300659.JPG
254891,HOJA DE LAUREL,745109270048,Despensa,KEIKO,Condimentos Y Semillas,NULL,1,https://riba.app/imgrs/THUMBS%20500X500/254891.JPG
300680,OREGANO KEIKO,745109270054,Despensa,KEIKO,Condimentos Y Semillas,NULL,1,https://riba.app/imgrs/THUMBS%20500X500/300680.JPG
254892,CLAVITO DE OLOR,745109270055,Despensa,KEIKO,Condimentos Y Semillas,NULL,1,https://riba.app/imgrs/THUMBS%20500X500/254892.JPG
292743,CEBOLLA 13 GR EN POLVO,745109270096,Despensa,KEIKO,Condimentos Y Semillas,NULL,1,https://riba.app/imgrs/THUMBS%20500X500/292743.JPG
312947,ESCPICERO CEBOLLA ESCAMA,745109270132,Despensa,KEIKO,Condimentos Y Semillas,NULL,1,https://riba.app/imgrs/THUMBS%20500X500/312947.JPG
312952,ESPICERO SAL DE AJO CULANTRO,745109270174,Despensa,KEIKO,Condimentos Y Semillas,NULL,1,https://riba.app/imgrs/THUMBS%20500X500/312952.JPG
300671,PEREJIL KEIKO,745109270175,Despensa,KEIKO,Condimentos Y Semillas,NULL,1,https://riba.app/imgrs/THUMBS%20500X500/300671.JPG
300666,ALBAHACA KEIKO,745109270176,Despensa,KEIKO,Condimentos Y Semillas,NULL,1,https://riba.app/imgrs/THUMBS%20500X500/300666.JPG
292740,AJONJOLI 14 GR,745109270199,Despensa,KEIKO,Condimentos Y Semillas,NULL,1,https://riba.app/imgrs/THUMBS%20500X500/292740.JPG
292739,ABLANDADOR 14 GR,745109270201,Despensa,KEIKO,Condimentos Y Semillas,NULL,1,https://riba.app/imgrs/THUMBS%20500X500/292739.JPG
292741,CURCUMA 12 GR,745109270203,Despensa,KEIKO,Condimentos Y Semillas,NULL,1,https://riba.app/imgrs/THUMBS%20500X500/292741.JPG
321207,SAZONA PERNIL KEIKO,745109270293,Despensa,KEIKO,Condimentos Y Semillas,"[""Gluten-free""]",1,https://riba.app/imgrs/THUMBS%20500X500/321207.JPG
321226,SAZONA PAVO KEIKO,745109270295,Despensa,KEIKO,Condimentos Y Semillas,NULL,1,https://riba.app/imgrs/THUMBS%20500X500/321226.JPG
321221,SAZONA JAMON KEIKO,745109270296,Despensa,KEIKO,Condimentos Y Semillas,"[""Gluten-free""]",1,https://riba.app/imgrs/THUMBS%20500X500/321221.JPG
348952,HARINA DE TRIGO 400 GRAMOS,745110039001,Despensa,ORO DEL NORTE,Harinas,NULL,1,https://riba.app/imgrs/THUMBS%20500X500/348952.JPG
227134,HARINA DE TRIGO 454 GRAMOS,745110039003,Despensa,ORO DEL NORTE,Harinas,NULL,1,https://riba.app/imgrs/THUMBS%20500X500/227134.JPG
227135,HARINA DE TRIGO 907 GRAMOS,745110039004,Despensa,ORO DEL NORTE,Harinas,NULL,1,https://riba.app/imgrs/THUMBS%20500X500/227135.JPG
227136,HARINA ORO DEL NORTE,745110039005,Despensa,ORO DEL NORTE ,Harinas,NULL,1,https://riba.app/imgrs/THUMBS%20500X500/227136.JPG
339736,GUANDU CON COCO CAMPO VERDE,745110127069,Despensa,CAMPO VERDE,Arroz Y Granos,NULL,1,https://riba.app/imgrs/THUMBS%20500X500/339736.JPG
339730,GUANDU VERDE CAMPO VERDE,745110127072,Despensa,CAMPO VERDE,Arroz Y Granos,NULL,1,https://riba.app/imgrs/THUMBS%20500X500/339730.JPG
104961,GELATINA DE CEREZA ,745110155020,Despensa,BORDEN,Reposteria,NULL,1,https://riba.app/imgrs/THUMBS%20500X500/104961.JPG
104960,GELATINA DE FRESA,745110155021,Despensa,BORDEN,Reposteria,NULL,1,https://riba.app/imgrs/THUMBS%20500X500/104960.JPG
104962,GELATINA DE FRAMBUESA ,745110155022,Despensa,BORDEN,Reposteria,NULL,1,https://riba.app/imgrs/THUMBS%20500X500/104962.JPG
104963,GELATINA DE TUTTI FRUTTI,745110155023,Despensa,BORDEN,Reposteria,NULL,1,https://riba.app/imgrs/THUMBS%20500X500/104963.JPG
271990,GELATINA SIN AZUCAR FRAMBUESA,745110155866,Despensa,BORDEN,Reposteria,NULL,1,https://riba.app/imgrs/THUMBS%20500X500/271990.JPG
271992,GELATINA SIN AZUCAR FRESA ,745110155868,Despensa,BORDEN,Reposteria,NULL,1,https://riba.app/imgrs/THUMBS%20500X500/271992.JPG
164423,JALEA DE AJI CHOMBO 8 OZ,745110232011,Despensa,AGASAJOS CHEZ MARIE,Jaleas Mantequillas Y Mermeladas,NULL,1,https://riba.app/imgrs/THUMBS%20500X500/164423.JPG
150270,ADEREZO ESPECIAL DE AJO,745110453001,Despensa,EL PAMPERO,Aderezos Y Salsas,NULL,1,https://riba.app/imgrs/THUMBS%20500X500/150270.JPG
166216,CHIMICHURRI ,745110453002,Despensa,EL PAMPERO,Aderezos Y Salsas,NULL,1,https://riba.app/imgrs/THUMBS%20500X500/166216.JPG
209984,ARROZ ESPECIAL,745110620011,Despensa,ARROSSISIMO,Arroz Y Granos,"[""Kosher""]",1,https://riba.app/imgrs/THUMBS%20500X500/209984.JPG
209985,ARROZ ESPECIAL,745110620012,Despensa,ARROSSISIMO,Arroz Y Granos,"[""Kosher""]",1,https://riba.app/imgrs/THUMBS%20500X500/209985.JPG
357005,ARROZ ARROSSISIMO ESPECIAL,745110620013,Despensa,ARROSSISIMO,Arroz Y Granos,NULL,1,https://riba.app/imgrs/THUMBS%20500X500/357005.JPG
310152,PANCAKE HARINA GLUTFREE NUTRIS,745110620063,Despensa,NUTRISSISIMO,Harinas,NULL,1,https://riba.app/imgrs/THUMBS%20500X500/310152.JPG
310154,PANCAKE HARINA ARROZ GLUTFREE,745110620064,Despensa,NUTRISSISIMO,Harinas,"[""Gluten-free""]",1,https://riba.app/imgrs/THUMBS%20500X500/310154.JPG
314366,HARINA DE ARROZ NUTRISSISIMO,745110620070,Despensa,NUTRISSISIMO,Harinas,NULL,1,https://riba.app/imgrs/THUMBS%20500X500/314366.JPG
331809,EMPANIZADOR DE HARINA DE ARROZ,745110620072,Despensa,SABROSISSIMO,Condimentos Y Semillas,"[""Gluten-free""]",1,https://riba.app/imgrs/THUMBS%20500X500/331809.JPG
331824,ACEITE DE ARROZ NUTRISSISIMO,745110620091,Despensa,NUTRISSISIMO,Aceites Y Mantecas,NULL,1,https://riba.app/imgrs/THUMBS%20500X500/331824.JPG
356999,ARROSSISIMO ESPECIAL FORTIFICA,745110620163,Despensa,ARROSSISIMO,Arroz Y Granos,NULL,1,https://riba.app/imgrs/THUMBS%20500X500/356999.JPG
348958,HARINA DE TRIGO CAROLINA 4LBS,745110697032,Despensa,ORO DEL NORTE,Harinas,NULL,1,https://riba.app/imgrs/THUMBS%20500X500/348958.JPG
222565,GARLIC CREAM,745110820002,Despensa,TIA NATY,Aderezos Y Salsas,NULL,1,https://riba.app/imgrs/THUMBS%20500X500/222565.JPG
235775,RECAO Y CONDIMENTO VERDE,745110820003,Despensa,TIA NATY,Aderezos Y Salsas,NULL,1,https://riba.app/imgrs/THUMBS%20500X500/235775.JPG
235774,RECAO Y CONDIMENTO ROJO ,745110820004,Despensa,TIA NATY,Aderezos Y Salsas,NULL,1,https://riba.app/imgrs/THUMBS%20500X500/235774.JPG
323279,BARRA DE AVENA NUBON,745111085002,Despensa,NUBON,Cereales Y Granola,"[""Vegano""]",1,https://riba.app/imgrs/THUMBS%20500X500/323279.JPG
345724,MERMELADA DE ZARZAMORA,745111150001,Despensa,LA GRANJERITA ,Jaleas Mantequillas Y Mermeladas,NULL,1,https://riba.app/imgrs/THUMBS%20500X500/345724.JPG
345725,MERMELADA DE PIÑA,745111150002,Despensa,LA GRANJERITA,Jaleas Mantequillas Y Mermeladas,NULL,1,https://riba.app/imgrs/THUMBS%20500X500/345725.JPG
360284,SALSA P SAZON AFROANTILLANO RB,745111163002,Despensa,REALLY BUOKAS,Aderezos Y Salsas,NULL,1,https://riba.app/imgrs/THUMBS%20500X500/360284.JPG
360285,PICANTE SUPER R BUOKAS,745111163003,Despensa,REALLY BUOKAS,Aderezos Y Salsas,NULL,1,https://riba.app/imgrs/THUMBS%20500X500/360285.JPG
360283,PASTA DE AJO REALLIY BUOKAS,745111163005,Despensa,REALLY BUOKAS,Aderezos Y Salsas,NULL,1,https://riba.app/imgrs/THUMBS%20500X500/360283.JPG
286517,SAL DEL MAR MOLIDA,745130422746,Despensa,FUMAGE ,Condimentos Y Semillas,"[""Kosher""]",1,https://riba.app/imgrs/THUMBS%20500X500/286517.JPG
286518,SAL ROSADA DE HIMALAYA MOLIDA,745130422747,Despensa,FUMAGE ,Condimentos Y Semillas,"[""Kosher""]",1,https://riba.app/imgrs/THUMBS%20500X500/286518.JPG
286515,SAL DE MAR GRUESA BOLSA ,745130422748,Despensa,FUMAGE ,Condimentos Y Semillas,"[""Kosher""]",1,https://riba.app/imgrs/THUMBS%20500X500/286515.JPG
286516,SAL ROSADA DEL HIMALAYA MOLIDA,745130422749,Despensa,FUMAGE ,Condimentos Y Semillas,"[""Kosher""]",1,https://riba.app/imgrs/THUMBS%20500X500/286516.JPG
19428,BULTO DE SAL 25 2 CRISAL,745200170006,Despensa,CRISAL,Condimentos Y Semillas,NULL,1,https://riba.app/imgrs/THUMBS%20500X500/19428.JPG
19429,BULTO DE SAL CRISAL 10 5,745200170007,Despensa,PANASAL,Condimentos Y Semillas,NULL,1,https://riba.app/imgrs/THUMBS%20500X500/19429.JPG
76217,SAL DOS MARES 1 LB,745200170010,Despensa,PANASAL,Condimentos Y Semillas,NULL,1,https://riba.app/imgrs/THUMBS%20500X500/76217.JPG
140673,SALERITO  24  X 115 GR,745200170018,Despensa,PANASAL,Condimentos Y Semillas,NULL,1,https://riba.app/imgrs/THUMBS%20500X500/140673.JPG
19431,SAL SALERO,745200170099,Despensa,PANASAL,Condimentos Y Semillas,NULL,1,https://riba.app/imgrs/THUMBS%20500X500/19431.JPG
19427,BULTO DE SAL 40 16 OZ POLY,745200170107,Despensa,PANASAL,Condimentos Y Semillas,NULL,1,https://riba.app/imgrs/THUMBS%20500X500/19427.JPG
19430,SAL MR TOM 26 OZ.,745200170108,Despensa,MR. TOM,Condimentos Y Semillas,NULL,1,https://riba.app/imgrs/THUMBS%20500X500/19430.JPG
19426,SAL CRISAL,745200170301,Despensa,PANASAL,Condimentos Y Semillas,NULL,1,https://riba.app/imgrs/THUMBS%20500X500/19426.JPG
356890,SAL GOURMET PANASAL,745200170609,Despensa,PANASAL,Condimentos Y Semillas,NULL,1,https://riba.app/imgrs/THUMBS%20500X500/356890.JPG
33251,MIEL DE ABEJA 175GR,745200630400,Despensa,APIARIOS MALIVERN,Siropes,"[""Kosher""]",1,https://riba.app/imgrs/THUMBS%20500X500/33251.JPG
33256,MIEL DE ABEJA 350GR ,745200630401,Despensa,APIARIOS MALIVERN,Siropes,NULL,1,https://riba.app/imgrs/THUMBS%20500X500/33256.JPG
33257,MIEL DE ABEJA 525GR  APIARIOS,745200630402,Despensa,APIARIOS MALIVERN,Siropes,"[""Kosher""]",1,https://riba.app/imgrs/THUMBS%20500X500/33257.JPG
33259, HONERGY MIEL PET 350GR,745200630412,Despensa,APIARIOS MALIVERN,Siropes,"[""Kosher""]",1,https://riba.app/imgrs/THUMBS%20500X500/33259.JPG
33258, HONERGY TOPO 175GRS PLAST,745200630413,Despensa,APIARIOS MALIVERN,Siropes,"[""Kosher""]",1,https://riba.app/imgrs/THUMBS%20500X500/33258.JPG
33261,MIEL DE ABEJA BOT ,745200630414,Despensa,APIMA ,Siropes,"[""Kosher""]",1,https://riba.app/imgrs/THUMBS%20500X500/33261.JPG
33252,MIEL C TROZOS DE PANAL,745200630419,Despensa,APIARIOS MALIVERN,Siropes,"[""Kosher""]",1,https://riba.app/imgrs/THUMBS%20500X500/33252.JPG
33254,POLEN DE ABEJAS  APIMA,745200630422,Despensa,APIARIOS MALIVERN,Siropes,NULL,1,https://riba.app/imgrs/THUMBS%20500X500/33254.JPG
33255,POLEN DE ABEJA APIMA,745200630423,Despensa,APIARIOS MALIVERN,Siropes,NULL,1,https://riba.app/imgrs/THUMBS%20500X500/33255.JPG
13049,POROTOS ROJOS,745201750552,Despensa,VIKINGO,Arroz Y Granos,NULL,1,https://riba.app/imgrs/THUMBS%20500X500/13049.JPG
13022,FRIJOL OJI NEGROS,745201750555,Despensa,VIKINGO,Arroz Y Granos,NULL,1,https://riba.app/imgrs/THUMBS%20500X500/13022.JPG
108508,HONGOS ENTEROS,745201766201,Despensa,DEL MONTE,Conservas Y Encurtidos,NULL,1,https://riba.app/imgrs/THUMBS%20500X500/108508.JPG
108507,DM HONGOS CHAMPIÑONE EN TROZOS,745201766202,Despensa,DEL MONTE,Conservas Y Encurtidos,"[""Gluten-free""]",1,https://riba.app/imgrs/THUMBS%20500X500/108507.JPG
108509,HONGOS  ENTEROS,745201766203,Despensa,DEL MONTE,Conservas Y Encurtidos,NULL,1,https://riba.app/imgrs/THUMBS%20500X500/108509.JPG
108505,HONGOS EN TROZOS & TALLOS,745201766204,Despensa,DEL MONTE,Conservas Y Encurtidos,NULL,1,https://riba.app/imgrs/THUMBS%20500X500/108505.JPG
110358,GUANDU VERDES,745201766217,Despensa,DEL MONTE,Arroz Y Granos,NULL,1,https://riba.app/imgrs/THUMBS%20500X500/110358.JPG
171602,SALSA SPAGHETTI D PACK HONGOS ,745201766287,Despensa,DEL MONTE,Aderezos Y Salsas,NULL,1,https://riba.app/imgrs/THUMBS%20500X500/171602.JPG
136658,DM SALSA FINAS HIERBAS 24X15OZ,745201766289,Despensa,DEL MONTE,Aderezos Y Salsas,NULL,1,https://riba.app/imgrs/THUMBS%20500X500/136658.JPG
171600,SALSA SPAGHETTI D PACK QUESO ,745201766318,Despensa,DEL MONTE,Aderezos Y Salsas,NULL,1,https://riba.app/imgrs/THUMBS%20500X500/171600.JPG
171601,SALSA SPAGHETTI  TRADICIONAL ,745201766350,Despensa,DEL MONTE,Aderezos Y Salsas,NULL,1,https://riba.app/imgrs/THUMBS%20500X500/171601.JPG
169149,GUANDU CON COCO,745201766375,Despensa,DEL MONTE,Arroz Y Granos,NULL,1,https://riba.app/imgrs/THUMBS%20500X500/169149.JPG
178271,GARBANZOS ,745201766453,Despensa,DEL MONTE,Arroz Y Granos,NULL,1,https://riba.app/imgrs/THUMBS%20500X500/178271.JPG
287326,SWEETS PEARS 8.5 OZ,745201766570,Despensa,DEL MONTE,Conservas Y Encurtidos,NULL,1,https://riba.app/imgrs/THUMBS%20500X500/287326.JPG
287325,MIXES VEGETABLES 15 OZ,745201766571,Despensa,DEL MONTE,Conservas Y Encurtidos,NULL,1,https://riba.app/imgrs/THUMBS%20500X500/287325.JPG
287327,SWEET PEARS 15 OZ,745201766572,Despensa,DEL MONTE,Conservas Y Encurtidos,"[""Kosher""]",1,https://riba.app/imgrs/THUMBS%20500X500/287327.JPG
350955,DM SLICED BEETS,745201766639,Despensa,DEL MONTE,Conservas Y Encurtidos,"[""Kosher""]",1,https://riba.app/imgrs/THUMBS%20500X500/350955.JPG
287322,WK GOLD CORN 8.5 OZ,745201766648,Despensa,DEL MONTE,Conservas Y Encurtidos,"[""Kosher""]",1,https://riba.app/imgrs/THUMBS%20500X500/287322.JPG
287328,PEARS CAROTS 8.5 OZ,745201766650,Despensa,DEL MONTE,Conservas Y Encurtidos,"[""Kosher""]",1,https://riba.app/imgrs/THUMBS%20500X500/287328.JPG
287329,PEARS CAROTS 15 OZ,745201766651,Despensa,DEL MONTE,Conservas Y Encurtidos,"[""Kosher""]",1,https://riba.app/imgrs/THUMBS%20500X500/287329.JPG
9527,REMOLACHAS EN REBANADAS 24 14,745201766667,Despensa,DEL MONTE,Conservas Y Encurtidos,"[""Kosher""]",1,https://riba.app/imgrs/THUMBS%20500X500/9527.JPG
9538,MAIZ AMARILLO CREMOSO DEL MONT,745201766691,Despensa,DEL MONTE,Conservas Y Encurtidos,"[""Kosher""]",1,https://riba.app/imgrs/THUMBS%20500X500/9538.JPG
311109,ACEITE DE COCO LA PALMITA,745202670756,Despensa,FRUTAL,Aceites Y Mantecas,"[""Kosher""]",1,https://riba.app/imgrs/THUMBS%20500X500/311109.JPG
287714,DOMINO SAL 5 LB,745203677001,Despensa,DOMINÒ ( SAL ),Condimentos Y Semillas,NULL,1,https://riba.app/imgrs/THUMBS%20500X500/287714.JPG
287713,DOMINO SAL 1 LB,745203677003,Despensa,DOMINÒ ( SAL ),Condimentos Y Semillas,NULL,1,https://riba.app/imgrs/THUMBS%20500X500/287713.JPG
287717,CRISTALIN SAL ,745203677006,Despensa,CRISTALIN,Condimentos Y Semillas,NULL,1,https://riba.app/imgrs/THUMBS%20500X500/287717.JPG
287716,CRISTALIN SAL,745203677021,Despensa,CRISTALIN,Condimentos Y Semillas,NULL,1,https://riba.app/imgrs/THUMBS%20500X500/287716.JPG
169520,SAL YODADA DOMINO 400G,745203677033,Despensa,DOMINÒ ( SAL ),Condimentos Y Semillas,NULL,1,https://riba.app/imgrs/THUMBS%20500X500/169520.JPG
318607,SAL DOMINO GOURMET,745203677041,Despensa,DOMINÒ ( SAL ),Condimentos Y Semillas,NULL,1,https://riba.app/imgrs/THUMBS%20500X500/318607.JPG
27560,CHICHEME INSTANTANEO,745205722077,Despensa,JAGASA,Avenas Y Cremas,NULL,1,https://riba.app/imgrs/THUMBS%20500X500/27560.JPG
27557,HARINA DE MAIZ PRECOCIDA,745205723215,Despensa,JAGASA,Harinas,NULL,1,https://riba.app/imgrs/THUMBS%20500X500/27557.JPG
27558,HARINA PARA HOJALDRE & EMPANAD,745205723222,Despensa,JAGASA,Harinas,NULL,1,https://riba.app/imgrs/THUMBS%20500X500/27558.JPG
27538,ARROZ INTEGRAL PRECOCIDO,745205723376,Despensa,JAGASA,Arroz Y Granos,NULL,1,https://riba.app/imgrs/THUMBS%20500X500/27538.JPG
27559,MULTI CREMA  ,745205723383,Despensa,JAGASA,Avenas Y Cremas,NULL,1,https://riba.app/imgrs/THUMBS%20500X500/27559.JPG
190255,CREMA DE PLATANO,745205723391,Despensa,JAGASA,Avenas Y Cremas,NULL,1,https://riba.app/imgrs/THUMBS%20500X500/190255.JPG
201832,AZUCAR MORENA SOBRES,745210023005,Despensa,EDYCA,Azucar Y Endulzantes,NULL,1,https://riba.app/imgrs/THUMBS%20500X500/201832.JPG
335267,POROTOS CHILENOS BLANDITOS,745210034144,Despensa,BLANDITO,Arroz Y Granos,NULL,1,https://riba.app/imgrs/THUMBS%20500X500/335267.JPG
335266,FRIJOL NEGRO BLANDITOS,745210034160,Despensa,BLANDITO,Arroz Y Granos,NULL,1,https://riba.app/imgrs/THUMBS%20500X500/335266.JPG
320813,MERMELADA DE FRESA BOQUETENA,745210363007,Despensa,LA GRANJERITA ,Jaleas Mantequillas Y Mermeladas,NULL,1,https://riba.app/imgrs/THUMBS%20500X500/320813.JPG
329006,LASAGNA  DE PALMITO ,745210367004,Despensa,D ARIA S,Conservas Y Encurtidos,NULL,1,https://riba.app/imgrs/THUMBS%20500X500/329006.JPG
267012,ACEITE DE COCO EXTRA VIRGEN,74530010123,Despensa,IVANA,Aceites Y Mantecas,NULL,1,https://riba.app/imgrs/THUMBS%20500X500/267012.JPG
347415,PICANTE IVANA DE AJI CHOMBO,74530010416,Despensa,IVANA,Aderezos Y Salsas,NULL,1,https://riba.app/imgrs/THUMBS%20500X500/347415.JPG
267015,MIEL DE ABEJA ARTESANAL CRUDA,745300201015,Despensa,IVANA,Siropes,NULL,1,https://riba.app/imgrs/THUMBS%20500X500/267015.JPG
267016,MIEL DE ABEJA ARTESANAL CRUDA,745300201022,Despensa,IVANA,Siropes,NULL,1,https://riba.app/imgrs/THUMBS%20500X500/267016.JPG
348754,AZUCAR NATURAL CON STEVIA,74531402910,Despensa,PULVERIZADOS,Azucar Y Endulzantes,NULL,1,https://riba.app/imgrs/THUMBS%20500X500/348754.JPG
45070,LIBBY S SLICED PINEAPPLE 20 OZ,7458406200,Despensa,LIBBY S,Conservas Y Encurtidos,"[""Gluten-free"",""Kosher"",""Vegano""]",1,https://riba.app/imgrs/THUMBS%20500X500/45070.JPG
346421,PANCAKE PMILLING ORIGINAL,746227540431,Despensa,PEARL MILLING,Harinas,NULL,1,https://riba.app/imgrs/THUMBS%20500X500/346421.JPG
346422,PANCAKE PMILLING COMPLETO,746227540432,Despensa,PEARL MILLING,Harinas,NULL,1,https://riba.app/imgrs/THUMBS%20500X500/346422.JPG
346423,PANCAKE PMILLING MANTEQUILLA,746227540433,Despensa,PEARL MILLING,Harinas,NULL,1,https://riba.app/imgrs/THUMBS%20500X500/346423.JPG
165634,DELGA C MAYONESA 0% GRASA ,74624235046,Despensa,DELGA-C,Aderezos Y Salsas,NULL,1,https://riba.app/imgrs/THUMBS%20500X500/165634.JPG
309491,KETCHUP DELGA C DOYPACK,74624235049,Despensa,DELGA-C,Aderezos Y Salsas,NULL,1,https://riba.app/imgrs/THUMBS%20500X500/309491.JPG
294737,MERMELADA FRESA DELGACE DOYPAC,74624235056,Despensa,DELGA-C,Jaleas Mantequillas Y Mermeladas,NULL,1,https://riba.app/imgrs/THUMBS%20500X500/294737.JPG
294738,MERMELADA MORA DELGAC DOYPACK,74624235057,Despensa,DELGA-C,Jaleas Mantequillas Y Mermeladas,NULL,1,https://riba.app/imgrs/THUMBS%20500X500/294738.JPG
294739,MERMELADA GUAYABA DELGAC DOYPA,74624235058,Despensa,DELGA-C,Jaleas Mantequillas Y Mermeladas,NULL,1,https://riba.app/imgrs/THUMBS%20500X500/294739.JPG
280739,ADEREZO ITALIANO FAT FREE,74624235070,Despensa,DELGA-C,Aderezos Y Salsas,NULL,1,https://riba.app/imgrs/THUMBS%20500X500/280739.JPG
280738,ADEREZO RANCH FAT FREE,74624235073,Despensa,DELGA-C,Aderezos Y Salsas,NULL,1,https://riba.app/imgrs/THUMBS%20500X500/280738.JPG
280740,ADEREZO CESAR FAT FREE,74624235074,Despensa,DELGA-C,Aderezos Y Salsas,NULL,1,https://riba.app/imgrs/THUMBS%20500X500/280740.JPG
322838,PIRUCREAM UNTABLE,746676293991,Despensa,PIRUCREAM,Jaleas Mantequillas Y Mermeladas,NULL,1,https://riba.app/imgrs/THUMBS%20500X500/322838.JPG
218171,PIE SHELL 9GF WHOLLY,7467784220,Despensa,WHOLLY WHOLESOME,Reposteria,"[""Gluten-free"",""Kosher"",""Vegano""]",1,https://riba.app/imgrs/THUMBS%20500X500/218171.JPG
208018,WOEBERS HORSERADISH SAUCE,7468000084,Despensa,WOEBER S,Aderezos Y Salsas,"[""Kosher""]",1,https://riba.app/imgrs/THUMBS%20500X500/208018.JPG
13447,MAPLE GROVE FF BALSAMIC DSRG,7468300426,Despensa,MAPLE GROVE FARMS,Aderezos Y Salsas,NULL,1,https://riba.app/imgrs/THUMBS%20500X500/13447.JPG
13446,MAPLE GROVE FF DIJON DRSG,7468300468,Despensa,MAPLE GROVE FARMS,Aderezos Y Salsas,"[""Kosher""]",1,https://riba.app/imgrs/THUMBS%20500X500/13446.JPG
13449,MAPLE GROVE FF CAESAR DRSG,7468300483,Despensa,MAPLE GROVE FARMS,Aderezos Y Salsas,"[""Kosher""]",1,https://riba.app/imgrs/THUMBS%20500X500/13449.JPG
288074,SKINNY GIRL RASPBERRY VINAIGRE,7468300590,Despensa,SKINNY GIRL,Aderezos Y Salsas,"[""Gluten-free"",""Kosher"",""Vegano""]",1,https://riba.app/imgrs/THUMBS%20500X500/288074.JPG
355530,POPPYSEED SKGIRL DRESSIN,7468300592,Despensa,SKINNY GIRL,Aderezos Y Salsas,"[""Gluten-free"",""Kosher"",""Vegano""]",1,https://riba.app/imgrs/THUMBS%20500X500/355530.JPG
355526,SKINNY HONEY DIJON,7468300593,Despensa,SKINNY GIRL,Aderezos Y Salsas,"[""Gluten-free"",""Kosher""]",1,https://riba.app/imgrs/THUMBS%20500X500/355526.JPG
355508,SKINNY GIRL RANCH AVO OIL,7468388277,Despensa,SKINNY GIRL,Aderezos Y Salsas,"[""Gluten-free"",""Kosher""]",1,https://riba.app/imgrs/THUMBS%20500X500/355508.JPG
355509,SKINNY AVO OIL BALSAMICO,7468388278,Despensa,SKINNY GIRL,Aderezos Y Salsas,"[""Gluten-free"",""Kosher""]",1,https://riba.app/imgrs/THUMBS%20500X500/355509.JPG
355510,SKINNY CAESAR AVOCADO OIL,7468388279,Despensa,SKINNY GIRL,Aderezos Y Salsas,"[""Gluten-free"",""Kosher""]",1,https://riba.app/imgrs/THUMBS%20500X500/355510.JPG
51708,Mrs CUBBISON S FF ZESTY GARLIC,7471408407,Despensa,Mrs.CUBBISON S,Aderezos Y Salsas,NULL,1,https://riba.app/imgrs/THUMBS%20500X500/51708.JPG
176630,MRS C CROUTONS CAESAR SALAD,7471408552,Despensa,Mrs.CUBBISON S,Aderezos Y Salsas,NULL,1,https://riba.app/imgrs/THUMBS%20500X500/176630.JPG
179138,MS CUBB SEASONED CRT,7471408554,Despensa,Mrs.CUBBISON S,Aderezos Y Salsas,NULL,1,https://riba.app/imgrs/THUMBS%20500X500/179138.JPG
195669,MRS C TEXAS TOAST SEA,7471408564,Despensa,Mrs.CUBBISON S,Aderezos Y Salsas,NULL,1,https://riba.app/imgrs/THUMBS%20500X500/195669.JPG
329527,PARMESAN CRISPS M CUBBISON S,7471408682,Despensa,Mrs.CUBBISON S,Aderezos Y Salsas,"[""Gluten-free"",""Keto""]",1,https://riba.app/imgrs/THUMBS%20500X500/329527.JPG
329525,M CUBBISON EVERYTHING PARM CRI,7471408858,Despensa,Mrs.CUBBISON S,Aderezos Y Salsas,"[""Gluten-free"",""Keto""]",1,https://riba.app/imgrs/THUMBS%20500X500/329525.JPG
253050,GHIRADELLI WHITE CHOC CHIP,74759961065,Despensa,GHIRARDELLI,Reposteria,"[""Kosher""]",1,https://riba.app/imgrs/THUMBS%20500X500/253050.JPG
249189,GHIRARDELLI SEMI-SWEET ,74759961826,Despensa,GHIRARDELLI,Reposteria,"[""Kosher""]",1,https://riba.app/imgrs/THUMBS%20500X500/249189.JPG
145854,SEMI SWEET CHOC BAKING CHIPS,74759964015,Despensa,GHIRARDELLI,Reposteria,"[""Kosher""]",1,https://riba.app/imgrs/THUMBS%20500X500/145854.JPG
198202,MAYONESA 380 GR,74762710021,Despensa,HELLMANN S,Aderezos Y Salsas,NULL,1,https://riba.app/imgrs/THUMBS%20500X500/198202.JPG
220220,HELLMANNS MAY ADEREZO DOY 190G,74762710024,Despensa,HELLMANN S,Aderezos Y Salsas,NULL,1,https://riba.app/imgrs/THUMBS%20500X500/220220.JPG
343283,TACO SAUCE,7488840006,Despensa,MAYACAMAS,Condimentos Y Semillas,"[""Gluten-free""]",1,https://riba.app/imgrs/THUMBS%20500X500/343283.JPG
220369,"IANS BREAD CRUMB,PANKO ORIG,GF",74951277550,Despensa,IAN S,Condimentos Y Semillas,"[""Gluten-free"",""Kosher""]",1,https://riba.app/imgrs/THUMBS%20500X500/220369.JPG
349235,BARRA PR CONO DE HELADO,74982600048,Despensa,PURE PROTEIN,Cereales Y Granola,"[""Gluten-free""]",1,https://riba.app/imgrs/THUMBS%20500X500/349235.JPG
251702,BARRA PR CHISPAS CHOCOLATE,74982612644,Despensa,PURE PROTEIN,Cereales Y Granola,"[""Gluten-free""]",1,https://riba.app/imgrs/THUMBS%20500X500/251702.JPG
251706,BARRA PR CHOCOLATE SIN GLUTEN,74982612651,Despensa,PURE PROTEIN,Cereales Y Granola,"[""Gluten-free""]",1,https://riba.app/imgrs/THUMBS%20500X500/251706.JPG
333059,CREMA DE AVELLANA CACAO,750046324110,Despensa,SARAIS,Jaleas Mantequillas Y Mermeladas,"[""Gluten-free"",""Kosher"",""Vegano""]",1,https://riba.app/imgrs/THUMBS%20500X500/333059.JPG
333060,CREMA MACA CANELA SARAIS,750046324111,Despensa,SARAIS,Jaleas Mantequillas Y Mermeladas,"[""Kosher"",""Vegano""]",1,https://riba.app/imgrs/THUMBS%20500X500/333060.JPG
333062,CREMA MATCHA DE ALMENDRA,750046324112,Despensa,SARAIS,Jaleas Mantequillas Y Mermeladas,"[""Kosher"",""Vegano""]",1,https://riba.app/imgrs/THUMBS%20500X500/333062.JPG
7917,NESQUICK CEREAL 8 OZ,750100162533,Despensa,NESQUIK,Cereales Y Granola,NULL,1,https://riba.app/imgrs/THUMBS%20500X500/7917.JPG
357307,CHILES CHIPOTLE EN ADOBO,750100310392,Despensa,HERDEZ,Conservas Y Encurtidos,NULL,1,https://riba.app/imgrs/THUMBS%20500X500/357307.JPG
357306,CHILE JALAPENO EN RAJAS,750100310399,Despensa,HERDEZ,Conservas Y Encurtidos,NULL,1,https://riba.app/imgrs/THUMBS%20500X500/357306.JPG
357308,CHILE JALAPENO EN TROCITOS,750100311129,Despensa,HERDEZ,Conservas Y Encurtidos,NULL,1,https://riba.app/imgrs/THUMBS%20500X500/357308.JPG
357311,SALSA VERDE HERDEZ,750100311584,Despensa,HERDEZ,Aderezos Y Salsas,NULL,1,https://riba.app/imgrs/THUMBS%20500X500/357311.JPG
357310,SALSA CASERA HERDEZ,750100311587,Despensa,HERDEZ,Aderezos Y Salsas,NULL,1,https://riba.app/imgrs/THUMBS%20500X500/357310.JPG
357314,SALSA CHIPOTLE PICANTE CREMOSA,750100311588,Despensa,HERDEZ,Aderezos Y Salsas,NULL,1,https://riba.app/imgrs/THUMBS%20500X500/357314.JPG
357312,SALSA TAQUERA HERDEZ,750100311589,Despensa,HERDEZ,Aderezos Y Salsas,NULL,1,https://riba.app/imgrs/THUMBS%20500X500/357312.JPG
269092,HUNTS SALSA WINGS,750100650568,Despensa,HUNT S,Aderezos Y Salsas,NULL,1,https://riba.app/imgrs/THUMBS%20500X500/269092.JPG
308205,SALSA HUNT BBQ ORIGINAL,750100658403,Despensa,HUNT S,Aderezos Y Salsas,"[""Kosher""]",1,https://riba.app/imgrs/THUMBS%20500X500/308205.JPG
271113,SALSA BBQ CON MIEL ,750100658404,Despensa,HUNT S,Aderezos Y Salsas,NULL,1,https://riba.app/imgrs/THUMBS%20500X500/271113.JPG
197970,KOMPLETE CHOCOLATE ,750100800062,Despensa,KELLOGG S,Cereales Y Granola,"[""Kosher""]",1,https://riba.app/imgrs/THUMBS%20500X500/197970.JPG
9767,CORN FLAKES,750100800073,Despensa,KELLOGG S,Cereales Y Granola,"[""Kosher""]",1,https://riba.app/imgrs/THUMBS%20500X500/9767.JPG
105335,PAKETITO FROOT LOPPS,750100800113,Despensa,KELLOGG S,Cereales Y Granola,"[""Kosher""]",1,https://riba.app/imgrs/THUMBS%20500X500/105335.JPG
214606,CHOCO KRISPIS  PAKETITOS,750100800114,Despensa,KELLOGG S,Cereales Y Granola,NULL,1,https://riba.app/imgrs/THUMBS%20500X500/214606.JPG
214608,ZUCARITAS PAKETITOS,750100800115,Despensa,KELLOGG S,Cereales Y Granola,"[""Kosher""]",1,https://riba.app/imgrs/THUMBS%20500X500/214608.JPG
223607,KELL RICE KRISPIE TREATS ,750100800645,Despensa,KELLOGG S,Cereales Y Granola,NULL,1,https://riba.app/imgrs/THUMBS%20500X500/223607.JPG
266921,HANDY PACK ZUCARITAS 16X204GR,750100800731,Despensa,KELLOGG S,Cereales Y Granola,"[""Kosher""]",1,https://riba.app/imgrs/THUMBS%20500X500/266921.JPG
227580,FROOT LOOPS,750100801533,Despensa,KELLOGG S,Cereales Y Granola,"[""Kosher""]",1,https://riba.app/imgrs/THUMBS%20500X500/227580.JPG
257635,CHOKO CRISPIES ,750100801812,Despensa,KELLOGG S,Cereales Y Granola,"[""Kosher""]",1,https://riba.app/imgrs/THUMBS%20500X500/257635.JPG
257636,CHOKO CRISPIES ,750100801943,Despensa,KELLOGG S,Cereales Y Granola,"[""Kosher""]",1,https://riba.app/imgrs/THUMBS%20500X500/257636.JPG
284906,CORN FLAKES ,750100802360,Despensa,KELLOGG S,Cereales Y Granola,"[""Kosher""]",1,https://riba.app/imgrs/THUMBS%20500X500/284906.JPG
294002,CEREAL ZUCARITAS KELLOGGS 710G,750100802362,Despensa,KELLOGG S,Cereales Y Granola,"[""Kosher""]",1,https://riba.app/imgrs/THUMBS%20500X500/294002.JPG
319943,CEREAL SURTIDO KELLOGGS,750100803426,Despensa,KELLOGG S,Cereales Y Granola,"[""Kosher""]",1,https://riba.app/imgrs/THUMBS%20500X500/319943.JPG
309872,CEREAL ZUCARITAS KELLOGGS,750100804078,Despensa,KELLOGG S,Cereales Y Granola,"[""Kosher""]",1,https://riba.app/imgrs/THUMBS%20500X500/309872.JPG
309873,CEREAL FROOT LOOPS BOLSA KELLO,750100804079,Despensa,KELLOGG S,Cereales Y Granola,"[""Kosher""]",1,https://riba.app/imgrs/THUMBS%20500X500/309873.JPG
309874,CEREAL ZUCARITA MALVA BOLSA,750100804083,Despensa,KELLOGG S,Cereales Y Granola,NULL,1,https://riba.app/imgrs/THUMBS%20500X500/309874.JPG
306546,CEREAL CORNFLAKE KELLOGGS,750100804100,Despensa,KELLOGG S,Cereales Y Granola,"[""Kosher""]",1,https://riba.app/imgrs/THUMBS%20500X500/306546.JPG
317005,KELLOGGS SPECIAL COSECHA ROJA,750100804140,Despensa,KELLOGG S,Cereales Y Granola,NULL,1,https://riba.app/imgrs/THUMBS%20500X500/317005.JPG
317004,KELLOGGS SPECIAL BAR CHOCOLATE,750100804141,Despensa,KELLOGG S,Cereales Y Granola,NULL,1,https://riba.app/imgrs/THUMBS%20500X500/317004.JPG
317006,KELLOGGS SPECIAL VANILLA FRAMB,750100804157,Despensa,KELLOGG S,Cereales Y Granola,NULL,1,https://riba.app/imgrs/THUMBS%20500X500/317006.JPG
307063,CEREAL KOMPLETE MANZANA PASAS,750100804166,Despensa,KELLOGG S,Cereales Y Granola,"[""Kosher""]",1,https://riba.app/imgrs/THUMBS%20500X500/307063.JPG
307061,CEREAL KOMPLETE MIEL,750100804167,Despensa,KELLOGG S,Cereales Y Granola,"[""Kosher""]",1,https://riba.app/imgrs/THUMBS%20500X500/307061.JPG
307028,CEREAL KOMPLETE ALMENDRA,750100804168,Despensa,KELLOGG S,Cereales Y Granola,"[""Kosher""]",1,https://riba.app/imgrs/THUMBS%20500X500/307028.JPG
307029,CEREAL KOMPLETE PASAS,750100804170,Despensa,KELLOGG S,Cereales Y Granola,"[""Kosher""]",1,https://riba.app/imgrs/THUMBS%20500X500/307029.JPG
203443,CHOCO ZUCARITAS MALVAVISCOS,750100804223,Despensa,KELLOGG S,Cereales Y Granola,NULL,1,https://riba.app/imgrs/THUMBS%20500X500/203443.JPG
201785,CORN FLAKES ,750100804234,Despensa,KELLOGG S,Cereales Y Granola,NULL,1,https://riba.app/imgrs/THUMBS%20500X500/201785.JPG
10250,CHOCO ZUCARITAS ,750100804284,Despensa,KELLOGG S,Cereales Y Granola,NULL,1,https://riba.app/imgrs/THUMBS%20500X500/10250.JPG
214604,ZUCARITAS ,750100804293,Despensa,KELLOGG S,Cereales Y Granola,"[""Kosher""]",1,https://riba.app/imgrs/THUMBS%20500X500/214604.JPG
214605,ZUCARITAS ,750100804295,Despensa,KELLOGG S,Cereales Y Granola,"[""Kosher""]",1,https://riba.app/imgrs/THUMBS%20500X500/214605.JPG
317012,KELLOGG SPECIAL BAR CRISP MORA,750100804812,Despensa,KELLOGG S,Cereales Y Granola,NULL,1,https://riba.app/imgrs/THUMBS%20500X500/317012.JPG
317013,KELLOGG SPECIAL BAR CRIPS FRES,750100804813,Despensa,KELLOGG S,Cereales Y Granola,NULL,1,https://riba.app/imgrs/THUMBS%20500X500/317013.JPG
104167,BARRA CHOCO KRISPIS ,750100805511,Despensa,KELLOGG S,Cereales Y Granola,NULL,1,https://riba.app/imgrs/THUMBS%20500X500/104167.JPG
348521,CEREAL FROOT LOOPS CON MALVA,750100806477,Despensa,KELLOGG´S,Cereales Y Granola,NULL,1,https://riba.app/imgrs/THUMBS%20500X500/348521.JPG
342178,FROOT LOOPS POPS CEREAL COLOR,750100806683,Despensa,KELLOGG'S,Cereales Y Granola,"[""Kosher""]",1,https://riba.app/imgrs/THUMBS%20500X500/342178.JPG
351666,CEREAL SK FUSION FRUTAL,750100807224,Despensa,SPECIAL K,Cereales Y Granola,NULL,1,https://riba.app/imgrs/THUMBS%20500X500/351666.JPG
351665,CEREAL SK CHOCO LATTE,750100807232,Despensa,SPECIAL K,Cereales Y Granola,"[""Kosher""]",1,https://riba.app/imgrs/THUMBS%20500X500/351665.JPG
351663,CEREAL SK VAINILLA DORADA,750100807236,Despensa,SPECIAL K,Cereales Y Granola,NULL,1,https://riba.app/imgrs/THUMBS%20500X500/351663.JPG
347225,CEREAL FLOOP BARBIE,750100807372,Despensa,KELLOGG´S,Cereales Y Granola,"[""Kosher""]",1,https://riba.app/imgrs/THUMBS%20500X500/347225.JPG
347227,CEREAL HOTWEELS DE KELLOGGS,750100807407,Despensa,KELLOGG´S,Cereales Y Granola,NULL,1,https://riba.app/imgrs/THUMBS%20500X500/347227.JPG
359078,CEREAL ZUCARITAS KELLOGGS,750100807594,Despensa,KELLOGG´S,Cereales Y Granola,"[""Kosher""]",1,https://riba.app/imgrs/THUMBS%20500X500/359078.JPG
180278,EMPANIZADOR CORN FLAKES ,750100808715,Despensa,KELLOGG S,Condimentos Y Semillas,"[""Kosher""]",1,https://riba.app/imgrs/THUMBS%20500X500/180278.JPG
11392,FRIJOLES BAYOS REFRITOS COSTEÑ,750101700427,Despensa,LA COSTENA,Arroz Y Granos,NULL,1,https://riba.app/imgrs/THUMBS%20500X500/11392.JPG
11393,FRIJOLES CHARROS REFRITOS,750101700428,Despensa,LA COSTENA,Arroz Y Granos,NULL,1,https://riba.app/imgrs/THUMBS%20500X500/11393.JPG
11394,FRIJOLES NEGROS ENTEROS,750101700429,Despensa,LA COSTENA,Arroz Y Granos,NULL,1,https://riba.app/imgrs/THUMBS%20500X500/11394.JPG
11395,FRIJOLES BAYOS ENTEROS COSTEÑA,750101700436,Despensa,LA COSTENA,Arroz Y Granos,NULL,1,https://riba.app/imgrs/THUMBS%20500X500/11395.JPG
11396,FRIJOL NEGRO REFRITO,750101700437,Despensa,LA COSTENA,Arroz Y Granos,NULL,1,https://riba.app/imgrs/THUMBS%20500X500/11396.JPG
11397,FRIJOL BAYO REFRITO,750101700438,Despensa,LA COSTENA,Arroz Y Granos,NULL,1,https://riba.app/imgrs/THUMBS%20500X500/11397.JPG
11398,FRIJOL NEGRO ENTERO 400GR,750101700440,Despensa,LA COSTENA,Arroz Y Granos,NULL,1,https://riba.app/imgrs/THUMBS%20500X500/11398.JPG
11399,FRIJOL BAYO ENTERO 400 GRAMOS,750101700441,Despensa,LA COSTENA,Arroz Y Granos,NULL,1,https://riba.app/imgrs/THUMBS%20500X500/11399.JPG
11400,FRIJOLES NEGRAS REFRITOS COSTE,750101700442,Despensa,LA COSTENA,Arroz Y Granos,NULL,1,https://riba.app/imgrs/THUMBS%20500X500/11400.JPG
11478,JALAPEÑOS EN ESCABECHE,750101700500,Despensa,LA COSTENA,Conservas Y Encurtidos,NULL,1,https://riba.app/imgrs/THUMBS%20500X500/11478.JPG
11479,CHILES SERRANOS EN ESCABECHE,750101700501,Despensa,LA COSTENA,Conservas Y Encurtidos,NULL,1,https://riba.app/imgrs/THUMBS%20500X500/11479.JPG
11480,RAJAS DE JALAPEÑOS EN ESCABECH,750101700502,Despensa,LA COSTENA,Conservas Y Encurtidos,NULL,1,https://riba.app/imgrs/THUMBS%20500X500/11480.JPG
11481,CHIPOTLES ADOBADOS ,750101700503,Despensa,LA COSTENA,Conservas Y Encurtidos,NULL,1,https://riba.app/imgrs/THUMBS%20500X500/11481.JPG
113282, CHILE JALAP ESCABECHE EN RODA,750101700506,Despensa,LA COSTENA,Conservas Y Encurtidos,NULL,1,https://riba.app/imgrs/THUMBS%20500X500/113282.JPG
11482,SALSA MEXICANA CASERA,750101700507,Despensa,LA COSTENA,Aderezos Y Salsas,NULL,1,https://riba.app/imgrs/THUMBS%20500X500/11482.JPG
11483,SALSA MEXICANA VERD1,750101700512,Despensa,LA COSTENA,Aderezos Y Salsas,NULL,1,https://riba.app/imgrs/THUMBS%20500X500/11483.JPG
11405,MOLE ,750101700536,Despensa,LA COSTENA,Aderezos Y Salsas,NULL,1,https://riba.app/imgrs/THUMBS%20500X500/11405.JPG
113283,SALSA MEXICANA CASERA 250 GR,750101700591,Despensa,LA COSTENA,Aderezos Y Salsas,NULL,1,https://riba.app/imgrs/THUMBS%20500X500/113283.JPG
113284,SALSA VERDE 250 GR,750101700592,Despensa,LA COSTENA,Aderezos Y Salsas,NULL,1,https://riba.app/imgrs/THUMBS%20500X500/113284.JPG
11485,SALSA PICANTE,750101700603,Despensa,LA COSTENA,Aderezos Y Salsas,NULL,1,https://riba.app/imgrs/THUMBS%20500X500/11485.JPG
350601,FRIJOLES DULCES LA COSTENA,750101701308,Despensa,LA COSTENA,Arroz Y Granos,NULL,1,https://riba.app/imgrs/THUMBS%20500X500/350601.JPG
192367,FRIJOLES BAYOS REF CON CHORIZO,750101704220,Despensa,LA COSTENA,Arroz Y Granos,NULL,1,https://riba.app/imgrs/THUMBS%20500X500/192367.JPG
358641,FRIJOLES BAYO REFRITO COSTENA,750101704292,Despensa,LA COSTENA,Arroz Y Granos,NULL,1,https://riba.app/imgrs/THUMBS%20500X500/358641.JPG
358643,FRIJOL NEGRO REFRITO BOLSA,750101704293,Despensa,LA COSTENA,Arroz Y Granos,NULL,1,https://riba.app/imgrs/THUMBS%20500X500/358643.JPG
358644,FRIJOL NEGRO ENTERO LA COSTENA,750101704294,Despensa,LA COSTENA,Arroz Y Granos,NULL,1,https://riba.app/imgrs/THUMBS%20500X500/358644.JPG
358645,FRIJOLES BAYO ENTEROS COSTENA,750101704296,Despensa,LA COSTENA,Arroz Y Granos,NULL,1,https://riba.app/imgrs/THUMBS%20500X500/358645.JPG
287334,SALSA MEXICANA CASERA,750101704479,Despensa,LA COSTENA,Aderezos Y Salsas,NULL,1,https://riba.app/imgrs/THUMBS%20500X500/287334.JPG
288558,SALSA VERDE LA COSTEÑA ,750101704495,Despensa,LA COSTENA,Aderezos Y Salsas,NULL,1,https://riba.app/imgrs/THUMBS%20500X500/288558.JPG
341579,ACEITE DE SOYA NUTRIOLI 400ML,750103912199,Despensa,NUTRIOLI,Aceites Y Mantecas,NULL,1,https://riba.app/imgrs/THUMBS%20500X500/341579.JPG
341581,ACEITE NUTRIOLI ANTIGOTE 700ML,750103912355,Despensa,NUTRIOLI,Aceites Y Mantecas,NULL,1,https://riba.app/imgrs/THUMBS%20500X500/341581.JPG
341580,ACEITE NUTRIOLI SOYA 1.18 LTS,750103912637,Despensa,NUTRIOLI,Aceites Y Mantecas,NULL,1,https://riba.app/imgrs/THUMBS%20500X500/341580.JPG
197880,FRIJOLES REFRITO BAYOS,750105242017,Despensa,LA SIERRA,Arroz Y Granos,NULL,1,https://riba.app/imgrs/THUMBS%20500X500/197880.JPG
229511,FRIJOLES REFRITOS CON CHORIZO,750105242022,Despensa,LA SIERRA,Arroz Y Granos,NULL,1,https://riba.app/imgrs/THUMBS%20500X500/229511.JPG
27421,FRIJOLES BAYOS REFRITOS,750105242403,Despensa,LA SIERRA,Arroz Y Granos,NULL,1,https://riba.app/imgrs/THUMBS%20500X500/27421.JPG
110009,FRIJOLES ENTEROS NEGROS ,750105242460,Despensa,LA SIERRA,Arroz Y Granos,NULL,1,https://riba.app/imgrs/THUMBS%20500X500/110009.JPG
282531,CHILE JALAPEÑO EN RAJAS,750105247600,Despensa,SABORMEX,Conservas Y Encurtidos,NULL,1,https://riba.app/imgrs/THUMBS%20500X500/282531.JPG
242202,FITNESS CEREAL FRUTAS 760 GR,750105861494,Despensa,NESTLE (CEREALES),Cereales Y Granola,"[""Kosher""]",1,https://riba.app/imgrs/THUMBS%20500X500/242202.JPG
336316,CEREAL DE MAIZ SIN GLUTEN NEST,750105861743,Despensa,NESTLE,Cereales Y Granola,"[""Gluten-free"",""Kosher""]",1,https://riba.app/imgrs/THUMBS%20500X500/336316.JPG
244899,CORN FLAKES SIN GLUTEB 405GR,750105861745,Despensa,NESTLE (CEREALES),Cereales Y Granola,"[""Gluten-free"",""Kosher""]",1,https://riba.app/imgrs/THUMBS%20500X500/244899.JPG
297459,CEREAL TRIX TETRIS,750105864323,Despensa,TRIX,Cereales Y Granola,"[""Kosher""]",1,https://riba.app/imgrs/THUMBS%20500X500/297459.JPG
297458,CEREAL NESQUIK TETRIS,750105864324,Despensa,NESQUIK,Cereales Y Granola,NULL,1,https://riba.app/imgrs/THUMBS%20500X500/297458.JPG
297460,CEREAL CHEERIOS MIEL TETRIS,750105864326,Despensa,NESTLE,Cereales Y Granola,"[""Kosher""]",1,https://riba.app/imgrs/THUMBS%20500X500/297460.JPG
352355,CEREAL HOJUELAS DE MAIZ,750105864345,Despensa,NESTLE (CEREALES),Cereales Y Granola,"[""Gluten-free""]",1,https://riba.app/imgrs/THUMBS%20500X500/352355.JPG
317802,CEREAL CORN FLAKES XW,750105865268,Despensa,NESTLE (CEREALES),Cereales Y Granola,"[""Gluten-free"",""Kosher""]",1,https://riba.app/imgrs/THUMBS%20500X500/317802.JPG
202112,COOKIES CRISP CEREAL ,750105927762,Despensa,NESTLE (CEREALES),Cereales Y Granola,NULL,1,https://riba.app/imgrs/THUMBS%20500X500/202112.JPG
202110,NESQUIK CEREAL 330GR,750105927763,Despensa,NESTLE (CEREALES),Cereales Y Granola,NULL,1,https://riba.app/imgrs/THUMBS%20500X500/202110.JPG
268194,CHEERIOS MIEL 480GR,750105928447,Despensa,NESTLE (CEREALES),Cereales Y Granola,NULL,1,https://riba.app/imgrs/THUMBS%20500X500/268194.JPG
178107,FITNES HONEY &  ALMOND,750105928983,Despensa,NESTLE (CEREALES),Cereales Y Granola,"[""Kosher""]",1,https://riba.app/imgrs/THUMBS%20500X500/178107.JPG
183038,FITNESS & FRUITS,750105928984,Despensa,NESTLE (CEREALES),Cereales Y Granola,"[""Kosher""]",1,https://riba.app/imgrs/THUMBS%20500X500/183038.JPG
329731,ENDULSANTE STEVIA 220 SOBRES 1,750109620136,Despensa,METCO STEVIA,Azucar Y Endulzantes,NULL,1,https://riba.app/imgrs/THUMBS%20500X500/329731.JPG
195134,SPAGHETTI A LA BOLOÑESA,750110810145,Despensa,CAMPOAMOR,Pastas Secas,NULL,1,https://riba.app/imgrs/THUMBS%20500X500/195134.JPG
204401,SPAGHETI 4 QUESOS,750110810146,Despensa,CAMPOAMOR,Pastas Secas,NULL,1,https://riba.app/imgrs/THUMBS%20500X500/204401.JPG
350125,SOPA RAMEN PICANTE NISSIN,750302065169,Despensa,NISSIN FOOD,Sopas Y Cremas,NULL,1,https://riba.app/imgrs/THUMBS%20500X500/350125.JPG
350126,SOPA RAMEN MARISCO PICANTE,750302065170,Despensa,NISSIN FOOD,Sopas Y Cremas,NULL,1,https://riba.app/imgrs/THUMBS%20500X500/350126.JPG
335265,SOPA DE VASO FLAMAS LIMON,750302065172,Despensa,NISSIN FOOD,Sopas Y Cremas,NULL,1,https://riba.app/imgrs/THUMBS%20500X500/335265.JPG
335264,SOPA CUP NOODLES CAMARON,750302065173,Despensa,NISSIN FOOD,Sopas Y Cremas,NULL,1,https://riba.app/imgrs/THUMBS%20500X500/335264.JPG
355556,SOPA QUESO JALAPENO NISSIN,750302065190,Despensa,NISSIN FOOD,Sopas Y Cremas,NULL,1,https://riba.app/imgrs/THUMBS%20500X500/355556.JPG
355555,SOPA NISSIN COSTILLA CRIOLLA,750302065198,Despensa,NISSIN FOOD,Sopas Y Cremas,NULL,1,https://riba.app/imgrs/THUMBS%20500X500/355555.JPG
331719,PINA EN RODAJA SW LATA,750302163212,Despensa,S&W,Conservas Y Encurtidos,NULL,1,https://riba.app/imgrs/THUMBS%20500X500/331719.JPG
111883,SZECHUAN SPICY STIR FRY SAUCE,7505000611,Despensa,HOUSE OF TSANG,Aderezos Y Salsas,NULL,1,https://riba.app/imgrs/THUMBS%20500X500/111883.JPG
111884,SWEET & SOUR STIR FRY SAUCE,7505000630,Despensa,HOUSE OF TSANG,Aderezos Y Salsas,NULL,1,https://riba.app/imgrs/THUMBS%20500X500/111884.JPG
345519,HOISIN SAUCE,7505078299,Despensa,HOUSE OF TSANG,Aderezos Y Salsas,NULL,1,https://riba.app/imgrs/THUMBS%20500X500/345519.JPG
269091,HUTS BBQ HABANERO,7506408,Despensa,HUNT S,Aderezos Y Salsas,NULL,1,https://riba.app/imgrs/THUMBS%20500X500/269091.JPG
269093,HUNTS BBQ CHIPOTLE 350 GR,7506409,Despensa,HUNT S,Aderezos Y Salsas,NULL,1,https://riba.app/imgrs/THUMBS%20500X500/269093.JPG
304994,CEREAL CHEERIOS MIEL,750647510545,Despensa,NESTLE (CEREALES),Cereales Y Granola,"[""Kosher""]",1,https://riba.app/imgrs/THUMBS%20500X500/304994.JPG
304996,CEREAL NESQUIK 380G,750647510546,Despensa,NESQUIK,Cereales Y Granola,"[""Kosher""]",1,https://riba.app/imgrs/THUMBS%20500X500/304996.JPG
337950,CEREAL NESQUIK MINIS,750647512054,Despensa,NESQUIK,Cereales Y Granola,NULL,1,https://riba.app/imgrs/THUMBS%20500X500/337950.JPG
343180,TRIX CEREAL 180GR,750647512057,Despensa,NESTLE (CEREALES),Cereales Y Granola,"[""Kosher""]",1,https://riba.app/imgrs/THUMBS%20500X500/343180.JPG
351402,CEREAL NESQUIK DUO,750647512556,Despensa,NESQUIK,Cereales Y Granola,NULL,1,https://riba.app/imgrs/THUMBS%20500X500/351402.JPG
358985,CEREAL TRIX FORMAS DE FRUTAS,750647512593,Despensa,TRIX,Cereales Y Granola,"[""Kosher""]",1,https://riba.app/imgrs/THUMBS%20500X500/358985.JPG
358989,CEREAL CHEERIOS MANZANA CANELA,750647512818,Despensa,NESTLE,Cereales Y Granola,"[""Kosher""]",1,https://riba.app/imgrs/THUMBS%20500X500/358989.JPG
358991,CEREAL MIEL CHEERIOS FORTIFICA,750647512819,Despensa,NESTLE,Cereales Y Granola,"[""Kosher""]",1,https://riba.app/imgrs/THUMBS%20500X500/358991.JPG
323650,RASPBERRY JEL SUGAR FREE,75121790093,Despensa,SIMPLY DELISH,Reposteria,"[""Gluten-free"",""Kosher"",""Vegano""]",1,https://riba.app/imgrs/THUMBS%20500X500/323650.JPG
323649,STRAWBERRY JEL SUGAR FREE,75121790096,Despensa,SIMPLY DELISH,Reposteria,"[""Gluten-free"",""Kosher"",""Vegano""]",1,https://riba.app/imgrs/THUMBS%20500X500/323649.JPG
323651,ORANGE JEL SUGAR FREE,75121790102,Despensa,SIMPLY DELISH,Reposteria,"[""Gluten-free"",""Kosher"",""Vegano""]",1,https://riba.app/imgrs/THUMBS%20500X500/323651.JPG
323652,CHOCOLATE PUDDING SUGAR FREE,75121795000,Despensa,SIMPLY DELISH,Reposteria,"[""Keto"",""Kosher""]",1,https://riba.app/imgrs/THUMBS%20500X500/323652.JPG
323653,UNFLAVORED JEL SUGAR FREE,75121795009,Despensa,SIMPLY DELISH,Reposteria,"[""Gluten-free"",""Kosher"",""Vegano""]",1,https://riba.app/imgrs/THUMBS%20500X500/323653.JPG
67369,HARINA DE TRIGO,75129611020,Despensa,GOLD MEDAL,Harinas,NULL,1,https://riba.app/imgrs/THUMBS%20500X500/67369.JPG
67368,HARINA DE TRIGO,75129611030,Despensa,GOLD MEDAL,Harinas,NULL,1,https://riba.app/imgrs/THUMBS%20500X500/67368.JPG
71394,HARINA DE TRIGO,75129611070,Despensa,GOLD MEDAL,Harinas,NULL,1,https://riba.app/imgrs/THUMBS%20500X500/71394.JPG
191878,GUAVA PASTE 14.1 OZ,7537000010,Despensa,CONCHITA,Jaleas Mantequillas Y Mermeladas,NULL,1,https://riba.app/imgrs/THUMBS%20500X500/191878.JPG
49410,GUAVA SHELLS 32 OZ,7537000101,Despensa,CONCHITA,Conservas Y Encurtidos,NULL,1,https://riba.app/imgrs/THUMBS%20500X500/49410.JPG
49412,GUAVA PASTE 21 OZ ,7537000104,Despensa,CONCHITA,Jaleas Mantequillas Y Mermeladas,NULL,1,https://riba.app/imgrs/THUMBS%20500X500/49412.JPG
49426,PIMIENTOS (CHOICE) 6 5,7537000502,Despensa,CONCHITA,Conservas Y Encurtidos,NULL,1,https://riba.app/imgrs/THUMBS%20500X500/49426.JPG
49451,SMALL RED BEANS 15 OZ,7537015002,Despensa,CONCHITA,Arroz Y Granos,"[""Gluten-free"",""Kosher""]",1,https://riba.app/imgrs/THUMBS%20500X500/49451.JPG
49445,CONCH GARBANZOS EN AGUA Y SAL,7537015004,Despensa,CONCHITA,Arroz Y Granos,"[""Gluten-free""]",1,https://riba.app/imgrs/THUMBS%20500X500/49445.JPG
193621,CONCHITA PINK BEANS,7537015007,Despensa,CONCHITA,Arroz Y Granos,"[""Gluten-free"",""Kosher""]",1,https://riba.app/imgrs/THUMBS%20500X500/193621.JPG
182461,CONCHITA GREAT NORTHER BEAN JB,7537015008,Despensa,CONCHITA,Arroz Y Granos,"[""Gluten-free"",""Kosher""]",1,https://riba.app/imgrs/THUMBS%20500X500/182461.JPG
268476,ACHIOTE EN PASTA LOS PATITOS,75695800030,Despensa,LOS PATITOS ,Condimentos Y Semillas,NULL,1,https://riba.app/imgrs/THUMBS%20500X500/268476.JPG
203486,ACHIOTE LIQUIDO ,75695800081,Despensa,LOS PATITOS ,Condimentos Y Semillas,"[""Gluten-free""]",1,https://riba.app/imgrs/THUMBS%20500X500/203486.JPG
289892,PURE DE PAPAS,75695800384,Despensa,LOS PATITOS ,Conservas Y Encurtidos,"[""Gluten-free""]",1,https://riba.app/imgrs/THUMBS%20500X500/289892.JPG
179049,EMPANIZADOR DE POLLO ,75695801085,Despensa,LOS PATITOS ,Condimentos Y Semillas,NULL,1,https://riba.app/imgrs/THUMBS%20500X500/179049.JPG
179051,EMPANIZADOR DE PESCADO ,75695801095,Despensa,LOS PATITOS ,Condimentos Y Semillas,NULL,1,https://riba.app/imgrs/THUMBS%20500X500/179051.JPG
202033,ACHIOTE CONDIMENTADO EN PASTA,75695808037,Despensa,LOS PATITOS ,Condimentos Y Semillas,NULL,1,https://riba.app/imgrs/THUMBS%20500X500/202033.JPG
18942,SALSA PICANTE CHOMBO HABANERO,75794500002,Despensa,D ELIDA,Aderezos Y Salsas,NULL,1,https://riba.app/imgrs/THUMBS%20500X500/18942.JPG
81196,SALSA PICANTE CHOMBO HABANERO,75794500004,Despensa,D ELIDA,Aderezos Y Salsas,NULL,1,https://riba.app/imgrs/THUMBS%20500X500/81196.JPG
81197,PICANTE CHOMBO  ROJO PULPA ,75794500006,Despensa,D ELIDA,Aderezos Y Salsas,NULL,1,https://riba.app/imgrs/THUMBS%20500X500/81197.JPG
107381,SALSA PICANTE CHOMBO VERDE,75794500007,Despensa,D ELIDA,Aderezos Y Salsas,NULL,1,https://riba.app/imgrs/THUMBS%20500X500/107381.JPG
232345,SALSA CHIPOTLE ,75794500019,Despensa,D ELIDA,Aderezos Y Salsas,NULL,1,https://riba.app/imgrs/THUMBS%20500X500/232345.JPG
266050,SALSA AGRIDULCE PICANTE ,75794500026,Despensa,D ELIDA,Aderezos Y Salsas,NULL,1,https://riba.app/imgrs/THUMBS%20500X500/266050.JPG
336708,SALSA PICANTE DELIDAS VERDE,75794500029,Despensa,D ELIDA,Aderezos Y Salsas,NULL,1,https://riba.app/imgrs/THUMBS%20500X500/336708.JPG
336709,SALSA PICANTE CHIPOTLE DELIDAS,75794500031,Despensa,D ELIDA,Aderezos Y Salsas,NULL,1,https://riba.app/imgrs/THUMBS%20500X500/336709.JPG
238056,FLIPS CHOCOLATE ,759103900027,Despensa,FLIPS,Cereales Y Granola,NULL,1,https://riba.app/imgrs/THUMBS%20500X500/238056.JPG
238057,FLIPS DULCE DE LECHE ,759103939507,Despensa,FLIPS,Cereales Y Granola,NULL,1,https://riba.app/imgrs/THUMBS%20500X500/238057.JPG
26394,FLIPS DE CHOCOLATE 220GR,759103950412,Despensa,FLIPS,Cereales Y Granola,NULL,1,https://riba.app/imgrs/THUMBS%20500X500/26394.JPG
26397,FLIPS DE DULCE DE LECHE 220GR,759103950512,Despensa,FLIPS,Cereales Y Granola,NULL,1,https://riba.app/imgrs/THUMBS%20500X500/26397.JPG
26398,FLIT LECHE 36 120GR ,759103950593,Despensa,FLIPS,Cereales Y Granola,NULL,1,https://riba.app/imgrs/THUMBS%20500X500/26398.JPG
275857,LENTEJA PANTERA 454G,759179409061,Despensa,PANTERA,Arroz Y Granos,NULL,1,https://riba.app/imgrs/THUMBS%20500X500/275857.JPG
275861,RED KIDNEY PANTERA 454G,759179409063,Despensa,PANTERA,Arroz Y Granos,NULL,1,https://riba.app/imgrs/THUMBS%20500X500/275861.JPG
275864,ARVEJA AMARILLA PANTERA 454G,759179409177,Despensa,PANTERA,Arroz Y Granos,NULL,1,https://riba.app/imgrs/THUMBS%20500X500/275864.JPG
254412,PIMIENTAS MIXTAS ,759384700058,Despensa,FUMAGE ,Condimentos Y Semillas,NULL,1,https://riba.app/imgrs/THUMBS%20500X500/254412.JPG
241671,SAL MARINA,759384700060,Despensa,FUMAGE ,Condimentos Y Semillas,"[""Kosher""]",1,https://riba.app/imgrs/THUMBS%20500X500/241671.JPG
234610,SAL ROSADA DEL HIMALAYA ,759384700062,Despensa,FUMAGE ,Condimentos Y Semillas,"[""Kosher""]",1,https://riba.app/imgrs/THUMBS%20500X500/234610.JPG
323407,PASTINA CLASICA INFANTIL,759384700070,Despensa,FUMAGE ,Pastas Secas,"[""Kosher""]",1,https://riba.app/imgrs/THUMBS%20500X500/323407.JPG
302487,PIMIENTA NEGRA FUMAGE,759384700090,Despensa,FUMAGE ,Condimentos Y Semillas,"[""Kosher""]",1,https://riba.app/imgrs/THUMBS%20500X500/302487.JPG
302480,PIMIENTA MIXTA FUMAGE,759384700096,Despensa,FUMAGE ,Condimentos Y Semillas,"[""Kosher""]",1,https://riba.app/imgrs/THUMBS%20500X500/302480.JPG
249561,ONLY FIT PEANUT BUTTER,759576100006,Despensa,ONLY FIT PANAMÁ,Jaleas Mantequillas Y Mermeladas,"[""Gluten-free"",""Vegano""]",1,https://riba.app/imgrs/THUMBS%20500X500/249561.JPG
252879,ALMOND BUTTER,759576100007,Despensa,ONLY FIT PANAMÁ,Jaleas Mantequillas Y Mermeladas,"[""Gluten-free"",""Kosher""]",1,https://riba.app/imgrs/THUMBS%20500X500/252879.JPG
249564,ONLY FIT CASHEW BUTTER,759576100009,Despensa,ONLY FIT PANAMÁ,Jaleas Mantequillas Y Mermeladas,"[""Gluten-free"",""Kosher""]",1,https://riba.app/imgrs/THUMBS%20500X500/249564.JPG
249565,ONLY FIT ALMOND BUTTER TWIST,759576100010,Despensa,ONLY FIT PANAMÁ,Jaleas Mantequillas Y Mermeladas,"[""Gluten-free"",""Kosher""]",1,https://riba.app/imgrs/THUMBS%20500X500/249565.JPG
297745,ONLY FIT PEANUT CRUNCHY,759576100011,Despensa,ONLY FIT PANAMÁ,Jaleas Mantequillas Y Mermeladas,"[""Gluten-free"",""Kosher""]",1,https://riba.app/imgrs/THUMBS%20500X500/297745.JPG
341232,MANTEQUILLA MANI CON CACAO,759576120001,Despensa,ONLY KIDS,Jaleas Mantequillas Y Mermeladas,"[""Gluten-free"",""Kosher""]",1,https://riba.app/imgrs/THUMBS%20500X500/341232.JPG
341231,PASTA PEPITA MARANON COCO OKID,759576120002,Despensa,ONLY KIDS,Jaleas Mantequillas Y Mermeladas,"[""Gluten-free""]",1,https://riba.app/imgrs/THUMBS%20500X500/341231.JPG
318477,MARINARA SAUCE,7605017021,Despensa,PAESANA,Aderezos Y Salsas,"[""Gluten-free"",""Kosher"",""Vegano""]",1,https://riba.app/imgrs/THUMBS%20500X500/318477.JPG
318481,VODKA SAUCE,7605017023,Despensa,PAESANA,Aderezos Y Salsas,"[""Kosher""]",1,https://riba.app/imgrs/THUMBS%20500X500/318481.JPG
318479,SICILIAN GRAVY SAUCE,7605017025,Despensa,PAESANA,Aderezos Y Salsas,"[""Gluten-free"",""Kosher"",""Vegano""]",1,https://riba.app/imgrs/THUMBS%20500X500/318479.JPG
318478,TOMATO BASIL SAUCE,7605017030,Despensa,PAESANA,Aderezos Y Salsas,"[""Gluten-free"",""Kosher"",""Vegano""]",1,https://riba.app/imgrs/THUMBS%20500X500/318478.JPG
318484,LOW SODIUM MARINARA SAUCE,7605017034,Despensa,PAESANA,Aderezos Y Salsas,"[""Kosher""]",1,https://riba.app/imgrs/THUMBS%20500X500/318484.JPG
318486,ORGANIC TOMATO BASIL SAUCE,7605080021,Despensa,PAESANA,Aderezos Y Salsas,"[""Gluten-free"",""Kosher"",""Orgánico""]",1,https://riba.app/imgrs/THUMBS%20500X500/318486.JPG
318487,ORGANIC ROASTED GARLIC SAUCE,7605080022,Despensa,PAESANA,Aderezos Y Salsas,"[""Gluten-free"",""Kosher"",""Orgánico""]",1,https://riba.app/imgrs/THUMBS%20500X500/318487.JPG
318485,ORGANIC MARINARA SAUCE,7605080025,Despensa,PAESANA,Aderezos Y Salsas,"[""Gluten-free"",""Kosher"",""Orgánico""]",1,https://riba.app/imgrs/THUMBS%20500X500/318485.JPG
261153,LINAZA MOLIDA FRASCO ,76057305035,Despensa,SASSON,Condimentos Y Semillas,NULL,1,https://riba.app/imgrs/THUMBS%20500X500/261153.JPG
301744,ACEITUNAS SIMPLES SASSON,76057307005,Despensa,SASSON,Conservas Y Encurtidos,NULL,1,https://riba.app/imgrs/THUMBS%20500X500/301744.JPG
301742,ACEITUNAS RELLENAS SASSON,76057307006,Despensa,SASSON,Conservas Y Encurtidos,NULL,1,https://riba.app/imgrs/THUMBS%20500X500/301742.JPG
220402,EMPANIZADOR SASSON,76057307144,Despensa,SASSON,Condimentos Y Semillas,NULL,1,https://riba.app/imgrs/THUMBS%20500X500/220402.JPG
280191,EMPANIZADOR  PARA POLLO CRISPY,76057307986,Despensa,SASSON,Condimentos Y Semillas,NULL,1,https://riba.app/imgrs/THUMBS%20500X500/280191.JPG
254975,EMPANIZADOR PESCADO CRISPY,76057307987,Despensa,SASSON,Condimentos Y Semillas,NULL,1,https://riba.app/imgrs/THUMBS%20500X500/254975.JPG
257473,TOPPING ENSALADA MEDITERRANEO,76057308084,Despensa,SASSON,Aderezos Y Salsas,NULL,1,https://riba.app/imgrs/THUMBS%20500X500/257473.JPG
257475,TOPPING ENS DULCE TENTACION,76057308087,Despensa,SASSON,Aderezos Y Salsas,NULL,1,https://riba.app/imgrs/THUMBS%20500X500/257475.JPG
317011,BANDERILLAS DULCES SASSON,76057309392,Despensa,SASSON,Conservas Y Encurtidos,NULL,1,https://riba.app/imgrs/THUMBS%20500X500/317011.JPG
317010,CEBOLLITAS EN VINAGRE SASSON,76057309405,Despensa,SASSON,Conservas Y Encurtidos,NULL,1,https://riba.app/imgrs/THUMBS%20500X500/317010.JPG
317003,ALCAPARRAS CAPOTES SEASSON 110,76057309406,Despensa,SASSON,Conservas Y Encurtidos,NULL,1,https://riba.app/imgrs/THUMBS%20500X500/317003.JPG
169219,MAGGI SANCOCHO PANAMEÑO 40G,761303273966,Despensa,MAGGI,Sopas Y Cremas,NULL,1,https://riba.app/imgrs/THUMBS%20500X500/169219.JPG
172517,MAGGI CONSOME DE POLLO 225GR,761303277413,Despensa,MAGGI,Condimentos Y Semillas,NULL,1,https://riba.app/imgrs/THUMBS%20500X500/172517.JPG
198090,KETCHUP,761303302901,Despensa,MAGGI,Aderezos Y Salsas,NULL,1,https://riba.app/imgrs/THUMBS%20500X500/198090.JPG
198091,PASTA DE TOMATE,761303302903,Despensa,MAGGI,Aderezos Y Salsas,NULL,1,https://riba.app/imgrs/THUMBS%20500X500/198091.JPG
187276,MAGGI MI SAZON 225GR,761303345031,Despensa,MAGGI,Condimentos Y Semillas,NULL,1,https://riba.app/imgrs/THUMBS%20500X500/187276.JPG
208176,MAGGI CREMA DE BROCOLI 65GR,761303388571,Despensa,MAGGI,Sopas Y Cremas,NULL,1,https://riba.app/imgrs/THUMBS%20500X500/208176.JPG
217235,MAGGI GALLINITA C SABOR COLOR ,761303437161,Despensa,MAGGI,Condimentos Y Semillas,NULL,1,https://riba.app/imgrs/THUMBS%20500X500/217235.JPG
232569,HEN MI SAZON DOY PACK,761303526509,Despensa,MAGGI,Condimentos Y Semillas,NULL,1,https://riba.app/imgrs/THUMBS%20500X500/232569.JPG
7764,SOPA POLLO CON CARACOLITOS,761303536134,Despensa,MAGGI,Sopas Y Cremas,NULL,1,https://riba.app/imgrs/THUMBS%20500X500/7764.JPG
7770,MAGGI SOPA D POLLO C ARROZ 57G,761303536184,Despensa,MAGGI,Sopas Y Cremas,NULL,1,https://riba.app/imgrs/THUMBS%20500X500/7770.JPG
7765,MAGGI SOPA DE POLLO LETRAS 57G,761303536187,Despensa,MAGGI,Sopas Y Cremas,NULL,1,https://riba.app/imgrs/THUMBS%20500X500/7765.JPG
7761,MAGGI SOPA DE POLLO FIDEOS 57G,761303539620,Despensa,MAGGI,Sopas Y Cremas,NULL,1,https://riba.app/imgrs/THUMBS%20500X500/7761.JPG
108672,MAGGI DELICIAS POLLO CHOP SUEY,761303585547,Despensa,MAGGI,Condimentos Y Semillas,NULL,1,https://riba.app/imgrs/THUMBS%20500X500/108672.JPG
267988,MAGGI SALSA DE TOMATE 3 QUESOS,761303621961,Despensa,MAGGI,Aderezos Y Salsas,NULL,1,https://riba.app/imgrs/THUMBS%20500X500/267988.JPG
272528,MAGGI SAZONADOR NATURISIM 4X8G,761303663317,Despensa,MAGGI,Condimentos Y Semillas,NULL,1,https://riba.app/imgrs/THUMBS%20500X500/272528.JPG
272529,MAGGI SAZONADOR NATURISIM 225G,761303663319,Despensa,MAGGI,Condimentos Y Semillas,NULL,1,https://riba.app/imgrs/THUMBS%20500X500/272529.JPG
278650,KETCHUP MAGGI,761303709655,Despensa,MAGGI,Aderezos Y Salsas,NULL,1,https://riba.app/imgrs/THUMBS%20500X500/278650.JPG
282176,MAGGI TOMATE PASTA CAP,761303712567,Despensa,MAGGI,Aderezos Y Salsas,NULL,1,https://riba.app/imgrs/THUMBS%20500X500/282176.JPG
300970,CONSOME DE POLLO MAGGI ,761303950430,Despensa,MAGGI,Condimentos Y Semillas,NULL,1,https://riba.app/imgrs/THUMBS%20500X500/300970.JPG
294921,SOPA CON FIDEOS MAGGI,761328702952,Despensa,MAGGI,Sopas Y Cremas,NULL,1,https://riba.app/imgrs/THUMBS%20500X500/294921.JPG
359265,PIMIENTA NEGRA MOLIDA MAGGI,761328737153,Despensa,MAGGI,Condimentos Y Semillas,NULL,1,https://riba.app/imgrs/THUMBS%20500X500/359265.JPG
359263,TROZOS DE AJO DLH MAGGI,761328737155,Despensa,MAGGI,Condimentos Y Semillas,NULL,1,https://riba.app/imgrs/THUMBS%20500X500/359263.JPG
359264,OREGANO DLH MAGGI,761328737193,Despensa,MAGGI,Condimentos Y Semillas,NULL,1,https://riba.app/imgrs/THUMBS%20500X500/359264.JPG
359261,CANELA EN POLVO DLH MAGGI,761328740434,Despensa,MAGGI,Condimentos Y Semillas,NULL,1,https://riba.app/imgrs/THUMBS%20500X500/359261.JPG
306670,CALDO DE POLLO 8 TABLETAS,761328762714,Despensa,MAGGI,Condimentos Y Semillas,NULL,1,https://riba.app/imgrs/THUMBS%20500X500/306670.JPG
306671,CALDO MAGGI TABLETA 21G,761328766873,Despensa,MAGGI,Condimentos Y Semillas,NULL,1,https://riba.app/imgrs/THUMBS%20500X500/306671.JPG
4797,SIROPE KARO ETIQUETA AZUL,76172005010,Despensa,KARO,Siropes,"[""Kosher""]",1,https://riba.app/imgrs/THUMBS%20500X500/4797.JPG
4792,KARO ROJA 16 OZ,76172005110,Despensa,KARO,Siropes,"[""Kosher""]",1,https://riba.app/imgrs/THUMBS%20500X500/4792.JPG
4824,ACEITE DE CANOLA,76172005300,Despensa,MAZOLA,Aceites Y Mantecas,"[""Kosher""]",1,https://riba.app/imgrs/THUMBS%20500X500/4824.JPG
4818,ACEITE DE MAIZ ,76172005620,Despensa,MAZOLA,Aceites Y Mantecas,"[""Kosher""]",1,https://riba.app/imgrs/THUMBS%20500X500/4818.JPG
4822,ACEITE DE MAIZ,76172005630,Despensa,MAZOLA,Aceites Y Mantecas,"[""Kosher""]",1,https://riba.app/imgrs/THUMBS%20500X500/4822.JPG
46121,ARGO CORN STARCH 16 OZ ,76172007104,Despensa,ARGO,Reposteria,"[""Gluten-free"",""Kosher""]",1,https://riba.app/imgrs/THUMBS%20500X500/46121.JPG
197529,ACEITE DE MAIZ,76172098749,Despensa,MAZOLA,Aceites Y Mantecas,"[""Kosher""]",1,https://riba.app/imgrs/THUMBS%20500X500/197529.JPG
157150,ARGO BAKING POWDER ,76172098818,Despensa,ARGO,Reposteria,"[""Gluten-free"",""Kosher""]",1,https://riba.app/imgrs/THUMBS%20500X500/157150.JPG
334196,SALSA GOURMET KETCHUP SRIRACHA,76178030718,Despensa,ELEVATION GOURMET,Aderezos Y Salsas,NULL,1,https://riba.app/imgrs/THUMBS%20500X500/334196.JPG
15059,ACEITE DE OLIVA VIRGEN  EXT,7629000204,Despensa,LA ESPAÑOLA (OLIVE OIL),Aceites Y Mantecas,"[""Kosher""]",1,https://riba.app/imgrs/THUMBS%20500X500/15059.JPG
169988,HOUSE FOODS TOFU SPAGHETTI,7637104105,Despensa,HOUSE FOODS,Pastas Secas,"[""Gluten-free"",""Vegano""]",1,https://riba.app/imgrs/THUMBS%20500X500/169988.JPG
169990,HOUSE FOODS TOFU FETTUCCINE,7637104106,Despensa,HOUSE FOODS,Pastas Secas,"[""Gluten-free"",""Vegano""]",1,https://riba.app/imgrs/THUMBS%20500X500/169990.JPG
276807,LA COSTEÑA BEAN REFRD PINTO,7639703150,Despensa,LA COSTENA,Arroz Y Granos,NULL,1,https://riba.app/imgrs/THUMBS%20500X500/276807.JPG
135590,WHOLE  BLACK BEANS 19 75 OZ,7639703200,Despensa,LA COSTENA,Arroz Y Granos,NULL,1,https://riba.app/imgrs/THUMBS%20500X500/135590.JPG
231639,ECONOPACK MIRACLE WHIP,764016439003,Despensa,KRAFT,Aderezos Y Salsas,NULL,1,https://riba.app/imgrs/THUMBS%20500X500/231639.JPG
278371,REAL MAYONESA LIMON,764016439007,Despensa,KRAFT,Aderezos Y Salsas,NULL,1,https://riba.app/imgrs/THUMBS%20500X500/278371.JPG
235043,MAYO REAL DOY PACK LIMON,764016439008,Despensa,KRAFT,Aderezos Y Salsas,NULL,1,https://riba.app/imgrs/THUMBS%20500X500/235043.JPG
352474,CALDO DE RES DONA KATHE,76445100974,Despensa,DOÑA KATHE,Sopas Y Cremas,"[""Gluten-free"",""Kosher""]",1,https://riba.app/imgrs/THUMBS%20500X500/352474.JPG
352477,CAJA DE POLLO DONA KATHE,76445134391,Despensa,DOÑA KATHE,Sopas Y Cremas,"[""Gluten-free"",""Kosher""]",1,https://riba.app/imgrs/THUMBS%20500X500/352477.JPG
355569,ENDULZANTE SME FRUTO DEL MONJE,76445191872,Despensa,SUGAR ME,Azucar Y Endulzantes,"[""Gluten-free"",""Keto""]",1,https://riba.app/imgrs/THUMBS%20500X500/355569.JPG
336103,ANNIE CHUN S THAI STYLE ,76566710070,Despensa,ANNIE CHUNS,Sopas Y Cremas,"[""Vegano""]",1,https://riba.app/imgrs/THUMBS%20500X500/336103.JPG
266198,NOODLES BOWL TERIYAKI,76566710387,Despensa,ANNIE CHUNS,Sopas Y Cremas,"[""Vegano""]",1,https://riba.app/imgrs/THUMBS%20500X500/266198.JPG
325474,SOUP BOWL RAMEN SHOYU ANNIE,76566711167,Despensa,ANNIE CHUNS,Sopas Y Cremas,"[""Vegano""]",1,https://riba.app/imgrs/THUMBS%20500X500/325474.JPG
325473,RAMEN TONKOTSU ANNIE,76566711186,Despensa,ANNIE CHUNS,Sopas Y Cremas,"[""Vegano""]",1,https://riba.app/imgrs/THUMBS%20500X500/325473.JPG
185209,ANNIES CHUNS PAD THAI RICE NOO,76566752793,Despensa,ANNIE CHUNS,Pastas Secas,"[""Gluten-free"",""Vegano""]",1,https://riba.app/imgrs/THUMBS%20500X500/185209.JPG
266199,NOODLES JAPANESE STYLE MISO,76566762859,Despensa,ANNIE CHUNS,Sopas Y Cremas,"[""Gluten-free""]",1,https://riba.app/imgrs/THUMBS%20500X500/266199.JPG
266197,NOODLES JAPANESE STYLE UDON,76566772598,Despensa,ANNIE CHUNS,Sopas Y Cremas,"[""Vegano""]",1,https://riba.app/imgrs/THUMBS%20500X500/266197.JPG
185213,ANNIE CHUNS NOODLE RICE MAIFUN,76566792056,Despensa,ANNIE CHUNS,Pastas Secas,"[""Gluten-free"",""Vegano""]",1,https://riba.app/imgrs/THUMBS%20500X500/185213.JPG
335093,MAIZ DULCE MONARCH KERNEL,7677025330,Despensa,MONARCH,Conservas Y Encurtidos,NULL,1,https://riba.app/imgrs/THUMBS%20500X500/335093.JPG
182729,MAIZ ENTERO DULCE MONARCH,7677025345,Despensa,MONARCH,Conservas Y Encurtidos,NULL,1,https://riba.app/imgrs/THUMBS%20500X500/182729.JPG
321542,PINA EN REBANADA MONARCH,7677069920,Despensa,MONARCH,Conservas Y Encurtidos,NULL,1,https://riba.app/imgrs/THUMBS%20500X500/321542.JPG
165200,BARILLA PLUS FARFALLE,7680800032,Despensa,BARILLA,Pastas Secas,"[""Kosher""]",1,https://riba.app/imgrs/THUMBS%20500X500/165200.JPG
260453,OVEN READY LASAGNA GF,7680800793,Despensa,BARILLA,Pastas Secas,"[""Gluten-free"",""Kosher""]",1,https://riba.app/imgrs/THUMBS%20500X500/260453.JPG
340824,BARILLA RED LENTIL PENNE PASTA,7680800846,Despensa,BARILLA,Pastas Secas,"[""Gluten-free"",""Vegano""]",1,https://riba.app/imgrs/THUMBS%20500X500/340824.JPG
340822,BARILLA ROTINI,7680800847,Despensa,BARILLA,Pastas Secas,"[""Gluten-free"",""Vegano""]",1,https://riba.app/imgrs/THUMBS%20500X500/340822.JPG
355209,RED LENTIL LEGUME SPAGHETTI PA,7680800917,Despensa,BARILLA,Pastas Secas,"[""Gluten-free"",""Kosher""]",1,https://riba.app/imgrs/THUMBS%20500X500/355209.JPG
298512,BARILLA CHIKPEA SPAGHETTI,7680801031,Despensa,BARILLA,Pastas Secas,"[""Gluten-free"",""Kosher""]",1,https://riba.app/imgrs/THUMBS%20500X500/298512.JPG
340825,BARILLA GF CHICKPEA PENNE,7680801127,Despensa,BARILLA,Pastas Secas,"[""Gluten-free"",""Kosher"",""Vegano""]",1,https://riba.app/imgrs/THUMBS%20500X500/340825.JPG
341908,READY PASTA FULLY PENNE,7680801177,Despensa,BARILLA,Pastas Secas,NULL,1,https://riba.app/imgrs/THUMBS%20500X500/341908.JPG
341909,READY PASTA GEMELLI FULLY COOK,7680801180,Despensa,BARILLA,Pastas Secas,NULL,1,https://riba.app/imgrs/THUMBS%20500X500/341909.JPG
355205,CELLENTANI PROTEIN,7680801201,Despensa,BARILLA,Pastas Secas,"[""Kosher""]",1,https://riba.app/imgrs/THUMBS%20500X500/355205.JPG
226050,BARILLA OVEN READY LASAGNA,7680851558,Despensa,BARILLA,Pastas Secas,NULL,1,https://riba.app/imgrs/THUMBS%20500X500/226050.JPG
170648,BRLLA PLUS SPAGHETTI,7680853357,Despensa,BARILLA,Pastas Secas,NULL,1,https://riba.app/imgrs/THUMBS%20500X500/170648.JPG
138285,BARILLA PLUS ROTINI MULTG PAST,7680853358,Despensa,BARILLA,Pastas Secas,"[""Kosher"",""Vegano""]",1,https://riba.app/imgrs/THUMBS%20500X500/138285.JPG
355203,PROTEIN PLUS ELBOW PASTA,7680853359,Despensa,BARILLA,Pastas Secas,"[""Kosher""]",1,https://riba.app/imgrs/THUMBS%20500X500/355203.JPG
277857,ORIG GLAZED WALNUTS,7681184175,Despensa,DIAMOND,Aderezos Y Salsas,"[""Keto"",""Kosher""]",1,https://riba.app/imgrs/THUMBS%20500X500/277857.JPG
344792,RECAO BBQ TIA NATY,76950324926,Despensa,TIA NATY,Aderezos Y Salsas,NULL,1,https://riba.app/imgrs/THUMBS%20500X500/344792.JPG
344794,RECAO PAL PESCADO,76950324927,Despensa,TIA NATY,Aderezos Y Salsas,NULL,1,https://riba.app/imgrs/THUMBS%20500X500/344794.JPG
230312,BARR CEREAL  TROZOS DE FRESA,770200701649,Despensa,TOSH,Cereales Y Granola,NULL,1,https://riba.app/imgrs/THUMBS%20500X500/230312.JPG
184617,BARRAS CEREAL CHOCOLATE,770200702984,Despensa,TOSH,Cereales Y Granola,NULL,1,https://riba.app/imgrs/THUMBS%20500X500/184617.JPG
184619,BARRAS CEREAL MANI PASAS,770200703015,Despensa,TOSH,Cereales Y Granola,NULL,1,https://riba.app/imgrs/THUMBS%20500X500/184619.JPG
233267,BARRA DE CEREAL LYNE ,770200703017,Despensa,TOSH,Cereales Y Granola,NULL,1,https://riba.app/imgrs/THUMBS%20500X500/233267.JPG
242845,BARRAS TOSH FRESA ,770200703229,Despensa,POZUELO,Cereales Y Granola,NULL,1,https://riba.app/imgrs/THUMBS%20500X500/242845.JPG
242844,BARRAS TOSH PASAS,770200703230,Despensa,POZUELO,Cereales Y Granola,NULL,1,https://riba.app/imgrs/THUMBS%20500X500/242844.JPG
232878,BARRA CEREAL ARANDANO Y NUECES,770200704031,Despensa,TOSH,Cereales Y Granola,NULL,1,https://riba.app/imgrs/THUMBS%20500X500/232878.JPG
242843,BARRAS TOSH CHOCOLATE ,770200704041,Despensa,POZUELO,Cereales Y Granola,NULL,1,https://riba.app/imgrs/THUMBS%20500X500/242843.JPG
250778,CHIPS SEMIAMARGO REPOSTERIA,770200704198,Despensa,POZUELO,Reposteria,NULL,1,https://riba.app/imgrs/THUMBS%20500X500/250778.JPG
259733,BARR CER FRUTOS YOGURT GRIEGO,770200704539,Despensa,TOSH,Cereales Y Granola,NULL,1,https://riba.app/imgrs/THUMBS%20500X500/259733.JPG
254968,BARRA CEREAL LYNE SIN AZUCAR,770200704911,Despensa,TOSH,Cereales Y Granola,NULL,1,https://riba.app/imgrs/THUMBS%20500X500/254968.JPG
254969,BARRAS CEREAL CON CHIPS CHOC ,770200704913,Despensa,TOSH,Cereales Y Granola,NULL,1,https://riba.app/imgrs/THUMBS%20500X500/254969.JPG
254970,BARR CEREAL ARANDANO Y NUECES,770200704915,Despensa,TOSH,Cereales Y Granola,NULL,1,https://riba.app/imgrs/THUMBS%20500X500/254970.JPG
281267,HANTILLY COCOA DULCE,770200705493,Despensa,COCOA DULCE ,Reposteria,NULL,1,https://riba.app/imgrs/THUMBS%20500X500/281267.JPG
274402,TOSH MULTICEREAL FRESA 300G,770200705542,Despensa,TOSH,Cereales Y Granola,NULL,1,https://riba.app/imgrs/THUMBS%20500X500/274402.JPG
274404,TOSH MULTICEREAL ALMENDRAS,770200705545,Despensa,TOSH,Cereales Y Granola,NULL,1,https://riba.app/imgrs/THUMBS%20500X500/274404.JPG
274403,TOSH MULTICEREAL CHCOLATE,770200705547,Despensa,POZUELO,Cereales Y Granola,NULL,1,https://riba.app/imgrs/THUMBS%20500X500/274403.JPG
274405,MULTICEREAL YOGURT GRIEGO,770200705548,Despensa,POZUELO,Cereales Y Granola,NULL,1,https://riba.app/imgrs/THUMBS%20500X500/274405.JPG
274406,TOSH MULTICEREAL COCO,770200705549,Despensa,TOSH,Cereales Y Granola,NULL,1,https://riba.app/imgrs/THUMBS%20500X500/274406.JPG
275652,TOSH FRUTOS AMARILLOS 150G,770200705688,Despensa,TOSH,Cereales Y Granola,NULL,1,https://riba.app/imgrs/THUMBS%20500X500/275652.JPG
298420,CEREAL BARRA LYNE FRESA,770200706055,Despensa,TOSH,Cereales Y Granola,NULL,1,https://riba.app/imgrs/THUMBS%20500X500/298420.JPG
298421,CEREAL BARRA LYNE PINA,770200706056,Despensa,TOSH,Cereales Y Granola,NULL,1,https://riba.app/imgrs/THUMBS%20500X500/298421.JPG
287163,PANCAKE TOSH AVENA 300G,770200706091,Despensa,TOSH,Harinas,NULL,1,https://riba.app/imgrs/THUMBS%20500X500/287163.JPG
303114,CREMA DE MANI TOSH,770200706541,Despensa,TOSH,Jaleas Mantequillas Y Mermeladas,NULL,1,https://riba.app/imgrs/THUMBS%20500X500/303114.JPG
316523,COCOA SPRINKLES COLORES ,770200707192,Despensa,COCOA DULCE ,Reposteria,"[""Gluten-free""]",1,https://riba.app/imgrs/THUMBS%20500X500/316523.JPG
316536,COCOA SPRINKLES CHOCOLATE  ,770200707193,Despensa,COCOA DULCE ,Reposteria,"[""Gluten-free""]",1,https://riba.app/imgrs/THUMBS%20500X500/316536.JPG
316521,CORDILLERA SPRINKLES CHOCOLATE,770200707195,Despensa,CORDILLERA ,Reposteria,"[""Gluten-free""]",1,https://riba.app/imgrs/THUMBS%20500X500/316521.JPG
316510,TOSH AVENA CHOCOLATE ,770200707404,Despensa,TOSH,Avenas Y Cremas,NULL,1,https://riba.app/imgrs/THUMBS%20500X500/316510.JPG
331965,TOSH AVENA QUINO VAINILLA,770200707470,Despensa,TOSH,Avenas Y Cremas,NULL,1,https://riba.app/imgrs/THUMBS%20500X500/331965.JPG
331966,AVENA EN HOJUELAS Y CHOCOLATE,770200707471,Despensa,TOSH,Avenas Y Cremas,NULL,1,https://riba.app/imgrs/THUMBS%20500X500/331966.JPG
331968,AVENA Y ARANDANOS TOSH,770200707472,Despensa,TOSH,Avenas Y Cremas,NULL,1,https://riba.app/imgrs/THUMBS%20500X500/331968.JPG
340526,CHOCOCOBERTURA COCOA DULCE,770200708116,Despensa,COCOA DULCE ,Reposteria,NULL,1,https://riba.app/imgrs/THUMBS%20500X500/340526.JPG
344687,BARRA TOSH LYNE ALMENDRA,770200708251,Despensa,TOSH,Cereales Y Granola,NULL,1,https://riba.app/imgrs/THUMBS%20500X500/344687.JPG
351718,BARRA TOSH SURTIDA 6PK,770200708315,Despensa,TOSH,Cereales Y Granola,NULL,1,https://riba.app/imgrs/THUMBS%20500X500/351718.JPG
351720,GRANOLA PINA COCO TOSH,770200708540,Despensa,TOSH,Cereales Y Granola,NULL,1,https://riba.app/imgrs/THUMBS%20500X500/351720.JPG
351712,MERMELADA TOSH GUAYABA CHIA,770200708571,Despensa,TOSH,Jaleas Mantequillas Y Mermeladas,"[""Gluten-free""]",1,https://riba.app/imgrs/THUMBS%20500X500/351712.JPG
351713,MERMELADA TOSH PINA UCHUVA,770200708572,Despensa,TOSH,Jaleas Mantequillas Y Mermeladas,"[""Gluten-free""]",1,https://riba.app/imgrs/THUMBS%20500X500/351713.JPG
351714,MERMELADA TOSH FRESA,770200708573,Despensa,TOSH,Jaleas Mantequillas Y Mermeladas,"[""Gluten-free""]",1,https://riba.app/imgrs/THUMBS%20500X500/351714.JPG
351715,PANCAKE CHOCO CHISPAS TOSH,770200708598,Despensa,TOSH,Harinas,NULL,1,https://riba.app/imgrs/THUMBS%20500X500/351715.JPG
349431,MOSTAMIEL SAN JORGE,770201406597,Despensa,SAN JORGE,Aderezos Y Salsas,NULL,1,https://riba.app/imgrs/THUMBS%20500X500/349431.JPG
159253,SAN JORGE SALSA ROSADA ,770201462041,Despensa,SAN JORGE ,Aderezos Y Salsas,NULL,1,https://riba.app/imgrs/THUMBS%20500X500/159253.JPG
159254,SAN JORGE SALSA TARTARA 200GR,770201462050,Despensa,SAN JORGE ,Aderezos Y Salsas,NULL,1,https://riba.app/imgrs/THUMBS%20500X500/159254.JPG
206870,HARINA DE MAIZ AMARILLO EXTRAF,770202021202,Despensa,DOÑAREPA,Harinas,NULL,1,https://riba.app/imgrs/THUMBS%20500X500/206870.JPG
206869,HARINA DE MAIZ BLANCO EXTRAF,770202021205,Despensa,DOÑAREPA,Harinas,"[""Kosher""]",1,https://riba.app/imgrs/THUMBS%20500X500/206869.JPG
285681,DOÑAREPA BLANCA ,770202021283,Despensa,DOÑAREPA,Harinas,NULL,1,https://riba.app/imgrs/THUMBS%20500X500/285681.JPG
290429,AREPA AMARILLA,770202021284,Despensa,DOÑAREPA,Harinas,NULL,1,https://riba.app/imgrs/THUMBS%20500X500/290429.JPG
175938,HARINA DE MAIZ BLANCO EXTRAF,770202021285,Despensa,DOÑAREPA,Harinas,NULL,1,https://riba.app/imgrs/THUMBS%20500X500/175938.JPG
175939,HARINA DE MAIZ AMARILLO EXTRAF,770202021286,Despensa,DOÑAREPA,Harinas,NULL,1,https://riba.app/imgrs/THUMBS%20500X500/175939.JPG
299720,CALDO DE GALLINA MAGGI DOBLEGU,770202404526,Despensa,MAGGI,Condimentos Y Semillas,NULL,1,https://riba.app/imgrs/THUMBS%20500X500/299720.JPG
169158,HARINA MAIZ BLANCA REG 500GR,770208412733,Despensa,P.A.N.,Harinas,NULL,1,https://riba.app/imgrs/THUMBS%20500X500/169158.JPG
247741,HARINA MAIZ BLANCA REGULAR 1KG,770208413752,Despensa,P.A.N.,Harinas,NULL,1,https://riba.app/imgrs/THUMBS%20500X500/247741.JPG
247740,HARINA MAIZ AMARILLA REG 1KG,770208413753,Despensa,P.A.N.,Harinas,NULL,1,https://riba.app/imgrs/THUMBS%20500X500/247740.JPG
349053,HARINA PAN SEMILLA NUTRITIVA,770208413798,Despensa,P.A.N.,Harinas,NULL,1,https://riba.app/imgrs/THUMBS%20500X500/349053.JPG
295666,MERMELADA DE PINA 200 G,770209703668,Despensa,LA CONSTANCIA,Jaleas Mantequillas Y Mermeladas,"[""Kosher"",""Vegano""]",1,https://riba.app/imgrs/THUMBS%20500X500/295666.JPG
353204,CEREAL LIGA DE LA JUSTICIA,770210313039,Despensa,KELLOGG´S,Cereales Y Granola,NULL,1,https://riba.app/imgrs/THUMBS%20500X500/353204.JPG
260814,ACEITE SUPER FRY ,770210996389,Despensa,SUPER FRY,Aceites Y Mantecas,"[""Kosher""]",1,https://riba.app/imgrs/THUMBS%20500X500/260814.JPG
230802,ACEITE SUPER FRY ,770210997371,Despensa,SUPER FRY,Aceites Y Mantecas,"[""Kosher""]",1,https://riba.app/imgrs/THUMBS%20500X500/230802.JPG
266258,MANTEQUILLA DE MANI CREAMY,770240900576,Despensa,MANITOBA,Jaleas Mantequillas Y Mermeladas,NULL,1,https://riba.app/imgrs/THUMBS%20500X500/266258.JPG
354240,CHOCO FLIPS CRUNCHY CREMA,770280705318,Despensa,FLIPS,Jaleas Mantequillas Y Mermeladas,NULL,1,https://riba.app/imgrs/THUMBS%20500X500/354240.JPG
283822,COPELIA AREQUIPE ,770311100983,Despensa,COPELIA ,Jaleas Mantequillas Y Mermeladas,NULL,1,https://riba.app/imgrs/THUMBS%20500X500/283822.JPG
292626,FLIPS CEREAL BOLSA CHOCOLATE,770720071034,Despensa,FLIPS,Cereales Y Granola,NULL,1,https://riba.app/imgrs/THUMBS%20500X500/292626.JPG
292627,FLIPS BOLSA DULCE LECHE CEREAL,770720071035,Despensa,FLIPS,Cereales Y Granola,NULL,1,https://riba.app/imgrs/THUMBS%20500X500/292627.JPG
292624,FLIPS EXTRA CHOCOLATE,770720071062,Despensa,FLIPS,Cereales Y Granola,NULL,1,https://riba.app/imgrs/THUMBS%20500X500/292624.JPG
292625,FLIPS COOKIES AND CREAM,770720071066,Despensa,FLIPS,Cereales Y Granola,NULL,1,https://riba.app/imgrs/THUMBS%20500X500/292625.JPG
312900,PANELA ENCANTO,770721063523,Despensa,EL GRAN GUSTO,Azucar Y Endulzantes,NULL,1,https://riba.app/imgrs/THUMBS%20500X500/312900.JPG
343248,CEREAL QUINOA MUSLI,770732203032,Despensa,QUINOA CLUB,Cereales Y Granola,"[""Gluten-free"",""Kosher""]",1,https://riba.app/imgrs/THUMBS%20500X500/343248.JPG
344877,CODITOS MAC N CHEESE EL DORADO,770811070245,Despensa,EL DORADO ,Pastas Secas,"[""Gluten-free"",""Kosher"",""Vegano""]",1,https://riba.app/imgrs/THUMBS%20500X500/344877.JPG
344882,PASTA DE LENTEJAS AMARILLAS,770811070261,Despensa,EL DORADO ,Pastas Secas,"[""Gluten-free"",""Kosher"",""Vegano""]",1,https://riba.app/imgrs/THUMBS%20500X500/344882.JPG
351809,PARANICE COCOA FUDGE GRANOLA,770863810424,Despensa,PARANICE,Cereales Y Granola,"[""Gluten-free"",""Vegano""]",1,https://riba.app/imgrs/THUMBS%20500X500/351809.JPG
349938,PARANICE CINNAMON ROLL SPREAD,770863810430,Despensa,PARANICE,Jaleas Mantequillas Y Mermeladas,"[""Gluten-free"",""Keto"",""Vegano""]",1,https://riba.app/imgrs/THUMBS%20500X500/349938.JPG
350571,PARANICE PISTACHIO COOKIE SPREAD,770863810433,Despensa,PARANICE,Jaleas Mantequillas Y Mermeladas,"[""Gluten-free"",""Keto"",""Vegano""]",1,https://riba.app/imgrs/THUMBS%20500X500/350571.JPG
349934,PARANICE CREAMY CHOCOLATE SPREAD,770863810464,Despensa,PARANICE,Jaleas Mantequillas Y Mermeladas,"[""Gluten-free"",""Keto""]",1,https://riba.app/imgrs/THUMBS%20500X500/349934.JPG
349935,PARANICE CRUNCHY CHOCOLATE SPREAD,770863810484,Despensa,PARANICE,Jaleas Mantequillas Y Mermeladas,"[""Gluten-free"",""Keto"",""Vegano""]",1,https://riba.app/imgrs/THUMBS%20500X500/349935.JPG
351808,PARANICE CHOCOLATE CHIP GRANOLA,770863810490,Despensa,PARANICE,Cereales Y Granola,"[""Gluten-free""]",1,https://riba.app/imgrs/THUMBS%20500X500/351808.JPG
351806,PARANICE VANILLA SHORTBREAD GRANOLA,770863810493,Despensa,PARANICE,Cereales Y Granola,"[""Gluten-free""]",1,https://riba.app/imgrs/THUMBS%20500X500/351806.JPG
355264,CREMA BLANCA DE AVELLANAS,770925570407,Despensa,PARANICE,Jaleas Mantequillas Y Mermeladas,"[""Gluten-free"",""Keto"",""Vegano""]",1,https://riba.app/imgrs/THUMBS%20500X500/355264.JPG
349926,PARANICE VANILLA PANCAKES,770929694417,Despensa,PARANICE,Harinas,"[""Gluten-free""]",1,https://riba.app/imgrs/THUMBS%20500X500/349926.JPG
319161,COBERTURA DE CHOCO AL 70 LOK,770935368359,Despensa,LOK (Chocolates),Reposteria,NULL,1,https://riba.app/imgrs/THUMBS%20500X500/319161.JPG
310074,ARVEJA VERDE SEDANINI,770954694460,Despensa,EL DORADO ,Arroz Y Granos,"[""Gluten-free"",""Kosher"",""Vegano""]",1,https://riba.app/imgrs/THUMBS%20500X500/310074.JPG
360174,CHOCOLATE LOK PARVE,770986276398,Despensa,LOK (Chocolates),Reposteria,"[""Kosher""]",1,https://riba.app/imgrs/THUMBS%20500X500/360174.JPG
357812,SPAGHETIS DE LENTJA Y ARROZ,770986785736,Despensa,EL DORADO ,Pastas Secas,"[""Gluten-free"",""Kosher"",""Vegano""]",1,https://riba.app/imgrs/THUMBS%20500X500/357812.JPG
249191,SPAGHETTI CHIA ARROZ Y MAIZ,770999008040,Despensa,EL DORADO ,Pastas Secas,"[""Gluten-free"",""Kosher"",""Vegano""]",1,https://riba.app/imgrs/THUMBS%20500X500/249191.JPG
283272,ARROZ INTEGRAL MINI FUSILLI,770999008041,Despensa,EL DORADO ,Pastas Secas,"[""Gluten-free"",""Kosher"",""Vegano""]",1,https://riba.app/imgrs/THUMBS%20500X500/283272.JPG
268960,LENTEJA ROJA CODITOS,770999008043,Despensa,EL DORADO ,Pastas Secas,"[""Gluten-free"",""Kosher"",""Vegano""]",1,https://riba.app/imgrs/THUMBS%20500X500/268960.JPG
225155,PASTA DE QUINOA FUSILLI,770999008044,Despensa,EL DORADO ,Pastas Secas,"[""Gluten-free"",""Kosher"",""Vegano""]",1,https://riba.app/imgrs/THUMBS%20500X500/225155.JPG
220119,PASTA DE MAIZ PENNE,770999008045,Despensa,EL DORADO ,Pastas Secas,"[""Gluten-free"",""Kosher"",""Vegano""]",1,https://riba.app/imgrs/THUMBS%20500X500/220119.JPG
239703,CHIA FUSILLI GLUTEN FREE PASTA,770999008048,Despensa,EL DORADO ,Pastas Secas,"[""Gluten-free"",""Kosher"",""Vegano""]",1,https://riba.app/imgrs/THUMBS%20500X500/239703.JPG
249179,SPAGHETTI MAIZ,770999008049,Despensa,EL DORADO ,Pastas Secas,"[""Gluten-free"",""Kosher"",""Vegano""]",1,https://riba.app/imgrs/THUMBS%20500X500/249179.JPG
312902,PANELA TEJIDO,770999021625,Despensa,EL GRAN GUSTO,Azucar Y Endulzantes,NULL,1,https://riba.app/imgrs/THUMBS%20500X500/312902.JPG
235646,RASPADURA DE CUADROS,770999021626,Despensa,EL GRAN GUSTO,Azucar Y Endulzantes,NULL,1,https://riba.app/imgrs/THUMBS%20500X500/235646.JPG
296384,ESPAGUETI DE ARROZ INTEGRAL,770999036800,Despensa,EL DORADO ,Pastas Secas,"[""Gluten-free"",""Kosher"",""Vegano""]",1,https://riba.app/imgrs/THUMBS%20500X500/296384.JPG
292496,GARBANZOS RISONI,770999036801,Despensa,EL DORADO ,Pastas Secas,"[""Gluten-free"",""Kosher"",""Vegano""]",1,https://riba.app/imgrs/THUMBS%20500X500/292496.JPG
220121,PASTA DE ARROZ FUSILLI,770999036802,Despensa,EL DORADO ,Pastas Secas,"[""Gluten-free"",""Kosher"",""Vegano""]",1,https://riba.app/imgrs/THUMBS%20500X500/220121.JPG
225156,PASTA DE QUINOA SEDANI,770999036803,Despensa,EL DORADO ,Pastas Secas,"[""Gluten-free"",""Keto"",""Vegano""]",1,https://riba.app/imgrs/THUMBS%20500X500/225156.JPG
220118,PASTA DE MAIZ FUSILLI,770999036807,Despensa,EL DORADO ,Pastas Secas,"[""Gluten-free"",""Kosher"",""Vegano""]",1,https://riba.app/imgrs/THUMBS%20500X500/220118.JPG
249180,SPAGHETTI QUINOA ARROZ Y MAIZ,770999036809,Despensa,EL DORADO ,Pastas Secas,"[""Gluten-free"",""Kosher"",""Vegano""]",1,https://riba.app/imgrs/THUMBS%20500X500/249180.JPG
349933,PARANICE BANANA PANCAKES,770999731593,Despensa,PARANICE,Harinas,"[""Gluten-free""]",1,https://riba.app/imgrs/THUMBS%20500X500/349933.JPG
25837,SALSA AGRIDULCE,7710101275,Despensa,LEE KUM KEE,Aderezos Y Salsas,NULL,1,https://riba.app/imgrs/THUMBS%20500X500/25837.JPG
324951,CODO RAYADO DON VITORIO,775024307372,Despensa,DON VITTORIO,Pastas Secas,NULL,1,https://riba.app/imgrs/THUMBS%20500X500/324951.JPG
324952,PASTA TORNILLO DON VITTORIO,775024307374,Despensa,DON VITTORIO,Pastas Secas,NULL,1,https://riba.app/imgrs/THUMBS%20500X500/324952.JPG
324953,PASTA CANUTO CHICO,775024307376,Despensa,DON VITTORIO,Pastas Secas,NULL,1,https://riba.app/imgrs/THUMBS%20500X500/324953.JPG
319339,SOPADE GALLINA AJINOMEN,775448700165,Despensa,AJINOMEN,Sopas Y Cremas,NULL,1,https://riba.app/imgrs/THUMBS%20500X500/319339.JPG
319343,SOPA DE POLLO AJINOMEN,775448700168,Despensa,AJINOMEN,Sopas Y Cremas,NULL,1,https://riba.app/imgrs/THUMBS%20500X500/319343.JPG
319345,SOPA VERDURA Y POLLO AJINOMEN,775448700169,Despensa,AJINOMEN,Sopas Y Cremas,NULL,1,https://riba.app/imgrs/THUMBS%20500X500/319345.JPG
319346,SOPA SABOR CARNE AJINOMEN,775448700170,Despensa,AJINOMEN,Sopas Y Cremas,NULL,1,https://riba.app/imgrs/THUMBS%20500X500/319346.JPG
319347,SOPA SABOR CARNE PICANTE,775448700172,Despensa,AJINOMEN,Sopas Y Cremas,NULL,1,https://riba.app/imgrs/THUMBS%20500X500/319347.JPG
319348,SOPA SABOR CAMARON AJINOMEN,775448700174,Despensa,AJINOMEN,Sopas Y Cremas,NULL,1,https://riba.app/imgrs/THUMBS%20500X500/319348.JPG
319349,SOPA CAMARON PICANTE AJINOMEN,775448700175,Despensa,AJINOMEN,Sopas Y Cremas,NULL,1,https://riba.app/imgrs/THUMBS%20500X500/319349.JPG
319350,SOPA SABOR COSTILLA AJINOMEN,775448700176,Despensa,AJINOMEN,Sopas Y Cremas,NULL,1,https://riba.app/imgrs/THUMBS%20500X500/319350.JPG
286880,AJINOMEN VASO SAB GALLINA SOPA,775448700219,Despensa,AJINOMEN,Sopas Y Cremas,NULL,1,https://riba.app/imgrs/THUMBS%20500X500/286880.JPG
286881,AJINOMEN VASO SABOR POLLO,775448700220,Despensa,AJINOMEN,Sopas Y Cremas,NULL,1,https://riba.app/imgrs/THUMBS%20500X500/286881.JPG
286882,AJINOMEN VASO SABOR CARNE,775448700221,Despensa,AJINOMEN,Sopas Y Cremas,NULL,1,https://riba.app/imgrs/THUMBS%20500X500/286882.JPG
322787,SALSA DE OSTEON JENGIBRE,776736016997,Despensa,NHS,Aderezos Y Salsas,NULL,1,https://riba.app/imgrs/THUMBS%20500X500/322787.JPG
322789,SALSA DE OSTION Y JENGIBRE 280,776736016998,Despensa,NHS,Aderezos Y Salsas,NULL,1,https://riba.app/imgrs/THUMBS%20500X500/322789.JPG
354433,LICHI EN SALSA SHOKUNIN,776736017386,Despensa,SHOKUNIN,Conservas Y Encurtidos,"[""Orgánico""]",1,https://riba.app/imgrs/THUMBS%20500X500/354433.JPG
25899,SALSA CHINA OSCURA,776736053249,Despensa,NHS,Aderezos Y Salsas,NULL,1,https://riba.app/imgrs/THUMBS%20500X500/25899.JPG
25823,SUPERIOR SOY SAUCE LIGHT 24 75,776736053250,Despensa,NHS,Aderezos Y Salsas,NULL,1,https://riba.app/imgrs/THUMBS%20500X500/25823.JPG
350711,SNACK COPOS DE MAIZ GRANIX,779004582645,Despensa,GRANIX,Cereales Y Granola,NULL,1,https://riba.app/imgrs/THUMBS%20500X500/350711.JPG
314592,MASSEUBE FRAMBUESA LIGHT ,779348230035,Despensa,MASSEUBE,Jaleas Mantequillas Y Mermeladas,"[""Gluten-free"",""Kosher""]",1,https://riba.app/imgrs/THUMBS%20500X500/314592.JPG
317079,ROSA MOSQUETA LIGHT,779348230037,Despensa,MASSEUBE,Jaleas Mantequillas Y Mermeladas,"[""Gluten-free"",""Kosher""]",1,https://riba.app/imgrs/THUMBS%20500X500/317079.JPG
314601,MERMELADA FRUTO DEL BOSQUE ORG,779348230042,Despensa,MASSEUBE,Jaleas Mantequillas Y Mermeladas,"[""Gluten-free"",""Kosher"",""Orgánico""]",1,https://riba.app/imgrs/THUMBS%20500X500/314601.JPG
314599,MASSEUBE FRAMBUESA ORGANICA ,779348230043,Despensa,MASSEUBE,Jaleas Mantequillas Y Mermeladas,"[""Gluten-free"",""Kosher"",""Orgánico""]",1,https://riba.app/imgrs/THUMBS%20500X500/314599.JPG
314595,MERMELADA DURAZNO & NARANJA ,779348230051,Despensa,MASSEUBE,Jaleas Mantequillas Y Mermeladas,"[""Gluten-free"",""Kosher""]",1,https://riba.app/imgrs/THUMBS%20500X500/314595.JPG
314597,MERMELADA MANZANA CANELA ,779348230054,Despensa,MASSEUBE,Jaleas Mantequillas Y Mermeladas,"[""Gluten-free"",""Kosher""]",1,https://riba.app/imgrs/THUMBS%20500X500/314597.JPG
311194,PAMPA SALA TERIYAKI ,779813106024,Despensa,PAMPAGOURMET,Aderezos Y Salsas,NULL,1,https://riba.app/imgrs/THUMBS%20500X500/311194.JPG
311199,PAMPA SALSA MANGO ,779813106027,Despensa,PAMPAGOURMET,Aderezos Y Salsas,NULL,1,https://riba.app/imgrs/THUMBS%20500X500/311199.JPG
311198,PAMPA MOSTAZA Y MIEL ,779813106074,Despensa,PAMPAGOURMET,Aderezos Y Salsas,"[""Gluten-free""]",1,https://riba.app/imgrs/THUMBS%20500X500/311198.JPG
311197,PAMPA SALSA CHIMICHURRI ,779813106081,Despensa,PAMPAGOURMET,Aderezos Y Salsas,NULL,1,https://riba.app/imgrs/THUMBS%20500X500/311197.JPG
350814,BARRA COLACION FRUTILLA QUAKER,780200001820,Despensa,QUAKER,Cereales Y Granola,NULL,1,https://riba.app/imgrs/THUMBS%20500X500/350814.JPG
350808,BARRA COLACION CHOCOLATE QUAKE,780200001821,Despensa,QUAKER,Cereales Y Granola,NULL,1,https://riba.app/imgrs/THUMBS%20500X500/350808.JPG
350810,BARRA COLACION MANZANA QUAKER,780200001822,Despensa,QUAKER,Cereales Y Granola,NULL,1,https://riba.app/imgrs/THUMBS%20500X500/350810.JPG
350715,CEREAL QUAKER CUADRITOS ORIGIN,780200001957,Despensa,QUAKER,Cereales Y Granola,NULL,1,https://riba.app/imgrs/THUMBS%20500X500/350715.JPG
330971,GELATINA LIVEAN PINA S AZUCAR,780280066711,Despensa,LIVEAN,Reposteria,NULL,1,https://riba.app/imgrs/THUMBS%20500X500/330971.JPG
330972,GELATINA MANZANA VERDE S AZUCA,780280066712,Despensa,LIVEAN,Reposteria,NULL,1,https://riba.app/imgrs/THUMBS%20500X500/330972.JPG
113723,DULCE DE LECHE 24 380 GR,780295006340,Despensa,NESTLE,Jaleas Mantequillas Y Mermeladas,NULL,1,https://riba.app/imgrs/THUMBS%20500X500/113723.JPG
242795,PEANUT BUTTER CREAMY,78152595420,Despensa,HAPPY KID,Jaleas Mantequillas Y Mermeladas,"[""Kosher""]",1,https://riba.app/imgrs/THUMBS%20500X500/242795.JPG
242796,PEANUT BUTTER CRUNCHY,78152595430,Despensa,HAPPY KID,Jaleas Mantequillas Y Mermeladas,"[""Kosher""]",1,https://riba.app/imgrs/THUMBS%20500X500/242796.JPG
240645,GOLDEN LIGHT BLUE AGAVE ORG,7831411235,Despensa,MADHAVA,Siropes,"[""Gluten-free"",""Kosher"",""Orgánico"",""Vegano""]",1,https://riba.app/imgrs/THUMBS%20500X500/240645.JPG
225737,CHIA SEMILLAS,786100027273,Despensa,KUNACHIA,Condimentos Y Semillas,"[""Gluten-free"",""Kosher""]",1,https://riba.app/imgrs/THUMBS%20500X500/225737.JPG
351249,PALMITO ENVASADO TROPICAL FOOD,786211019004,Despensa,TROPICAL FOODS,Conservas Y Encurtidos,"[""Kosher""]",1,https://riba.app/imgrs/THUMBS%20500X500/351249.JPG
336318,PALMITO EN FRASCO DE VIDRIO,786211019005,Despensa,TROPICAL FOODS,Conservas Y Encurtidos,"[""Kosher""]",1,https://riba.app/imgrs/THUMBS%20500X500/336318.JPG
347202,BARRA CHOCOLATE GRANOLA MANI,786213182007,Despensa,KANDU,Cereales Y Granola,NULL,1,https://riba.app/imgrs/THUMBS%20500X500/347202.JPG
347201,BARRA CHOCOLATE MANI KANDU,786213182013,Despensa,KANDU,Cereales Y Granola,NULL,1,https://riba.app/imgrs/THUMBS%20500X500/347201.JPG
340518,GRANOLA KANDU ARANDANOS,786213182017,Despensa,KANDU,Cereales Y Granola,"[""Vegano""]",1,https://riba.app/imgrs/THUMBS%20500X500/340518.JPG
340519,GRANOLA KANDU CHOCOLATE,786213182018,Despensa,KANDU,Cereales Y Granola,"[""Vegano""]",1,https://riba.app/imgrs/THUMBS%20500X500/340519.JPG
340516,GRANOLA TRADICIONAL KANDU,786213182019,Despensa,KANDU,Cereales Y Granola,"[""Vegano""]",1,https://riba.app/imgrs/THUMBS%20500X500/340516.JPG
336701,SALSA BBQ MANGO GOURMET,78646501203,Despensa,507 GOURMET,Aderezos Y Salsas,"[""Gluten-free""]",1,https://riba.app/imgrs/THUMBS%20500X500/336701.JPG
336695,SALSA BBQ HABANERO GOURMET,78646501205,Despensa,507 GOURMET,Aderezos Y Salsas,"[""Gluten-free""]",1,https://riba.app/imgrs/THUMBS%20500X500/336695.JPG
336698,SALSA BBQ HIERBAS ESPECIAS,78646501206,Despensa,507 GOURMET,Aderezos Y Salsas,"[""Gluten-free""]",1,https://riba.app/imgrs/THUMBS%20500X500/336698.JPG
145, ARVEJAS AMARILLAS PARTIDAS,78646501210,Despensa,NUTRITOS,Arroz Y Granos,NULL,1,https://riba.app/imgrs/THUMBS%20500X500/145.JPG
147,POROTOS CHILENOS,78646501212,Despensa,NUTRITOS,Arroz Y Granos,NULL,1,https://riba.app/imgrs/THUMBS%20500X500/147.JPG
148,FRIJOL CHIRICANO ,78646501213,Despensa,NUTRITOS,Arroz Y Granos,NULL,1,https://riba.app/imgrs/THUMBS%20500X500/148.JPG
149,FRIJOL CHIRICANO ROJOS,78646501214,Despensa,NUTRITOS,Arroz Y Granos,NULL,1,https://riba.app/imgrs/THUMBS%20500X500/149.JPG
150,FRIJOLES NEGROS,78646501215,Despensa,NUTRITOS,Arroz Y Granos,NULL,1,https://riba.app/imgrs/THUMBS%20500X500/150.JPG
151,FRIJOL OJI NEGRO ,78646501216,Despensa,NUTRITOS,Arroz Y Granos,NULL,1,https://riba.app/imgrs/THUMBS%20500X500/151.JPG
154,LENTEJAS,78646501219,Despensa,NUTRITOS,Arroz Y Granos,NULL,1,https://riba.app/imgrs/THUMBS%20500X500/154.JPG
156,POROTOS ROJOS,78646501221,Despensa,NUTRITOS,Arroz Y Granos,NULL,1,https://riba.app/imgrs/THUMBS%20500X500/156.JPG
162, FRIJOL DESAYUNO,78646501228,Despensa,NUTRITOS,Arroz Y Granos,NULL,1,https://riba.app/imgrs/THUMBS%20500X500/162.JPG
167,ARVEJA AMARILLAS B,78646502210,Despensa,GRANOS BLANDITOS,Arroz Y Granos,NULL,1,https://riba.app/imgrs/THUMBS%20500X500/167.JPG
172,LENTEJAS,78646502219,Despensa,GRANOS BLANDITOS,Arroz Y Granos,NULL,1,https://riba.app/imgrs/THUMBS%20500X500/172.JPG
173,POROTOS ROJOS BLANDITOS,78646502221,Despensa,GRANOS BLANDITOS,Arroz Y Granos,NULL,1,https://riba.app/imgrs/THUMBS%20500X500/173.JPG
56570,FRASCO DE PIXBAE 8OZ ,78646504001,Despensa,PANAMA-GOURMET,Conservas Y Encurtidos,NULL,1,https://riba.app/imgrs/THUMBS%20500X500/56570.JPG
297921,ORGANIC TOASTED SESAME OIL,78696901032,Despensa,NAPA VALLEY NATURALS,Aceites Y Mantecas,"[""Orgánico""]",1,https://riba.app/imgrs/THUMBS%20500X500/297921.JPG
297908,AVOCADO OIL,78696901037,Despensa,NAPA VALLEY NATURALS,Aceites Y Mantecas,NULL,1,https://riba.app/imgrs/THUMBS%20500X500/297908.JPG
279510,AVOCADO OIL,78696901039,Despensa,NAPA VALLEY NATURALS,Aceites Y Mantecas,NULL,1,https://riba.app/imgrs/THUMBS%20500X500/279510.JPG
279501,ORGANIC WHITE WINE VINEGAR,78696903004,Despensa,NAPA VALLEY NATURALS,Vinagre,"[""Orgánico""]",1,https://riba.app/imgrs/THUMBS%20500X500/279501.JPG
279502,ORGANIC RED WINE VINEGAR,78696903005,Despensa,NAPA VALLEY NATURALS,Vinagre,"[""Orgánico""]",1,https://riba.app/imgrs/THUMBS%20500X500/279502.JPG
279504,SHERRY VINEGAR ,78696903007,Despensa,NAPA VALLEY NATURALS,Vinagre,NULL,1,https://riba.app/imgrs/THUMBS%20500X500/279504.JPG
279503,CHAMPAGNE VINEGAR,78696903009,Despensa,NAPA VALLEY NATURALS,Vinagre,NULL,1,https://riba.app/imgrs/THUMBS%20500X500/279503.JPG
333125,FG HMS CROUTONS RANCH,78735910007,Despensa,FRESH GOURMET,Aderezos Y Salsas,NULL,1,https://riba.app/imgrs/THUMBS%20500X500/333125.JPG
333126,CROUTONS ITALIAN SEASONING,78735910016,Despensa,FRESH GOURMET,Aderezos Y Salsas,NULL,1,https://riba.app/imgrs/THUMBS%20500X500/333126.JPG
309780,BUTTER & GARLIC CROUTONS,78735910018,Despensa,FRESH GOURMET,Aderezos Y Salsas,NULL,1,https://riba.app/imgrs/THUMBS%20500X500/309780.JPG
253874,FRESH GOURMET ORG CAESAR PREM,78735910140,Despensa,FRESH GOURMET,Aderezos Y Salsas,"[""Orgánico""]",1,https://riba.app/imgrs/THUMBS%20500X500/253874.JPG
253875,FRESH GOURMET SEASONED PREM,78735910141,Despensa,FRESH GOURMET,Aderezos Y Salsas,"[""Orgánico""]",1,https://riba.app/imgrs/THUMBS%20500X500/253875.JPG
350740,CROUTONS CHILE LIME W TAJIN,78735910208,Despensa,FRESH GOURMET,Aderezos Y Salsas,NULL,1,https://riba.app/imgrs/THUMBS%20500X500/350740.JPG
171240,FRESH GOURMET CRISPY ONIONS LS,78735917500,Despensa,FRESH GOURMET,Aderezos Y Salsas,"[""Kosher""]",1,https://riba.app/imgrs/THUMBS%20500X500/171240.JPG
171241,FRESH GOURMET CRISPY ONIONS GP,78735917501,Despensa,FRESH GOURMET,Aderezos Y Salsas,NULL,1,https://riba.app/imgrs/THUMBS%20500X500/171241.JPG
171243,TORTILLA STRIPS LIGHTLY SALTED,78735917503,Despensa,FRESH GOURMET,Aderezos Y Salsas,"[""Gluten-free""]",1,https://riba.app/imgrs/THUMBS%20500X500/171243.JPG
171244,FRESH GOURMET TORTILLA STRIPS ,78735917504,Despensa,FRESH GOURMET,Aderezos Y Salsas,"[""Gluten-free""]",1,https://riba.app/imgrs/THUMBS%20500X500/171244.JPG
171245,FRESH GOURMET WONTON STRISP GG,78735917506,Despensa,FRESH GOURMET,Aderezos Y Salsas,NULL,1,https://riba.app/imgrs/THUMBS%20500X500/171245.JPG
205322,FRESH GOURMET WONTON STRIPS,78735917507,Despensa,FRESH GOURMET,Aderezos Y Salsas,NULL,1,https://riba.app/imgrs/THUMBS%20500X500/205322.JPG
235861,TORTILLA STRIP TRI-COLOR,78735917508,Despensa,FRESH GOURMET,Aderezos Y Salsas,"[""Gluten-free""]",1,https://riba.app/imgrs/THUMBS%20500X500/235861.JPG
171246,FRSH G CRIPY JALP & RED PEPERS,78735917519,Despensa,FRESH GOURMET,Aderezos Y Salsas,NULL,1,https://riba.app/imgrs/THUMBS%20500X500/171246.JPG
350741,MASA STRIPS CHILE LIME W TAJIN,78735917606,Despensa,FRESH GOURMET,Aderezos Y Salsas,NULL,1,https://riba.app/imgrs/THUMBS%20500X500/350741.JPG
333128,FG CRISPY DILLIES,78735917683,Despensa,FRESH GOURMET,Aderezos Y Salsas,NULL,1,https://riba.app/imgrs/THUMBS%20500X500/333128.JPG
171247,FRESH GOURMET SLICED ALMONDS H,78735917700,Despensa,FRESH GOURMET,Aderezos Y Salsas,"[""Gluten-free""]",1,https://riba.app/imgrs/THUMBS%20500X500/171247.JPG
171248,FRESH GOURMET SLICED ALMONDS T,78735917701,Despensa,FRESH GOURMET,Aderezos Y Salsas,"[""Gluten-free""]",1,https://riba.app/imgrs/THUMBS%20500X500/171248.JPG
171249,FRESH GOURMENT PECAN PIECES HR,78735917702,Despensa,FRESH GOURMET,Aderezos Y Salsas,NULL,1,https://riba.app/imgrs/THUMBS%20500X500/171249.JPG
171250,WALNUT PIECES GLAZED.,78735917703,Despensa,FRESH GOURMET,Aderezos Y Salsas,NULL,1,https://riba.app/imgrs/THUMBS%20500X500/171250.JPG
171252,FRESH GOURMET CRANBERRIES D&S,78735917704,Despensa,FRESH GOURMET,Aderezos Y Salsas,"[""Gluten-free""]",1,https://riba.app/imgrs/THUMBS%20500X500/171252.JPG
345856,D&S CRANBERRIES & GLAZED WALNU,78735917709,Despensa,FRESH GOURMET,Aderezos Y Salsas,NULL,1,https://riba.app/imgrs/THUMBS%20500X500/345856.JPG
333129,CRISPY ROASTED GARLIC,78735917973,Despensa,FRESH GOURMET,Aderezos Y Salsas,NULL,1,https://riba.app/imgrs/THUMBS%20500X500/333129.JPG
333130,CRISPY BALSAMIC BEETS,78735917976,Despensa,FRESH GOURMET,Aderezos Y Salsas,NULL,1,https://riba.app/imgrs/THUMBS%20500X500/333130.JPG
332193,SALSA PICANTE ARTESANAL 5 OZ,78807060051,Despensa,D DORIA,Aderezos Y Salsas,NULL,1,https://riba.app/imgrs/THUMBS%20500X500/332193.JPG
332194,SALSA PICANTE ARTESANAL 10 OZ,78807060053,Despensa,D DORIA,Aderezos Y Salsas,NULL,1,https://riba.app/imgrs/THUMBS%20500X500/332194.JPG
25819,SALSA CON SABOR A OSTION,7889510002,Despensa,LEE KUM KEE,Aderezos Y Salsas,NULL,1,https://riba.app/imgrs/THUMBS%20500X500/25819.JPG
334938,CALDO DE POLLO EN POLVO,7889512152,Despensa,LEE KUM KEE,Condimentos Y Semillas,NULL,1,https://riba.app/imgrs/THUMBS%20500X500/334938.JPG
322769,SALSA SOYA OSCURA LEE KUM KEE,7889512638,Despensa,LEE KUM KEE,Aderezos Y Salsas,NULL,1,https://riba.app/imgrs/THUMBS%20500X500/322769.JPG
322768,SALSA SOYA PREMIUM LEE KUM KEE,7889512639,Despensa,LEE KUM KEE,Aderezos Y Salsas,NULL,1,https://riba.app/imgrs/THUMBS%20500X500/322768.JPG
322767,SALSA THAI SWEET CHILI,7889513102,Despensa,LEE KUM KEE,Aderezos Y Salsas,NULL,1,https://riba.app/imgrs/THUMBS%20500X500/322767.JPG
348063,BROCCOLI BEEF LEE KUM KEE,7889513113,Despensa,LEE KUM KEE,Aderezos Y Salsas,NULL,1,https://riba.app/imgrs/THUMBS%20500X500/348063.JPG
348064,ORANGE CHICKEN LEE KUM KEE,7889513115,Despensa,LEE KUM KEE,Aderezos Y Salsas,NULL,1,https://riba.app/imgrs/THUMBS%20500X500/348064.JPG
298374,ADEREZO SRIRACHA MAYO,7889514269,Despensa,LEE KUM KEE,Aderezos Y Salsas,"[""Gluten-free""]",1,https://riba.app/imgrs/THUMBS%20500X500/298374.JPG
25811,SALSA DE OSTION,7889530001,Despensa,LEE KUM KEE,Aderezos Y Salsas,NULL,1,https://riba.app/imgrs/THUMBS%20500X500/25811.JPG
25820,SALSA SABOR A OSTION ,7889530002,Despensa,LEE KUM KEE,Aderezos Y Salsas,NULL,1,https://riba.app/imgrs/THUMBS%20500X500/25820.JPG
152324,SALSA DE OSTION ,788953285645,Despensa,NHS,Aderezos Y Salsas,NULL,1,https://riba.app/imgrs/THUMBS%20500X500/152324.JPG
152342,SALSA DE OSTION 24X500 GR ,788953285646,Despensa,NHS,Aderezos Y Salsas,NULL,1,https://riba.app/imgrs/THUMBS%20500X500/152342.JPG
25840,FRESHLY MINCED GARLIC 326GR,7889540557,Despensa,LEE KUM KEE,Condimentos Y Semillas,NULL,1,https://riba.app/imgrs/THUMBS%20500X500/25840.JPG
25887,SALSA HOISIN,7889570002,Despensa,LEE KUM KEE,Aderezos Y Salsas,NULL,1,https://riba.app/imgrs/THUMBS%20500X500/25887.JPG
25876,CHAR SIU SAUCE 14OZX12,7889574003,Despensa,LEE KUM KEE,Aderezos Y Salsas,NULL,1,https://riba.app/imgrs/THUMBS%20500X500/25876.JPG
25886,SALSA DE AJOS & FRIJOLES NEGRO,7889576002,Despensa,LEE KUM KEE,Aderezos Y Salsas,NULL,1,https://riba.app/imgrs/THUMBS%20500X500/25886.JPG
339788,SALSA DE CHILE AJO LEE KUM KEE,7889577002,Despensa,LEE KUM KEE,Aderezos Y Salsas,NULL,1,https://riba.app/imgrs/THUMBS%20500X500/339788.JPG
25831,SALSA MARINADO DE POLLO,7889580031,Despensa,LEE KUM KEE,Aderezos Y Salsas,NULL,1,https://riba.app/imgrs/THUMBS%20500X500/25831.JPG
343179,KIT KAT CEREAL MATINAL,789100040546,Despensa,NESTLE (CEREALES),Cereales Y Granola,NULL,1,https://riba.app/imgrs/THUMBS%20500X500/343179.JPG
76436,AJI NO MOTO ,789113202003,Despensa,AJI-NO-MOTO,Condimentos Y Semillas,NULL,1,https://riba.app/imgrs/THUMBS%20500X500/76436.JPG
66368,CREMA DE AVELLANAS CON CACAO,78974289505,Despensa,NUTELLA,Jaleas Mantequillas Y Mermeladas,"[""Kosher"",""Vegano""]",1,https://riba.app/imgrs/THUMBS%20500X500/66368.JPG
154482,CREMA DE AVELLANA CON CACAO,78974289650,Despensa,NUTELLA,Jaleas Mantequillas Y Mermeladas,"[""Kosher""]",1,https://riba.app/imgrs/THUMBS%20500X500/154482.JPG
352478,CAJA DE RES DONA KATHE,79396918960,Despensa,DOÑA KATHE,Sopas Y Cremas,"[""Gluten-free"",""Kosher""]",1,https://riba.app/imgrs/THUMBS%20500X500/352478.JPG
199082,FRIJOL MOLIDO NEGR PREP MEDIO,79650000274,Despensa,SANTA CRUZ,Arroz Y Granos,"[""Gluten-free"",""Vegano""]",1,https://riba.app/imgrs/THUMBS%20500X500/199082.JPG
199083,FRIJOL MOLIDO ROJO PREP MEDIO,79650000275,Despensa,SANTA CRUZ,Arroz Y Granos,"[""Gluten-free"",""Vegano""]",1,https://riba.app/imgrs/THUMBS%20500X500/199083.JPG
316291,FRIJOL MOLIDO NEGRO SIN PICANT,79650000340,Despensa,SANTA CRUZ,Arroz Y Granos,"[""Gluten-free"",""Vegano""]",1,https://riba.app/imgrs/THUMBS%20500X500/316291.JPG
316292,FRIJOL MOLIDO ROJO SIN PICANTE,79650000341,Despensa,SOFFTY,Arroz Y Granos,"[""Gluten-free"",""Vegano""]",1,https://riba.app/imgrs/THUMBS%20500X500/316292.JPG
258366,FRIJOL MOLIDO NEGRO SIN PICANT,79650000356,Despensa,SANTA CRUZ,Arroz Y Granos,"[""Gluten-free"",""Vegano""]",1,https://riba.app/imgrs/THUMBS%20500X500/258366.JPG
258367,FRIJOL MOLIDO ROJO SIN PICANTE,79650000357,Despensa,SANTA CRUZ,Arroz Y Granos,"[""Gluten-free"",""Vegano""]",1,https://riba.app/imgrs/THUMBS%20500X500/258367.JPG
129016,PASTA PENNE ORG  GLUTEN FREE  ,79921043403,Despensa,BIONATURAE ,Pastas Secas,"[""Gluten-free"",""Kosher"",""Orgánico""]",1,https://riba.app/imgrs/THUMBS%20500X500/129016.JPG
355677,12 LINGUINE 500GR GAROFALO,800013991015,Despensa,GAROFALO,Pastas Secas,NULL,1,https://riba.app/imgrs/THUMBS%20500X500/355677.JPG
355680,63 FUSILLI 500 GR GAROFALO,800013991022,Despensa,GAROFALO,Pastas Secas,"[""Vegano""]",1,https://riba.app/imgrs/THUMBS%20500X500/355680.JPG
355681,70 PENNE ZITI RIGATE 500 GR,800013991023,Despensa,GAROFALO,Pastas Secas,"[""Vegano""]",1,https://riba.app/imgrs/THUMBS%20500X500/355681.JPG
355679,FARFALLE 78 500GR,800013991024,Despensa,GAROFALO,Pastas Secas,"[""Vegano""]",1,https://riba.app/imgrs/THUMBS%20500X500/355679.JPG
355678,04 SPAGUETTINI 500 GR,800013991031,Despensa,GAROFALO,Pastas Secas,NULL,1,https://riba.app/imgrs/THUMBS%20500X500/355678.JPG
325481,FETUCCE GAROFALO,800013991043,Despensa,GAROFALO,Pastas Secas,"[""Kosher""]",1,https://riba.app/imgrs/THUMBS%20500X500/325481.JPG
325483,SPAGHETTI GLUTEN FREE GAROFALO,800013992968,Despensa,GAROFALO,Pastas Secas,"[""Gluten-free"",""Kosher""]",1,https://riba.app/imgrs/THUMBS%20500X500/325483.JPG
325482,PASTA P RIGATE GLUTEN FREE,800013992974,Despensa,GAROFALO,Pastas Secas,"[""Kosher"",""Vegano""]",1,https://riba.app/imgrs/THUMBS%20500X500/325482.JPG
27307,TOMATE PELATI 24 400 GRM,800032001002,Despensa,CIRIO,Conservas Y Encurtidos,NULL,1,https://riba.app/imgrs/THUMBS%20500X500/27307.JPG
27308,TOMATE PELATI 12 800 GRS,800032001003,Despensa,CIRIO,Conservas Y Encurtidos,NULL,1,https://riba.app/imgrs/THUMBS%20500X500/27308.JPG
27309,TOMATE PELAIT 6 2550GRS ,800032001004,Despensa,CIRIO,Conservas Y Encurtidos,NULL,1,https://riba.app/imgrs/THUMBS%20500X500/27309.JPG
27339,SALSA TOM PASSATA RUSTICA 680G,800032001008,Despensa,CIRIO,Aderezos Y Salsas,NULL,1,https://riba.app/imgrs/THUMBS%20500X500/27339.JPG
27338,SALSA TOMATE PASSATA V 700GR,800032001009,Despensa,CIRIO,Aderezos Y Salsas,NULL,1,https://riba.app/imgrs/THUMBS%20500X500/27338.JPG
26912,CHICK PEAS CIRIO GARBANZO,800032003009,Despensa,CIRIO,Arroz Y Granos,NULL,1,https://riba.app/imgrs/THUMBS%20500X500/26912.JPG
287621,SUPERCIRIO TOMATO PURE,800032011019,Despensa,CIRIO,Aderezos Y Salsas,NULL,1,https://riba.app/imgrs/THUMBS%20500X500/287621.JPG
75425,POMIDORINI 12 400 GR,800032038797,Despensa,CIRIO,Aderezos Y Salsas,NULL,1,https://riba.app/imgrs/THUMBS%20500X500/75425.JPG
106843,SALSA TOM PASSTA COMB 12 500GR,800032099011,Despensa,CIRIO,Aderezos Y Salsas,NULL,1,https://riba.app/imgrs/THUMBS%20500X500/106843.JPG
137312,PIZZASSIMO SALSA PARA PIZZA,800032099726,Despensa,CIRIO,Aderezos Y Salsas,NULL,1,https://riba.app/imgrs/THUMBS%20500X500/137312.JPG
204488,SPAGHETTI AL AGLIO PEPERONCINI,800075500046,Despensa,FELICETTI,Pastas Secas,NULL,1,https://riba.app/imgrs/THUMBS%20500X500/204488.JPG
206409,SPAGHETTI CON TINTA DE CALAMAR,800075500846,Despensa,FELICETTI,Pastas Secas,NULL,1,https://riba.app/imgrs/THUMBS%20500X500/206409.JPG
334300,ELICHE FELICETTI,800075502028,Despensa,FELICETTI,Pastas Secas,NULL,1,https://riba.app/imgrs/THUMBS%20500X500/334300.JPG
204492,PENNINE RIGATE N.129,800075502029,Despensa,FELICETTI,Pastas Secas,NULL,1,https://riba.app/imgrs/THUMBS%20500X500/204492.JPG
334301,CONCHIGLIE FELICETTI,800075502042,Despensa,FELICETTI,Pastas Secas,NULL,1,https://riba.app/imgrs/THUMBS%20500X500/334301.JPG
204491,SPAGHETTINI N.104,800075502045,Despensa,FELICETTI,Pastas Secas,NULL,1,https://riba.app/imgrs/THUMBS%20500X500/204491.JPG
204493,LINGUINE N.152 GRANO DURO,800075502052,Despensa,FELICETTI,Pastas Secas,NULL,1,https://riba.app/imgrs/THUMBS%20500X500/204493.JPG
231949,FIOCCHI DI SEMOLA N°167 ,800075502167,Despensa,FELICETTI,Pastas Secas,NULL,1,https://riba.app/imgrs/THUMBS%20500X500/231949.JPG
204486,LASAGNE PASTA ALL UOVO,800075513160,Despensa,FELICETTI,Pastas Secas,NULL,1,https://riba.app/imgrs/THUMBS%20500X500/204486.JPG
204487,PENNE RIGATE FARRO BIOLOGICO,800075553169,Despensa,FELICETTI,Pastas Secas,NULL,1,https://riba.app/imgrs/THUMBS%20500X500/204487.JPG
334305,STELLINE FELICETTI,800075557003,Despensa,FELICETTI,Pastas Secas,"[""Kosher""]",1,https://riba.app/imgrs/THUMBS%20500X500/334305.JPG
334303,FUSILLI FELICETTI,800075557028,Despensa,FELICETTI,Pastas Secas,NULL,1,https://riba.app/imgrs/THUMBS%20500X500/334303.JPG
334304,RIGATI FELICETTI,800075557038,Despensa,FELICETTI,Pastas Secas,NULL,1,https://riba.app/imgrs/THUMBS%20500X500/334304.JPG
206437,ANIMALI SHAPE PASTA ORGN N.141,800075557141,Despensa,FELICETTI,Pastas Secas,"[""Orgánico""]",1,https://riba.app/imgrs/THUMBS%20500X500/206437.JPG
334310,LUMACHE RIGATE FELICETTI,800075557143,Despensa,FELICETTI,Pastas Secas,NULL,1,https://riba.app/imgrs/THUMBS%20500X500/334310.JPG
204496,FIOCCHI ORGANICA DI SEMOL N167,800075557167,Despensa,FELICETTI,Pastas Secas,NULL,1,https://riba.app/imgrs/THUMBS%20500X500/204496.JPG
204497,ALFABETO PASTA ORG N 401,800075557401,Despensa,FELICETTI,Pastas Secas,"[""Orgánico""]",1,https://riba.app/imgrs/THUMBS%20500X500/204497.JPG
204498,SPAGHETI PASTA INTEGRAL N.6105,800075557646,Despensa,FELICETTI,Pastas Secas,NULL,1,https://riba.app/imgrs/THUMBS%20500X500/204498.JPG
334302,ELICHE TRICOLOR,800075558528,Despensa,FELICETTI,Pastas Secas,NULL,1,https://riba.app/imgrs/THUMBS%20500X500/334302.JPG
204495,SPAGHETTI TRICOLORE N.546,800075558546,Despensa,FELICETTI,Pastas Secas,NULL,1,https://riba.app/imgrs/THUMBS%20500X500/204495.JPG
206435,FIOCCHI TRICOLORE N.5167,800075558568,Despensa,FELICETTI,Pastas Secas,NULL,1,https://riba.app/imgrs/THUMBS%20500X500/206435.JPG
213825,FUSILLI ORGANIC GLUTEN FREE,800075595028,Despensa,FELICETTI,Pastas Secas,"[""Gluten-free""]",1,https://riba.app/imgrs/THUMBS%20500X500/213825.JPG
213823,PENNE PASTA ORGANIC GLTN FREE,800075595033,Despensa,FELICETTI,Pastas Secas,NULL,1,https://riba.app/imgrs/THUMBS%20500X500/213823.JPG
213822,SPAGHETTI ORGANIC GLUTEN FREE,800075595046,Despensa,FELICETTI,Pastas Secas,"[""Gluten-free"",""Kosher"",""Orgánico""]",1,https://riba.app/imgrs/THUMBS%20500X500/213822.JPG
293632,LASAGNA DE CECCO 500G,800125000175,Despensa,DE CECCO,Pastas Secas,NULL,1,https://riba.app/imgrs/THUMBS%20500X500/293632.JPG
298142,FARFALLE INTEGAL DE CECCO 500G,800125000618,Despensa,DE CECCO,Pastas Secas,NULL,1,https://riba.app/imgrs/THUMBS%20500X500/298142.JPG
301211,HARINA DE MAIZ DE CECCO,800125000960,Despensa,DE CECCO,Harinas,"[""Gluten-free""]",1,https://riba.app/imgrs/THUMBS%20500X500/301211.JPG
359041,ESPAGUETIS SIN GLUTEN DE CECCO,800125001407,Despensa,DE CECCO,Pastas Secas,"[""Gluten-free""]",1,https://riba.app/imgrs/THUMBS%20500X500/359041.JPG
359030,PASTA FUSILLI SIN GLUTEN,800125001414,Despensa,DE CECCO,Pastas Secas,"[""Gluten-free""]",1,https://riba.app/imgrs/THUMBS%20500X500/359030.JPG
359019,PASTA TORTIGLIONI SIN GLUTEN,800125001417,Despensa,DE CECCO,Pastas Secas,"[""Gluten-free""]",1,https://riba.app/imgrs/THUMBS%20500X500/359019.JPG
301212,POLENTA INSTANTANEA  DE CECCO,800125001950,Despensa,DE CECCO,Harinas,"[""Gluten-free""]",1,https://riba.app/imgrs/THUMBS%20500X500/301212.JPG
27196,LASAGNA LARGA DOP RICCIA,800125011001,Despensa,DE CECCO,Pastas Secas,NULL,1,https://riba.app/imgrs/THUMBS%20500X500/27196.JPG
67845,FEDELINI  # 10,800125012010,Despensa,DE CECCO,Pastas Secas,NULL,1,https://riba.app/imgrs/THUMBS%20500X500/67845.JPG
235423,ALFABETO,800125012173,Despensa,DE CECCO,Pastas Secas,NULL,1,https://riba.app/imgrs/THUMBS%20500X500/235423.JPG
301210,PENNE RIGATE TRICOLORE CECCO,800125014541,Despensa,DE CECCO,Pastas Secas,NULL,1,https://riba.app/imgrs/THUMBS%20500X500/301210.JPG
60391,FETTUCCINE AL HUEVO Nº103,800125020103,Despensa,DE CECCO,Pastas Secas,NULL,1,https://riba.app/imgrs/THUMBS%20500X500/60391.JPG
64037,TAGLLATELLE DE CECCO 250G,800125020104,Despensa,DE CECCO,Pastas Secas,NULL,1,https://riba.app/imgrs/THUMBS%20500X500/64037.JPG
117112,FUSILLI INTEGRAL 12 500 GR,800125031034,Despensa,DE CECCO,Pastas Secas,NULL,1,https://riba.app/imgrs/THUMBS%20500X500/117112.JPG
359038,PASTA DE ESPINACA PENNE RIGATE,800125041041,Despensa,DE CECCO,Pastas Secas,NULL,1,https://riba.app/imgrs/THUMBS%20500X500/359038.JPG
327637,DATEERINI PELATI CIRIO,800144011904,Despensa,CIRIO,Conservas Y Encurtidos,NULL,1,https://riba.app/imgrs/THUMBS%20500X500/327637.JPG
196531,PASTA SUGO NAPOLETAN CIRIO,800144012416,Despensa,CIRIO,Aderezos Y Salsas,NULL,1,https://riba.app/imgrs/THUMBS%20500X500/196531.JPG
196532,SUGO BASILICO ,800144012418,Despensa,CIRIO,Aderezos Y Salsas,NULL,1,https://riba.app/imgrs/THUMBS%20500X500/196532.JPG
312244,PURE PASSTA DE TOMATE CIRIO,800144013391,Despensa,CIRIO,Aderezos Y Salsas,NULL,1,https://riba.app/imgrs/THUMBS%20500X500/312244.JPG
215412,RISO PASINI RICE ARBORIO,800165500101,Despensa,RISO PASINI,Arroz Y Granos,NULL,1,https://riba.app/imgrs/THUMBS%20500X500/215412.JPG
215418,RISO PASINI ROMA,800165500226,Despensa,RISO PASINI,Arroz Y Granos,"[""Kosher""]",1,https://riba.app/imgrs/THUMBS%20500X500/215418.JPG
215417,PASINI RICE BROWN RICE,800165500330,Despensa,RISO PASINI,Arroz Y Granos,"[""Kosher""]",1,https://riba.app/imgrs/THUMBS%20500X500/215417.JPG
215415,RISO PASINI RICE RISOTTI,800165501051,Despensa,RISO PASINI,Arroz Y Granos,"[""Kosher""]",1,https://riba.app/imgrs/THUMBS%20500X500/215415.JPG
323357,ARROZ RISOTTO SCOTTI TRUFA,800186025713,Despensa,SCOTTI,Arroz Y Granos,"[""Gluten-free""]",1,https://riba.app/imgrs/THUMBS%20500X500/323357.JPG
323360,ARROZ RISOTTO SCOTTI QUESOS,800186025777,Despensa,SCOTTI,Arroz Y Granos,"[""Gluten-free""]",1,https://riba.app/imgrs/THUMBS%20500X500/323360.JPG
323358,ARROZ RISOTTO SCOTTI PORCINI,800186025782,Despensa,SCOTTI,Arroz Y Granos,"[""Gluten-free""]",1,https://riba.app/imgrs/THUMBS%20500X500/323358.JPG
284379,FILIPPO BERIO PESTO CLASSIC,800221011244,Despensa,FILIPPO BERIO,Aderezos Y Salsas,"[""Orgánico""]",1,https://riba.app/imgrs/THUMBS%20500X500/284379.JPG
284377,FILIPPO BERIO PESTO ROSO,800221011270,Despensa,FILIPPO BERIO,Aderezos Y Salsas,NULL,1,https://riba.app/imgrs/THUMBS%20500X500/284377.JPG
183297,ACEITE DE OLIVA E VIRGEN ORGAN,800221011542,Despensa,FILIPPO BERIO,Aceites Y Mantecas,"[""Orgánico""]",1,https://riba.app/imgrs/THUMBS%20500X500/183297.JPG
248724,ACEITE EXTR VIRG FRUTTATO,800221011656,Despensa,FILIPPO BERIO,Aceites Y Mantecas,NULL,1,https://riba.app/imgrs/THUMBS%20500X500/248724.JPG
317906,VINAGRE BALSAM FILIP BERIO,800221012253,Despensa,FILIPPO BERIO,Vinagre,NULL,1,https://riba.app/imgrs/THUMBS%20500X500/317906.JPG
316345,RED WINE VINEGAR,800221012255,Despensa,FILIPPO BERIO,Vinagre,NULL,1,https://riba.app/imgrs/THUMBS%20500X500/316345.JPG
316343,WHITE WINE  VINEGAR,800221012257,Despensa,FILIPPO BERIO,Vinagre,NULL,1,https://riba.app/imgrs/THUMBS%20500X500/316343.JPG
183298,OLIVE OIL EXT VIRGIN SPRAY,800221012309,Despensa,FILIPPO BERIO,Aceites Y Mantecas,NULL,1,https://riba.app/imgrs/THUMBS%20500X500/183298.JPG
284380,FILIPPO BERIO PESTO RICOTTA,800221012520,Despensa,FILIPPO BERIO,Aderezos Y Salsas,NULL,1,https://riba.app/imgrs/THUMBS%20500X500/284380.JPG
342271,FILIPPO BERIO PESTO HOT CHILLI,800221012522,Despensa,FILIPPO BERIO,Aderezos Y Salsas,NULL,1,https://riba.app/imgrs/THUMBS%20500X500/342271.JPG
316349,BALS GLAZE WITH RASPBERRY ,800221012835,Despensa,FILIPPO BERIO,Aderezos Y Salsas,NULL,1,https://riba.app/imgrs/THUMBS%20500X500/316349.JPG
316348,BALS GLADE WITH BLACK TRUFFLE ,800221012839,Despensa,FILIPPO BERIO,Aderezos Y Salsas,NULL,1,https://riba.app/imgrs/THUMBS%20500X500/316348.JPG
316346,GLAZE WITH BALSAMIC VINEGAR ,800221012843,Despensa,FILIPPO BERIO,Aderezos Y Salsas,NULL,1,https://riba.app/imgrs/THUMBS%20500X500/316346.JPG
342270,FILIPPO BERIO PESTO GRILLED VE,800221013143,Despensa,FILIPPO BERIO,Aderezos Y Salsas,NULL,1,https://riba.app/imgrs/THUMBS%20500X500/342270.JPG
342269,FILIPPO BERIO PESTO TRUFA,800221013233,Despensa,FILIPPO BERIO,Aderezos Y Salsas,NULL,1,https://riba.app/imgrs/THUMBS%20500X500/342269.JPG
332261,F BERIO SALSA CON VERDURAS,800221013319,Despensa,FILIPPO BERIO,Aderezos Y Salsas,"[""Gluten-free"",""Vegano""]",1,https://riba.app/imgrs/THUMBS%20500X500/332261.JPG
332260,SALSA FBERIO ARRABBIATA OLIO E,800221013323,Despensa,FILIPPO BERIO,Aderezos Y Salsas,"[""Gluten-free"",""Vegano""]",1,https://riba.app/imgrs/THUMBS%20500X500/332260.JPG
267361,ACEITE OLI EXTR VIRGEN,800221050010,Despensa,FILIPPO BERIO,Aceites Y Mantecas,NULL,1,https://riba.app/imgrs/THUMBS%20500X500/267361.JPG
267362,ACEITE OLI EXTR VIRGEN ,800221050020,Despensa,FILIPPO BERIO,Aceites Y Mantecas,NULL,1,https://riba.app/imgrs/THUMBS%20500X500/267362.JPG
317907,ACEITE OLIVA FILIPPO BERIO,800221050110,Despensa,FILIPPO BERIO,Aceites Y Mantecas,NULL,1,https://riba.app/imgrs/THUMBS%20500X500/317907.JPG
317909,ACEITE OLIVE FBERIO SAUTEING,800221050120,Despensa,FILIPPO BERIO,Aceites Y Mantecas,NULL,1,https://riba.app/imgrs/THUMBS%20500X500/317909.JPG
248723,ACEITE EXTRA VIRGEN,800221056000,Despensa,FILIPPO BERIO,Aceites Y Mantecas,NULL,1,https://riba.app/imgrs/THUMBS%20500X500/248723.JPG
249578,TORTELLINI PROSCIUTTO TORTELLI,800236700002,Despensa,TEMPORIN,Pastas Secas,NULL,1,https://riba.app/imgrs/THUMBS%20500X500/249578.JPG
249580,RAVIOLI FORMAGGIO TEMPORIN,800236701608,Despensa,TEMPORIN,Pastas Secas,NULL,1,https://riba.app/imgrs/THUMBS%20500X500/249580.JPG
217763,BERTOLLI EXT VIR PET 250 ML,800247001742,Despensa,BERTOLLI,Aceites Y Mantecas,"[""Kosher""]",1,https://riba.app/imgrs/THUMBS%20500X500/217763.JPG
227924, BERTOLLI OLIVA CLASICO 750ML,800247001744,Despensa,BERTOLLI,Aceites Y Mantecas,"[""Kosher""]",1,https://riba.app/imgrs/THUMBS%20500X500/227924.JPG
240704,BERTOLLI OLI OIL EXT VIRGE 750,800247001750,Despensa,BERTOLLI,Aceites Y Mantecas,"[""Kosher""]",1,https://riba.app/imgrs/THUMBS%20500X500/240704.JPG
217764,BERTOLLI EXTRA VIRGEN 500 ML,800247001752,Despensa,BERTOLLI,Aceites Y Mantecas,"[""Kosher""]",1,https://riba.app/imgrs/THUMBS%20500X500/217764.JPG
217765,BERTOLLI EXTRA VIRGEN 1LT,800247001921,Despensa,BERTOLLI,Aceites Y Mantecas,"[""Kosher""]",1,https://riba.app/imgrs/THUMBS%20500X500/217765.JPG
333915,BERTOLLI CLASSIC OLIVA PET,800247003250,Despensa,BERTOLLI,Aceites Y Mantecas,"[""Kosher""]",1,https://riba.app/imgrs/THUMBS%20500X500/333915.JPG
255343,STRIANESE POMODORINI SALSA TOM,800371600400,Despensa,STRIANESE,Aderezos Y Salsas,"[""Kosher""]",1,https://riba.app/imgrs/THUMBS%20500X500/255343.JPG
293330,CREMA BLANCA DE LIMON,800425009328,Despensa,LA PARMIGIANA,Aderezos Y Salsas,"[""Vegano""]",1,https://riba.app/imgrs/THUMBS%20500X500/293330.JPG
293329,VINAGRE DE SIDRA MANZANA,800425009329,Despensa,LA PARMIGIANA,Vinagre,"[""Gluten-free"",""Orgánico"",""Vegano""]",1,https://riba.app/imgrs/THUMBS%20500X500/293329.JPG
293327,VINAGRE BALSAMICO SPRAY,800425009330,Despensa,LA PARMIGIANA,Vinagre,"[""Vegano""]",1,https://riba.app/imgrs/THUMBS%20500X500/293327.JPG
295929,PASTA DE TOMATE MUTTI,8004253,Despensa,MUTTI,Aderezos Y Salsas,NULL,1,https://riba.app/imgrs/THUMBS%20500X500/295929.JPG
122506,POLPA MUTTI 12 X 400 GR,8004255,Despensa,MUTTI,Conservas Y Encurtidos,NULL,1,https://riba.app/imgrs/THUMBS%20500X500/122506.JPG
347526,PASTA FETTUCINE LA MOLISANA,800469005050,Despensa,LA MOLISANA,Pastas Secas,NULL,1,https://riba.app/imgrs/THUMBS%20500X500/347526.JPG
331703,PASTA LINGUINI LA MOLISANA,800469005062,Despensa,LA MOLISANA,Pastas Secas,NULL,1,https://riba.app/imgrs/THUMBS%20500X500/331703.JPG
331702,PASTA PENNE RIGATE LA MOLISANA,800469005204,Despensa,LA MOLISANA,Pastas Secas,"[""Kosher""]",1,https://riba.app/imgrs/THUMBS%20500X500/331702.JPG
344640,PASTA LA MOLISANA FUSILLI,800469005284,Despensa,LA MOLISANA,Pastas Secas,"[""Kosher""]",1,https://riba.app/imgrs/THUMBS%20500X500/344640.JPG
347527,PASTA RIGATONI LA MOLISANA,800469005319,Despensa,LA MOLISANA,Pastas Secas,"[""Kosher""]",1,https://riba.app/imgrs/THUMBS%20500X500/347527.JPG
347520,PASTA GNOCCHI SIN GLUTEN,800469008763,Despensa,LA MOLISANA,Pastas Secas,"[""Gluten-free""]",1,https://riba.app/imgrs/THUMBS%20500X500/347520.JPG
344643,PASTA FARFALLE RIGATE LA MOLIS,800469010660,Despensa,LA MOLISANA,Pastas Secas,"[""Kosher""]",1,https://riba.app/imgrs/THUMBS%20500X500/344643.JPG
347521,PASTA PENNE RIGATE SIN GLUTEN,800469047003,Despensa,LA MOLISANA,Pastas Secas,"[""Gluten-free"",""Kosher""]",1,https://riba.app/imgrs/THUMBS%20500X500/347521.JPG
347519,PASTA FUSILLI SIN GLUTEN,800469047004,Despensa,LA MOLISANA,Pastas Secas,"[""Gluten-free"",""Kosher""]",1,https://riba.app/imgrs/THUMBS%20500X500/347519.JPG
345291,PASTA LA MOLISANA PENNE RIGATE,800469048020,Despensa,LA MOLISANA,Pastas Secas,"[""Kosher""]",1,https://riba.app/imgrs/THUMBS%20500X500/345291.JPG
345031,PASTA FUSILLI PROTEICA MOLISAN,800469048028,Despensa,LA MOLISANA,Pastas Secas,"[""Kosher""]",1,https://riba.app/imgrs/THUMBS%20500X500/345031.JPG
344983,ESPAGUETI PROTEICO LA MOLISANA,800469048616,Despensa,LA MOLISANA,Pastas Secas,"[""Kosher""]",1,https://riba.app/imgrs/THUMBS%20500X500/344983.JPG
331704,PASSATA CLASSICA LA MOLISANA,800469095004,Despensa,LA MOLISANA,Aderezos Y Salsas,NULL,1,https://riba.app/imgrs/THUMBS%20500X500/331704.JPG
122503,TOMATES SIN CASCARA,800511006000,Despensa,MUTTI,Conservas Y Encurtidos,"[""Gluten-free""]",1,https://riba.app/imgrs/THUMBS%20500X500/122503.JPG
303470,DOPPIO  CONCENTRADO ,800511020000,Despensa,MUTTI,Aderezos Y Salsas,NULL,1,https://riba.app/imgrs/THUMBS%20500X500/303470.JPG
122507,PIZZA SAUCE 12 X 400 GR,800511055121,Despensa,MUTTI,Aderezos Y Salsas,NULL,1,https://riba.app/imgrs/THUMBS%20500X500/122507.JPG
166218,SPAGHETTI RISTORANTE N 8,800512100008,Despensa,DIVELLA,Pastas Secas,"[""Kosher""]",1,https://riba.app/imgrs/THUMBS%20500X500/166218.JPG
166220,PENNE ZITI RIGATE Nº 27,800512100027,Despensa,DIVELLA,Pastas Secas,NULL,1,https://riba.app/imgrs/THUMBS%20500X500/166220.JPG
166225,FUSILLI N 40,800512100040,Despensa,DIVELLA,Pastas Secas,NULL,1,https://riba.app/imgrs/THUMBS%20500X500/166225.JPG
166223,FETUCCINE EN NIDO  Nº90,800512100090,Despensa,DIVELLA,Pastas Secas,NULL,1,https://riba.app/imgrs/THUMBS%20500X500/166223.JPG
166798,TAGLIATELLE 91  ,800512100091,Despensa,DIVELLA,Pastas Secas,"[""Kosher""]",1,https://riba.app/imgrs/THUMBS%20500X500/166798.JPG
166224,FARFALLE Nº 85,800512100285,Despensa,DIVELLA,Pastas Secas,NULL,1,https://riba.app/imgrs/THUMBS%20500X500/166224.JPG
305041,DIVELLA HARINA PIZZA,800512100418,Despensa,DIVELLA,Harinas,NULL,1,https://riba.app/imgrs/THUMBS%20500X500/305041.JPG
171438,LASAGÑA SEMOLINA ,800512104109,Despensa,DIVELLA,Pastas Secas,NULL,1,https://riba.app/imgrs/THUMBS%20500X500/171438.JPG
336293,PASTA DIVELLA PENNE POMODORO,800512105027,Despensa,DIVELLA,Pastas Secas,NULL,1,https://riba.app/imgrs/THUMBS%20500X500/336293.JPG
336292,PASTA DIVELLA FUSILLI,800512105040,Despensa,DIVELLA,Pastas Secas,NULL,1,https://riba.app/imgrs/THUMBS%20500X500/336292.JPG
166222,SPAGHETTI INTEGRAL,800512105208,Despensa,DIVELLA,Pastas Secas,NULL,1,https://riba.app/imgrs/THUMBS%20500X500/166222.JPG
166221,PENNE ZITI INTEG #27   500 GR,800512105227,Despensa,DIVELLA,Pastas Secas,NULL,1,https://riba.app/imgrs/THUMBS%20500X500/166221.JPG
317913,PASTA DIVELLA FUSILL INTEGRAL,800512105240,Despensa,DIVELLA,Pastas Secas,NULL,1,https://riba.app/imgrs/THUMBS%20500X500/317913.JPG
176632,PASSATA TRITURADO TOMATE ,800512121010,Despensa,DIVELLA,Aderezos Y Salsas,NULL,1,https://riba.app/imgrs/THUMBS%20500X500/176632.JPG
176634,DIVELLA PASSATA RUSTICA PROM,800512121020,Despensa,DIVELLA,Aderezos Y Salsas,NULL,1,https://riba.app/imgrs/THUMBS%20500X500/176634.JPG
171439,GNOCCHI DI PAPATE,800512121601,Despensa,DIVELLA,Pastas Secas,NULL,1,https://riba.app/imgrs/THUMBS%20500X500/171439.JPG
171440,RISO ARBORIO ,800512121810,Despensa,DIVELLA,Arroz Y Granos,"[""Kosher""]",1,https://riba.app/imgrs/THUMBS%20500X500/171440.JPG
337106,ARROZ RISO CARNAROLI 1KG,800512121811,Despensa,DIVELLA,Arroz Y Granos,"[""Kosher""]",1,https://riba.app/imgrs/THUMBS%20500X500/337106.JPG
166226,COUSCOUS MEDIO,800512121820,Despensa,DIVELLA,Arroz Y Granos,"[""Kosher""]",1,https://riba.app/imgrs/THUMBS%20500X500/166226.JPG
301146,ACEITE OLIVA MONINI SPRAY,800551000411,Despensa,MONINI,Aceites Y Mantecas,"[""Kosher""]",1,https://riba.app/imgrs/THUMBS%20500X500/301146.JPG
301148,ACEITE MONINI OLIV GFRUTTATO,8005659,Despensa,MONINI,Aceites Y Mantecas,NULL,1,https://riba.app/imgrs/THUMBS%20500X500/301148.JPG
345284,NUOVO PARMIGIANO  PROSCIUTTO,800583504,Despensa,NUOVO,Pastas Secas,NULL,1,https://riba.app/imgrs/THUMBS%20500X500/345284.JPG
345283,NUOVO MUSHROOM TRUFFLE RAVIOLI,800585855,Despensa,NUOVO,Pastas Secas,NULL,1,https://riba.app/imgrs/THUMBS%20500X500/345283.JPG
197124,TORTELLONI AGED PROVOL PROSCIU,800592504,Despensa,NUOVO,Pastas Secas,NULL,1,https://riba.app/imgrs/THUMBS%20500X500/197124.JPG
204968,RAVIOLI PORTABELLA & FONTINA,800598716,Despensa,NUOVO,Pastas Secas,NULL,1,https://riba.app/imgrs/THUMBS%20500X500/204968.JPG
203867,NVO MAC N CHEESY RAVIOLI,800599601,Despensa,NUOVO,Pastas Secas,NULL,1,https://riba.app/imgrs/THUMBS%20500X500/203867.JPG
353926,DADO CREMA VEGETALES,800675500001,Despensa,BAUER,Condimentos Y Semillas,NULL,1,https://riba.app/imgrs/THUMBS%20500X500/353926.JPG
353925,DADO CREMA CARNE BAUER,800675500004,Despensa,BAUER,Condimentos Y Semillas,NULL,1,https://riba.app/imgrs/THUMBS%20500X500/353925.JPG
234262,CUBITO DE CALDO DE CARNE,800675500210,Despensa,BAUER,Condimentos Y Semillas,"[""Gluten-free""]",1,https://riba.app/imgrs/THUMBS%20500X500/234262.JPG
234260,CUB DE CALDO DE VEGETALES,800675500211,Despensa,BAUER,Condimentos Y Semillas,"[""Gluten-free"",""Vegano""]",1,https://riba.app/imgrs/THUMBS%20500X500/234260.JPG
234272,GRANULATED MEAT STOCK,800675500212,Despensa,BAUER,Condimentos Y Semillas,NULL,1,https://riba.app/imgrs/THUMBS%20500X500/234272.JPG
234270,GRANULATED CALDO DE POLLO,800675500213,Despensa,BAUER,Condimentos Y Semillas,"[""Gluten-free""]",1,https://riba.app/imgrs/THUMBS%20500X500/234270.JPG
234271,GRANULATED VEGETABLE BRODO,800675522002,Despensa,BAUER,Condimentos Y Semillas,"[""Gluten-free"",""Vegano""]",1,https://riba.app/imgrs/THUMBS%20500X500/234271.JPG
234277,GRANULATED ORGANIC VEG BRODO,800675522003,Despensa,BAUER,Condimentos Y Semillas,"[""Gluten-free"",""Vegano""]",1,https://riba.app/imgrs/THUMBS%20500X500/234277.JPG
234276,CUB DE CALDO DE VEG ORG,800675522004,Despensa,BAUER,Condimentos Y Semillas,"[""Gluten-free"",""Vegano""]",1,https://riba.app/imgrs/THUMBS%20500X500/234276.JPG
234264,CUBITOS DE CALDO DE POLLO,800675523002,Despensa,BAUER,Condimentos Y Semillas,"[""Gluten-free""]",1,https://riba.app/imgrs/THUMBS%20500X500/234264.JPG
234273,GRANULATED CALDO DE PESCADO,800675540101,Despensa,BAUER,Condimentos Y Semillas,NULL,1,https://riba.app/imgrs/THUMBS%20500X500/234273.JPG
234268,CUB CALDO DE PESCADO,800675550101,Despensa,BAUER,Condimentos Y Semillas,"[""Gluten-free""]",1,https://riba.app/imgrs/THUMBS%20500X500/234268.JPG
234266,CUBITO DE CALDO DE HONGOS,800675550102,Despensa,BAUER,Condimentos Y Semillas,"[""Gluten-free"",""Vegano""]",1,https://riba.app/imgrs/THUMBS%20500X500/234266.JPG
288601,BAUER MISO BIO,800675591001,Despensa,BAUER,Condimentos Y Semillas,"[""Gluten-free"",""Vegano""]",1,https://riba.app/imgrs/THUMBS%20500X500/288601.JPG
288521,BAUER CURCUMA BIO,800675596001,Despensa,BAUER,Condimentos Y Semillas,"[""Gluten-free"",""Vegano""]",1,https://riba.app/imgrs/THUMBS%20500X500/288521.JPG
288522,BAUER JENGIBRE BIO,800675596002,Despensa,BAUER,Condimentos Y Semillas,"[""Gluten-free"",""Vegano""]",1,https://riba.app/imgrs/THUMBS%20500X500/288522.JPG
288602,BAUER AZAFRAN BIO,800675596004,Despensa,BAUER,Condimentos Y Semillas,"[""Gluten-free"",""Vegano""]",1,https://riba.app/imgrs/THUMBS%20500X500/288602.JPG
269503,ACEITE DE OLIVA TRUFA SPRAY,800683099036,Despensa,MANTOVA,Aceites Y Mantecas,"[""Kosher""]",1,https://riba.app/imgrs/THUMBS%20500X500/269503.JPG
269511,ACEITE DE OLIVA PEPERONCIN SPR,800683099046,Despensa,MANTOVA,Aceites Y Mantecas,"[""Kosher""]",1,https://riba.app/imgrs/THUMBS%20500X500/269511.JPG
269505,ACEITE DE OLIVA AJO SPRAY,800683099056,Despensa,MANTOVA,Aceites Y Mantecas,"[""Kosher""]",1,https://riba.app/imgrs/THUMBS%20500X500/269505.JPG
269506,ACEITE DE OLIVA LIMON SPRAY,800683099066,Despensa,MANTOVA,Aceites Y Mantecas,"[""Kosher""]",1,https://riba.app/imgrs/THUMBS%20500X500/269506.JPG
309959,ACEITE DE OLIVA ZENZERO SPRAY,800683099081,Despensa,MANTOVA,Aceites Y Mantecas,"[""Kosher""]",1,https://riba.app/imgrs/THUMBS%20500X500/309959.JPG
213015,BOMBA CALABRESE HOT VEG SAUCE,800754800021,Despensa,DELIZIE DI CALABRIA,Aderezos Y Salsas,NULL,1,https://riba.app/imgrs/THUMBS%20500X500/213015.JPG
326889,PEPERONCINO CALABRESE A FETTE,800754800041,Despensa,DELIZIE DI CALABRIA,Conservas Y Encurtidos,NULL,1,https://riba.app/imgrs/THUMBS%20500X500/326889.JPG
213014,SLICED ARTICHOKES,800754800099,Despensa,DELIZIE DI CALABRIA,Conservas Y Encurtidos,NULL,1,https://riba.app/imgrs/THUMBS%20500X500/213014.JPG
213011,CALABRESE PESTO,800754800200,Despensa,DELIZIE DI CALABRIA,Aderezos Y Salsas,NULL,1,https://riba.app/imgrs/THUMBS%20500X500/213011.JPG
213009,CHERRY PEPPER W ANCHOVIES,800754800212,Despensa,DELIZIE DI CALABRIA,Conservas Y Encurtidos,NULL,1,https://riba.app/imgrs/THUMBS%20500X500/213009.JPG
336089,CIPOLLE ROSSE IN AGRODOLCE ,800754800223,Despensa,DELIZIE DI CALABRIA,Conservas Y Encurtidos,NULL,1,https://riba.app/imgrs/THUMBS%20500X500/336089.JPG
226047,PEPERONCINI RIPIENI C PECORINO,800754800239,Despensa,DELIZIE DI CALABRIA,Conservas Y Encurtidos,NULL,1,https://riba.app/imgrs/THUMBS%20500X500/226047.JPG
298582,MEZCLA FARINA SCHAR,800869800511,Despensa,SCHAR,Harinas,"[""Gluten-free"",""Vegano""]",1,https://riba.app/imgrs/THUMBS%20500X500/298582.JPG
298584,PASTA PENNE SCHAR 250G,800869801005,Despensa,SCHAR,Pastas Secas,NULL,1,https://riba.app/imgrs/THUMBS%20500X500/298584.JPG
208275,TAGLIATELLE PASTA CON TRUFA 19,801093900034,Despensa,TARTUFLANGHE,Pastas Secas,NULL,1,https://riba.app/imgrs/THUMBS%20500X500/208275.JPG
336859,SAL GRIS GUERANDE TRUFA VERANO,801093900156,Despensa,TARTUFLANGHE,Condimentos Y Semillas,"[""Gluten-free""]",1,https://riba.app/imgrs/THUMBS%20500X500/336859.JPG
336858,SAL GRIS GUERANDE TRUFA BLANCA,801093900157,Despensa,TARTUFLANGHE,Condimentos Y Semillas,"[""Gluten-free""]",1,https://riba.app/imgrs/THUMBS%20500X500/336858.JPG
271629,WHITE TRUFFLE FREEZE-DRIED ,801093940039,Despensa,TARTUFLANGHE,Conservas Y Encurtidos,NULL,1,https://riba.app/imgrs/THUMBS%20500X500/271629.JPG
208285,SALSA QUESO PARMESANO Y TRUFA,801093940258,Despensa,TARTUFLANGHE,Aderezos Y Salsas,"[""Gluten-free""]",1,https://riba.app/imgrs/THUMBS%20500X500/208285.JPG
336855,SALSA CON TRUFA Y ACEITUNAS,801093940314,Despensa,TARTUFLANGHE,Aderezos Y Salsas,"[""Gluten-free""]",1,https://riba.app/imgrs/THUMBS%20500X500/336855.JPG
336860,TARTUFLANGHE MAIONESE ,801093940914,Despensa,TARTUFLANGHE,Aderezos Y Salsas,"[""Gluten-free""]",1,https://riba.app/imgrs/THUMBS%20500X500/336860.JPG
281915,SAL GRIS DE GUERANDE CON TRUFA,801093940996,Despensa,TARTUFLANGHE,Condimentos Y Semillas,"[""Gluten-free""]",1,https://riba.app/imgrs/THUMBS%20500X500/281915.JPG
285301,MIELE AL TARTUFO BIANCO,801093940997,Despensa,TARTUFLANGHE,Siropes,"[""Gluten-free""]",1,https://riba.app/imgrs/THUMBS%20500X500/285301.JPG
340510,CREMA DE SETAS PORCINI Y TRUFA,801093961763,Despensa,TARTUFLANGHE,Sopas Y Cremas,"[""Gluten-free""]",1,https://riba.app/imgrs/THUMBS%20500X500/340510.JPG
336856,CONDIMENTO EN POLVO CON SETAS,801093961764,Despensa,TARTUFLANGHE,Condimentos Y Semillas,NULL,1,https://riba.app/imgrs/THUMBS%20500X500/336856.JPG
280370,SPIRALLI PASTA GLUTTEN FREE,801178000033,Despensa,RISCOSSA,Pastas Secas,"[""Gluten-free""]",1,https://riba.app/imgrs/THUMBS%20500X500/280370.JPG
276205,SPAGHETTI GLUTEN FREE,801178000034,Despensa,RISCOSSA,Pastas Secas,NULL,1,https://riba.app/imgrs/THUMBS%20500X500/276205.JPG
276203,SPAGUETTI BIO INTEGRAL,801178000153,Despensa,RISCOSSA,Pastas Secas,NULL,1,https://riba.app/imgrs/THUMBS%20500X500/276203.JPG
276201,ELICOIDALI BIO INTEGRAL,801178000155,Despensa,RISCOSSA,Pastas Secas,NULL,1,https://riba.app/imgrs/THUMBS%20500X500/276201.JPG
276204,SPIRALI BIO INTEGRAL,801178000157,Despensa,RISCOSSA,Pastas Secas,NULL,1,https://riba.app/imgrs/THUMBS%20500X500/276204.JPG
276200,LINGUINE BIO INTEGRAL,801178000158,Despensa,RISCOSSA,Pastas Secas,NULL,1,https://riba.app/imgrs/THUMBS%20500X500/276200.JPG
313550,DAVIA TOMATE PELATI,802131400003,Despensa,DAVIA,Conservas Y Encurtidos,NULL,1,https://riba.app/imgrs/THUMBS%20500X500/313550.JPG
312814,PURE PASSATA DAVIA DI POMODORO,802131400055,Despensa,DAVIA,Aderezos Y Salsas,NULL,1,https://riba.app/imgrs/THUMBS%20500X500/312814.JPG
216207,MIXED PEPPERS,802905489044,Despensa,IL BOSCHETTO,Condimentos Y Semillas,NULL,1,https://riba.app/imgrs/THUMBS%20500X500/216207.JPG
216203,PIMIENTA NEGRA GRANO,802905489127,Despensa,IL BOSCHETTO,Condimentos Y Semillas,NULL,1,https://riba.app/imgrs/THUMBS%20500X500/216203.JPG
216187,ITALIAN EXTRA VIRGIN OLIVE OIL,802905489139,Despensa,IL BOSCHETTO,Aceites Y Mantecas,NULL,1,https://riba.app/imgrs/THUMBS%20500X500/216187.JPG
341226,EXTRA VIRGIN OLIVE OIL 100% IT,802905490351,Despensa,IL BOSCHETTO,Aceites Y Mantecas,NULL,1,https://riba.app/imgrs/THUMBS%20500X500/341226.JPG
174691,CEREAL QUAKER CORAZON,80327500019,Despensa,QUAKER,Cereales Y Granola,NULL,1,https://riba.app/imgrs/THUMBS%20500X500/174691.JPG
2245,MARSHMALLOW SAFARI BOLSAS,80327500052,Despensa,QUAKER,Cereales Y Granola,NULL,1,https://riba.app/imgrs/THUMBS%20500X500/2245.JPG
2251,FRUITANGY OH S BOLSA ,80327500054,Despensa,QUAKER,Cereales Y Granola,NULL,1,https://riba.app/imgrs/THUMBS%20500X500/2251.JPG
142982,MARSHMALLOW CHOCO BLAST ,80327500055,Despensa,QUAKER,Cereales Y Granola,NULL,1,https://riba.app/imgrs/THUMBS%20500X500/142982.JPG
74749,FRUTY OFH S C MALVAVISCO,80327500056,Despensa,QUAKER,Cereales Y Granola,NULL,1,https://riba.app/imgrs/THUMBS%20500X500/74749.JPG
250007,CEREAL MARSHMALLOW CHOCOBLAST,80327500057,Despensa,QUAKER,Cereales Y Granola,NULL,1,https://riba.app/imgrs/THUMBS%20500X500/250007.JPG
250008,CEREAL MARSHM STARS BOLSA,80327500058,Despensa,QUAKER,Cereales Y Granola,NULL,1,https://riba.app/imgrs/THUMBS%20500X500/250008.JPG
250009,QUAKER FRUTY OHS BOLSA,80327500059,Despensa,QUAKER,Cereales Y Granola,NULL,1,https://riba.app/imgrs/THUMBS%20500X500/250009.JPG
68893,FRESCAVENA DE FRESA,80327530053,Despensa,QUAKER,Avenas Y Cremas,NULL,1,https://riba.app/imgrs/THUMBS%20500X500/68893.JPG
68885,FRESCAVENA DE VAINILLA ,80327530054,Despensa,QUAKER,Avenas Y Cremas,NULL,1,https://riba.app/imgrs/THUMBS%20500X500/68885.JPG
204265,AVENA INTEGRAL EN HOJUELAS,80327530097,Despensa,QUAKER,Avenas Y Cremas,NULL,1,https://riba.app/imgrs/THUMBS%20500X500/204265.JPG
213168,AVENA NUTREMAS HOJUELAS,80327530502,Despensa,QUAKER,Avenas Y Cremas,NULL,1,https://riba.app/imgrs/THUMBS%20500X500/213168.JPG
2191,AVENA INSTANTANEA CON HIERRO,80327530521,Despensa,QUAKER,Avenas Y Cremas,NULL,1,https://riba.app/imgrs/THUMBS%20500X500/2191.JPG
2193,AVENA MOLIDA,80327530522,Despensa,QUAKER,Avenas Y Cremas,NULL,1,https://riba.app/imgrs/THUMBS%20500X500/2193.JPG
137324,AVENA EN HOJUELAS NUTREMAS,80327530523,Despensa,QUAKER,Avenas Y Cremas,NULL,1,https://riba.app/imgrs/THUMBS%20500X500/137324.JPG
174689,AVENA CON LINAZA EN HOJUELAS ,80327530527,Despensa,QUAKER,Avenas Y Cremas,NULL,1,https://riba.app/imgrs/THUMBS%20500X500/174689.JPG
227923,AVENA INST FRESA CUPS ,80327530532,Despensa,QUAKER,Avenas Y Cremas,NULL,1,https://riba.app/imgrs/THUMBS%20500X500/227923.JPG
243900,QUAKER AVENA MOSH,80327530537,Despensa,QUAKER,Avenas Y Cremas,NULL,1,https://riba.app/imgrs/THUMBS%20500X500/243900.JPG
249391,CEREAL MARSHMALLOW CHOCOSTAR,80327530546,Despensa,QUAKER,Cereales Y Granola,NULL,1,https://riba.app/imgrs/THUMBS%20500X500/249391.JPG
261585,CEREAL MARSHAMALOWSTARS QUAKER,80327530549,Despensa,QUAKER,Cereales Y Granola,NULL,1,https://riba.app/imgrs/THUMBS%20500X500/261585.JPG
268504,AVENA PROTEINA ,80327530551,Despensa,QUAKER,Avenas Y Cremas,NULL,1,https://riba.app/imgrs/THUMBS%20500X500/268504.JPG
335072,AVENA NUTREMAS QUAKER,80327530556,Despensa,QUAKER,Avenas Y Cremas,NULL,1,https://riba.app/imgrs/THUMBS%20500X500/335072.JPG
305946,CEREAL CARIBBEAN TREASURE,80327530596,Despensa,QUAKER,Cereales Y Granola,NULL,1,https://riba.app/imgrs/THUMBS%20500X500/305946.JPG
353200,AVENA MOLIDA QUAKER ,80327530600,Despensa,QUAKER,Avenas Y Cremas,NULL,1,https://riba.app/imgrs/THUMBS%20500X500/353200.JPG
215386,AVENA DE BANANO INSTANTANEA,80327530602,Despensa,QUAKER,Avenas Y Cremas,NULL,1,https://riba.app/imgrs/THUMBS%20500X500/215386.JPG
215383,AVENA DE VAINILLA INSTANTANEA,80327530605,Despensa,QUAKER,Avenas Y Cremas,NULL,1,https://riba.app/imgrs/THUMBS%20500X500/215383.JPG
215385,AVENA CON CANELA INSTANTANEA,80327530607,Despensa,QUAKER,Avenas Y Cremas,NULL,1,https://riba.app/imgrs/THUMBS%20500X500/215385.JPG
215384,AVENA DE MANZANA & CANELA INST,80327530609,Despensa,QUAKER,Avenas Y Cremas,NULL,1,https://riba.app/imgrs/THUMBS%20500X500/215384.JPG
335073,AVENA INTEGRAL QUAKER,80327530618,Despensa,QUAKER,Avenas Y Cremas,NULL,1,https://riba.app/imgrs/THUMBS%20500X500/335073.JPG
356481,CEREAL HONEY MOSNTER ESTRELLAS,80327530671,Despensa,QUAKER,Cereales Y Granola,NULL,1,https://riba.app/imgrs/THUMBS%20500X500/356481.JPG
356484,CEREAL HMSTR ESTRELLAS,80327530672,Despensa,QUAKER,Cereales Y Granola,NULL,1,https://riba.app/imgrs/THUMBS%20500X500/356484.JPG
338972,TOMATO PUREE L+,803279334163,Despensa,POMI,Aderezos Y Salsas,"[""Gluten-free""]",1,https://riba.app/imgrs/THUMBS%20500X500/338972.JPG
338974,TOMATE KETCHUP POMI,803279334166,Despensa,POMI,Aderezos Y Salsas,NULL,1,https://riba.app/imgrs/THUMBS%20500X500/338974.JPG
338958,PASTA SAUCE ARRABIATA,803279334194,Despensa,POMI,Aderezos Y Salsas,NULL,1,https://riba.app/imgrs/THUMBS%20500X500/338958.JPG
338957,PASTA BASIL POMI,803279334195,Despensa,POMI,Aderezos Y Salsas,NULL,1,https://riba.app/imgrs/THUMBS%20500X500/338957.JPG
338959,PASTA SAUCE OLIVE POMI,803279334196,Despensa,POMI,Aderezos Y Salsas,NULL,1,https://riba.app/imgrs/THUMBS%20500X500/338959.JPG
338956,PASTA SAUCE NAPOLETANA POMI,803279334201,Despensa,POMI,Aderezos Y Salsas,NULL,1,https://riba.app/imgrs/THUMBS%20500X500/338956.JPG
338973,TOMATE PUREE ORGANIC,803279334220,Despensa,POMI,Aderezos Y Salsas,"[""Orgánico""]",1,https://riba.app/imgrs/THUMBS%20500X500/338973.JPG
338948,STRAINED TOMATOES 3 X 200 GR,803279334224,Despensa,POMI,Aderezos Y Salsas,NULL,1,https://riba.app/imgrs/THUMBS%20500X500/338948.JPG
338964,FINELY CHOPPED 400 GR,803279334233,Despensa,POMI,Conservas Y Encurtidos,NULL,1,https://riba.app/imgrs/THUMBS%20500X500/338964.JPG
338965,FINELY CHOPPED 3 X400GR,803279334234,Despensa,POMI,Conservas Y Encurtidos,NULL,1,https://riba.app/imgrs/THUMBS%20500X500/338965.JPG
338960,TOMATE PASTE CONCENTRADO POMOD,803279334239,Despensa,POMI,Aderezos Y Salsas,NULL,1,https://riba.app/imgrs/THUMBS%20500X500/338960.JPG
338954,PIZZA SAUCE AROMATIZZATA,803279334267,Despensa,POMI,Aderezos Y Salsas,NULL,1,https://riba.app/imgrs/THUMBS%20500X500/338954.JPG
338941,PASSATA RUSTICA WITH BASIL,803279334270,Despensa,POMI,Aderezos Y Salsas,NULL,1,https://riba.app/imgrs/THUMBS%20500X500/338941.JPG
338961,TOMATE PASTE CONCEN DI POMODOR,803279334298,Despensa,POMI,Aderezos Y Salsas,"[""Gluten-free""]",1,https://riba.app/imgrs/THUMBS%20500X500/338961.JPG
338955,PIZZA & PASTA SAUCE POMITO,803279334340,Despensa,POMI,Aderezos Y Salsas,NULL,1,https://riba.app/imgrs/THUMBS%20500X500/338955.JPG
338966,FINELY CHOPPED TOMATE W HERBS,803279334364,Despensa,POMI,Conservas Y Encurtidos,"[""Vegano""]",1,https://riba.app/imgrs/THUMBS%20500X500/338966.JPG
338969,FINELY CHOPP TOMAT PEPPER &CHI,803279334366,Despensa,POMI,Conservas Y Encurtidos,"[""Vegano""]",1,https://riba.app/imgrs/THUMBS%20500X500/338969.JPG
338968,FINELY CHOPPE W TOMA ONION GAR,803279334368,Despensa,POMI,Conservas Y Encurtidos,"[""Vegano""]",1,https://riba.app/imgrs/THUMBS%20500X500/338968.JPG
338952,STRAINED TOMATOES 200 GR,803279334430,Despensa,POMI,Aderezos Y Salsas,NULL,1,https://riba.app/imgrs/THUMBS%20500X500/338952.JPG
338962,CHOPPED TOMATOES 500 GR,803279334432,Despensa,POMI,Conservas Y Encurtidos,NULL,1,https://riba.app/imgrs/THUMBS%20500X500/338962.JPG
338943,STRAINED TOMATOES 500 GR,803279334434,Despensa,POMI,Aderezos Y Salsas,NULL,1,https://riba.app/imgrs/THUMBS%20500X500/338943.JPG
338942,STRAINED TOMATOES 700 GR,803279334436,Despensa,POMI,Aderezos Y Salsas,NULL,1,https://riba.app/imgrs/THUMBS%20500X500/338942.JPG
338940,TOMATO PASSATA RUSTICA 700GR,803279334437,Despensa,POMI,Aderezos Y Salsas,NULL,1,https://riba.app/imgrs/THUMBS%20500X500/338940.JPG
241992,POMODORINO CILIEGINO SEMISECCO,803281724001,Despensa,AGROMONTE,Conservas Y Encurtidos,"[""Gluten-free"",""Kosher""]",1,https://riba.app/imgrs/THUMBS%20500X500/241992.JPG
236409,PURE DE TOMATE CHERRY,803281724037,Despensa,AGROMONTE,Aderezos Y Salsas,"[""Kosher""]",1,https://riba.app/imgrs/THUMBS%20500X500/236409.JPG
236408,CHERRY TOMATO PANE & PASTA,803281724189,Despensa,AGROMONTE,Aderezos Y Salsas,"[""Gluten-free"",""Kosher""]",1,https://riba.app/imgrs/THUMBS%20500X500/236408.JPG
236418,BASIL PESTO,803281724203,Despensa,AGROMONTE,Aderezos Y Salsas,"[""Gluten-free""]",1,https://riba.app/imgrs/THUMBS%20500X500/236418.JPG
236417,PESTO ALLA SICILIANA,803281724204,Despensa,AGROMONTE,Aderezos Y Salsas,"[""Gluten-free"",""Kosher""]",1,https://riba.app/imgrs/THUMBS%20500X500/236417.JPG
236411,NORMA PASTA SAUCE,803281724504,Despensa,AGROMONTE,Aderezos Y Salsas,"[""Gluten-free"",""Kosher""]",1,https://riba.app/imgrs/THUMBS%20500X500/236411.JPG
236412,PUTTANESCA PASTA SAUCE,803281724505,Despensa,AGROMONTE,Aderezos Y Salsas,"[""Kosher""]",1,https://riba.app/imgrs/THUMBS%20500X500/236412.JPG
236414,CHERRY TOMATO PASTA SAUCE ORGN,803281724510,Despensa,AGROMONTE,Aderezos Y Salsas,"[""Gluten-free"",""Kosher"",""Orgánico""]",1,https://riba.app/imgrs/THUMBS%20500X500/236414.JPG
236413,RICOTTA AND CHERRY TOMATO SAUC,803281724514,Despensa,AGROMONTE,Aderezos Y Salsas,"[""Gluten-free""]",1,https://riba.app/imgrs/THUMBS%20500X500/236413.JPG
236407,SALSA DE TOMATE DATTERINO,803281724518,Despensa,AGROMONTE,Aderezos Y Salsas,"[""Gluten-free"",""Kosher""]",1,https://riba.app/imgrs/THUMBS%20500X500/236407.JPG
338377,PASTA DE ANCHOA LISOLA D ORO,803360975044,Despensa,LISOLA D ORO,Aderezos Y Salsas,NULL,1,https://riba.app/imgrs/THUMBS%20500X500/338377.JPG
338384,SALSA CON MARISCOS LISOLA D OR,803360975294,Despensa,LISOLA D ORO,Aderezos Y Salsas,NULL,1,https://riba.app/imgrs/THUMBS%20500X500/338384.JPG
338379,SALSA CON ALMEJAS Y TOMATE,803360975295,Despensa,LISOLA D ORO,Aderezos Y Salsas,NULL,1,https://riba.app/imgrs/THUMBS%20500X500/338379.JPG
301147,ACEITE LIVA MONINI CLASICO,8044125824,Despensa,MONINI,Aceites Y Mantecas,"[""Kosher""]",1,https://riba.app/imgrs/THUMBS%20500X500/301147.JPG
292543,CHOCO HAT CREMA ,805053825062,Despensa,CHOCO HAT ,Jaleas Mantequillas Y Mermeladas,"[""Gluten-free""]",1,https://riba.app/imgrs/THUMBS%20500X500/292543.JPG
330300,CREMA DE PISTACHO PISTACHIO,805053825163,Despensa,CHOCO HAT ,Jaleas Mantequillas Y Mermeladas,"[""Gluten-free""]",1,https://riba.app/imgrs/THUMBS%20500X500/330300.JPG
289463,EXT VIRG OLIVE OIL BASIL FLAV,8050887,Despensa,MONINI,Aceites Y Mantecas,NULL,1,https://riba.app/imgrs/THUMBS%20500X500/289463.JPG
337368,BLACK WHOLE TRUFFLE 60G,805472688062,Despensa,LA RUSTICHELLA,Conservas Y Encurtidos,NULL,1,https://riba.app/imgrs/THUMBS%20500X500/337368.JPG
337367,BLACK WHOLE TRUFFLE 160G,805472688066,Despensa,LA RUSTICHELLA,Conservas Y Encurtidos,"[""Vegano""]",1,https://riba.app/imgrs/THUMBS%20500X500/337367.JPG
337381,BLACK TRUFFLE SD TOMATO CREAM,805472688101,Despensa,LA RUSTICHELLA,Aderezos Y Salsas,"[""Vegano""]",1,https://riba.app/imgrs/THUMBS%20500X500/337381.JPG
337383,BLACK OLIVE PATE,805472688151,Despensa,LA RUSTICHELLA,Aderezos Y Salsas,"[""Vegano""]",1,https://riba.app/imgrs/THUMBS%20500X500/337383.JPG
337386,ARTICHOKE CREAM,805472688171,Despensa,LA RUSTICHELLA,Aderezos Y Salsas,"[""Vegano""]",1,https://riba.app/imgrs/THUMBS%20500X500/337386.JPG
337366,BLACK SLICED TRUFFLE,805472688193,Despensa,LA RUSTICHELLA,Conservas Y Encurtidos,"[""Vegano""]",1,https://riba.app/imgrs/THUMBS%20500X500/337366.JPG
337369,BLACK TRUFFLE OLIVE OIL,805472688202,Despensa,LA RUSTICHELLA,Aceites Y Mantecas,"[""Vegano""]",1,https://riba.app/imgrs/THUMBS%20500X500/337369.JPG
337370,WHITE TRUFFLE OLIVE OIL,805472688212,Despensa,LA RUSTICHELLA,Aceites Y Mantecas,"[""Vegano""]",1,https://riba.app/imgrs/THUMBS%20500X500/337370.JPG
337371,BLACK TRUFFLE BALSAMIC VINEGAR,805472688233,Despensa,LA RUSTICHELLA,Vinagre,"[""Vegano""]",1,https://riba.app/imgrs/THUMBS%20500X500/337371.JPG
337372,WHITE TRUFFLE BALSAMIC VINEGAR,805472688242,Despensa,LA RUSTICHELLA,Vinagre,NULL,1,https://riba.app/imgrs/THUMBS%20500X500/337372.JPG
337373,BLACK TRUFFLE FLAVOR DRESSING,805472688252,Despensa,LA RUSTICHELLA,Aderezos Y Salsas,"[""Vegano""]",1,https://riba.app/imgrs/THUMBS%20500X500/337373.JPG
337374,WHITE TRUFFLE FLAVOR DRESSING,805472688262,Despensa,LA RUSTICHELLA,Aderezos Y Salsas,NULL,1,https://riba.app/imgrs/THUMBS%20500X500/337374.JPG
337377,BLACK TRUFFLE POWDER,805472688353,Despensa,LA RUSTICHELLA,Condimentos Y Semillas,NULL,1,https://riba.app/imgrs/THUMBS%20500X500/337377.JPG
337387,BASIL PESTO SAUCE,805472688586,Despensa,LA RUSTICHELLA,Aderezos Y Salsas,NULL,1,https://riba.app/imgrs/THUMBS%20500X500/337387.JPG
337388,SICILIAN PESTO SAUCE,805472688589,Despensa,LA RUSTICHELLA,Aderezos Y Salsas,"[""Gluten-free"",""Vegano""]",1,https://riba.app/imgrs/THUMBS%20500X500/337388.JPG
337378,BLACK TRUFFLE HONEY,805472688701,Despensa,LA RUSTICHELLA,Siropes,NULL,1,https://riba.app/imgrs/THUMBS%20500X500/337378.JPG
337379,WHITE TRUFFLE HONEY,805472688711,Despensa,LA RUSTICHELLA,Siropes,NULL,1,https://riba.app/imgrs/THUMBS%20500X500/337379.JPG
308865,MANTEQUILLA CLARIFICADA,80562729500,Despensa,GHEE,Aceites Y Mantecas,"[""Gluten-free"",""Keto""]",1,https://riba.app/imgrs/THUMBS%20500X500/308865.JPG
308867,MANTEQUILLA GHEE CLARIFICADA,80562729501,Despensa,GHEE,Aceites Y Mantecas,"[""Gluten-free"",""Keto""]",1,https://riba.app/imgrs/THUMBS%20500X500/308867.JPG
60397,SUGHI RUST IL PESTO 9 190GR.,8065837,Despensa,CIRIO,Aderezos Y Salsas,NULL,1,https://riba.app/imgrs/THUMBS%20500X500/60397.JPG
22502,SPAGHETTINI  Nº 3,807680019503,Despensa,BARILLA,Pastas Secas,NULL,1,https://riba.app/imgrs/THUMBS%20500X500/22502.JPG
22465,SPAGHETTI  N 5,807680019505,Despensa,BARILLA,Pastas Secas,NULL,1,https://riba.app/imgrs/THUMBS%20500X500/22465.JPG
23068,PASTA BARILLA BUCATINI N9,807680031509,Despensa,BARILLA,Pastas Secas,NULL,1,https://riba.app/imgrs/THUMBS%20500X500/23068.JPG
22509,PENNE RIGATE Nº 73,807680208573,Despensa,BARILLA,Pastas Secas,NULL,1,https://riba.app/imgrs/THUMBS%20500X500/22509.JPG
22510,PASTA TORTIGLIONI N 83,807680208583,Despensa,BARILLA,Pastas Secas,NULL,1,https://riba.app/imgrs/THUMBS%20500X500/22510.JPG
23122,RIGATONI  Nº 89,807680208589,Despensa,BARILLA,Pastas Secas,NULL,1,https://riba.app/imgrs/THUMBS%20500X500/23122.JPG
22512,FUSILLI Nº 98,807680208598,Despensa,BARILLA,Pastas Secas,NULL,1,https://riba.app/imgrs/THUMBS%20500X500/22512.JPG
341602,PASTA CORTA BARILLA MACCHERONI,807680805044,Despensa,BARILLA,Pastas Secas,NULL,1,https://riba.app/imgrs/THUMBS%20500X500/341602.JPG
30559,CANNELLONI ,807680807088,Despensa,BARILLA,Pastas Secas,NULL,1,https://riba.app/imgrs/THUMBS%20500X500/30559.JPG
22501,CAPELLINI  Nº1,807680815001,Despensa,BARILLA,Pastas Secas,NULL,1,https://riba.app/imgrs/THUMBS%20500X500/22501.JPG
22503,SPAGHETTONI N 7,807680815007,Despensa,BARILLA,Pastas Secas,NULL,1,https://riba.app/imgrs/THUMBS%20500X500/22503.JPG
22504,LINGUINE N13,807680815013,Despensa,BARILLA,Pastas Secas,NULL,1,https://riba.app/imgrs/THUMBS%20500X500/22504.JPG
23128,PLUMAS MEDIO TRICOLOR,807680950141,Despensa,BARILLA,Pastas Secas,NULL,1,https://riba.app/imgrs/THUMBS%20500X500/23128.JPG
22486,SUGO ARRABBIATA 58551,807680951338,Despensa,BARILLA,Aderezos Y Salsas,"[""Gluten-free""]",1,https://riba.app/imgrs/THUMBS%20500X500/22486.JPG
22484,SUGO OLIVE  57891,807680951344,Despensa,BARILLA,Aderezos Y Salsas,"[""Gluten-free""]",1,https://riba.app/imgrs/THUMBS%20500X500/22484.JPG
22488,SUGO BOLOGNESE,807680951367,Despensa,BARILLA,Aderezos Y Salsas,"[""Gluten-free""]",1,https://riba.app/imgrs/THUMBS%20500X500/22488.JPG
23064,SUGO NAPOLETANA 6 400GR,807680951369,Despensa,BARILLA,Aderezos Y Salsas,"[""Gluten-free""]",1,https://riba.app/imgrs/THUMBS%20500X500/23064.JPG
23065,SUGO BASILICO  5955 6 400GR,807680951373,Despensa,BARILLA,Aderezos Y Salsas,"[""Gluten-free""]",1,https://riba.app/imgrs/THUMBS%20500X500/23065.JPG
207530,PASTA MNI FARFALLE BARILLA,807680952156,Despensa,BARILLA,Pastas Secas,NULL,1,https://riba.app/imgrs/THUMBS%20500X500/207530.JPG
341662,PASTA BARILLA PENNE RIGATE,807680952158,Despensa,BARILLA,Pastas Secas,NULL,1,https://riba.app/imgrs/THUMBS%20500X500/341662.JPG
344191,SALSA PESTO ROJA BARILLA,807680952354,Despensa,BARILLA,Aderezos Y Salsas,"[""Gluten-free""]",1,https://riba.app/imgrs/THUMBS%20500X500/344191.JPG
22600,LASAGNE SIN PRE-COCCION,807680952373,Despensa,BARILLA,Pastas Secas,NULL,1,https://riba.app/imgrs/THUMBS%20500X500/22600.JPG
30557,LASAGNA VERDE BARILLA,807680952375,Despensa,BARILLA,Pastas Secas,NULL,1,https://riba.app/imgrs/THUMBS%20500X500/30557.JPG
278651,BARILLA FETTUCCINE 500G,807680952377,Despensa,BARILLA,Pastas Secas,NULL,1,https://riba.app/imgrs/THUMBS%20500X500/278651.JPG
148900,SPAGHETTI 5 INTEGRAL,807680952941,Despensa,BARILLA,Pastas Secas,NULL,1,https://riba.app/imgrs/THUMBS%20500X500/148900.JPG
148901,PENNE RIGATE INTEGRALE,807680952943,Despensa,BARILLA,Pastas Secas,NULL,1,https://riba.app/imgrs/THUMBS%20500X500/148901.JPG
268156,PESTO POMODORI SECCHI ,807680954109,Despensa,BARILLA,Aderezos Y Salsas,"[""Gluten-free""]",1,https://riba.app/imgrs/THUMBS%20500X500/268156.JPG
278649,BARILLA SPAGHETTI N5 400G,807680954544,Despensa,BARILLA,Pastas Secas,"[""Gluten-free""]",1,https://riba.app/imgrs/THUMBS%20500X500/278649.JPG
278634,BARILLA PENNE RIGATE GLUTEN FR,807680954545,Despensa,BARILLA,Pastas Secas,"[""Gluten-free""]",1,https://riba.app/imgrs/THUMBS%20500X500/278634.JPG
23063,PESTO ALLA GENOVESE 5859,807680957934,Despensa,BARILLA,Aderezos Y Salsas,"[""Gluten-free""]",1,https://riba.app/imgrs/THUMBS%20500X500/23063.JPG
347212,PASTA FARFALLE BARILLA,807680958336,Despensa,BARILLA,Pastas Secas,NULL,1,https://riba.app/imgrs/THUMBS%20500X500/347212.JPG
357764,PASTA SECA BARILLA TORTIGLIONI,807680958492,Despensa,BARILLA,Pastas Secas,NULL,1,https://riba.app/imgrs/THUMBS%20500X500/357764.JPG
349394,PASTA BARILLA AMORE,807680958565,Despensa,BARILLA,Pastas Secas,NULL,1,https://riba.app/imgrs/THUMBS%20500X500/349394.JPG
352362,SALSA PARA PIZZA BARILLA,807680958578,Despensa,BARILLA,Aderezos Y Salsas,"[""Gluten-free""]",1,https://riba.app/imgrs/THUMBS%20500X500/352362.JPG
338378,SALSA CON TROZOS TINTA CALAMAR,8079814,Despensa,LISOLA D ORO,Aderezos Y Salsas,NULL,1,https://riba.app/imgrs/THUMBS%20500X500/338378.JPG
186163,MEDALLONES DE PALMITOS,80882800001,Despensa,D ARIA S,Conservas Y Encurtidos,NULL,1,https://riba.app/imgrs/THUMBS%20500X500/186163.JPG
55828,PALMITOS ENTEROS ,80882800003,Despensa,D ARIA S,Conservas Y Encurtidos,"[""Gluten-free""]",1,https://riba.app/imgrs/THUMBS%20500X500/55828.JPG
55829,PALMITOS EN PEDAZO D ARIA S,80882800004,Despensa,D ARIA S,Conservas Y Encurtidos,NULL,1,https://riba.app/imgrs/THUMBS%20500X500/55829.JPG
278242,PANCAKE & WAFFLE MIX KETO,81000156006,Despensa,BIRCH BENDERS,Harinas,"[""Gluten-free"",""Kosher""]",1,https://riba.app/imgrs/THUMBS%20500X500/278242.JPG
344350,BIRCH BENDER MAPLE SYRUP,81000156016,Despensa,BIRCH BENDERS,Siropes,"[""Keto""]",1,https://riba.app/imgrs/THUMBS%20500X500/344350.JPG
330441,PANCAKE MIX ORGANIC BUTTERMILK,81000156052,Despensa,BIRCH BENDERS,Harinas,"[""Kosher"",""Orgánico""]",1,https://riba.app/imgrs/THUMBS%20500X500/330441.JPG
330429,KETO ULTIMAT FUDGE BROWNIE MIX,81000156073,Despensa,BIRCH BENDERS,Reposteria,"[""Gluten-free"",""Keto"",""Kosher""]",1,https://riba.app/imgrs/THUMBS%20500X500/330429.JPG
330448,PANCAKE MIX ORGANIC CONFETTI,81000156074,Despensa,BIRCH BENDERS,Harinas,"[""Kosher"",""Orgánico"",""Vegano""]",1,https://riba.app/imgrs/THUMBS%20500X500/330448.JPG
330442,PANCAKE MIX SWEET POTATO,81000156076,Despensa,BIRCH BENDERS,Harinas,"[""Gluten-free"",""Kosher""]",1,https://riba.app/imgrs/THUMBS%20500X500/330442.JPG
322739,BAKING SALTED CARAMEL,81000346108,Despensa,LILYS,Reposteria,"[""Gluten-free"",""Kosher""]",1,https://riba.app/imgrs/THUMBS%20500X500/322739.JPG
322740,BAKING CHIP WHITE CHOCOLATE,81000346109,Despensa,LILYS,Reposteria,"[""Gluten-free"",""Kosher""]",1,https://riba.app/imgrs/THUMBS%20500X500/322740.JPG
355515,OATMEAL PROTEIN PIE CHOCOLATE,81002072282,Despensa,REDEFINE FOODS,Cereales Y Granola,NULL,1,https://riba.app/imgrs/THUMBS%20500X500/355515.JPG
355421,OATMEAL PROTEIN PIE ,81002072322,Despensa,REDEFINE FOODS,Cereales Y Granola,NULL,1,https://riba.app/imgrs/THUMBS%20500X500/355421.JPG
337771,PANCAKE ALMOND PROTEIN ,81002167164,Despensa,SIMPLE MILLS,Harinas,"[""Gluten-free"",""Kosher""]",1,https://riba.app/imgrs/THUMBS%20500X500/337771.JPG
337775,MIX PANCAKE WAFFLE COCOA ,81002167186,Despensa,SIMPLE MILLS,Harinas,"[""Gluten-free"",""Kosher""]",1,https://riba.app/imgrs/THUMBS%20500X500/337775.JPG
346777,MUNK P COCONUT ALMOND D CHOCOL,81003159012,Despensa,MUNK PACK,Cereales Y Granola,"[""Gluten-free"",""Kosher""]",1,https://riba.app/imgrs/THUMBS%20500X500/346777.JPG
338452,KETO SEA SALT CARAMEL,81003159018,Despensa,MUNK PACK,Cereales Y Granola,"[""Gluten-free"",""Kosher""]",1,https://riba.app/imgrs/THUMBS%20500X500/338452.JPG
319027,TOPPER SWEET & TANGY,81003176000,Despensa,MARIANI,Aderezos Y Salsas,"[""Kosher""]",1,https://riba.app/imgrs/THUMBS%20500X500/319027.JPG
322402,TOPPER NUTS AND CHERRIES,81003176003,Despensa,MARIANI,Aderezos Y Salsas,"[""Kosher""]",1,https://riba.app/imgrs/THUMBS%20500X500/322402.JPG
323061,"SCE,BBQ,GOLD,SF",81006951019,Despensa,LILLIES,Aderezos Y Salsas,"[""Gluten-free""]",1,https://riba.app/imgrs/THUMBS%20500X500/323061.JPG
323060,"SCE,BBQ,CAROLINA,SF",81006951025,Despensa,LILLIES,Aderezos Y Salsas,"[""Gluten-free""]",1,https://riba.app/imgrs/THUMBS%20500X500/323060.JPG
323628,TRADITIONAL BOTANA SIETE,81009178041,Despensa,SIETE,Aderezos Y Salsas,NULL,1,https://riba.app/imgrs/THUMBS%20500X500/323628.JPG
323626,JALAPEÑO BOTANA SAUCE,81009178042,Despensa,SIETE,Aderezos Y Salsas,"[""Gluten-free""]",1,https://riba.app/imgrs/THUMBS%20500X500/323626.JPG
323625,HABANERO BOTANA SAUCE,81009178043,Despensa,SIETE,Aderezos Y Salsas,"[""Gluten-free""]",1,https://riba.app/imgrs/THUMBS%20500X500/323625.JPG
323624,CHAMOY BOTANA SAUCE SIETE,81009178044,Despensa,SIETE,Aderezos Y Salsas,"[""Gluten-free""]",1,https://riba.app/imgrs/THUMBS%20500X500/323624.JPG
341085,SALSA TAQUERIA SOLEADA SIETE,81009178074,Despensa,SIETE,Aderezos Y Salsas,"[""Gluten-free""]",1,https://riba.app/imgrs/THUMBS%20500X500/341085.JPG
356951,MAGIC SPOON BAR CHOCOLATE,81010446024,Despensa,MAGIC SPOON,Cereales Y Granola,"[""Gluten-free"",""Kosher""]",1,https://riba.app/imgrs/THUMBS%20500X500/356951.JPG
357031,BAR MARSHMALLOW MAGIC SPOON,81010446025,Despensa,MAGIC SPOON,Cereales Y Granola,"[""Gluten-free"",""Kosher""]",1,https://riba.app/imgrs/THUMBS%20500X500/357031.JPG
345315,TREATS CHOCOLATE PEANUT BUTTER,81010446026,Despensa,MAGIC SPOON,Cereales Y Granola,"[""Gluten-free""]",1,https://riba.app/imgrs/THUMBS%20500X500/345315.JPG
345316,TREATS MARSHMALLOW,81010446027,Despensa,MAGIC SPOON,Cereales Y Granola,"[""Gluten-free""]",1,https://riba.app/imgrs/THUMBS%20500X500/345316.JPG
357023,MAGIC BAR CHOCOLATE TREAT,81010446038,Despensa,MAGIC SPOON,Cereales Y Granola,"[""Gluten-free"",""Kosher""]",1,https://riba.app/imgrs/THUMBS%20500X500/357023.JPG
357030,BAR BLUEBERRY MUFFIN MAGIC SPO,81010446040,Despensa,MAGIC SPOON,Cereales Y Granola,"[""Gluten-free"",""Kosher""]",1,https://riba.app/imgrs/THUMBS%20500X500/357030.JPG
350452,BLUEBERYY MFFIN MAGIC SPOON,81010446041,Despensa,MAGIC SPOON,Cereales Y Granola,NULL,1,https://riba.app/imgrs/THUMBS%20500X500/350452.JPG
286652,KETO THAI COCONUT SAUCE,81026402345,Despensa,KEVIN S,Aderezos Y Salsas,"[""Gluten-free"",""Vegano""]",1,https://riba.app/imgrs/THUMBS%20500X500/286652.JPG
286648,KETO CILANTRO LIME SAUCE,81026402347,Despensa,KEVIN S,Aderezos Y Salsas,"[""Gluten-free"",""Keto"",""Vegano""]",1,https://riba.app/imgrs/THUMBS%20500X500/286648.JPG
286653,KETO TERIYAKI SAUCE,81026402352,Despensa,KEVIN S,Aderezos Y Salsas,"[""Gluten-free"",""Vegano""]",1,https://riba.app/imgrs/THUMBS%20500X500/286653.JPG
286651,KETO KOREAN BBQ SAUCE,81026402378,Despensa,KEVIN S,Aderezos Y Salsas,"[""Gluten-free"",""Vegano""]",1,https://riba.app/imgrs/THUMBS%20500X500/286651.JPG
286654,LEMONGRASS BASIL SAUCE,81026402379,Despensa,KEVIN S,Aderezos Y Salsas,"[""Gluten-free"",""Keto"",""Vegano""]",1,https://riba.app/imgrs/THUMBS%20500X500/286654.JPG
328756,VAINILLA BLUE ALM CEREAL,81058903003,Despensa,PURELY ELIZABETH,Cereales Y Granola,"[""Gluten-free"",""Vegano""]",1,https://riba.app/imgrs/THUMBS%20500X500/328756.JPG
329835,VANILLA ALMOND BUTTER PURELY E,81058903029,Despensa,PURELY ELIZABETH,Cereales Y Granola,"[""Gluten-free"",""Keto"",""Vegano""]",1,https://riba.app/imgrs/THUMBS%20500X500/329835.JPG
328728,GF GRANOLA CINNAMON PBUTTER,81058903030,Despensa,PURELY ELIZABETH,Cereales Y Granola,"[""Gluten-free"",""Keto"",""Vegano""]",1,https://riba.app/imgrs/THUMBS%20500X500/328728.JPG
329228,BLUEB WALNUT COLLAGEN OAT POUC,81058903107,Despensa,PURELY ELIZABETH,Avenas Y Cremas,"[""Gluten-free""]",1,https://riba.app/imgrs/THUMBS%20500X500/329228.JPG
329229,OAT POUCH COLLAGEN VANI PECAN,81058903108,Despensa,PURELY ELIZABETH,Avenas Y Cremas,"[""Gluten-free""]",1,https://riba.app/imgrs/THUMBS%20500X500/329229.JPG
328752,VANILLA CHOC CHOPS ORG GRANOLA,81058903121,Despensa,PURELY ELIZABETH,Cereales Y Granola,"[""Gluten-free"",""Vegano""]",1,https://riba.app/imgrs/THUMBS%20500X500/328752.JPG
328758,BERRY CRISP ANCIENT GRAIN GRAN,81058903157,Despensa,PURELY ELIZABETH,Cereales Y Granola,"[""Gluten-free"",""Vegano""]",1,https://riba.app/imgrs/THUMBS%20500X500/328758.JPG
331972,PURELY ELIZABETH DARK CHOCO CH,81058903165,Despensa,PURELY ELIZABETH,Avenas Y Cremas,"[""Gluten-free"",""Vegano""]",1,https://riba.app/imgrs/THUMBS%20500X500/331972.JPG
329836,BLUEBERRY OATMEAL PURELY ELIZ,81058903167,Despensa,PURELY ELIZABETH,Avenas Y Cremas,"[""Gluten-free"",""Vegano""]",1,https://riba.app/imgrs/THUMBS%20500X500/329836.JPG
328757,HONEY PEANUT BUTTER CEREAL,81058903169,Despensa,PURELY ELIZABETH,Cereales Y Granola,"[""Gluten-free"",""Vegano""]",1,https://riba.app/imgrs/THUMBS%20500X500/328757.JPG
329834,CLASSIC CINNAMON PURELY,81058903173,Despensa,PURELY ELIZABETH,Avenas Y Cremas,"[""Gluten-free"",""Vegano""]",1,https://riba.app/imgrs/THUMBS%20500X500/329834.JPG
329833,BANANA NUT OATMEAL PURELY ELIZ,81058903174,Despensa,PURELY ELIZABETH,Avenas Y Cremas,NULL,1,https://riba.app/imgrs/THUMBS%20500X500/329833.JPG
340732,ANCIENT GRAIN GRANOLA,81058903184,Despensa,PURELY ELIZABETH,Cereales Y Granola,"[""Gluten-free"",""Orgánico"",""Vegano""]",1,https://riba.app/imgrs/THUMBS%20500X500/340732.JPG
354483,PELIZABETH GRANOLA SALTY-SWEET,81058903193,Despensa,PURELY ELIZABETH,Cereales Y Granola,"[""Gluten-free"",""Orgánico"",""Vegano""]",1,https://riba.app/imgrs/THUMBS%20500X500/354483.JPG
338847,CHOCOLATE ALMOND CEREAL,81058903194,Despensa,PURELY ELIZABETH,Cereales Y Granola,"[""Gluten-free"",""Vegano""]",1,https://riba.app/imgrs/THUMBS%20500X500/338847.JPG
338848,CINNAMON RAISIN ALMOND CEREAL,81058903195,Despensa,PURELY ELIZABETH,Cereales Y Granola,"[""Gluten-free"",""Vegano""]",1,https://riba.app/imgrs/THUMBS%20500X500/338848.JPG
340761,COOKIE GRANOLA CHOCOLATE CHIPS,81058903196,Despensa,PURELY ELIZABETH,Cereales Y Granola,"[""Gluten-free"",""Vegano""]",1,https://riba.app/imgrs/THUMBS%20500X500/340761.JPG
340762,COOKIE GRANOLA OATMEAL RAISIN,81058903197,Despensa,PURELY ELIZABETH,Cereales Y Granola,"[""Gluten-free"",""Vegano""]",1,https://riba.app/imgrs/THUMBS%20500X500/340762.JPG
340763,COOKIE GRANOLA DOUBLE CHOCOLAT,81058903198,Despensa,PURELY ELIZABETH,Cereales Y Granola,"[""Gluten-free"",""Vegano""]",1,https://riba.app/imgrs/THUMBS%20500X500/340763.JPG
268315,NATURALLY SWEET TRUVIA,81213002053,Despensa,TRUVIA,Azucar Y Endulzantes,"[""Gluten-free"",""Kosher""]",1,https://riba.app/imgrs/THUMBS%20500X500/268315.JPG
174590,NEVELLA SWEETERNER,81331401028,Despensa,NEVELLA,Azucar Y Endulzantes,NULL,1,https://riba.app/imgrs/THUMBS%20500X500/174590.JPG
206941,EXTRACTO DE STEVIA,81331401125,Despensa,NEVELLA,Azucar Y Endulzantes,NULL,1,https://riba.app/imgrs/THUMBS%20500X500/206941.JPG
206942,EXTRACTO DE STEVIA ,81331401126,Despensa,NEVELLA,Azucar Y Endulzantes,NULL,1,https://riba.app/imgrs/THUMBS%20500X500/206942.JPG
279998,"MAYONESA AVOCADO OIL, 100%PURE",81507402000,Despensa,CHOSEN FOODS,Aderezos Y Salsas,"[""Gluten-free"",""Keto"",""Kosher""]",1,https://riba.app/imgrs/THUMBS%20500X500/279998.JPG
341088,MAYO CLASSIC SQUEEZE CHOSEN FO,81507402001,Despensa,CHOSEN FOODS,Aderezos Y Salsas,"[""Gluten-free"",""Keto"",""Kosher""]",1,https://riba.app/imgrs/THUMBS%20500X500/341088.JPG
338657,MAYO CHIPOTLE AVOCADO OIL ,81507402003,Despensa,CHOSEN FOODS,Aderezos Y Salsas,"[""Gluten-free"",""Keto"",""Kosher""]",1,https://riba.app/imgrs/THUMBS%20500X500/338657.JPG
355420,MAYO CHIPOTLE CHOOSEN FOODS,81507402024,Despensa,CHOSEN FOODS,Aderezos Y Salsas,"[""Gluten-free"",""Keto"",""Kosher""]",1,https://riba.app/imgrs/THUMBS%20500X500/355420.JPG
345614,MAYO ROASTED GARLIC CHOSEN F,81507402029,Despensa,CHOSEN FOODS,Aderezos Y Salsas,"[""Gluten-free"",""Keto"",""Kosher""]",1,https://riba.app/imgrs/THUMBS%20500X500/345614.JPG
349169,SAUCE BURGER CHOSEN FOODS,81507402051,Despensa,CHOSEN FOODS,Aderezos Y Salsas,NULL,1,https://riba.app/imgrs/THUMBS%20500X500/349169.JPG
345618,SAUCE CHICKEN CHOSEN FOODS,81507402052,Despensa,CHOSEN FOODS,Aderezos Y Salsas,"[""Gluten-free"",""Kosher""]",1,https://riba.app/imgrs/THUMBS%20500X500/345618.JPG
345623,EVERYTHING SAUCE CHOSEN FOODS,81507402055,Despensa,CHOSEN FOODS,Aderezos Y Salsas,NULL,1,https://riba.app/imgrs/THUMBS%20500X500/345623.JPG
349749,OIL AVOCADO SQUEEZE CHOSEN FOO,81507402059,Despensa,CHOSEN FOODS,Aceites Y Mantecas,"[""Kosher""]",1,https://riba.app/imgrs/THUMBS%20500X500/349749.JPG
350409,CHOC HAZELNUT SPREAD CHOSEN FO,81507402077,Despensa,CHOSEN FOODS,Jaleas Mantequillas Y Mermeladas,"[""Gluten-free"",""Kosher"",""Vegano""]",1,https://riba.app/imgrs/THUMBS%20500X500/350409.JPG
280000,"MAYONESA, VEGAN, AVOCADO OIL",81507402131,Despensa,CHOSEN FOODS,Aderezos Y Salsas,"[""Keto"",""Kosher"",""Vegano""]",1,https://riba.app/imgrs/THUMBS%20500X500/280000.JPG
290706,DRESSING LEMON GARLIC MARINADE,81507402143,Despensa,CHOSEN FOODS,Aderezos Y Salsas,"[""Gluten-free""]",1,https://riba.app/imgrs/THUMBS%20500X500/290706.JPG
289595,AVOCADO OIL SPRAY GARLIC,81507402185,Despensa,CHOSEN FOODS,Aceites Y Mantecas,"[""Kosher""]",1,https://riba.app/imgrs/THUMBS%20500X500/289595.JPG
287204,DRESSING CAESAR & MARINADE,81507402249,Despensa,CHOSEN FOODS,Aderezos Y Salsas,"[""Gluten-free""]",1,https://riba.app/imgrs/THUMBS%20500X500/287204.JPG
287208,DRESSING RANCH & MARINADE,81507402283,Despensa,CHOSEN FOODS,Aderezos Y Salsas,"[""Gluten-free""]",1,https://riba.app/imgrs/THUMBS%20500X500/287208.JPG
352446,CF BALSAMIC HMSTYL DRESING,81507402383,Despensa,CHOSEN FOODS,Aderezos Y Salsas,"[""Gluten-free""]",1,https://riba.app/imgrs/THUMBS%20500X500/352446.JPG
352449,CF GREEK ARTICHOKE DRESSING,81507402388,Despensa,CHOSEN FOODS,Aderezos Y Salsas,"[""Gluten-free""]",1,https://riba.app/imgrs/THUMBS%20500X500/352449.JPG
352448,CF DRESSING ITALIAN ZESTY ,81507402396,Despensa,CHOSEN FOODS,Aderezos Y Salsas,NULL,1,https://riba.app/imgrs/THUMBS%20500X500/352448.JPG
315931,CORN FLAKES GRAN DIA,8153730519,Despensa,GRAN DIA,Cereales Y Granola,NULL,1,https://riba.app/imgrs/THUMBS%20500X500/315931.JPG
341983,JOVIAL FARFALLE BROWN RICE,81542101128,Despensa,JOVIAL,Pastas Secas,"[""Gluten-free"",""Kosher"",""Orgánico""]",1,https://riba.app/imgrs/THUMBS%20500X500/341983.JPG
341980,JOVIAL SPAGUETTI CASSAVA,81542101190,Despensa,JOVIAL,Pastas Secas,"[""Gluten-free"",""Kosher"",""Orgánico"",""Paleo""]",1,https://riba.app/imgrs/THUMBS%20500X500/341980.JPG
341981,JOVIAL FUSILI CASSAVA,81542101191,Despensa,JOVIAL,Pastas Secas,"[""Gluten-free"",""Kosher"",""Orgánico"",""Paleo""]",1,https://riba.app/imgrs/THUMBS%20500X500/341981.JPG
341979,JOVIAL PENNE CASSAVA OG,81542101192,Despensa,JOVIAL,Pastas Secas,"[""Gluten-free"",""Kosher"",""Orgánico"",""Paleo""]",1,https://riba.app/imgrs/THUMBS%20500X500/341979.JPG
341982,JOVIAL ELBOWS CASSAVA,81542101194,Despensa,JOVIAL,Pastas Secas,"[""Gluten-free"",""Kosher"",""Orgánico"",""Paleo""]",1,https://riba.app/imgrs/THUMBS%20500X500/341982.JPG
345117,JOVIAL ORG WHITE CHEEDAR,81542101800,Despensa,JOVIAL,Pastas Secas,"[""Gluten-free"",""Kosher"",""Orgánico""]",1,https://riba.app/imgrs/THUMBS%20500X500/345117.JPG
345110,JOVIAL GF MAC & CHEESE TRUFFLE,81542101802,Despensa,JOVIAL,Pastas Secas,"[""Gluten-free"",""Kosher"",""Orgánico""]",1,https://riba.app/imgrs/THUMBS%20500X500/345110.JPG
345109,JOVIAL GF DAIRY FREE VEGAN MAC,81542101803,Despensa,JOVIAL,Pastas Secas,"[""Gluten-free"",""Kosher"",""Orgánico""]",1,https://riba.app/imgrs/THUMBS%20500X500/345109.JPG
297759,PASTA TAHINI ORGANICA 16OZ,81653601101,Despensa,KEVALA,Aderezos Y Salsas,"[""Gluten-free"",""Kosher"",""Orgánico""]",1,https://riba.app/imgrs/THUMBS%20500X500/297759.JPG
291233,KEVALA MIEL ORGANICA,81653601115,Despensa,KEVALA,Siropes,"[""Gluten-free"",""Kosher"",""Orgánico""]",1,https://riba.app/imgrs/THUMBS%20500X500/291233.JPG
291230,KEVALA ACEITE DE SESAME,81653601141,Despensa,KEVALA,Aceites Y Mantecas,"[""Gluten-free"",""Orgánico""]",1,https://riba.app/imgrs/THUMBS%20500X500/291230.JPG
291231,KEVALA ACEITE DE AGUACATE,81653601149,Despensa,KEVALA,Aceites Y Mantecas,"[""Gluten-free""]",1,https://riba.app/imgrs/THUMBS%20500X500/291231.JPG
291232,ACEITE ORGAN EXTRA VIRGEN OLIV,81653601154,Despensa,KEVALA,Aceites Y Mantecas,"[""Gluten-free"",""Orgánico""]",1,https://riba.app/imgrs/THUMBS%20500X500/291232.JPG
340496,ACEITE COCO VIRGEN KEVALA,81653601157,Despensa,KEVALA,Aceites Y Mantecas,"[""Orgánico""]",1,https://riba.app/imgrs/THUMBS%20500X500/340496.JPG
291221,KEVALA TAHINI ORGANICO,81653601194,Despensa,KEVALA,Aderezos Y Salsas,"[""Gluten-free"",""Kosher"",""Orgánico""]",1,https://riba.app/imgrs/THUMBS%20500X500/291221.JPG
297760,LEVADURA INACTIVA KEVALA,81653601281,Despensa,KEVALA,Reposteria,"[""Kosher""]",1,https://riba.app/imgrs/THUMBS%20500X500/297760.JPG
297761,MANTEQUILLA KEVALA,81653601337,Despensa,KEVALA,Aceites Y Mantecas,NULL,1,https://riba.app/imgrs/THUMBS%20500X500/297761.JPG
307025,MANTECA COCONUT GHEE,81653601352,Despensa,KEVALA,Aceites Y Mantecas,NULL,1,https://riba.app/imgrs/THUMBS%20500X500/307025.JPG
301266,FULLGREEN RICE CAULIFLOWER,81714202000,Despensa,FULLGREEN,Conservas Y Encurtidos,"[""Gluten-free"",""Vegano""]",1,https://riba.app/imgrs/THUMBS%20500X500/301266.JPG
301267,FULLGREEN BROCCOLY & CAULIFLOR,81714202016,Despensa,FULLGREEN,Conservas Y Encurtidos,"[""Vegano""]",1,https://riba.app/imgrs/THUMBS%20500X500/301267.JPG
329740,SASONADOR CAJUN SLAP YA MAMA,81788500002,Despensa,SLAP YA MAMA,Condimentos Y Semillas,"[""Gluten-free"",""Kosher""]",1,https://riba.app/imgrs/THUMBS%20500X500/329740.JPG
2271,WHEAT GERM ORIGINAL ,81815801195,Despensa,KRETSCHMER,Avenas Y Cremas,"[""Kosher""]",1,https://riba.app/imgrs/THUMBS%20500X500/2271.JPG
2273,WHEAT GERM HONEY CRUNCH,81815801235,Despensa,KRETSCHMER,Avenas Y Cremas,"[""Kosher""]",1,https://riba.app/imgrs/THUMBS%20500X500/2273.JPG
2272,WHEAT GERM ORIGINAL ,81815801275,Despensa,KRETSCHMER,Avenas Y Cremas,"[""Kosher""]",1,https://riba.app/imgrs/THUMBS%20500X500/2272.JPG
308632,CONSOME DE MARISCOS,82085600865,Despensa,ANCESTRAL,Condimentos Y Semillas,NULL,1,https://riba.app/imgrs/THUMBS%20500X500/308632.JPG
308634,CREMA DE MARISCOS,82085600866,Despensa,ANCESTRAL,Sopas Y Cremas,NULL,1,https://riba.app/imgrs/THUMBS%20500X500/308634.JPG
308635,EMPANIZADOR ANCESTRAL,82085600867,Despensa,ANCESTRAL,Condimentos Y Semillas,NULL,1,https://riba.app/imgrs/THUMBS%20500X500/308635.JPG
308633,BASE PARA ARROZ CON MARISCOS,82085600868,Despensa,ANCESTRAL,Condimentos Y Semillas,NULL,1,https://riba.app/imgrs/THUMBS%20500X500/308633.JPG
258756,ACEITUNA VERDE CON PIMIENTO,8220601003,Despensa,LA SEVILLANA,Conservas Y Encurtidos,NULL,1,https://riba.app/imgrs/THUMBS%20500X500/258756.JPG
346872,CREMA CON PARGIANO REGGIANO TA,82764930129,Despensa,TARTUFLANGHE,Aderezos Y Salsas,"[""Gluten-free""]",1,https://riba.app/imgrs/THUMBS%20500X500/346872.JPG
296944,WHITE TRUFFLE SALT,82764930317,Despensa,TARTUFLANGHE,Condimentos Y Semillas,NULL,1,https://riba.app/imgrs/THUMBS%20500X500/296944.JPG
349336,BARRA CON AVENA BOBOS ORIGINAL,82926200562,Despensa,BOBOS,Cereales Y Granola,"[""Gluten-free"",""Kosher"",""Vegano""]",1,https://riba.app/imgrs/THUMBS%20500X500/349336.JPG
349337,BARRA CON BLUEBERRY BOBOS,82926200563,Despensa,BOBOS,Cereales Y Granola,"[""Gluten-free"",""Kosher"",""Vegano""]",1,https://riba.app/imgrs/THUMBS%20500X500/349337.JPG
300333,DULCE DE LECHE ALPINA 500G,8332208285,Despensa,ALPINA,Jaleas Mantequillas Y Mermeladas,"[""Kosher""]",1,https://riba.app/imgrs/THUMBS%20500X500/300333.JPG
345024,ACEITE DE AGUACATE FTM,83384900682,Despensa,FARM TO MARKET,Aceites Y Mantecas,NULL,1,https://riba.app/imgrs/THUMBS%20500X500/345024.JPG
257853,GRANOLA CRANBERRY ALMOND MAPLE,83522800601,Despensa,BAKERY ON MAIN,Cereales Y Granola,"[""Gluten-free"",""Kosher"",""Vegano""]",1,https://riba.app/imgrs/THUMBS%20500X500/257853.JPG
255456,ORG GRANOLA MAPLE QUINOA,83522800660,Despensa,BAKERY ON MAIN,Cereales Y Granola,"[""Gluten-free"",""Kosher"",""Orgánico"",""Vegano""]",1,https://riba.app/imgrs/THUMBS%20500X500/255456.JPG
255455,ORG GRANOLA GRAINS & HONEY,83522800661,Despensa,BAKERY ON MAIN,Cereales Y Granola,"[""Gluten-free"",""Kosher"",""Orgánico""]",1,https://riba.app/imgrs/THUMBS%20500X500/255455.JPG
255454,ORG GRANOLA BLUEBERRY FLAX,83522800662,Despensa,BAKERY ON MAIN,Cereales Y Granola,"[""Gluten-free"",""Kosher"",""Orgánico"",""Vegano""]",1,https://riba.app/imgrs/THUMBS%20500X500/255454.JPG
339983,PK DRESSING BFFLO RANCH,84022460008,Despensa,PRIMAL KITCHEN ,Aderezos Y Salsas,"[""Gluten-free"",""Keto"",""Paleo""]",1,https://riba.app/imgrs/THUMBS%20500X500/339983.JPG
343963,KETCHUP UNSWEET ORG SQZ PK,84022460019,Despensa,PRIMAL KITCHEN ,Aderezos Y Salsas,"[""Keto"",""Orgánico"",""Paleo""]",1,https://riba.app/imgrs/THUMBS%20500X500/343963.JPG
349138,DRESSING CAESAR W AVOCADO OIL,84022460023,Despensa,PRIMAL KITCHEN ,Aderezos Y Salsas,"[""Gluten-free""]",1,https://riba.app/imgrs/THUMBS%20500X500/349138.JPG
339987,PK KETCHUP W HONEY SQUEEZE,84022460038,Despensa,PRIMAL KITCHEN ,Aderezos Y Salsas,"[""Keto"",""Orgánico"",""Paleo""]",1,https://riba.app/imgrs/THUMBS%20500X500/339987.JPG
339988,PK KOREAN BBQ,84022460039,Despensa,PRIMAL KITCHEN ,Aderezos Y Salsas,"[""Gluten-free"",""Keto"",""Paleo""]",1,https://riba.app/imgrs/THUMBS%20500X500/339988.JPG
339989,PK NO SOY HNY TERIYAKI,84022460041,Despensa,PRIMAL KITCHEN ,Aderezos Y Salsas,"[""Gluten-free"",""Orgánico"",""Paleo""]",1,https://riba.app/imgrs/THUMBS%20500X500/339989.JPG
339993,PK DRESSING PPPY W AVOCADO,84022460052,Despensa,PRIMAL KITCHEN ,Aderezos Y Salsas,"[""Gluten-free"",""Keto"",""Paleo""]",1,https://riba.app/imgrs/THUMBS%20500X500/339993.JPG
343965,DIP AVOCADO LIME PRIMAL KITCHE,84022460072,Despensa,PRIMAL KITCHEN ,Aderezos Y Salsas,"[""Gluten-free"",""Keto"",""Paleo""]",1,https://riba.app/imgrs/THUMBS%20500X500/343965.JPG
349136,SAUCE DIP SPECIAL BURGER,84022460075,Despensa,PRIMAL KITCHEN,Aderezos Y Salsas,"[""Gluten-free"",""Keto"",""Paleo""]",1,https://riba.app/imgrs/THUMBS%20500X500/349136.JPG
349141,AIR FRYER OIL 4.7 OZ,84022460077,Despensa,PRIMAL BAKERY,Aceites Y Mantecas,"[""Keto"",""Paleo""]",1,https://riba.app/imgrs/THUMBS%20500X500/349141.JPG
265097,ACEITE DE OLIVA PET ,841001000018,Despensa,CARBONELL,Aceites Y Mantecas,NULL,1,https://riba.app/imgrs/THUMBS%20500X500/265097.JPG
265099,ACEITE DE OLIVA ORGANICO ,841001001866,Despensa,CARBONELL,Aceites Y Mantecas,"[""Kosher"",""Orgánico""]",1,https://riba.app/imgrs/THUMBS%20500X500/265099.JPG
328795,ACEITUNAS RELL MANZ DESHU ,841001011130,Despensa,CARBONELL,Conservas Y Encurtidos,NULL,1,https://riba.app/imgrs/THUMBS%20500X500/328795.JPG
289153,CARBONELL PRIVILEGIO ,841001022550,Despensa,CARBONELL,Aceites Y Mantecas,"[""Kosher""]",1,https://riba.app/imgrs/THUMBS%20500X500/289153.JPG
312026,CARBONELL RELLENA DE PIMIENTO ,841001024016,Despensa,CARBONELL,Conservas Y Encurtidos,NULL,1,https://riba.app/imgrs/THUMBS%20500X500/312026.JPG
250165,ACEITE OLIVA EXTRA VIRGEN,841001026170,Despensa,CARBONELL,Aceites Y Mantecas,"[""Kosher""]",1,https://riba.app/imgrs/THUMBS%20500X500/250165.JPG
285364,ACEITE DE OLIVA VIRGEN EXTRA,841001026422,Despensa,CARBONELL,Aceites Y Mantecas,NULL,1,https://riba.app/imgrs/THUMBS%20500X500/285364.JPG
76413,ACEITE DE OLIVA EXTRA VIRGEN,841001027258,Despensa,CARBONELL,Aceites Y Mantecas,NULL,1,https://riba.app/imgrs/THUMBS%20500X500/76413.JPG
351710,CARB GIRASOL+ OLIVA VIRGEN EXT,841001028332,Despensa,CARBONELL,Aceites Y Mantecas,NULL,1,https://riba.app/imgrs/THUMBS%20500X500/351710.JPG
351711,CARBONEL ACEITE DE GRSL & OLIV,841001028334,Despensa,CARBONELL,Aceites Y Mantecas,NULL,1,https://riba.app/imgrs/THUMBS%20500X500/351711.JPG
76002,VINAGRE DE JEREZ,841001032104,Despensa,CARBONELL,Vinagre,NULL,1,https://riba.app/imgrs/THUMBS%20500X500/76002.JPG
322517,CARBLL ACEITUNAS NEGRAS SIN HU,841001040392,Despensa,CARBONELL,Conservas Y Encurtidos,NULL,1,https://riba.app/imgrs/THUMBS%20500X500/322517.JPG
333914,CARB-MX ACEITUNAS RELL D PIMIE,841001040400,Despensa,CARBONELL,Conservas Y Encurtidos,NULL,1,https://riba.app/imgrs/THUMBS%20500X500/333914.JPG
289158,ACEITUNA RELLENA JAMON SERRANO,841001040421,Despensa,CARBONELL,Conservas Y Encurtidos,NULL,1,https://riba.app/imgrs/THUMBS%20500X500/289158.JPG
289159,ACEITUNAS RELLENA QUESO AZUL,841001040422,Despensa,CARBONELL,Conservas Y Encurtidos,NULL,1,https://riba.app/imgrs/THUMBS%20500X500/289159.JPG
289154,CARB MX ACEITUNAS DESHUESADA,841001040483,Despensa,CARBONELL,Conservas Y Encurtidos,NULL,1,https://riba.app/imgrs/THUMBS%20500X500/289154.JPG
289157,CARBNELACEITUNA RELLENA PIMENT,841001040485,Despensa,CARBONELL,Conservas Y Encurtidos,NULL,1,https://riba.app/imgrs/THUMBS%20500X500/289157.JPG
289162,CARBONELL ALCAPARRAS,841001070110,Despensa,CARBONELL,Conservas Y Encurtidos,NULL,1,https://riba.app/imgrs/THUMBS%20500X500/289162.JPG
128586,CARBONELL ACEITUNA RELLENAS ,841001070516,Despensa,CARBONELL,Conservas Y Encurtidos,NULL,1,https://riba.app/imgrs/THUMBS%20500X500/128586.JPG
128584,CARBONLL ACEITUNAS V CON HUESO,841001070623,Despensa,CARBONELL,Conservas Y Encurtidos,NULL,1,https://riba.app/imgrs/THUMBS%20500X500/128584.JPG
128585,ACEITUNA VERDE SIN HUESO,841001070706,Despensa,CARBONELL,Conservas Y Encurtidos,NULL,1,https://riba.app/imgrs/THUMBS%20500X500/128585.JPG
128587,CARBONELL ACEITUNAS VERDES ROD,841001071407,Despensa,CARBONELL,Conservas Y Encurtidos,NULL,1,https://riba.app/imgrs/THUMBS%20500X500/128587.JPG
76745,VINAGRE BALSAMICO,841001073577,Despensa,CARBONELL,Vinagre,NULL,1,https://riba.app/imgrs/THUMBS%20500X500/76745.JPG
265098,ACEITE DE OLIVA X VIRGEN PET ,841001080085,Despensa,CARBONELL,Aceites Y Mantecas,"[""Kosher""]",1,https://riba.app/imgrs/THUMBS%20500X500/265098.JPG
13721,ACEITE DE OLIVA EXTRA VIRGEN,841001082669,Despensa,CARBONELL,Aceites Y Mantecas,NULL,1,https://riba.app/imgrs/THUMBS%20500X500/13721.JPG
13738,VINAGRE DE VINO ROJO,841001085506,Despensa,CARBONELL,Vinagre,NULL,1,https://riba.app/imgrs/THUMBS%20500X500/13738.JPG
13748,VINAGRE BLANCO ,841001085514,Despensa,CARBONELL,Vinagre,NULL,1,https://riba.app/imgrs/THUMBS%20500X500/13748.JPG
221090,CARBONELL BALSAMIC GLAZE,841001086109,Despensa,CARBONELL,Aderezos Y Salsas,NULL,1,https://riba.app/imgrs/THUMBS%20500X500/221090.JPG
336999,NOCILLA ENERGY ORIG,841001447745,Despensa,NOCILLA,Jaleas Mantequillas Y Mermeladas,"[""Gluten-free""]",1,https://riba.app/imgrs/THUMBS%20500X500/336999.JPG
76495,PEPINILLOS ENTEROS 12 345 GR,841001600643,Despensa,ALISA,Conservas Y Encurtidos,NULL,1,https://riba.app/imgrs/THUMBS%20500X500/76495.JPG
258755,ACEITUNA VERDE RELLENA PIMIENT,841002101021,Despensa,LA SEVILLANA,Conservas Y Encurtidos,NULL,1,https://riba.app/imgrs/THUMBS%20500X500/258755.JPG
258754,ACEITUNAS RELLENAS PIMIENTO,841002101025,Despensa,LA SEVILLANA,Conservas Y Encurtidos,NULL,1,https://riba.app/imgrs/THUMBS%20500X500/258754.JPG
241773,ACEITUNAS RELLENAS DE ANCHOAS,841002101106,Despensa,LA SEVILLANA,Conservas Y Encurtidos,NULL,1,https://riba.app/imgrs/THUMBS%20500X500/241773.JPG
241778,ACEITUNAS NEGRAS ENTERAS,841002153777,Despensa,LA SEVILLANA,Conservas Y Encurtidos,NULL,1,https://riba.app/imgrs/THUMBS%20500X500/241778.JPG
241777,ACEITUNAS VERDES ENTERADAS,841002154234,Despensa,LA SEVILLANA,Conservas Y Encurtidos,NULL,1,https://riba.app/imgrs/THUMBS%20500X500/241777.JPG
241776,ACEITUNAS VERDES DESHUESADAS,841002154239,Despensa,LA SEVILLANA,Conservas Y Encurtidos,NULL,1,https://riba.app/imgrs/THUMBS%20500X500/241776.JPG
258757,ACEITUNA VERDE CON PIMIENTO,841002154243,Despensa,LA SEVILLANA,Conservas Y Encurtidos,NULL,1,https://riba.app/imgrs/THUMBS%20500X500/258757.JPG
310685,ACEITUNAS ALIÑADAS GAZPACHA,841002154314,Despensa,LA SEVILLANA,Conservas Y Encurtidos,NULL,1,https://riba.app/imgrs/THUMBS%20500X500/310685.JPG
310684,ACEITUNAS VERDES SIN HUESO ,841002154451,Despensa,LA SEVILLANA,Conservas Y Encurtidos,NULL,1,https://riba.app/imgrs/THUMBS%20500X500/310684.JPG
310683,ACEITUNAS VERDES C/PIMIENTO,841002154452,Despensa,LA SEVILLANA,Conservas Y Encurtidos,NULL,1,https://riba.app/imgrs/THUMBS%20500X500/310683.JPG
241772,ACEITUNA V RELLENA DE PIMIENTO,841002154457,Despensa,LA SEVILLANA,Conservas Y Encurtidos,"[""Gluten-free""]",1,https://riba.app/imgrs/THUMBS%20500X500/241772.JPG
241775,ACEITUNAS VERDES EN RODAJAS,841002154701,Despensa,LA SEVILLANA,Conservas Y Encurtidos,NULL,1,https://riba.app/imgrs/THUMBS%20500X500/241775.JPG
241774,ACEITUNAS NEGRAS EN RODAJAS,841002154702,Despensa,LA SEVILLANA,Conservas Y Encurtidos,NULL,1,https://riba.app/imgrs/THUMBS%20500X500/241774.JPG
241779,ACEITUNAS V RELLENAS LIMON,841002154703,Despensa,LA SEVILLANA,Conservas Y Encurtidos,NULL,1,https://riba.app/imgrs/THUMBS%20500X500/241779.JPG
241780,ACEITUNA RELLENA DE CEBOLLITAS,841002154704,Despensa,LA SEVILLANA,Conservas Y Encurtidos,NULL,1,https://riba.app/imgrs/THUMBS%20500X500/241780.JPG
241781,ACEITUNA RELLENA DE AJO,841002154705,Despensa,LA SEVILLANA,Conservas Y Encurtidos,NULL,1,https://riba.app/imgrs/THUMBS%20500X500/241781.JPG
83329,SPAGHETTI N 3 ,841006900145,Despensa,GALLO,Pastas Secas,NULL,1,https://riba.app/imgrs/THUMBS%20500X500/83329.JPG
196205,LASAGNA AL HUEVO  PRE COCIDA,841006901050,Despensa,GALLO,Pastas Secas,NULL,1,https://riba.app/imgrs/THUMBS%20500X500/196205.JPG
269544,SALSA PESTO VERDE,841006901438,Despensa,GALLO,Aderezos Y Salsas,"[""Gluten-free""]",1,https://riba.app/imgrs/THUMBS%20500X500/269544.JPG
309744,PASTA GALLO TULIPANES,841006901791,Despensa,GALLO,Pastas Secas,NULL,1,https://riba.app/imgrs/THUMBS%20500X500/309744.JPG
298289,PASTA GALLO HELICES TOMATE ESP,841006901792,Despensa,GALLO,Pastas Secas,NULL,1,https://riba.app/imgrs/THUMBS%20500X500/298289.JPG
298294,PASTA MARGARITAS TOMATE ESPINA,841006901795,Despensa,GALLO,Pastas Secas,NULL,1,https://riba.app/imgrs/THUMBS%20500X500/298294.JPG
298290,PASTA PAJARITAS TOMATE ESPINAC,841006901798,Despensa,GALLO,Pastas Secas,NULL,1,https://riba.app/imgrs/THUMBS%20500X500/298290.JPG
347400,PASTA PLUMAS TOMATE TRICOLOR,841006901799,Despensa,GALLO,Pastas Secas,NULL,1,https://riba.app/imgrs/THUMBS%20500X500/347400.JPG
304808,SPAGHETTINI TRICOLORE GALLO,841006901820,Despensa,GALLO,Pastas Secas,NULL,1,https://riba.app/imgrs/THUMBS%20500X500/304808.JPG
304805,FIDEO GALLO N2 450G,841006901833,Despensa,GALLO,Pastas Secas,NULL,1,https://riba.app/imgrs/THUMBS%20500X500/304805.JPG
304806,SPAGHETTI INTEGRAL GALLO,841006901844,Despensa,GALLO,Pastas Secas,NULL,1,https://riba.app/imgrs/THUMBS%20500X500/304806.JPG
298292,PLUMAS RAYADAS INTEGRALES,841006901845,Despensa,GALLO,Pastas Secas,NULL,1,https://riba.app/imgrs/THUMBS%20500X500/298292.JPG
311476,SPAGHETTI S GLUTEN GALLO,841006901854,Despensa,GALLO,Pastas Secas,"[""Gluten-free"",""Vegano""]",1,https://riba.app/imgrs/THUMBS%20500X500/311476.JPG
304708,SALSA NAPOLITANA SIN GLUTEN,841006901868,Despensa,GALLO,Aderezos Y Salsas,"[""Gluten-free""]",1,https://riba.app/imgrs/THUMBS%20500X500/304708.JPG
304707,SALSA BOLOGNESA SIN GLU GALLO,841006901872,Despensa,GALLO,Aderezos Y Salsas,"[""Gluten-free""]",1,https://riba.app/imgrs/THUMBS%20500X500/304707.JPG
311473,MACARRON RAYADO GALLO,841006901892,Despensa,GALLO,Pastas Secas,NULL,1,https://riba.app/imgrs/THUMBS%20500X500/311473.JPG
304809,PASTA SECA TALLARIN GALLO,841006901895,Despensa,GALLO,Pastas Secas,NULL,1,https://riba.app/imgrs/THUMBS%20500X500/304809.JPG
304807,SPAGHETTI N3 GALLO,841006901896,Despensa,GALLO,Pastas Secas,NULL,1,https://riba.app/imgrs/THUMBS%20500X500/304807.JPG
347399,PASTA GALLO HELICES,841006901897,Despensa,GALLO,Pastas Secas,NULL,1,https://riba.app/imgrs/THUMBS%20500X500/347399.JPG
311474,PASTA PLUMAS GALLO,841006901899,Despensa,GALLO,Pastas Secas,NULL,1,https://riba.app/imgrs/THUMBS%20500X500/311474.JPG
311475,SPAGHETTI FINO GALLO,841006901901,Despensa,GALLO,Pastas Secas,NULL,1,https://riba.app/imgrs/THUMBS%20500X500/311475.JPG
347398,PASTA GALLO PAJARITAS FARAFALE,841006901945,Despensa,GALLO,Pastas Secas,NULL,1,https://riba.app/imgrs/THUMBS%20500X500/347398.JPG
107364,RAVIOLIS CON QUESO GALLO,841006904072,Despensa,GALLO,Pastas Secas,NULL,1,https://riba.app/imgrs/THUMBS%20500X500/107364.JPG
36020,PASTA TORTELLINI CARNE GALLO,841006904970,Despensa,GALLO,Pastas Secas,NULL,1,https://riba.app/imgrs/THUMBS%20500X500/36020.JPG
359188,PASTA TORTELLINI CON QUESO,841006904972,Despensa,GALLO,Pastas Secas,NULL,1,https://riba.app/imgrs/THUMBS%20500X500/359188.JPG
161463,ACEITUNA ANCHOA BAJA SAL,841013400678,Despensa,FRAGATA,Conservas Y Encurtidos,NULL,1,https://riba.app/imgrs/THUMBS%20500X500/161463.JPG
194462,SNACK ACEITUNA DESH PICANTE,841013401044,Despensa,FRAGATA,Conservas Y Encurtidos,NULL,1,https://riba.app/imgrs/THUMBS%20500X500/194462.JPG
194460,SNACK ACEITUNA TOM ACEITE OLI ,841013401179,Despensa,FRAGATA,Conservas Y Encurtidos,"[""Gluten-free""]",1,https://riba.app/imgrs/THUMBS%20500X500/194460.JPG
115490,MERMELADA DE FRESA DIETA,841013401939,Despensa,LA VIEJA FABRICA,Jaleas Mantequillas Y Mermeladas,"[""Gluten-free""]",1,https://riba.app/imgrs/THUMBS%20500X500/115490.JPG
130149,MERMELADA FRAMBUESA DIETA,841013401944,Despensa,LA VIEJA FABRICA,Jaleas Mantequillas Y Mermeladas,NULL,1,https://riba.app/imgrs/THUMBS%20500X500/130149.JPG
130148,MERMELADA DE MELOCOTON DIETA,841013401945,Despensa,LA VIEJA FABRICA,Jaleas Mantequillas Y Mermeladas,NULL,1,https://riba.app/imgrs/THUMBS%20500X500/130148.JPG
268628,ACEITUNAS SIN HUESO TOQ DE SAL,841013402031,Despensa,FRAGATA,Conservas Y Encurtidos,"[""Gluten-free""]",1,https://riba.app/imgrs/THUMBS%20500X500/268628.JPG
346500,MERMELADA DE FRESA LA VIEJA FA,841013402362,Despensa,LA VIEJA FABRICA,Jaleas Mantequillas Y Mermeladas,NULL,1,https://riba.app/imgrs/THUMBS%20500X500/346500.JPG
346514,MERMELADA FRUTOS BOSQUE,841013402384,Despensa,LA VIEJA FABRICA,Jaleas Mantequillas Y Mermeladas,"[""Gluten-free""]",1,https://riba.app/imgrs/THUMBS%20500X500/346514.JPG
346515,MERMELADA DE PINA LA VIEJA FAB,841013402456,Despensa,LA VIEJA FABRICA,Jaleas Mantequillas Y Mermeladas,NULL,1,https://riba.app/imgrs/THUMBS%20500X500/346515.JPG
340451,SALSA TOMATE Y PIMIENTO LVF,841013402630,Despensa,LA VIEJA FABRICA,Jaleas Mantequillas Y Mermeladas,"[""Gluten-free""]",1,https://riba.app/imgrs/THUMBS%20500X500/340451.JPG
21963,ACEITUNAS MAN RELLENAS 85g,841013404420,Despensa,FRAGATA,Conservas Y Encurtidos,"[""Gluten-free""]",1,https://riba.app/imgrs/THUMBS%20500X500/21963.JPG
21953,ACEITUNA VERDE CON SEMILLA,841013408300,Despensa,FRAGATA,Conservas Y Encurtidos,"[""Gluten-free""]",1,https://riba.app/imgrs/THUMBS%20500X500/21953.JPG
115483,CEBOLLITAS 12 345 GR,841013408630,Despensa,FRAGATA,Conservas Y Encurtidos,NULL,1,https://riba.app/imgrs/THUMBS%20500X500/115483.JPG
21976,ALCAPARRAS,841013460380,Despensa,FRAGATA,Conservas Y Encurtidos,"[""Gluten-free""]",1,https://riba.app/imgrs/THUMBS%20500X500/21976.JPG
189757,ALCAPARRAS PEQUEÑAS,841019300848,Despensa,ITALICA,Conservas Y Encurtidos,NULL,1,https://riba.app/imgrs/THUMBS%20500X500/189757.JPG
189758,ALCAPARRAS PEQUEÑAS,841019300849,Despensa,ITALICA,Conservas Y Encurtidos,"[""Kosher""]",1,https://riba.app/imgrs/THUMBS%20500X500/189758.JPG
167791,ACEITUNA DELUXE RELL ANCHOA,841022601112,Despensa,LA ESPANOLA,Conservas Y Encurtidos,"[""Gluten-free""]",1,https://riba.app/imgrs/THUMBS%20500X500/167791.JPG
167790,ACEITUNA VERDE CLASICA R.A.,841022601154,Despensa,LA ESPANOLA,Conservas Y Encurtidos,"[""Gluten-free""]",1,https://riba.app/imgrs/THUMBS%20500X500/167790.JPG
167792,ACEITUNA RELLENA ANCHOAS SUAV,841022601174,Despensa,LA ESPANOLA,Conservas Y Encurtidos,NULL,1,https://riba.app/imgrs/THUMBS%20500X500/167792.JPG
167795,ACEITUNA RELL ANCHOA OMEG,841022601193,Despensa,LA ESPANOLA,Conservas Y Encurtidos,"[""Gluten-free""]",1,https://riba.app/imgrs/THUMBS%20500X500/167795.JPG
167793,ACEITUNA CON PASTA PIMIENT,841022601214,Despensa,LA ESPANOLA,Conservas Y Encurtidos,"[""Gluten-free""]",1,https://riba.app/imgrs/THUMBS%20500X500/167793.JPG
167800,ACEITUNA NEGRA HUESO ESPAÑOL,841022601704,Despensa,LA ESPANOLA,Conservas Y Encurtidos,"[""Gluten-free""]",1,https://riba.app/imgrs/THUMBS%20500X500/167800.JPG
167801,ACEITUNA NEGRA SIN HUES,841022601764,Despensa,LA ESPANOLA,Conservas Y Encurtidos,"[""Gluten-free""]",1,https://riba.app/imgrs/THUMBS%20500X500/167801.JPG
314686, ACEITUNAS VERDES MEDIT 330 GR,841022604121,Despensa,LA ESPAÑOLA (OLIVE OIL),Conservas Y Encurtidos,NULL,1,https://riba.app/imgrs/THUMBS%20500X500/314686.JPG
298243,GAZPACHA ACEITUNA VERDE PARTID,841022604122,Despensa,LA ESPANOLA,Conservas Y Encurtidos,NULL,1,https://riba.app/imgrs/THUMBS%20500X500/298243.JPG
300474,ACEITUNA GORDAL CON AJO Y PIMI,841022604123,Despensa,LA ESPANOLA,Conservas Y Encurtidos,NULL,1,https://riba.app/imgrs/THUMBS%20500X500/300474.JPG
77830,TALLARIN CARBONA 12 145 GR,841030010130,Despensa,GALLINA BLANCA,Pastas Secas,NULL,1,https://riba.app/imgrs/THUMBS%20500X500/77830.JPG
111491,SPAGHETTI TRES QUESO 12 135 GR,841030010658,Despensa,GALLINA BLANCA,Pastas Secas,NULL,1,https://riba.app/imgrs/THUMBS%20500X500/111491.JPG
266952,CALDO CASER PAELLA FACIL GB,841030034895,Despensa,GALLINA BLANCA,Sopas Y Cremas,"[""Gluten-free""]",1,https://riba.app/imgrs/THUMBS%20500X500/266952.JPG
266949,CALDO CASERO PESCADO MARISCO,841030034902,Despensa,GALLINA BLANCA,Sopas Y Cremas,"[""Gluten-free""]",1,https://riba.app/imgrs/THUMBS%20500X500/266949.JPG
234723,CHOCOLATE BLANCO PARA FUNDIR,841034200218,Despensa,TORRAS,Reposteria,"[""Gluten-free""]",1,https://riba.app/imgrs/THUMBS%20500X500/234723.JPG
227430,CREMA DE CACAO AVELLANAS ,841034200350,Despensa,TORRAS,Jaleas Mantequillas Y Mermeladas,"[""Gluten-free""]",1,https://riba.app/imgrs/THUMBS%20500X500/227430.JPG
234724,CHOCOLATE NEGRO PARA FUNDIR,841034200805,Despensa,TORRAS,Reposteria,"[""Gluten-free""]",1,https://riba.app/imgrs/THUMBS%20500X500/234724.JPG
15060,ACEITE DE OLIVA EXTRA VIRGEN,841066000101,Despensa,LA ESPAÑOLA (OLIVE OIL),Aceites Y Mantecas,"[""Kosher""]",1,https://riba.app/imgrs/THUMBS%20500X500/15060.JPG
15040,ACEITE DE OLIVA PURO PVC,841066010101,Despensa,LA ESPAÑOLA (OLIVE OIL),Aceites Y Mantecas,"[""Kosher""]",1,https://riba.app/imgrs/THUMBS%20500X500/15040.JPG
15061,ACEITE DE OLIVA EXTRA VIRGEN,841066010105,Despensa,LA ESPAÑOLA (OLIVE OIL),Aceites Y Mantecas,"[""Kosher""]",1,https://riba.app/imgrs/THUMBS%20500X500/15061.JPG
250333,ACEITE OLIVA VIRGEN ORGANIC,841066010106,Despensa,LA ESPAÑOLA (OLIVE OIL),Aceites Y Mantecas,"[""Kosher""]",1,https://riba.app/imgrs/THUMBS%20500X500/250333.JPG
15029,ACEITE  DE OLIVA CLASICO,841066010111,Despensa,LA ESPAÑOLA (OLIVE OIL),Aceites Y Mantecas,"[""Kosher""]",1,https://riba.app/imgrs/THUMBS%20500X500/15029.JPG
105224,ACEITE DE OLIVA LIGHT 12 500ML,841066010127,Despensa,LA ESPAÑOLA (OLIVE OIL),Aceites Y Mantecas,"[""Kosher""]",1,https://riba.app/imgrs/THUMBS%20500X500/105224.JPG
14945,ACEITE DE OLIVA VIRGEN EXTRA,841066010148,Despensa,LA ESPAÑOLA (OLIVE OIL),Aceites Y Mantecas,NULL,1,https://riba.app/imgrs/THUMBS%20500X500/14945.JPG
337192,ANETO NAT SEAFOODS PAELLA MARI,841074813101,Despensa,ANETO NATURAL,Sopas Y Cremas,"[""Gluten-free""]",1,https://riba.app/imgrs/THUMBS%20500X500/337192.JPG
337194,ANETO NAT MEAT PAELLA,841074813201,Despensa,ANETO NATURAL,Sopas Y Cremas,"[""Gluten-free""]",1,https://riba.app/imgrs/THUMBS%20500X500/337194.JPG
337196,ANETO NAT PARA PAELLA ARROZ NE,841074813301,Despensa,ANETO NATURAL,Sopas Y Cremas,"[""Gluten-free""]",1,https://riba.app/imgrs/THUMBS%20500X500/337196.JPG
337197,ANETO NAT FIDEUA ,841074813401,Despensa,ANETO NATURAL,Sopas Y Cremas,"[""Gluten-free""]",1,https://riba.app/imgrs/THUMBS%20500X500/337197.JPG
337188,ANETO NAT CALDO DEL POLLO,841074820100,Despensa,ANETO NATURAL,Sopas Y Cremas,"[""Gluten-free""]",1,https://riba.app/imgrs/THUMBS%20500X500/337188.JPG
337191,ANETO NAT 0% SODIUM CLD POLLO,841074820103,Despensa,ANETO NATURAL,Sopas Y Cremas,"[""Gluten-free""]",1,https://riba.app/imgrs/THUMBS%20500X500/337191.JPG
337189,ANETO NAT CLD VEGETALES,841074830100,Despensa,ANETO NATURAL,Sopas Y Cremas,"[""Gluten-free""]",1,https://riba.app/imgrs/THUMBS%20500X500/337189.JPG
337190,ANETO NAT CALDO DE PESCADO,841074850100,Despensa,ANETO NATURAL,Sopas Y Cremas,"[""Gluten-free""]",1,https://riba.app/imgrs/THUMBS%20500X500/337190.JPG
22933,ALCAPARRAS DON JUAN,841086550768,Despensa,DON JUAN,Conservas Y Encurtidos,NULL,1,https://riba.app/imgrs/THUMBS%20500X500/22933.JPG
22404,ACEITUNA DON JUAN PIMIENTO,841086552768,Despensa,DON JUAN,Conservas Y Encurtidos,"[""Gluten-free"",""Kosher""]",1,https://riba.app/imgrs/THUMBS%20500X500/22404.JPG
22930,ALCAPARRADO DON JUAN,841086552865,Despensa,DON JUAN,Conservas Y Encurtidos,NULL,1,https://riba.app/imgrs/THUMBS%20500X500/22930.JPG
15321,PIMIENTOS MORRONES ROJO DULCES,841091634120,Despensa,COMUNA,Conservas Y Encurtidos,NULL,1,https://riba.app/imgrs/THUMBS%20500X500/15321.JPG
15101,PIMIENTOS ROJOS DULCES,841091634320,Despensa,COMUNA,Conservas Y Encurtidos,"[""Kosher""]",1,https://riba.app/imgrs/THUMBS%20500X500/15101.JPG
15103,PIMIENTOS ROJOS DULCES,841091634360,Despensa,COMUNA,Conservas Y Encurtidos,NULL,1,https://riba.app/imgrs/THUMBS%20500X500/15103.JPG
69919,PIMIENTO ROJOS ENTEROS ASADOS,841091634460,Despensa,COMUNA,Conservas Y Encurtidos,"[""Kosher""]",1,https://riba.app/imgrs/THUMBS%20500X500/69919.JPG
15055,CORAZONES DE ALCACHOFAS 8/10 N,841091635122,Despensa,COMUNA,Conservas Y Encurtidos,NULL,1,https://riba.app/imgrs/THUMBS%20500X500/15055.JPG
15285,ARTICHOKE HEART MARINATED,841091635129,Despensa,COMUNA,Conservas Y Encurtidos,NULL,1,https://riba.app/imgrs/THUMBS%20500X500/15285.JPG
15088,CORAZONES DE ALCACHOFAS 5/7 N,841091635325,Despensa,COMUNA,Conservas Y Encurtidos,NULL,1,https://riba.app/imgrs/THUMBS%20500X500/15088.JPG
15085,ALCACHOFAS CORTADAS,841091635335,Despensa,COMUNA,Conservas Y Encurtidos,"[""Kosher""]",1,https://riba.app/imgrs/THUMBS%20500X500/15085.JPG
15462,ARTICHOLE BOTTOMS,841091639322,Despensa,COMUNA,Conservas Y Encurtidos,"[""Kosher""]",1,https://riba.app/imgrs/THUMBS%20500X500/15462.JPG
156080,HONGOS ENTERO KMAID,841091688521,Despensa,KITCHEN MAID,Conservas Y Encurtidos,NULL,1,https://riba.app/imgrs/THUMBS%20500X500/156080.JPG
156079,HONGOS REBANADOS TALLOS KMAID,841091688522,Despensa,KITCHEN MAID,Conservas Y Encurtidos,NULL,1,https://riba.app/imgrs/THUMBS%20500X500/156079.JPG
60334,MELOCOTONES MITADES,841091691006,Despensa,DIAMANTE,Conservas Y Encurtidos,NULL,1,https://riba.app/imgrs/THUMBS%20500X500/60334.JPG
9066,COCKTAIL DE FRUTAS EN ALMIBAR,841091691161,Despensa,DIAMANTE,Conservas Y Encurtidos,NULL,1,https://riba.app/imgrs/THUMBS%20500X500/9066.JPG
25980,TOMATE PELADO 24 14 OZ,841091691235,Despensa,DIAMANTE,Conservas Y Encurtidos,NULL,1,https://riba.app/imgrs/THUMBS%20500X500/25980.JPG
25981,TOMATE ENTERO PELADO,841091691236,Despensa,DIAMANTE,Conservas Y Encurtidos,NULL,1,https://riba.app/imgrs/THUMBS%20500X500/25981.JPG
65064,TOMATES TRITURADOS 24 14 OZ,841091691240,Despensa,DIAMANTE,Conservas Y Encurtidos,NULL,1,https://riba.app/imgrs/THUMBS%20500X500/65064.JPG
105849,ESPARRAGOS VERDES ,841091691280,Despensa,DIAMANTE,Conservas Y Encurtidos,NULL,1,https://riba.app/imgrs/THUMBS%20500X500/105849.JPG
60333,ESPARRAGOS 12 370GR VIDRIO,841091691281,Despensa,DIAMANTE,Conservas Y Encurtidos,NULL,1,https://riba.app/imgrs/THUMBS%20500X500/60333.JPG
25968, ALCACHOFAS AL NATURAL,841091691337,Despensa,DIAMANTE,Conservas Y Encurtidos,NULL,1,https://riba.app/imgrs/THUMBS%20500X500/25968.JPG
9094,PIMIENTOS MORRONES,841091691403,Despensa,DIAMANTE,Conservas Y Encurtidos,NULL,1,https://riba.app/imgrs/THUMBS%20500X500/9094.JPG
25977, PIMIENTOS MORRONES ,841091691415,Despensa,DIAMANTE,Conservas Y Encurtidos,NULL,1,https://riba.app/imgrs/THUMBS%20500X500/25977.JPG
25978,PIMIENTOS MORRONES 12 1KG DIAM,841091691418,Despensa,DIAMANTE,Conservas Y Encurtidos,NULL,1,https://riba.app/imgrs/THUMBS%20500X500/25978.JPG
25969,GARBANZOS 24 300 GR,841091691505,Despensa,DIAMANTE,Arroz Y Granos,NULL,1,https://riba.app/imgrs/THUMBS%20500X500/25969.JPG
154047,ACEITE DE OLIVA EXTRA VIRGEN,841134200046,Despensa,MUELOLIVA,Aceites Y Mantecas,NULL,1,https://riba.app/imgrs/THUMBS%20500X500/154047.JPG
22931,ALCAPARRADO,841355200483,Despensa,DON JUAN,Conservas Y Encurtidos,"[""Gluten-free"",""Kosher""]",1,https://riba.app/imgrs/THUMBS%20500X500/22931.JPG
22416,ACEITUNAS VERDES DESHUESADAS ,841355200734,Despensa,DON JUAN,Conservas Y Encurtidos,"[""Gluten-free"",""Kosher""]",1,https://riba.app/imgrs/THUMBS%20500X500/22416.JPG
319765,FLAN CON AZUCAR Y CARAMENLO ,841370000117,Despensa,CARMENCITA,Reposteria,"[""Gluten-free""]",1,https://riba.app/imgrs/THUMBS%20500X500/319765.JPG
319823,PIMIENTA NEGRA Y SAL ROSA HIMA,841370000125,Despensa,CARMENCITA,Condimentos Y Semillas,NULL,1,https://riba.app/imgrs/THUMBS%20500X500/319823.JPG
319815,PIMIENTA Y SAL MARINA,841370000141,Despensa,CARMENCITA,Condimentos Y Semillas,"[""Gluten-free""]",1,https://riba.app/imgrs/THUMBS%20500X500/319815.JPG
319818,SAZONADOR DE PATATAS,841370000142,Despensa,CARMENCITA,Condimentos Y Semillas,"[""Gluten-free""]",1,https://riba.app/imgrs/THUMBS%20500X500/319818.JPG
319833,PIMIENTA NEGRA Y SAL MARINA,841370000143,Despensa,CARMENCITA,Condimentos Y Semillas,"[""Gluten-free""]",1,https://riba.app/imgrs/THUMBS%20500X500/319833.JPG
319852,PAELLA KIT VERDURA ,841370000160,Despensa,CARMENCITA,Arroz Y Granos,"[""Gluten-free""]",1,https://riba.app/imgrs/THUMBS%20500X500/319852.JPG
319850,ARROZ PARA PAELLA Y SASONADOR,841370000164,Despensa,CARMENCITA,Arroz Y Granos,"[""Gluten-free""]",1,https://riba.app/imgrs/THUMBS%20500X500/319850.JPG
319773,SAZONADOR COMPLETO ,841370000170,Despensa,CARMENCITA,Condimentos Y Semillas,NULL,1,https://riba.app/imgrs/THUMBS%20500X500/319773.JPG
321111,PIMENTON DULCE AHUMADO,841370000171,Despensa,CARMENCITA,Condimentos Y Semillas,"[""Gluten-free""]",1,https://riba.app/imgrs/THUMBS%20500X500/321111.JPG
319763,PREPARADO DE PANCAKE,841370000172,Despensa,CARMENCITA,Harinas,"[""Gluten-free""]",1,https://riba.app/imgrs/THUMBS%20500X500/319763.JPG
319769,STEVIA LIQUIDA ,841370000209,Despensa,CARMENCITA,Azucar Y Endulzantes,NULL,1,https://riba.app/imgrs/THUMBS%20500X500/319769.JPG
343131,FINAS HIERBAS 11 GR CARMENCITA,841370000219,Despensa,CARMENCITA,Condimentos Y Semillas,"[""Gluten-free""]",1,https://riba.app/imgrs/THUMBS%20500X500/343131.JPG
336844,SWEET COFFEE,841370000257,Despensa,CARMENCITA,Condimentos Y Semillas,NULL,1,https://riba.app/imgrs/THUMBS%20500X500/336844.JPG
357747,CACAO COFFEE CARMENCITA,841370000288,Despensa,CARMENCITA,Condimentos Y Semillas,NULL,1,https://riba.app/imgrs/THUMBS%20500X500/357747.JPG
336846,BBQ ASADO EN SU JUGO BOLSA,841370000302,Despensa,CARMENCITA,Condimentos Y Semillas,NULL,1,https://riba.app/imgrs/THUMBS%20500X500/336846.JPG
336847,POLLO COSTILLAS AL CURRY BOLSA,841370000303,Despensa,CARMENCITA,Condimentos Y Semillas,NULL,1,https://riba.app/imgrs/THUMBS%20500X500/336847.JPG
336848,POLLO TERIYAKI BOLSA,841370000304,Despensa,CARMENCITA,Condimentos Y Semillas,NULL,1,https://riba.app/imgrs/THUMBS%20500X500/336848.JPG
343125,PEREJIL 12 GR CARMENCITA,841370000326,Despensa,CARMENCITA,Condimentos Y Semillas,NULL,1,https://riba.app/imgrs/THUMBS%20500X500/343125.JPG
343123,SAZONADOR BARBACOA 210GR,841370000338,Despensa,CARMENCITA,Condimentos Y Semillas,"[""Gluten-free""]",1,https://riba.app/imgrs/THUMBS%20500X500/343123.JPG
343128,SAZONADOR FAJITA 85 GR,841370000346,Despensa,CARMENCITA,Condimentos Y Semillas,NULL,1,https://riba.app/imgrs/THUMBS%20500X500/343128.JPG
345184,VERDURA MOLINILLO CARMENCITA,841370000356,Despensa,CARMENCITA,Condimentos Y Semillas,"[""Gluten-free""]",1,https://riba.app/imgrs/THUMBS%20500X500/345184.JPG
343139,SAZONADOR PAPRIKA & VINEGAR,841370000359,Despensa,CARMENCITA,Condimentos Y Semillas,"[""Gluten-free""]",1,https://riba.app/imgrs/THUMBS%20500X500/343139.JPG
343137,SAZONADOR BACON,841370000360,Despensa,CARMENCITA,Condimentos Y Semillas,NULL,1,https://riba.app/imgrs/THUMBS%20500X500/343137.JPG
343138,SAZONADOR CHEESE 13.5 GR,841370000361,Despensa,CARMENCITA,Condimentos Y Semillas,"[""Gluten-free""]",1,https://riba.app/imgrs/THUMBS%20500X500/343138.JPG
343140,SAZONADOR SOUR CREAM,841370000362,Despensa,CARMENCITA,Condimentos Y Semillas,NULL,1,https://riba.app/imgrs/THUMBS%20500X500/343140.JPG
343127,ROMERO 25 GR CARMENCITA,841370000626,Despensa,CARMENCITA,Condimentos Y Semillas,NULL,1,https://riba.app/imgrs/THUMBS%20500X500/343127.JPG
319797,APIO MOLIDO ,841370000726,Despensa,CARMENCITA,Condimentos Y Semillas,"[""Gluten-free""]",1,https://riba.app/imgrs/THUMBS%20500X500/319797.JPG
259534,HOJAS DE LAUREL,841370000824,Despensa,CARMENCITA,Condimentos Y Semillas,NULL,1,https://riba.app/imgrs/THUMBS%20500X500/259534.JPG
319796,CARMENCITA ALBAHACA,841370000926,Despensa,CARMENCITA,Condimentos Y Semillas,NULL,1,https://riba.app/imgrs/THUMBS%20500X500/319796.JPG
295162,TOMILLO TARRO CRISTAL,841370001326,Despensa,CARMENCITA,Condimentos Y Semillas,NULL,1,https://riba.app/imgrs/THUMBS%20500X500/295162.JPG
233241,OREGANO CARMENCITA,841370001426,Despensa,CARMENCITA,Condimentos Y Semillas,NULL,1,https://riba.app/imgrs/THUMBS%20500X500/233241.JPG
233346,MOLINILLO OREGANO,841370001428,Despensa,CARMENCITA,Condimentos Y Semillas,NULL,1,https://riba.app/imgrs/THUMBS%20500X500/233346.JPG
343130,COMINO MOLIDO CARMENCITA,841370001526,Despensa,CARMENCITA,Condimentos Y Semillas,NULL,1,https://riba.app/imgrs/THUMBS%20500X500/343130.JPG
321112,PIMIENTA NEGRA GRANO,841370002226,Despensa,CARMENCITA,Condimentos Y Semillas,NULL,1,https://riba.app/imgrs/THUMBS%20500X500/321112.JPG
212891,PIMENTON DULCE,841370002315,Despensa,CARMENCITA,Condimentos Y Semillas,"[""Gluten-free""]",1,https://riba.app/imgrs/THUMBS%20500X500/212891.JPG
319790,PIMENTON DULCE,841370002326,Despensa,CARMENCITA,Condimentos Y Semillas,"[""Gluten-free""]",1,https://riba.app/imgrs/THUMBS%20500X500/319790.JPG
320413,SAZONADOR CARNE,841370002426,Despensa,CARMENCITA,Condimentos Y Semillas,"[""Gluten-free""]",1,https://riba.app/imgrs/THUMBS%20500X500/320413.JPG
233243,SAZONADOR PARA POLLO CARMENCIT,841370002526,Despensa,CARMENCITA,Condimentos Y Semillas,"[""Gluten-free""]",1,https://riba.app/imgrs/THUMBS%20500X500/233243.JPG
319798,CANELA CEYLAN EN RAJA,841370002626,Despensa,CARMENCITA,Condimentos Y Semillas,NULL,1,https://riba.app/imgrs/THUMBS%20500X500/319798.JPG
319800,CAYENA GUINDILLA ,841370002726,Despensa,CARMENCITA,Condimentos Y Semillas,NULL,1,https://riba.app/imgrs/THUMBS%20500X500/319800.JPG
320861, SAZONADOR PARA BBQ 65GR,841370002926,Despensa,CARMENCITA,Condimentos Y Semillas,"[""Gluten-free""]",1,https://riba.app/imgrs/THUMBS%20500X500/320861.JPG
319789,PIMIENTA NEGRA MOLIDA,841370003026,Despensa,CARMENCITA,Condimentos Y Semillas,"[""Gluten-free""]",1,https://riba.app/imgrs/THUMBS%20500X500/319789.JPG
319791,PIMENTON PICANTE ,841370003126,Despensa,CARMENCITA,Condimentos Y Semillas,"[""Gluten-free""]",1,https://riba.app/imgrs/THUMBS%20500X500/319791.JPG
233237,CANELA MOLIDA CARMENCITA,841370003426,Despensa,CARMENCITA,Condimentos Y Semillas,"[""Gluten-free""]",1,https://riba.app/imgrs/THUMBS%20500X500/233237.JPG
233239,CURRY CARMENCITA,841370003626,Despensa,CARMENCITA,Condimentos Y Semillas,NULL,1,https://riba.app/imgrs/THUMBS%20500X500/233239.JPG
295140,SAZONADOR VERDURA CURRY ,841370003628,Despensa,CARMENCITA,Condimentos Y Semillas,NULL,1,https://riba.app/imgrs/THUMBS%20500X500/295140.JPG
319801,CAYENA MOLIDA,841370003726,Despensa,CARMENCITA,Condimentos Y Semillas,"[""Gluten-free""]",1,https://riba.app/imgrs/THUMBS%20500X500/319801.JPG
295161,COLORANTE ALIMENTARIO 65G TA C,841370003826,Despensa,CARMENCITA,Condimentos Y Semillas,"[""Gluten-free""]",1,https://riba.app/imgrs/THUMBS%20500X500/295161.JPG
319816,PIMIENTA BLANCA,841370003928,Despensa,CARMENCITA,Condimentos Y Semillas,NULL,1,https://riba.app/imgrs/THUMBS%20500X500/319816.JPG
221919,NUEZ MOSCADA MOLINILLO,841370004028,Despensa,CARMENCITA,Condimentos Y Semillas,NULL,1,https://riba.app/imgrs/THUMBS%20500X500/221919.JPG
233236,AJO EN POLVO CARMENCITA,841370004126,Despensa,CARMENCITA,Condimentos Y Semillas,"[""Gluten-free""]",1,https://riba.app/imgrs/THUMBS%20500X500/233236.JPG
319716,AZUCAR VANILLADO ,841370004310,Despensa,CARMENCITA,Azucar Y Endulzantes,NULL,1,https://riba.app/imgrs/THUMBS%20500X500/319716.JPG
319795,CARMENCITA AJONJOLI ,841370004526,Despensa,CARMENCITA,Condimentos Y Semillas,NULL,1,https://riba.app/imgrs/THUMBS%20500X500/319795.JPG
221921,NUEZ MOSCADA MOLIDA,841370004726,Despensa,CARMENCITA,Condimentos Y Semillas,"[""Gluten-free""]",1,https://riba.app/imgrs/THUMBS%20500X500/221921.JPG
319860,PIMIENTA JAMAICA,841370004828,Despensa,CARMENCITA,Condimentos Y Semillas,NULL,1,https://riba.app/imgrs/THUMBS%20500X500/319860.JPG
233353,AZAFRAN EN HEBRAS CARMENCITA,841370005438,Despensa,CARMENCITA,Condimentos Y Semillas,NULL,1,https://riba.app/imgrs/THUMBS%20500X500/233353.JPG
319808,BICARBONATO DE SODIO ,841370006419,Despensa,CARMENCITA,Reposteria,NULL,1,https://riba.app/imgrs/THUMBS%20500X500/319808.JPG
233354,AZAFRAN MOLIDO CARMENCITA,841370007038,Despensa,CARMENCITA,Condimentos Y Semillas,NULL,1,https://riba.app/imgrs/THUMBS%20500X500/233354.JPG
319812,PIMIENTA VERDE ,841370007428,Despensa,CARMENCITA,Condimentos Y Semillas,NULL,1,https://riba.app/imgrs/THUMBS%20500X500/319812.JPG
233344,SAZONADOR PARA PAELLA CON AZAF,841370008180,Despensa,CARMENCITA,Condimentos Y Semillas,"[""Gluten-free""]",1,https://riba.app/imgrs/THUMBS%20500X500/233344.JPG
233238,CEBOLLA EN POLVO CARMENCITA,841370008626,Despensa,CARMENCITA,Condimentos Y Semillas,"[""Gluten-free""]",1,https://riba.app/imgrs/THUMBS%20500X500/233238.JPG
319802,SAL DE AJO ,841370008726,Despensa,CARMENCITA,Condimentos Y Semillas,"[""Gluten-free""]",1,https://riba.app/imgrs/THUMBS%20500X500/319802.JPG
212882,MOLINILLO DE PIMIENTA NEGRA,841370009126,Despensa,CARMENCITA,Condimentos Y Semillas,NULL,1,https://riba.app/imgrs/THUMBS%20500X500/212882.JPG
320860,SAZONADOR PAELLA ,841370011026,Despensa,CARMENCITA,Condimentos Y Semillas,"[""Gluten-free""]",1,https://riba.app/imgrs/THUMBS%20500X500/320860.JPG
212878,MOLINILLO POPURRI DE PIMIENTAS,841370011928,Despensa,CARMENCITA,Condimentos Y Semillas,"[""Gluten-free""]",1,https://riba.app/imgrs/THUMBS%20500X500/212878.JPG
295159,MIX 4PIMIENTAS ,841370011946,Despensa,CARMENCITA,Condimentos Y Semillas,"[""Gluten-free""]",1,https://riba.app/imgrs/THUMBS%20500X500/295159.JPG
239044,AZAFRAN HERBA EXTRA,841370014035,Despensa,CARMENCITA,Condimentos Y Semillas,NULL,1,https://riba.app/imgrs/THUMBS%20500X500/239044.JPG
234104,CALDO PARA PAELLA,841370014787,Despensa,CARMENCITA,Condimentos Y Semillas,"[""Gluten-free""]",1,https://riba.app/imgrs/THUMBS%20500X500/234104.JPG
297828,SAZONADOR ENSALADA VEGAN ,841370014928,Despensa,CARMENCITA,Condimentos Y Semillas,"[""Gluten-free""]",1,https://riba.app/imgrs/THUMBS%20500X500/297828.JPG
319817,SAZONADOR PICANTE ,841370015028,Despensa,CARMENCITA,Condimentos Y Semillas,NULL,1,https://riba.app/imgrs/THUMBS%20500X500/319817.JPG
212876,PREPARADO ARROZ NEGRO AMIGUSTO,841370015887,Despensa,CARMENCITA,Condimentos Y Semillas,"[""Gluten-free""]",1,https://riba.app/imgrs/THUMBS%20500X500/212876.JPG
319849,CALDO DESHIDRATADO FIDEO,841370016187,Despensa,CARMENCITA,Sopas Y Cremas,"[""Gluten-free""]",1,https://riba.app/imgrs/THUMBS%20500X500/319849.JPG
295153,SAL MARINA MEDITERRANEA,841370016428,Despensa,CARMENCITA,Condimentos Y Semillas,NULL,1,https://riba.app/imgrs/THUMBS%20500X500/295153.JPG
287249,SAL MARINA MEDITERRANEA ,841370016446,Despensa,CARMENCITA,Condimentos Y Semillas,NULL,1,https://riba.app/imgrs/THUMBS%20500X500/287249.JPG
319793,AJO TROCEADO ,841370018026,Despensa,CARMENCITA,Condimentos Y Semillas,NULL,1,https://riba.app/imgrs/THUMBS%20500X500/319793.JPG
233345,MOLINILLO AJO TROCEADO,841370018028,Despensa,CARMENCITA,Condimentos Y Semillas,NULL,1,https://riba.app/imgrs/THUMBS%20500X500/233345.JPG
295154,SALMARINA MEDITERRANEA CON HIE,841370019028,Despensa,CARMENCITA,Condimentos Y Semillas,"[""Gluten-free""]",1,https://riba.app/imgrs/THUMBS%20500X500/295154.JPG
319838,SAL MARINA MEDITERRANEA HIERBA,841370019046,Despensa,CARMENCITA,Condimentos Y Semillas,"[""Gluten-free""]",1,https://riba.app/imgrs/THUMBS%20500X500/319838.JPG
295164,SAZONADOR AJO PEREJIL,841370020226,Despensa,CARMENCITA,Condimentos Y Semillas,"[""Gluten-free""]",1,https://riba.app/imgrs/THUMBS%20500X500/295164.JPG
212880,MLNLLO PIMIENTA NEGRA AL LIMON,841370020628,Despensa,CARMENCITA,Condimentos Y Semillas,NULL,1,https://riba.app/imgrs/THUMBS%20500X500/212880.JPG
320848,CANELA MOLIDA CARMENCITA,841370021326,Despensa,CARMENCITA,Condimentos Y Semillas,"[""Gluten-free""]",1,https://riba.app/imgrs/THUMBS%20500X500/320848.JPG
212873,PAELLERO MARINARA CON AZAFRAN.,841370022589,Despensa,CARMENCITA,Condimentos Y Semillas,"[""Gluten-free""]",1,https://riba.app/imgrs/THUMBS%20500X500/212873.JPG
212870,PAELLERO VALENCIANA CON AZAFRA,841370022689,Despensa,CARMENCITA,Condimentos Y Semillas,"[""Gluten-free""]",1,https://riba.app/imgrs/THUMBS%20500X500/212870.JPG
295171,SAZONADOR CARNE IBERIAN,841370023628,Despensa,CARMENCITA,Condimentos Y Semillas,"[""Gluten-free""]",1,https://riba.app/imgrs/THUMBS%20500X500/295171.JPG
319786,SALSANA 0% SODIO ,841370025226,Despensa,CARMENCITA,Condimentos Y Semillas,NULL,1,https://riba.app/imgrs/THUMBS%20500X500/319786.JPG
295169,SAZONAOR PASTA Y PIZZA,841370026128,Despensa,CARMENCITA,Condimentos Y Semillas,"[""Gluten-free""]",1,https://riba.app/imgrs/THUMBS%20500X500/295169.JPG
212885,MOLINILLO SAZONADOR PARA POLLO,841370026228,Despensa,CARMENCITA,Condimentos Y Semillas,"[""Gluten-free""]",1,https://riba.app/imgrs/THUMBS%20500X500/212885.JPG
212883,MOLINILLO SAZONADOR PESCADO,841370026328,Despensa,CARMENCITA,Condimentos Y Semillas,"[""Gluten-free""]",1,https://riba.app/imgrs/THUMBS%20500X500/212883.JPG
212884,MOLNL SAZONADOR PARA BBQ,841370026528,Despensa,CARMENCITA,Condimentos Y Semillas,"[""Gluten-free""]",1,https://riba.app/imgrs/THUMBS%20500X500/212884.JPG
325736,AZUCAR 57 GR,841370032310,Despensa,CARMENCITA,Azucar Y Endulzantes,NULL,1,https://riba.app/imgrs/THUMBS%20500X500/325736.JPG
319727,FIDEOS DE COLORES,841370032610,Despensa,CARMENCITA,Reposteria,"[""Gluten-free""]",1,https://riba.app/imgrs/THUMBS%20500X500/319727.JPG
319717,CIRCULOS CONFETTI ,841370033910,Despensa,CARMENCITA,Reposteria,"[""Gluten-free""]",1,https://riba.app/imgrs/THUMBS%20500X500/319717.JPG
319764,PREPARADO PARA CREPES ,841370036519,Despensa,CARMENCITA,Harinas,"[""Gluten-free""]",1,https://riba.app/imgrs/THUMBS%20500X500/319764.JPG
221920,NATILLA CASERAS SIN GLUTEN,841370039981,Despensa,CARMENCITA,Reposteria,"[""Gluten-free""]",1,https://riba.app/imgrs/THUMBS%20500X500/221920.JPG
212894,CREMA CATALANA,841370040581,Despensa,CARMENCITA,Reposteria,"[""Gluten-free""]",1,https://riba.app/imgrs/THUMBS%20500X500/212894.JPG
287252,PIMIENTA NEGRA MOLINILLO ,841370041446,Despensa,CARMENCITA,Condimentos Y Semillas,"[""Gluten-free""]",1,https://riba.app/imgrs/THUMBS%20500X500/287252.JPG
233343,PIMENTON AHUMADO LATA ,841370043615,Despensa,CARMENCITA,Condimentos Y Semillas,"[""Gluten-free""]",1,https://riba.app/imgrs/THUMBS%20500X500/233343.JPG
320386,SAL ROSA FINA HIMALAYA,841370055726,Despensa,CARMENCITA,Condimentos Y Semillas,NULL,1,https://riba.app/imgrs/THUMBS%20500X500/320386.JPG
295152,SAL ROSA HIMALAYA,841370055728,Despensa,CARMENCITA,Condimentos Y Semillas,NULL,1,https://riba.app/imgrs/THUMBS%20500X500/295152.JPG
287285,SAL ROSA HIMALAYA MOLINILLO ,841370055746,Despensa,CARMENCITA,Condimentos Y Semillas,NULL,1,https://riba.app/imgrs/THUMBS%20500X500/287285.JPG
319844,SAL MARINA & PIMIENTA NEGRA,841370056346,Despensa,CARMENCITA,Condimentos Y Semillas,NULL,1,https://riba.app/imgrs/THUMBS%20500X500/319844.JPG
319768,STEVIA ESTUCHE,841370058344,Despensa,CARMENCITA,Azucar Y Endulzantes,NULL,1,https://riba.app/imgrs/THUMBS%20500X500/319768.JPG
231580,FLAN CLÁSICO BAJO EN GRASA,841370058885,Despensa,CARMENCITA,Reposteria,"[""Gluten-free""]",1,https://riba.app/imgrs/THUMBS%20500X500/231580.JPG
233355,KIT PARA PAELLA,841370059089,Despensa,CARMENCITA,Arroz Y Granos,"[""Gluten-free""]",1,https://riba.app/imgrs/THUMBS%20500X500/233355.JPG
231581,PAELLA KIT CON PAELLA ESMALTAD,841370059191,Despensa,CARMENCITA,Arroz Y Granos,"[""Gluten-free""]",1,https://riba.app/imgrs/THUMBS%20500X500/231581.JPG
319777,SAZONADOR CHIMICHURRI,841370061126,Despensa,CARMENCITA,Condimentos Y Semillas,"[""Gluten-free""]",1,https://riba.app/imgrs/THUMBS%20500X500/319777.JPG
319766,STEVIA ESTUCHE ,841370061344,Despensa,CARMENCITA,Azucar Y Endulzantes,NULL,1,https://riba.app/imgrs/THUMBS%20500X500/319766.JPG
325734,STEVIA CRISTALIZADA 315GR,841370061544,Despensa,CARMENCITA,Azucar Y Endulzantes,NULL,1,https://riba.app/imgrs/THUMBS%20500X500/325734.JPG
319847,PIMIENTA NEGRA & SAL ROSADA,841370062546,Despensa,CARMENCITA,Condimentos Y Semillas,NULL,1,https://riba.app/imgrs/THUMBS%20500X500/319847.JPG
295151,SAL ROSA DEL HIMALAYA CON PIMI,841370064328,Despensa,CARMENCITA,Condimentos Y Semillas,"[""Gluten-free""]",1,https://riba.app/imgrs/THUMBS%20500X500/295151.JPG
319827,SAL NEGRA HIMALAYA ,841370064528,Despensa,CARMENCITA,Condimentos Y Semillas,NULL,1,https://riba.app/imgrs/THUMBS%20500X500/319827.JPG
287288,SAZONADOR MEDITERRANEO,841370064828,Despensa,CARMENCITA,Condimentos Y Semillas,"[""Gluten-free""]",1,https://riba.app/imgrs/THUMBS%20500X500/287288.JPG
295170,SZONADOR PESCADO MEDITERRANEAN,841370064846,Despensa,CARMENCITA,Condimentos Y Semillas,"[""Gluten-free""]",1,https://riba.app/imgrs/THUMBS%20500X500/295170.JPG
287286,SAL ROSA HIMALAYA 3 PIMIENTAS,841370064946,Despensa,CARMENCITA,Condimentos Y Semillas,"[""Gluten-free""]",1,https://riba.app/imgrs/THUMBS%20500X500/287286.JPG
295141,PALLEROKIT MARISCO ,841370065891,Despensa,CARMENCITA,Arroz Y Granos,"[""Gluten-free""]",1,https://riba.app/imgrs/THUMBS%20500X500/295141.JPG
295147,CALDO DESH PAELLA MARISCO,841370066687,Despensa,CARMENCITA,Condimentos Y Semillas,"[""Gluten-free""]",1,https://riba.app/imgrs/THUMBS%20500X500/295147.JPG
320910,CALDO DESHIDR. PAELLA 26GR,841370066887,Despensa,CARMENCITA,Condimentos Y Semillas,"[""Gluten-free""]",1,https://riba.app/imgrs/THUMBS%20500X500/320910.JPG
319853,VERDURA PAELLA KIT ESMALTADA,841370067091,Despensa,CARMENCITA,Arroz Y Granos,"[""Gluten-free""]",1,https://riba.app/imgrs/THUMBS%20500X500/319853.JPG
295145,PAELLA KITS ARROZNEGRO,841370067872,Despensa,CARMENCITA,Arroz Y Granos,"[""Gluten-free""]",1,https://riba.app/imgrs/THUMBS%20500X500/295145.JPG
295146,PAELLA KIT FEDEUA ,841370067972,Despensa,CARMENCITA,Arroz Y Granos,NULL,1,https://riba.app/imgrs/THUMBS%20500X500/295146.JPG
295705,SMOKED PAPRIKA CARMENCITA,841370068515,Despensa,CARMENCITA,Condimentos Y Semillas,NULL,1,https://riba.app/imgrs/THUMBS%20500X500/295705.JPG
320412,SAL MEDITERRANEA CON AZAFRAN,841370069028,Despensa,CARMENCITA,Condimentos Y Semillas,NULL,1,https://riba.app/imgrs/THUMBS%20500X500/320412.JPG
319837,SAL MARINA MEDITERRANEA CON AZ,841370069046,Despensa,CARMENCITA,Condimentos Y Semillas,"[""Gluten-free""]",1,https://riba.app/imgrs/THUMBS%20500X500/319837.JPG
319839,SAL MARINA MED PIC AJO ,841370069146,Despensa,CARMENCITA,Condimentos Y Semillas,"[""Gluten-free""]",1,https://riba.app/imgrs/THUMBS%20500X500/319839.JPG
295155,SAL MARINA MEDITERRACON MOSTAZ,841370069328,Despensa,CARMENCITA,Condimentos Y Semillas,"[""Gluten-free""]",1,https://riba.app/imgrs/THUMBS%20500X500/295155.JPG
319820,SAZONADOR 2PACK CARNE Y PESCAD,841370069491,Despensa,CARMENCITA,Condimentos Y Semillas,NULL,1,https://riba.app/imgrs/THUMBS%20500X500/319820.JPG
319819,MIX 4 PIMIENTAS SAL MARINA,841370069591,Despensa,CARMENCITA,Condimentos Y Semillas,NULL,1,https://riba.app/imgrs/THUMBS%20500X500/319819.JPG
319821,MIX 4 PIMIENTAS SAL ROSA HIMAL,841370070191,Despensa,CARMENCITA,Condimentos Y Semillas,NULL,1,https://riba.app/imgrs/THUMBS%20500X500/319821.JPG
295148,CALDO DESHI ARROZ NEGRO,841370070687,Despensa,CARMENCITA,Condimentos Y Semillas,"[""Gluten-free""]",1,https://riba.app/imgrs/THUMBS%20500X500/295148.JPG
295149,CALDO DESHI FEDEUA ,841370070787,Despensa,CARMENCITA,Condimentos Y Semillas,"[""Gluten-free""]",1,https://riba.app/imgrs/THUMBS%20500X500/295149.JPG
319822,PIMIENTA NEGRA Y SAL MARINA,841370070891,Despensa,CARMENCITA,Condimentos Y Semillas,NULL,1,https://riba.app/imgrs/THUMBS%20500X500/319822.JPG
22362,ACEITE DE OLIVA CLASICO,841397100029,Despensa,BALLESTER,Aceites Y Mantecas,NULL,1,https://riba.app/imgrs/THUMBS%20500X500/22362.JPG
22363,ACEITE DE OLIVA CLASICO,841397100047,Despensa,BALLESTER,Aceites Y Mantecas,NULL,1,https://riba.app/imgrs/THUMBS%20500X500/22363.JPG
22578,ACEITE DE OLIVA CLASICO,841397100051,Despensa,BALLESTER,Aceites Y Mantecas,NULL,1,https://riba.app/imgrs/THUMBS%20500X500/22578.JPG
22579,ACEITE OLIVA EXT VIRGEN ,841397100057,Despensa,BALLESTER,Aceites Y Mantecas,NULL,1,https://riba.app/imgrs/THUMBS%20500X500/22579.JPG
22366,ACEITE OLIVA EXTRA VIRGEN ,841397100058,Despensa,BALLESTER,Aceites Y Mantecas,NULL,1,https://riba.app/imgrs/THUMBS%20500X500/22366.JPG
116632,ACEITE OLIVA CLASICO PET 2 LT ,841397100059,Despensa,BALLESTER,Aceites Y Mantecas,NULL,1,https://riba.app/imgrs/THUMBS%20500X500/116632.JPG
153969,ACEITE DE OLIVA DIETA,841397100072,Despensa,BALLESTER,Aceites Y Mantecas,NULL,1,https://riba.app/imgrs/THUMBS%20500X500/153969.JPG
153970,ACEITE DE OLIVA DIETA,841397100073,Despensa,BALLESTER,Aceites Y Mantecas,NULL,1,https://riba.app/imgrs/THUMBS%20500X500/153970.JPG
183244,ACEITE OLIVA CLASICO ,841397100076,Despensa,BALLESTER,Aceites Y Mantecas,NULL,1,https://riba.app/imgrs/THUMBS%20500X500/183244.JPG
183245,ACEITE OLIVA XTRA VIRGEN ,841397100079,Despensa,BALLESTER,Aceites Y Mantecas,NULL,1,https://riba.app/imgrs/THUMBS%20500X500/183245.JPG
60179,ACEITE DE OLIVA EXTRA VIRGEN ,841397100093,Despensa,BALLESTER,Aceites Y Mantecas,NULL,1,https://riba.app/imgrs/THUMBS%20500X500/60179.JPG
117977,VINAGRE BALSAMICO DE VINO,841397100098,Despensa,BALLESTER,Vinagre,NULL,1,https://riba.app/imgrs/THUMBS%20500X500/117977.JPG
69833,ACEITE DE OLIVA CLASICO PET,841397100100,Despensa,BALLESTER,Aceites Y Mantecas,NULL,1,https://riba.app/imgrs/THUMBS%20500X500/69833.JPG
274010,ACEITE OLIVA EXTR VIRGEN ,841397100108,Despensa,BALLESTER,Aceites Y Mantecas,NULL,1,https://riba.app/imgrs/THUMBS%20500X500/274010.JPG
115496,MERMELADA DE NARANJA DULCE ,841455500100,Despensa,LA VIEJA FABRICA,Jaleas Mantequillas Y Mermeladas,"[""Gluten-free""]",1,https://riba.app/imgrs/THUMBS%20500X500/115496.JPG
115489,MERMELADA DE FRESA ,841455500300,Despensa,LA VIEJA FABRICA,Jaleas Mantequillas Y Mermeladas,NULL,1,https://riba.app/imgrs/THUMBS%20500X500/115489.JPG
115493,MERMELADA DE MELOCOTON 12 350 ,841455500800,Despensa,LA VIEJA FABRICA,Jaleas Mantequillas Y Mermeladas,"[""Gluten-free""]",1,https://riba.app/imgrs/THUMBS%20500X500/115493.JPG
339750,LENTEJA PARDINA LA COCHURA,842069000002,Despensa,LA COCHURA,Arroz Y Granos,NULL,1,https://riba.app/imgrs/THUMBS%20500X500/339750.JPG
339748,LENTEJA CASTELLANA LA COCHURA,842069000004,Despensa,LA COCHURA,Arroz Y Granos,NULL,1,https://riba.app/imgrs/THUMBS%20500X500/339748.JPG
339756,GARBANZO EXTRA LA COCHURA,842069000006,Despensa,LA COCHURA,Arroz Y Granos,NULL,1,https://riba.app/imgrs/THUMBS%20500X500/339756.JPG
339743,ALUBIA BLANCA LA COCHURA,842069000010,Despensa,LA COCHURA,Arroz Y Granos,NULL,1,https://riba.app/imgrs/THUMBS%20500X500/339743.JPG
339744,ALUBIA PINTA LA COCHURA,842069000012,Despensa,LA COCHURA,Arroz Y Granos,NULL,1,https://riba.app/imgrs/THUMBS%20500X500/339744.JPG
339760,LENTEJA AL NATURA COCIDA ,842069000016,Despensa,LA COCHURA,Arroz Y Granos,NULL,1,https://riba.app/imgrs/THUMBS%20500X500/339760.JPG
339759,GARBANZO COCIDO ,842069000018,Despensa,LA COCHURA,Arroz Y Granos,NULL,1,https://riba.app/imgrs/THUMBS%20500X500/339759.JPG
339761,ALUBIA ROJA COCIDA LA COCHURA,842069007107,Despensa,LA COCHURA,Arroz Y Granos,NULL,1,https://riba.app/imgrs/THUMBS%20500X500/339761.JPG
339745,ALUBIA CARILLA LA COCHURA,842069010112,Despensa,LA COCHURA,Arroz Y Granos,NULL,1,https://riba.app/imgrs/THUMBS%20500X500/339745.JPG
339746,ALUBIA FRIJOL NEGRO LA COCHURA,842069010612,Despensa,LA COCHURA,Arroz Y Granos,NULL,1,https://riba.app/imgrs/THUMBS%20500X500/339746.JPG
339749,LENTEJA RÁPIDA LA COCHURA,842069020112,Despensa,LA COCHURA,Arroz Y Granos,NULL,1,https://riba.app/imgrs/THUMBS%20500X500/339749.JPG
339757,ARROZ REDONDO LA COCHURA,842069061020,Despensa,LA COCHURA,Arroz Y Granos,NULL,1,https://riba.app/imgrs/THUMBS%20500X500/339757.JPG
84255,ACEITE OLIVA EXT VIRGEN  JARRA,842070110244,Despensa,RAFAEL SALGADO ,Aceites Y Mantecas,NULL,1,https://riba.app/imgrs/THUMBS%20500X500/84255.JPG
84256,ACEITE OLIVA EXT VIRGEN JARRA,842070110266,Despensa,RAFAEL SALGADO ,Aceites Y Mantecas,NULL,1,https://riba.app/imgrs/THUMBS%20500X500/84256.JPG
290601,SANTA TERESA MEMBRILLO QUINCE,84222371000,Despensa,SANTA TERESA,Jaleas Mantequillas Y Mermeladas,NULL,1,https://riba.app/imgrs/THUMBS%20500X500/290601.JPG
290603,ST MEMBRILLO NATURAL GLUTEN F,842223725275,Despensa,SANTA TERESA,Jaleas Mantequillas Y Mermeladas,"[""Gluten-free""]",1,https://riba.app/imgrs/THUMBS%20500X500/290603.JPG
290602,ST MEMBRILLO LONCHAS,842223725289,Despensa,SANTA TERESA,Jaleas Mantequillas Y Mermeladas,"[""Gluten-free""]",1,https://riba.app/imgrs/THUMBS%20500X500/290602.JPG
290604,MERMELADA DEMEMBRILLO JENGIBRE,842223725802,Despensa,SANTA TERESA,Jaleas Mantequillas Y Mermeladas,NULL,1,https://riba.app/imgrs/THUMBS%20500X500/290604.JPG
290606,ST MERMELADA FRSA PIMIENTA ROS,842223725803,Despensa,SANTA TERESA,Jaleas Mantequillas Y Mermeladas,NULL,1,https://riba.app/imgrs/THUMBS%20500X500/290606.JPG
290610,ST MERMELADA NARANJA CANELA,842223725806,Despensa,SANTA TERESA,Jaleas Mantequillas Y Mermeladas,NULL,1,https://riba.app/imgrs/THUMBS%20500X500/290610.JPG
263832,ALCAPARRA LUXEAPERS 5 OZ,842224300462,Despensa,LUXEAPERS,Conservas Y Encurtidos,NULL,1,https://riba.app/imgrs/THUMBS%20500X500/263832.JPG
289160,HOJI BLANCA VIRGEN EXTRA ,842276720063,Despensa,MAESTROS DE HOJIBLANCA,Aceites Y Mantecas,NULL,1,https://riba.app/imgrs/THUMBS%20500X500/289160.JPG
289161,HOJI BLANCA VIRGEN EXTRA ,842276720064,Despensa,MAESTROS DE HOJIBLANCA,Aceites Y Mantecas,NULL,1,https://riba.app/imgrs/THUMBS%20500X500/289161.JPG
262817,HIDA TOMATE FRITO,842452303001,Despensa,HIDA,Aderezos Y Salsas,"[""Gluten-free""]",1,https://riba.app/imgrs/THUMBS%20500X500/262817.JPG
294000,TOMATE FRITO 3PACK,842452303012,Despensa,HIDA,Conservas Y Encurtidos,"[""Gluten-free""]",1,https://riba.app/imgrs/THUMBS%20500X500/294000.JPG
222803,HIDA ASADILLO TOMATE Y PIMIENT,842452303020,Despensa,HIDA,Conservas Y Encurtidos,"[""Gluten-free""]",1,https://riba.app/imgrs/THUMBS%20500X500/222803.JPG
327211,TOMATE CONCENTRADO HIDA,842452303024,Despensa,HIDA,Aderezos Y Salsas,"[""Gluten-free""]",1,https://riba.app/imgrs/THUMBS%20500X500/327211.JPG
222800,HIDA TOMATE FRITO ,842452303025,Despensa,HIDA,Aderezos Y Salsas,"[""Gluten-free""]",1,https://riba.app/imgrs/THUMBS%20500X500/222800.JPG
222801,HIDA TOMATE Y CEBOLLA SOFRITO,842452303027,Despensa,HIDA,Aderezos Y Salsas,"[""Gluten-free""]",1,https://riba.app/imgrs/THUMBS%20500X500/222801.JPG
222802,HIDA TOMATE PAN Y LISTO,842452304001,Despensa,HIDA,Aderezos Y Salsas,"[""Gluten-free""]",1,https://riba.app/imgrs/THUMBS%20500X500/222802.JPG
222805,HIDA GAZPACHO,842452304008,Despensa,HIDA,Sopas Y Cremas,"[""Gluten-free""]",1,https://riba.app/imgrs/THUMBS%20500X500/222805.JPG
222804,HIDA PISTO SOFRITO D VERDURAS,842452306002,Despensa,HIDA,Aderezos Y Salsas,"[""Gluten-free""]",1,https://riba.app/imgrs/THUMBS%20500X500/222804.JPG
285701,PISTO SOFRITO DE VERDURA CASER,842452306018,Despensa,HIDA,Aderezos Y Salsas,"[""Gluten-free""]",1,https://riba.app/imgrs/THUMBS%20500X500/285701.JPG
260699,HIDA BOLOÑESA,842452306031,Despensa,HIDA,Aderezos Y Salsas,"[""Gluten-free""]",1,https://riba.app/imgrs/THUMBS%20500X500/260699.JPG
260698,HIDA TOMATE Y ALBAHACA,842452306034,Despensa,HIDA,Aderezos Y Salsas,"[""Gluten-free""]",1,https://riba.app/imgrs/THUMBS%20500X500/260698.JPG
322078,SALSA NAPOLITANA 350 GR HIDA,842452306035,Despensa,HIDA,Aderezos Y Salsas,NULL,1,https://riba.app/imgrs/THUMBS%20500X500/322078.JPG
260701,CEBOLLA CARAMELIZADA,842452311016,Despensa,HIDA,Condimentos Y Semillas,"[""Gluten-free""]",1,https://riba.app/imgrs/THUMBS%20500X500/260701.JPG
271126,ESPARRAGOS ERGO 9-12 CATEDRAL,842580600246,Despensa,LA CATEDRAL DE NAVARRA,Conservas Y Encurtidos,NULL,1,https://riba.app/imgrs/THUMBS%20500X500/271126.JPG
267521,ESPARRAGOS CORTOS EXTRA GRUESO,842580600247,Despensa,LA CATEDRAL DE NAVARRA,Conservas Y Encurtidos,NULL,1,https://riba.app/imgrs/THUMBS%20500X500/267521.JPG
267523,ESPARRAGOS ENTEROS 9-12 RIOJA,842580600266,Despensa,LA CATEDRAL DE NAVARRA,Conservas Y Encurtidos,NULL,1,https://riba.app/imgrs/THUMBS%20500X500/267523.JPG
313016,GUINDILLAS PIPARRAS,842580600345,Despensa,LA CATEDRAL DE NAVARRA,Conservas Y Encurtidos,NULL,1,https://riba.app/imgrs/THUMBS%20500X500/313016.JPG
310000,HABAS BABY EXTRAFINAS B-370,842580600402,Despensa,LA CATEDRAL DE NAVARRA,Arroz Y Granos,NULL,1,https://riba.app/imgrs/THUMBS%20500X500/310000.JPG
313015,LAGRIMAS HABITAS BABY ACEITE ,842580600430,Despensa,LA CATEDRAL DE NAVARRA,Arroz Y Granos,NULL,1,https://riba.app/imgrs/THUMBS%20500X500/313015.JPG
271130,ALCACHOFAS LA CATEDRAL,842580600440,Despensa,LA CATEDRAL DE NAVARRA,Conservas Y Encurtidos,NULL,1,https://riba.app/imgrs/THUMBS%20500X500/271130.JPG
312950,CN PUERRO TARRO ,842580600537,Despensa,LA CATEDRAL DE NAVARRA,Conservas Y Encurtidos,NULL,1,https://riba.app/imgrs/THUMBS%20500X500/312950.JPG
267517,ALCACHOFA NATURAL EN MITAD,842580600607,Despensa,LA CATEDRAL DE NAVARRA,Conservas Y Encurtidos,NULL,1,https://riba.app/imgrs/THUMBS%20500X500/267517.JPG
313297,MERMELADA PIMI REGALIZ,842580600631,Despensa,LA CATEDRAL DE NAVARRA,Jaleas Mantequillas Y Mermeladas,NULL,1,https://riba.app/imgrs/THUMBS%20500X500/313297.JPG
313298,MERMELADA TOMATE ALBAHC,842580600633,Despensa,LA CATEDRAL DE NAVARRA,Jaleas Mantequillas Y Mermeladas,NULL,1,https://riba.app/imgrs/THUMBS%20500X500/313298.JPG
313302,CREMA DE VERDURAS,842580600650,Despensa,LA CATEDRAL DE NAVARRA,Sopas Y Cremas,NULL,1,https://riba.app/imgrs/THUMBS%20500X500/313302.JPG
313308,CREMA DE CALABACIN,842580600651,Despensa,LA CATEDRAL DE NAVARRA,Sopas Y Cremas,NULL,1,https://riba.app/imgrs/THUMBS%20500X500/313308.JPG
313304,CREMA DE PUERRO ,842580600652,Despensa,LA CATEDRAL DE NAVARRA,Sopas Y Cremas,NULL,1,https://riba.app/imgrs/THUMBS%20500X500/313304.JPG
313305,CREMA DE CALABAZA,842580600653,Despensa,LA CATEDRAL DE NAVARRA,Sopas Y Cremas,NULL,1,https://riba.app/imgrs/THUMBS%20500X500/313305.JPG
313307,CREMA DE ESPARRAGO ,842580600654,Despensa,LA CATEDRAL DE NAVARRA,Sopas Y Cremas,NULL,1,https://riba.app/imgrs/THUMBS%20500X500/313307.JPG
313310,GARBANZOS AL NATURAL,842580600660,Despensa,LA CATEDRAL DE NAVARRA,Arroz Y Granos,NULL,1,https://riba.app/imgrs/THUMBS%20500X500/313310.JPG
313309,POCHAS AL NATURAL ,842580600661,Despensa,LA CATEDRAL DE NAVARRA,Arroz Y Granos,NULL,1,https://riba.app/imgrs/THUMBS%20500X500/313309.JPG
313017,SALSA DE PIQUILLOS ,842580600680,Despensa,LA CATEDRAL DE NAVARRA,Aderezos Y Salsas,NULL,1,https://riba.app/imgrs/THUMBS%20500X500/313017.JPG
318960,SALSA VIZCAINA LA CATEDRAL,842580600681,Despensa,LA CATEDRAL DE NAVARRA,Aderezos Y Salsas,NULL,1,https://riba.app/imgrs/THUMBS%20500X500/318960.JPG
313019,SALSA DE HONGOS ,842580600682,Despensa,LA CATEDRAL DE NAVARRA,Aderezos Y Salsas,NULL,1,https://riba.app/imgrs/THUMBS%20500X500/313019.JPG
271127,PIMIENTO PIQUILLO FRASCO 10-12,842580600705,Despensa,LA CATEDRAL DE NAVARRA,Conservas Y Encurtidos,NULL,1,https://riba.app/imgrs/THUMBS%20500X500/271127.JPG
267520,PIMIENTOS DEL PIQUILLO FRASCO,842580600906,Despensa,LA CATEDRAL DE NAVARRA,Conservas Y Encurtidos,NULL,1,https://riba.app/imgrs/THUMBS%20500X500/267520.JPG
312949,CN TOMATE TRITURADO,842580600910,Despensa,LA CATEDRAL DE NAVARRA,Aderezos Y Salsas,NULL,1,https://riba.app/imgrs/THUMBS%20500X500/312949.JPG
271136,HONGOS EN ACEITE DE OLIVA,842580600911,Despensa,LA CATEDRAL DE NAVARRA,Conservas Y Encurtidos,NULL,1,https://riba.app/imgrs/THUMBS%20500X500/271136.JPG
313014,CORAZON DE ALCACHOFA,842580601602,Despensa,LA CATEDRAL DE NAVARRA,Conservas Y Encurtidos,NULL,1,https://riba.app/imgrs/THUMBS%20500X500/313014.JPG
312948,CN TOM NATURAL ,842580601706,Despensa,LA CATEDRAL DE NAVARRA,Conservas Y Encurtidos,NULL,1,https://riba.app/imgrs/THUMBS%20500X500/312948.JPG
271135,TOMATE NAT EN ACEITE DE OLIVA ,842580601707,Despensa,LA CATEDRAL DE NAVARRA,Conservas Y Encurtidos,NULL,1,https://riba.app/imgrs/THUMBS%20500X500/271135.JPG
348035,55% CACAO SEMI SWEET DARK CHOC,84263800501,Despensa,PASCHA,Reposteria,"[""Gluten-free"",""Kosher"",""Orgánico"",""Vegano""]",1,https://riba.app/imgrs/THUMBS%20500X500/348035.JPG
348036,ORG BITTERSWEET DARK CHOC CHIP,84263800502,Despensa,PASCHA,Reposteria,"[""Gluten-free"",""Kosher"",""Orgánico"",""Vegano""]",1,https://riba.app/imgrs/THUMBS%20500X500/348036.JPG
348037,ORG DARK CHOC BAKING CHIPS,84263800503,Despensa,PASCHA,Reposteria,"[""Gluten-free"",""Kosher"",""Orgánico"",""Vegano""]",1,https://riba.app/imgrs/THUMBS%20500X500/348037.JPG
340617,CEBOLLITAS BERNAL,842839110022,Despensa,BERNAL,Conservas Y Encurtidos,"[""Gluten-free""]",1,https://riba.app/imgrs/THUMBS%20500X500/340617.JPG
340587,PEPINILLOS SABOR ANCHOA,842839110032,Despensa,BERNAL,Conservas Y Encurtidos,"[""Gluten-free""]",1,https://riba.app/imgrs/THUMBS%20500X500/340587.JPG
340614,VARIANTES BERNAL,842839110052,Despensa,BERNAL,Conservas Y Encurtidos,"[""Gluten-free""]",1,https://riba.app/imgrs/THUMBS%20500X500/340614.JPG
340590,PICADILLO DE VARIENTES BERNAL,842839110062,Despensa,BERNAL,Conservas Y Encurtidos,"[""Gluten-free""]",1,https://riba.app/imgrs/THUMBS%20500X500/340590.JPG
340577,GUINDILLAS BERNAL,842839110082,Despensa,BERNAL,Conservas Y Encurtidos,"[""Gluten-free""]",1,https://riba.app/imgrs/THUMBS%20500X500/340577.JPG
340442,ALCAPARRONES BERNAL ,842839110112,Despensa,BERNAL,Conservas Y Encurtidos,"[""Gluten-free""]",1,https://riba.app/imgrs/THUMBS%20500X500/340442.JPG
340583,MEZCLADILLO BERNAL,842839110142,Despensa,BERNAL,Conservas Y Encurtidos,"[""Gluten-free""]",1,https://riba.app/imgrs/THUMBS%20500X500/340583.JPG
340610,ZANAHORIA RALLADA BERNAL,842839110172,Despensa,BERNAL,Conservas Y Encurtidos,"[""Gluten-free""]",1,https://riba.app/imgrs/THUMBS%20500X500/340610.JPG
340443,BANDERILLA DULCE BERNAL,842839110182,Despensa,BERNAL,Conservas Y Encurtidos,"[""Gluten-free""]",1,https://riba.app/imgrs/THUMBS%20500X500/340443.JPG
340440,ENCURTIDOS AJOS BERNAL,842839110252,Despensa,BERNAL,Conservas Y Encurtidos,"[""Gluten-free""]",1,https://riba.app/imgrs/THUMBS%20500X500/340440.JPG
340444,BANDERILLA PICANTE BERNAL,842839110322,Despensa,BERNAL,Conservas Y Encurtidos,"[""Gluten-free""]",1,https://riba.app/imgrs/THUMBS%20500X500/340444.JPG
340441,ALCAPARRAS BERNAL,842839150101,Despensa,BERNAL,Conservas Y Encurtidos,"[""Gluten-free""]",1,https://riba.app/imgrs/THUMBS%20500X500/340441.JPG
280732,SWEETENER CLASIC 3 PK,84307600002,Despensa,LAKANTO,Azucar Y Endulzantes,"[""Keto"",""Kosher""]",1,https://riba.app/imgrs/THUMBS%20500X500/280732.JPG
280733,SWEETENER GOLDEN  235G,84307600003,Despensa,LAKANTO,Azucar Y Endulzantes,"[""Keto"",""Kosher""]",1,https://riba.app/imgrs/THUMBS%20500X500/280733.JPG
279594,MONKFRUIT SWEETENER CLASSIC,84307600004,Despensa,LAKANTO,Azucar Y Endulzantes,"[""Keto"",""Kosher""]",1,https://riba.app/imgrs/THUMBS%20500X500/279594.JPG
289071,MONKFRUIT WEETENER GOLDEN 800G,84307600005,Despensa,LAKANTO,Azucar Y Endulzantes,"[""Keto"",""Kosher""]",1,https://riba.app/imgrs/THUMBS%20500X500/289071.JPG
289072,MONKFRUIT SWEETENER CLASSIC,84307600006,Despensa,LAKANTO,Azucar Y Endulzantes,"[""Keto"",""Kosher""]",1,https://riba.app/imgrs/THUMBS%20500X500/289072.JPG
285013,SWEETENER CLASSIC SUGAR FREE,84307600022,Despensa,LAKANTO,Azucar Y Endulzantes,"[""Keto"",""Kosher""]",1,https://riba.app/imgrs/THUMBS%20500X500/285013.JPG
279596,MAPLE SYRUP FLAVOR ,84307600026,Despensa,LAKANTO,Siropes,"[""Vegano""]",1,https://riba.app/imgrs/THUMBS%20500X500/279596.JPG
288242,LAKANTO SWETENER VAINILLA,84307600049,Despensa,LAKANTO,Azucar Y Endulzantes,"[""Keto""]",1,https://riba.app/imgrs/THUMBS%20500X500/288242.JPG
279595,POWDERED MONKFRUIT SWEETENER ,84307600052,Despensa,LAKANTO,Azucar Y Endulzantes,"[""Keto""]",1,https://riba.app/imgrs/THUMBS%20500X500/279595.JPG
283110,SUGAR FREE BROWNIE MIX,84307600055,Despensa,LAKANTO,Reposteria,"[""Gluten-free"",""Keto""]",1,https://riba.app/imgrs/THUMBS%20500X500/283110.JPG
284764,SUGAR FREE CHOCOLATE CHIP,84307600060,Despensa,LAKANTO,Reposteria,"[""Gluten-free""]",1,https://riba.app/imgrs/THUMBS%20500X500/284764.JPG
285015,SYRUP SIMPLE CARAMEL,84307600070,Despensa,LAKANTO,Siropes,"[""Keto"",""Vegano""]",1,https://riba.app/imgrs/THUMBS%20500X500/285015.JPG
292395,GRANOLA CINNAMON ALMOND,84307600086,Despensa,LAKANTO,Cereales Y Granola,"[""Gluten-free"",""Keto"",""Vegano""]",1,https://riba.app/imgrs/THUMBS%20500X500/292395.JPG
323458,MONKFRUIT BROWN SWEETNER,84307600159,Despensa,LAKANTO,Azucar Y Endulzantes,"[""Gluten-free"",""Keto"",""Vegano""]",1,https://riba.app/imgrs/THUMBS%20500X500/323458.JPG
324334,GRANOLA BERRY LAKANTO,84307600176,Despensa,LAKANTO,Cereales Y Granola,"[""Gluten-free"",""Keto"",""Vegano""]",1,https://riba.app/imgrs/THUMBS%20500X500/324334.JPG
280730,PANKAKE  WAFLE MIX,84307600352,Despensa,LAKANTO,Harinas,"[""Gluten-free"",""Keto""]",1,https://riba.app/imgrs/THUMBS%20500X500/280730.JPG
350593,ENDULZANTE CLASICO LAKANTO,84307600382,Despensa,LAKANTO,Azucar Y Endulzantes,"[""Keto""]",1,https://riba.app/imgrs/THUMBS%20500X500/350593.JPG
350592,ENDULZANTE DORADO LAKANTO,84307600383,Despensa,LAKANTO,Azucar Y Endulzantes,"[""Gluten-free"",""Keto"",""Vegano""]",1,https://riba.app/imgrs/THUMBS%20500X500/350592.JPG
273751,ACEITUNA GORDAL RELLENA COCO,843542140011,Despensa,CAMPOTORO,Conservas Y Encurtidos,NULL,1,https://riba.app/imgrs/THUMBS%20500X500/273751.JPG
273754,CEBOLLITA CARAMELIZADA,843542140012,Despensa,CAMPOTORO,Conservas Y Encurtidos,NULL,1,https://riba.app/imgrs/THUMBS%20500X500/273754.JPG
272903,ACEITUNA GORDAL RELLENA KIWI,843542140016,Despensa,CAMPOTORO,Conservas Y Encurtidos,NULL,1,https://riba.app/imgrs/THUMBS%20500X500/272903.JPG
273759,ACEITUNA GORDAL CON CEBOLLITA,843542140028,Despensa,CAMPOTORO,Conservas Y Encurtidos,NULL,1,https://riba.app/imgrs/THUMBS%20500X500/273759.JPG
273757,ACEITUNA GORDAL PIMIENTO ROJO,843542140030,Despensa,CAMPOTORO,Conservas Y Encurtidos,NULL,1,https://riba.app/imgrs/THUMBS%20500X500/273757.JPG
273756,ACEITUNA GORDAL RELLENA DE AJO,843542140032,Despensa,CAMPOTORO,Conservas Y Encurtidos,NULL,1,https://riba.app/imgrs/THUMBS%20500X500/273756.JPG
272901,ACEITUNA VERDE RELLENA FRESA,843542140036,Despensa,CAMPOTORO,Conservas Y Encurtidos,NULL,1,https://riba.app/imgrs/THUMBS%20500X500/272901.JPG
273755,ACEITUNA GORDAL DE ALMENDRA,843542140063,Despensa,CAMPOTORO,Conservas Y Encurtidos,NULL,1,https://riba.app/imgrs/THUMBS%20500X500/273755.JPG
272905,ACEITUNA GORDAL RELLENA PIÑA,843542140099,Despensa,CAMPOTORO,Conservas Y Encurtidos,NULL,1,https://riba.app/imgrs/THUMBS%20500X500/272905.JPG
273753,ACEITUNA GORDAL CON PISTACHO,843542140211,Despensa,CAMPOTORO,Conservas Y Encurtidos,NULL,1,https://riba.app/imgrs/THUMBS%20500X500/273753.JPG
273746,ACEITUNA GORDAL DE ARANDANOS,843542140472,Despensa,CAMPOTORO,Conservas Y Encurtidos,NULL,1,https://riba.app/imgrs/THUMBS%20500X500/273746.JPG
272904,ACEITUNA GORDAL RELLENA MANGO,843542140473,Despensa,CAMPOTORO,Conservas Y Encurtidos,NULL,1,https://riba.app/imgrs/THUMBS%20500X500/272904.JPG
346438,SALSAS CAN BECH 3PACK,843602767076,Despensa,CAN BECH,Jaleas Mantequillas Y Mermeladas,"[""Gluten-free"",""Vegano""]",1,https://riba.app/imgrs/THUMBS%20500X500/346438.JPG
312901,PANELA REDONDA,843604306009,Despensa,EL GRAN GUSTO,Azucar Y Endulzantes,NULL,1,https://riba.app/imgrs/THUMBS%20500X500/312901.JPG
341709,MIX PANADERIA,843657464076,Despensa,AIROS,Harinas,"[""Gluten-free""]",1,https://riba.app/imgrs/THUMBS%20500X500/341709.JPG
341710,PAN RALLADO,843657464098,Despensa,AIROS,Condimentos Y Semillas,"[""Gluten-free""]",1,https://riba.app/imgrs/THUMBS%20500X500/341710.JPG
317634,ACEITUNAS VERDES HECHIZOS ALIN,843659300019,Despensa,MAESTROS ACEITUNEROS,Conservas Y Encurtidos,"[""Gluten-free""]",1,https://riba.app/imgrs/THUMBS%20500X500/317634.JPG
317633,ACEITUNAS COCTEL MAESTRO ACEIT,843659300024,Despensa,MAESTROS ACEITUNEROS,Conservas Y Encurtidos,"[""Gluten-free""]",1,https://riba.app/imgrs/THUMBS%20500X500/317633.JPG
317632,ACEITUNA VERDE ANCHOA,843659300031,Despensa,MAESTROS ACEITUNEROS,Conservas Y Encurtidos,NULL,1,https://riba.app/imgrs/THUMBS%20500X500/317632.JPG
317590,ACEITUNA NEGRA S HUESO,843659300139,Despensa,MAESTROS ACEITUNEROS,Conservas Y Encurtidos,NULL,1,https://riba.app/imgrs/THUMBS%20500X500/317590.JPG
339996,ENDULZANTE DULCILIGHT SUCR 50S,843660717000,Despensa,DULCILIGHT,Azucar Y Endulzantes,"[""Gluten-free"",""Keto""]",1,https://riba.app/imgrs/THUMBS%20500X500/339996.JPG
339997,ENDULZANTE STEVIA DULCILIGHT,843660717001,Despensa,DULCILIGHT,Azucar Y Endulzantes,"[""Gluten-free"",""Keto""]",1,https://riba.app/imgrs/THUMBS%20500X500/339997.JPG
339995,ENDULZANTE MORENO SOBRES,843660717002,Despensa,DULCILIGHT,Azucar Y Endulzantes,"[""Gluten-free"",""Keto""]",1,https://riba.app/imgrs/THUMBS%20500X500/339995.JPG
339992,ENDULZANTE MORENO DOYPACK,843660717022,Despensa,DULCILIGHT,Azucar Y Endulzantes,"[""Gluten-free"",""Keto""]",1,https://riba.app/imgrs/THUMBS%20500X500/339992.JPG
220065,ACEITE OLIVA DOP FLOR ESPADAN,843700117004,Despensa,CASA ALBERT,Aceites Y Mantecas,NULL,1,https://riba.app/imgrs/THUMBS%20500X500/220065.JPG
167850,ACEITE DE OLIVA VIRGEN EXTRA,843700117055,Despensa,CASA ALBERT,Aceites Y Mantecas,NULL,1,https://riba.app/imgrs/THUMBS%20500X500/167850.JPG
167853,ACEITE DE OLIVA VIRGEN EXTRA,843700117056,Despensa,CASA ALBERT,Aceites Y Mantecas,NULL,1,https://riba.app/imgrs/THUMBS%20500X500/167853.JPG
167854,ACEITE DE OLIVA,843700117076,Despensa,CASA ALBERT,Aceites Y Mantecas,NULL,1,https://riba.app/imgrs/THUMBS%20500X500/167854.JPG
320651,ACEITE DE OLIVA VIRGEN EXTRA,843700377609,Despensa,VIRGEN DE MONSALUD,Aceites Y Mantecas,NULL,1,https://riba.app/imgrs/THUMBS%20500X500/320651.JPG
323705,ACEITE OLIVA PICUAL EXTRAVIRGE,843700383915,Despensa,CORTIJO VILLA PADILLO,Aceites Y Mantecas,NULL,1,https://riba.app/imgrs/THUMBS%20500X500/323705.JPG
323706,ACEITE OLIVA ARBEQUINA EXTRA V,843700383976,Despensa,CORTIJO VILLA PADILLO,Aceites Y Mantecas,NULL,1,https://riba.app/imgrs/THUMBS%20500X500/323706.JPG
348466,CORAZONES DE ALCACHOFA,843700603418,Despensa,CYNARA,Conservas Y Encurtidos,NULL,1,https://riba.app/imgrs/THUMBS%20500X500/348466.JPG
348470,CORAZONES ALCACHOFA MARINADO,843700603473,Despensa,CYNARA,Conservas Y Encurtidos,"[""Gluten-free""]",1,https://riba.app/imgrs/THUMBS%20500X500/348470.JPG
348469,CORAZONES ALCACHOFA PARRILLA,843700603485,Despensa,CYNARA,Conservas Y Encurtidos,NULL,1,https://riba.app/imgrs/THUMBS%20500X500/348469.JPG
321439,ACEITE DE OLIVA AROMATI CON AL,843701161028,Despensa,CASA ALBERT,Aceites Y Mantecas,NULL,1,https://riba.app/imgrs/THUMBS%20500X500/321439.JPG
300019,ACEITE DE OLIVA TRUFA NEGRA,843701161073,Despensa,CASA ALBERT,Aceites Y Mantecas,NULL,1,https://riba.app/imgrs/THUMBS%20500X500/300019.JPG
300015,ACEITE DE OLIVA A LA CAYENA,843701161076,Despensa,CASA ALBERT,Aceites Y Mantecas,NULL,1,https://riba.app/imgrs/THUMBS%20500X500/300015.JPG
300016,ACEITE DE OLIVA VIRGEN DE AJO,843701161077,Despensa,CASA ALBERT,Aceites Y Mantecas,NULL,1,https://riba.app/imgrs/THUMBS%20500X500/300016.JPG
214002,GELATINA VEGETAL EN  POLVO,843701257001,Despensa,PRONAGAR ,Reposteria,"[""Gluten-free"",""Kosher""]",1,https://riba.app/imgrs/THUMBS%20500X500/214002.JPG
214016,GELATINA VEGETAL EN  COPOS,843701257003,Despensa,PRONAGAR ,Reposteria,"[""Gluten-free"",""Kosher""]",1,https://riba.app/imgrs/THUMBS%20500X500/214016.JPG
295600,AEITE EXTRA VIRGEN FAMILIAR PR,843701546138,Despensa,HENRI MOR,Aceites Y Mantecas,NULL,1,https://riba.app/imgrs/THUMBS%20500X500/295600.JPG
295630,ACEITE EXTRA VIRGEN PREMIUM,843701546147,Despensa,HENRI MOR,Aceites Y Mantecas,NULL,1,https://riba.app/imgrs/THUMBS%20500X500/295630.JPG
347203,ACEITE OLIVA XTRA VIRGEN HMOR,843701546230,Despensa,HENRI MOR,Aceites Y Mantecas,NULL,1,https://riba.app/imgrs/THUMBS%20500X500/347203.JPG
294019,CASAALBERT ARBEQUINA OLIVA XT,843701604308,Despensa,CASA ALBERT,Aceites Y Mantecas,NULL,1,https://riba.app/imgrs/THUMBS%20500X500/294019.JPG
294018,CASA ALBERTS ABERQUINA OLIVE X,843701604309,Despensa,CASA ALBERT,Aceites Y Mantecas,NULL,1,https://riba.app/imgrs/THUMBS%20500X500/294018.JPG
300017,ACEITE REFINADO DE AGUACATE,843701604390,Despensa,CASA ALBERT,Aceites Y Mantecas,NULL,1,https://riba.app/imgrs/THUMBS%20500X500/300017.JPG
300032,ACEITE REFINADO DE AGUACATE,843701604396,Despensa,CASA ALBERT,Aceites Y Mantecas,NULL,1,https://riba.app/imgrs/THUMBS%20500X500/300032.JPG
352487,CALDO DE AVE GOURMET PAELLER,843702034125,Despensa,EL PAELLER,Sopas Y Cremas,"[""Gluten-free""]",1,https://riba.app/imgrs/THUMBS%20500X500/352487.JPG
352489,CALDO DE MARISCO EL PAELLER,843702034126,Despensa,EL PAELLER,Sopas Y Cremas,"[""Gluten-free""]",1,https://riba.app/imgrs/THUMBS%20500X500/352489.JPG
352484,2PACK ARROZ SENYORET,843702573987,Despensa,EL PAELLER,Arroz Y Granos,"[""Gluten-free""]",1,https://riba.app/imgrs/THUMBS%20500X500/352484.JPG
352483,2PACK PAELLA VALENCIANA,843702573993,Despensa,EL PAELLER,Arroz Y Granos,"[""Gluten-free""]",1,https://riba.app/imgrs/THUMBS%20500X500/352483.JPG
9552,MERMELADA CEREZAS N SIN AZÚCAR,8438095704,Despensa,ST DALFOUR,Jaleas Mantequillas Y Mermeladas,"[""Gluten-free""]",1,https://riba.app/imgrs/THUMBS%20500X500/9552.JPG
9553,MERMELADA DE MORA 284GR,8438095714,Despensa,ST DALFOUR,Jaleas Mantequillas Y Mermeladas,"[""Gluten-free""]",1,https://riba.app/imgrs/THUMBS%20500X500/9553.JPG
9554,MERMELADA ARANDANO 284 GR,8438095724,Despensa,ST DALFOUR,Jaleas Mantequillas Y Mermeladas,"[""Gluten-free""]",1,https://riba.app/imgrs/THUMBS%20500X500/9554.JPG
9556,MERMELADA FRESA ST DALFOUR,8438095744,Despensa,ST DALFOUR,Jaleas Mantequillas Y Mermeladas,"[""Gluten-free""]",1,https://riba.app/imgrs/THUMBS%20500X500/9556.JPG
9558,MERMELADA DE MELOCOTON 284GR,8438095764,Despensa,ST DALFOUR,Jaleas Mantequillas Y Mermeladas,"[""Gluten-free""]",1,https://riba.app/imgrs/THUMBS%20500X500/9558.JPG
9559,MERMELADA DE FRAMBUESAS S AZUC,8438095774,Despensa,ST DALFOUR,Jaleas Mantequillas Y Mermeladas,"[""Gluten-free""]",1,https://riba.app/imgrs/THUMBS%20500X500/9559.JPG
9561,MERMELADA  NARANJA  SIN AZUCAR,8438095794,Despensa,ST DALFOUR,Jaleas Mantequillas Y Mermeladas,"[""Gluten-free""]",1,https://riba.app/imgrs/THUMBS%20500X500/9561.JPG
138135,MERMELADA DE PERAS SIN AZUCAR,8438098114,Despensa,ST DALFOUR,Jaleas Mantequillas Y Mermeladas,"[""Gluten-free""]",1,https://riba.app/imgrs/THUMBS%20500X500/138135.JPG
138136,MERMELADA CUATRO FRUTAS,8438098264,Despensa,ST DALFOUR,Jaleas Mantequillas Y Mermeladas,"[""Gluten-free""]",1,https://riba.app/imgrs/THUMBS%20500X500/138136.JPG
138134,MERMELADA DE PINA & MANGO SA,8438098274,Despensa,ST DALFOUR,Jaleas Mantequillas Y Mermeladas,"[""Gluten-free""]",1,https://riba.app/imgrs/THUMBS%20500X500/138134.JPG
278749,MERMELADA 4 FRUTAS ,8438098425,Despensa,ST DALFOUR,Jaleas Mantequillas Y Mermeladas,"[""Gluten-free""]",1,https://riba.app/imgrs/THUMBS%20500X500/278749.JPG
283138,MERMELADA DURAZNO ,8438098445,Despensa,ST DALFOUR,Jaleas Mantequillas Y Mermeladas,"[""Gluten-free""]",1,https://riba.app/imgrs/THUMBS%20500X500/283138.JPG
278748,MERMELADA DE FRESA ,8438098475,Despensa,ST DALFOUR,Jaleas Mantequillas Y Mermeladas,"[""Gluten-free""]",1,https://riba.app/imgrs/THUMBS%20500X500/278748.JPG
326052,SAZONADOR CON ACHIOTE MAGGI,844529021561,Despensa,MAGGI,Condimentos Y Semillas,NULL,1,https://riba.app/imgrs/THUMBS%20500X500/326052.JPG
352937,MAGGI MI SAZON 5X10G,844529045950,Despensa,MAGGI,Condimentos Y Semillas,NULL,1,https://riba.app/imgrs/THUMBS%20500X500/352937.JPG
321627,SALSA ESTILO PANAMENO MAGGI,844529046553,Despensa,MAGGI,Aderezos Y Salsas,NULL,1,https://riba.app/imgrs/THUMBS%20500X500/321627.JPG
321626,SALSA DE TOMATE RANCHERA MAGGI,844529046556,Despensa,MAGGI,Aderezos Y Salsas,NULL,1,https://riba.app/imgrs/THUMBS%20500X500/321626.JPG
321631,PASTA TOMATE TAPA MAGGI,844529048677,Despensa,MAGGI,Aderezos Y Salsas,NULL,1,https://riba.app/imgrs/THUMBS%20500X500/321631.JPG
324818,PASTA DE TOMATE MAGGI DP,844529049739,Despensa,MAGGI,Aderezos Y Salsas,NULL,1,https://riba.app/imgrs/THUMBS%20500X500/324818.JPG
324493,SALSA DE TOMATE PICANTE MAGGI,844529049772,Despensa,MAGGI,Aderezos Y Salsas,NULL,1,https://riba.app/imgrs/THUMBS%20500X500/324493.JPG
324823,SALSA MAGGI TOMATE Y ACHIOTE,844529049775,Despensa,MAGGI,Aderezos Y Salsas,NULL,1,https://riba.app/imgrs/THUMBS%20500X500/324823.JPG
325550,SALSA DE TOMATE MAGGI ITALIANA,844529049778,Despensa,MAGGI,Aderezos Y Salsas,NULL,1,https://riba.app/imgrs/THUMBS%20500X500/325550.JPG
321628,PASTA TOMATE Y AJO MAGGI,844529049781,Despensa,MAGGI,Aderezos Y Salsas,NULL,1,https://riba.app/imgrs/THUMBS%20500X500/321628.JPG
324488,SALSA DE TOMATE POLLO MAGGI,844529050012,Despensa,MAGGI,Aderezos Y Salsas,NULL,1,https://riba.app/imgrs/THUMBS%20500X500/324488.JPG
324821,RICO GUISO TOMATE MAGGI,844529050017,Despensa,MAGGI,Aderezos Y Salsas,NULL,1,https://riba.app/imgrs/THUMBS%20500X500/324821.JPG
324820,MAGGI SALSA TOMATE CARNE,844529050020,Despensa,MAGGI,Aderezos Y Salsas,NULL,1,https://riba.app/imgrs/THUMBS%20500X500/324820.JPG
324490,SALSA DE TOMATE HONGOS,844529050023,Despensa,MAGGI,Aderezos Y Salsas,NULL,1,https://riba.app/imgrs/THUMBS%20500X500/324490.JPG
325548,SALSA MAGGI TOMATE CULANTRO,844529053266,Despensa,MAGGI,Aderezos Y Salsas,NULL,1,https://riba.app/imgrs/THUMBS%20500X500/325548.JPG
325547,SALSA MAGGI TOMATE HONGOS,844529053269,Despensa,MAGGI,Aderezos Y Salsas,NULL,1,https://riba.app/imgrs/THUMBS%20500X500/325547.JPG
324550,SALSA TOMATE ESTILO PANAMEÑO,844529055402,Despensa,MAGGI,Aderezos Y Salsas,NULL,1,https://riba.app/imgrs/THUMBS%20500X500/324550.JPG
335273,CONSOME DE POLLO MAGGI,844529094286,Despensa,MAGGI,Condimentos Y Semillas,NULL,1,https://riba.app/imgrs/THUMBS%20500X500/335273.JPG
346497,DULCE LECHE LA LECHERA DOYPK,844529100777,Despensa,NESTLE,Jaleas Mantequillas Y Mermeladas,NULL,1,https://riba.app/imgrs/THUMBS%20500X500/346497.JPG
336012,SALSA TOMATE PANAMENO,844529106591,Despensa,MAGGI,Aderezos Y Salsas,NULL,1,https://riba.app/imgrs/THUMBS%20500X500/336012.JPG
336014,SALSA DE TOMATE HONGOS MAGGI,844529106881,Despensa,MAGGI,Aderezos Y Salsas,NULL,1,https://riba.app/imgrs/THUMBS%20500X500/336014.JPG
336013,SALSA TOMATE RANCHERA MAGGI,844529107502,Despensa,MAGGI,Aderezos Y Salsas,NULL,1,https://riba.app/imgrs/THUMBS%20500X500/336013.JPG
340633,SALSA PARA ESPAGUETI MAGGI,844529129467,Despensa,MAGGI,Aderezos Y Salsas,NULL,1,https://riba.app/imgrs/THUMBS%20500X500/340633.JPG
339166,CALDO DE POLLO Y CURCUMA 5UN,844529129677,Despensa,MAGGI,Condimentos Y Semillas,NULL,1,https://riba.app/imgrs/THUMBS%20500X500/339166.JPG
341687,CALDO POLLO ACHIOTE CULANTRO ,844529129694,Despensa,MAGGI,Condimentos Y Semillas,NULL,1,https://riba.app/imgrs/THUMBS%20500X500/341687.JPG
339169,CALDO DE POLLO Y TOMATE 5UN,844529129730,Despensa,MAGGI,Condimentos Y Semillas,NULL,1,https://riba.app/imgrs/THUMBS%20500X500/339169.JPG
339172,CALDO POLLO CURCUMA MEZCLADOR,844529129753,Despensa,MAGGI,Condimentos Y Semillas,NULL,1,https://riba.app/imgrs/THUMBS%20500X500/339172.JPG
359247,SAZONADOR CHIMICHURRI MAGGI,844529163660,Despensa,MAGGI,Condimentos Y Semillas,NULL,1,https://riba.app/imgrs/THUMBS%20500X500/359247.JPG
347234,CONSOME MARISCOS Y COCO MAGGI,844529169265,Despensa,MAGGI,Sopas Y Cremas,NULL,1,https://riba.app/imgrs/THUMBS%20500X500/347234.JPG
355691,SAZONADOR SABOR TOCINO MAGGI,844529174405,Despensa,MAGGI,Condimentos Y Semillas,NULL,1,https://riba.app/imgrs/THUMBS%20500X500/355691.JPG
347231,CREMA MARISCO COCO MAGGI,844529174788,Despensa,MAGGI,Sopas Y Cremas,NULL,1,https://riba.app/imgrs/THUMBS%20500X500/347231.JPG
351421,SOPA MAGGI PATITA DE POLLO,844529175101,Despensa,MAGGI,Sopas Y Cremas,NULL,1,https://riba.app/imgrs/THUMBS%20500X500/351421.JPG
349440,SALSA BBQ MAGGI ORIGINAL,844529177166,Despensa,MAGGI,Aderezos Y Salsas,NULL,1,https://riba.app/imgrs/THUMBS%20500X500/349440.JPG
355698,SALSA MAGGI CON RECAO VERDE,844529179641,Despensa,MAGGI,Aderezos Y Salsas,NULL,1,https://riba.app/imgrs/THUMBS%20500X500/355698.JPG
355700,SALSA DE TOMATE Y QUESO MAGGI,844529179756,Despensa,MAGGI,Aderezos Y Salsas,NULL,1,https://riba.app/imgrs/THUMBS%20500X500/355700.JPG
355699,SALSA MAGGI TOMATE BOLOGNESA,844529179760,Despensa,MAGGI,Aderezos Y Salsas,NULL,1,https://riba.app/imgrs/THUMBS%20500X500/355699.JPG
355695,SALSA TOMATE RECAO VERDE MAGGI,844529189776,Despensa,MAGGI,Aderezos Y Salsas,NULL,1,https://riba.app/imgrs/THUMBS%20500X500/355695.JPG
351422,PURE DE TOMATE AMANECER,844529193610,Despensa,AMANECER,Aderezos Y Salsas,NULL,1,https://riba.app/imgrs/THUMBS%20500X500/351422.JPG
352452,SALSA DE TOMATE HONGOS AMANECE,844529193951,Despensa,AMANECER,Aderezos Y Salsas,NULL,1,https://riba.app/imgrs/THUMBS%20500X500/352452.JPG
352454,SALSA DE TOMATE AMANECER,844529193954,Despensa,AMANECER,Aderezos Y Salsas,NULL,1,https://riba.app/imgrs/THUMBS%20500X500/352454.JPG
359249,SAZONADOR PARA MARISCOS MAGGI,844529195835,Despensa,MAGGI,Condimentos Y Semillas,NULL,1,https://riba.app/imgrs/THUMBS%20500X500/359249.JPG
359254,AJO EN TROZOS DLH MAGGI,844529195852,Despensa,MAGGI,Condimentos Y Semillas,NULL,1,https://riba.app/imgrs/THUMBS%20500X500/359254.JPG
359260,TROZOS CEBOLLA FRASCO MAGGI,844529223990,Despensa,MAGGI,Condimentos Y Semillas,NULL,1,https://riba.app/imgrs/THUMBS%20500X500/359260.JPG
359250,SAZONADOR D HUERTA CURRY MAGGI,844529223998,Despensa,MAGGI,Condimentos Y Semillas,NULL,1,https://riba.app/imgrs/THUMBS%20500X500/359250.JPG
359252,SAZONADOR PIMIENTA NEGRA MAGGI,844529225994,Despensa,MAGGI,Condimentos Y Semillas,NULL,1,https://riba.app/imgrs/THUMBS%20500X500/359252.JPG
359245,SAZONADOR COMPLETO MAGGI,844529226110,Despensa,MAGGI,Condimentos Y Semillas,NULL,1,https://riba.app/imgrs/THUMBS%20500X500/359245.JPG
359251,SAZONADOR CON OREGANO MAGGI,844529226264,Despensa,MAGGI,Condimentos Y Semillas,NULL,1,https://riba.app/imgrs/THUMBS%20500X500/359251.JPG
359258,PAPRIKA DLH MAGGI FRASCO,844529226278,Despensa,MAGGI,Condimentos Y Semillas,NULL,1,https://riba.app/imgrs/THUMBS%20500X500/359258.JPG
359253,SAZONADOR COMP ACHIOTE MAGGI,844529226286,Despensa,MAGGI,Condimentos Y Semillas,NULL,1,https://riba.app/imgrs/THUMBS%20500X500/359253.JPG
359255,SAZONADOR COMP CURCUMA MAGGI,844529226290,Despensa,MAGGI,Condimentos Y Semillas,NULL,1,https://riba.app/imgrs/THUMBS%20500X500/359255.JPG
359248,SAZONADOR CHILE LIMON MAGGI,844529227054,Despensa,MAGGI,Condimentos Y Semillas,NULL,1,https://riba.app/imgrs/THUMBS%20500X500/359248.JPG
359257,PAPRIKA DLH MAGGI,844529230918,Despensa,MAGGI,Condimentos Y Semillas,NULL,1,https://riba.app/imgrs/THUMBS%20500X500/359257.JPG
359259,TROZOS DE CEBOLLA DLH MAGGI,844529230932,Despensa,MAGGI,Condimentos Y Semillas,NULL,1,https://riba.app/imgrs/THUMBS%20500X500/359259.JPG
359256,SAZONADOR SAL PIMIENTA MAGGI,844529235344,Despensa,MAGGI,Condimentos Y Semillas,NULL,1,https://riba.app/imgrs/THUMBS%20500X500/359256.JPG
359262,CANELA POLVO FRASCO DLH MAGGI,844529236918,Despensa,MAGGI,Condimentos Y Semillas,NULL,1,https://riba.app/imgrs/THUMBS%20500X500/359262.JPG
297904,ORGANIC APPLE CIDER VINEGAR,8464884616,Despensa,VERMONT VILLAGE,Vinagre,"[""Gluten-free"",""Orgánico""]",1,https://riba.app/imgrs/THUMBS%20500X500/297904.JPG
297905,ORGANIC APPLE CIDER VINEGAR,8464884632,Despensa,VERMONT VILLAGE,Vinagre,"[""Gluten-free"",""Orgánico""]",1,https://riba.app/imgrs/THUMBS%20500X500/297905.JPG
259544,POMI MARINARA SAUCES ,84655800000,Despensa,POMI,Aderezos Y Salsas,NULL,1,https://riba.app/imgrs/THUMBS%20500X500/259544.JPG
238818,POMI FINELY CHOPPED,84655800010,Despensa,POMI,Conservas Y Encurtidos,NULL,1,https://riba.app/imgrs/THUMBS%20500X500/238818.JPG
238819,POMI CHOPPED,84655800044,Despensa,POMI,Conservas Y Encurtidos,"[""Gluten-free"",""Kosher""]",1,https://riba.app/imgrs/THUMBS%20500X500/238819.JPG
336106,POMI CRUSHED ONION,84655800059,Despensa,POMI,Conservas Y Encurtidos,"[""Gluten-free"",""Kosher""]",1,https://riba.app/imgrs/THUMBS%20500X500/336106.JPG
336105,POMI CRUSHED BASIL,84655800060,Despensa,POMI,Conservas Y Encurtidos,"[""Gluten-free"",""Kosher""]",1,https://riba.app/imgrs/THUMBS%20500X500/336105.JPG
336108,POMI CRUSHED GARLIC ,84655800064,Despensa,POMI,Conservas Y Encurtidos,"[""Gluten-free"",""Kosher""]",1,https://riba.app/imgrs/THUMBS%20500X500/336108.JPG
336107,POMI CRUSHED CHILI,84655800065,Despensa,POMI,Conservas Y Encurtidos,"[""Gluten-free"",""Kosher""]",1,https://riba.app/imgrs/THUMBS%20500X500/336107.JPG
350723,BARRA CHOCO COCO ALMENDRA,84764400504,Despensa,READY,Cereales Y Granola,"[""Gluten-free"",""Kosher""]",1,https://riba.app/imgrs/THUMBS%20500X500/350723.JPG
350724,BARRA CHOCO MANTEQUILLA MANI,84764400506,Despensa,READY,Cereales Y Granola,"[""Gluten-free"",""Kosher""]",1,https://riba.app/imgrs/THUMBS%20500X500/350724.JPG
350725,BARRA CHOCO Y SAL MARINA,84764400510,Despensa,READY,Cereales Y Granola,"[""Gluten-free"",""Kosher""]",1,https://riba.app/imgrs/THUMBS%20500X500/350725.JPG
350722,BARRA PROTEINA VAINILLA REDY,84764400706,Despensa,READY,Cereales Y Granola,"[""Gluten-free"",""Kosher""]",1,https://riba.app/imgrs/THUMBS%20500X500/350722.JPG
350721,BARRA CON CHISPAS CHOCOLATE,84764400745,Despensa,READY,Cereales Y Granola,"[""Gluten-free""]",1,https://riba.app/imgrs/THUMBS%20500X500/350721.JPG
349179,BAREBELL CARAMEL CASHEW BAR,85000042909,Despensa,BAREBELLS,Cereales Y Granola,NULL,1,https://riba.app/imgrs/THUMBS%20500X500/349179.JPG
349175,BAREBELL COOKIES& CREAM BAR,85000042911,Despensa,BAREBELLS,Cereales Y Granola,NULL,1,https://riba.app/imgrs/THUMBS%20500X500/349175.JPG
349177,BAREBELL CHOCOLATE DOUGH,85000042926,Despensa,BAREBELLS,Cereales Y Granola,NULL,1,https://riba.app/imgrs/THUMBS%20500X500/349177.JPG
354776,MAGIC SOON PROTEIN CEREAL,85000288738,Despensa,MAGIC SPOON,Cereales Y Granola,"[""Kosher""]",1,https://riba.app/imgrs/THUMBS%20500X500/354776.JPG
343978,COCOA MAGIC SPOON CEREAL,85000288741,Despensa,MAGIC SPOON,Cereales Y Granola,"[""Gluten-free"",""Kosher""]",1,https://riba.app/imgrs/THUMBS%20500X500/343978.JPG
354303,HIGH PROTEIN GF CINNAMON ROLL,85000288743,Despensa,MAGIC SPOON,Cereales Y Granola,"[""Gluten-free"",""Kosher""]",1,https://riba.app/imgrs/THUMBS%20500X500/354303.JPG
341038,"CEREAL,FRUITY MAGIC SPOON",85000288744,Despensa,MAGIC SPOON,Cereales Y Granola,"[""Gluten-free"",""Kosher""]",1,https://riba.app/imgrs/THUMBS%20500X500/341038.JPG
341039,PEANUT BUTTER MAGIC SPOON,85000288746,Despensa,MAGIC SPOON,Cereales Y Granola,"[""Kosher""]",1,https://riba.app/imgrs/THUMBS%20500X500/341039.JPG
343977,CHOC CHIP COOKIE MAGIC SPOON,85000288789,Despensa,MAGIC SPOON,Cereales Y Granola,"[""Gluten-free"",""Kosher""]",1,https://riba.app/imgrs/THUMBS%20500X500/343977.JPG
339444,MUSH OATS BLUEBERRY,85000399414,Despensa,MUSH,Avenas Y Cremas,"[""Gluten-free""]",1,https://riba.app/imgrs/THUMBS%20500X500/339444.JPG
339447,MUCH OVRNT OATS VAINILLA BEANS,85000399415,Despensa,MUSH,Avenas Y Cremas,"[""Gluten-free""]",1,https://riba.app/imgrs/THUMBS%20500X500/339447.JPG
339443,APPLE CINNAMON OVRT OATS,85000399417,Despensa,MUSH,Avenas Y Cremas,"[""Gluten-free""]",1,https://riba.app/imgrs/THUMBS%20500X500/339443.JPG
339445,DARK CHOCOLATE OVRNT OATS,85000399418,Despensa,MUSH,Avenas Y Cremas,"[""Gluten-free""]",1,https://riba.app/imgrs/THUMBS%20500X500/339445.JPG
339446,STRAWBERRY OVRNT OATS,85000399420,Despensa,MUSH,Avenas Y Cremas,"[""Vegano""]",1,https://riba.app/imgrs/THUMBS%20500X500/339446.JPG
339448,PEANUT BTTR OVRNT OATS,85000399428,Despensa,MUSH,Avenas Y Cremas,"[""Vegano""]",1,https://riba.app/imgrs/THUMBS%20500X500/339448.JPG
345236,MUSH PEANUT BUTTER CHOCO OAT,85000399444,Despensa,MUSH,Avenas Y Cremas,"[""Gluten-free""]",1,https://riba.app/imgrs/THUMBS%20500X500/345236.JPG
317242,PRIMAL KITCHEN DAIRY FREE ALFR,85000463905,Despensa,PRIMAL KITCHEN ,Aderezos Y Salsas,"[""Gluten-free"",""Keto"",""Paleo"",""Vegano""]",1,https://riba.app/imgrs/THUMBS%20500X500/317242.JPG
349128,ROASTED GARLIC MARINARA PK,85000463906,Despensa,PRIMAL KITCHEN,Aderezos Y Salsas,"[""Gluten-free"",""Keto"",""Kosher"",""Orgánico"",""Paleo""]",1,https://riba.app/imgrs/THUMBS%20500X500/349128.JPG
339968,PK TOMATO BASIL MARINARA,85000463907,Despensa,PRIMAL KITCHEN ,Aderezos Y Salsas,"[""Gluten-free"",""Keto"",""Kosher"",""Orgánico"",""Paleo""]",1,https://riba.app/imgrs/THUMBS%20500X500/339968.JPG
317246,PRIMAL KITCH VODKA PASTA SAUCE,85000463908,Despensa,PRIMAL KITCHEN ,Aderezos Y Salsas,"[""Gluten-free"",""Keto"",""Kosher"",""Paleo"",""Vegano""]",1,https://riba.app/imgrs/THUMBS%20500X500/317246.JPG
317237,PRIMAL KITCHEN GARLIC ALFREDO,85000463910,Despensa,PRIMAL KITCHEN ,Aderezos Y Salsas,"[""Gluten-free"",""Keto"",""Kosher"",""Paleo"",""Vegano""]",1,https://riba.app/imgrs/THUMBS%20500X500/317237.JPG
317229,TARTAR SAUCE AVOCADO OIL ,85000463922,Despensa,PRIMAL KITCHEN ,Aderezos Y Salsas,"[""Gluten-free"",""Keto"",""Paleo""]",1,https://riba.app/imgrs/THUMBS%20500X500/317229.JPG
317198,HAWAIIAN BBQ SAUCE ORGANIC,85000463923,Despensa,PRIMAL KITCHEN ,Aderezos Y Salsas,"[""Gluten-free"",""Keto"",""Orgánico""]",1,https://riba.app/imgrs/THUMBS%20500X500/317198.JPG
317214,OIL & VINEGAR DRESSING &  MARI,85000463925,Despensa,PRIMAL KITCHEN ,Aderezos Y Salsas,"[""Gluten-free"",""Keto"",""Paleo""]",1,https://riba.app/imgrs/THUMBS%20500X500/317214.JPG
317230,PRIMAL KITCHEN PESTO MAYO,85000463942,Despensa,PRIMAL KITCHEN ,Aderezos Y Salsas,"[""Gluten-free"",""Keto"",""Kosher"",""Paleo""]",1,https://riba.app/imgrs/THUMBS%20500X500/317230.JPG
317201,SAUCE ISLAND TERIYAKI ORGANIC ,85000463960,Despensa,PRIMAL KITCHEN ,Aderezos Y Salsas,"[""Gluten-free"",""Keto"",""Orgánico"",""Paleo""]",1,https://riba.app/imgrs/THUMBS%20500X500/317201.JPG
349132,SALSA PIZZA PRIMAL KITCHEN,85000463972,Despensa,PRIMAL KITCHEN ,Aderezos Y Salsas,"[""Gluten-free"",""Keto"",""Kosher"",""Paleo"",""Vegano""]",1,https://riba.app/imgrs/THUMBS%20500X500/349132.JPG
339977,PK MAYO AVOCADO OIL SQZ,85000463985,Despensa,PRIMAL KITCHEN ,Aderezos Y Salsas,"[""Gluten-free"",""Keto"",""Kosher"",""Paleo""]",1,https://riba.app/imgrs/THUMBS%20500X500/339977.JPG
339975,PK CHP LIM AVO OIL SQZ,85000463999,Despensa,PRIMAL KITCHEN ,Aderezos Y Salsas,"[""Gluten-free"",""Keto"",""Kosher"",""Paleo""]",1,https://riba.app/imgrs/THUMBS%20500X500/339975.JPG
341087,PASTA YELLOW PEA SPAGUETTI ZEN,85000628396,Despensa,ZENB PASTA,Pastas Secas,"[""Gluten-free"",""Kosher""]",1,https://riba.app/imgrs/THUMBS%20500X500/341087.JPG
347847,BBQ JAPANESE ORIGINAL,85000688300,Despensa,BACHAN´S,Aderezos Y Salsas,NULL,1,https://riba.app/imgrs/THUMBS%20500X500/347847.JPG
347845,BBQ JAPANESE GF SAUCE,85000688302,Despensa,BACHAN´S,Aderezos Y Salsas,"[""Gluten-free""]",1,https://riba.app/imgrs/THUMBS%20500X500/347845.JPG
347851,BBQ PINEAPPLE SAUCE,85000688371,Despensa,BACHAN´S,Aderezos Y Salsas,NULL,1,https://riba.app/imgrs/THUMBS%20500X500/347851.JPG
328644,YO MAMA S AMERICAN RANCH,85000883302,Despensa,YO MAMA S,Aderezos Y Salsas,NULL,1,https://riba.app/imgrs/THUMBS%20500X500/328644.JPG
328638,YO MAMA S SPICY MARINARA,85000883303,Despensa,YO MAMA S,Aderezos Y Salsas,"[""Gluten-free"",""Keto"",""Paleo"",""Vegano""]",1,https://riba.app/imgrs/THUMBS%20500X500/328638.JPG
328650,YO MAMA S CLASSIC PIZZA SAUCE,85000883304,Despensa,YO MAMA S,Aderezos Y Salsas,"[""Keto"",""Paleo""]",1,https://riba.app/imgrs/THUMBS%20500X500/328650.JPG
328645,YO MAMA S MEDITERRANEAN GREEK,85000883306,Despensa,YO MAMA S,Aderezos Y Salsas,"[""Gluten-free"",""Vegano""]",1,https://riba.app/imgrs/THUMBS%20500X500/328645.JPG
328646,YO MAMA S CREAMY ITALIAN ,85000883307,Despensa,YO MAMA S,Aderezos Y Salsas,NULL,1,https://riba.app/imgrs/THUMBS%20500X500/328646.JPG
328647,YO MAMA S CLASSIC KETCHUP,85000883308,Despensa,YO MAMA S,Aderezos Y Salsas,"[""Gluten-free"",""Keto"",""Paleo"",""Vegano""]",1,https://riba.app/imgrs/THUMBS%20500X500/328647.JPG
328639,YO MAMA S GLORIOUS ROASTED GAR,85000883311,Despensa,YO MAMA S,Aderezos Y Salsas,"[""Keto"",""Paleo"",""Vegano""]",1,https://riba.app/imgrs/THUMBS%20500X500/328639.JPG
328648,YO MAMA S CLASSIC BBQ SAUCE,85000883312,Despensa,YO MAMA S,Aderezos Y Salsas,"[""Gluten-free"",""Keto"",""Vegano""]",1,https://riba.app/imgrs/THUMBS%20500X500/328648.JPG
328649,YO MAMA S ORIGINAL BUFFALO SAU,85000883313,Despensa,YO MAMA S,Aderezos Y Salsas,"[""Gluten-free"",""Keto""]",1,https://riba.app/imgrs/THUMBS%20500X500/328649.JPG
334505,CLASSIC ALFREDO SAUCE,85000883322,Despensa,YO MAMA S,Aderezos Y Salsas,"[""Keto""]",1,https://riba.app/imgrs/THUMBS%20500X500/334505.JPG
334507,ROASTED GARLIC ALFREDO SAUCE,85000883323,Despensa,YO MAMA S,Aderezos Y Salsas,"[""Gluten-free"",""Keto""]",1,https://riba.app/imgrs/THUMBS%20500X500/334507.JPG
334509,MARINARA 12.5OZ TOMATO SAUCE,85000883327,Despensa,YO MAMA S,Aderezos Y Salsas,"[""Gluten-free"",""Keto"",""Paleo"",""Vegano""]",1,https://riba.app/imgrs/THUMBS%20500X500/334509.JPG
334511,SPICY CALABRIAN PIZZA SAUCE,85000883333,Despensa,12.5 OZ,Aderezos Y Salsas,"[""Gluten-free"",""Keto"",""Paleo"",""Vegano""]",1,https://riba.app/imgrs/THUMBS%20500X500/334511.JPG
334504,SENS MARINARA TOMATO SAUCE,85000883334,Despensa,YO MAMA S,Aderezos Y Salsas,"[""Gluten-free"",""Keto"",""Paleo"",""Vegano""]",1,https://riba.app/imgrs/THUMBS%20500X500/334504.JPG
355370,SYRUP MAPLE WHOLESOME YUM,85001318918,Despensa,WHOLESOME YUM ,Siropes,"[""Gluten-free"",""Keto"",""Kosher"",""Paleo"",""Vegano""]",1,https://riba.app/imgrs/THUMBS%20500X500/355370.JPG
355381,HONEY REPLAC WHOLESOME YUM,85001318937,Despensa,WHOLESOME YUM ,Siropes,"[""Gluten-free"",""Keto"",""Kosher""]",1,https://riba.app/imgrs/THUMBS%20500X500/355381.JPG
355428,SUGAR REPLACEMENT GRANULATED,85001318962,Despensa,WHOLESOME YUM ,Azucar Y Endulzantes,"[""Gluten-free"",""Keto""]",1,https://riba.app/imgrs/THUMBS%20500X500/355428.JPG
355430,SUGAR REPLACEMENT POWDERED ,85001318963,Despensa,WHOLESOME YUM ,Azucar Y Endulzantes,"[""Gluten-free"",""Keto""]",1,https://riba.app/imgrs/THUMBS%20500X500/355430.JPG
355429,SUGAR REPL BROWN BESTI,85001318964,Despensa,WHOLESOME YUM ,Azucar Y Endulzantes,"[""Gluten-free"",""Keto""]",1,https://riba.app/imgrs/THUMBS%20500X500/355429.JPG
322140,FRIJOLES NEGROS BEANVIVO,85001436917,Despensa,BEANVIVO,Arroz Y Granos,"[""Gluten-free"",""Orgánico"",""Vegano""]",1,https://riba.app/imgrs/THUMBS%20500X500/322140.JPG
322145,BEANVIVO COCONUT GARBANZO C P,85001436918,Despensa,BEANVIVO,Arroz Y Granos,"[""Gluten-free"",""Orgánico"",""Vegano""]",1,https://riba.app/imgrs/THUMBS%20500X500/322145.JPG
322142,BEANVIVIO THREE BEAN CHILI,85001436919,Despensa,BEANVIVO,Arroz Y Granos,"[""Gluten-free"",""Orgánico"",""Vegano""]",1,https://riba.app/imgrs/THUMBS%20500X500/322142.JPG
322144,BEANVIVO FRIJOLES SMOKY BBQ,85001436930,Despensa,BEANVIVO,Arroz Y Granos,"[""Gluten-free"",""Orgánico"",""Vegano""]",1,https://riba.app/imgrs/THUMBS%20500X500/322144.JPG
358014,MIEL MIKES EXTRA PICANTE,85001571710,Despensa,MIKES HOT HONEY,Siropes,NULL,1,https://riba.app/imgrs/THUMBS%20500X500/358014.JPG
341044,FRUITY GF THREE WISHES,85001681302,Despensa,THREE WISHES ,Cereales Y Granola,"[""Gluten-free"",""Kosher"",""Vegano""]",1,https://riba.app/imgrs/THUMBS%20500X500/341044.JPG
341041,VANI FRTED GF THREE WISHES ,85001681304,Despensa,THREE WISHES ,Cereales Y Granola,"[""Gluten-free"",""Kosher"",""Vegano""]",1,https://riba.app/imgrs/THUMBS%20500X500/341041.JPG
341045,STRAWBERRY GF THREE WISHES,85001681317,Despensa,THREE WISHES ,Cereales Y Granola,"[""Gluten-free"",""Kosher"",""Vegano""]",1,https://riba.app/imgrs/THUMBS%20500X500/341045.JPG
345699,GRANOLA CHOCOLATE THREE WISHES,85001681336,Despensa,THREE WISHES ,Cereales Y Granola,"[""Gluten-free"",""Kosher"",""Vegano""]",1,https://riba.app/imgrs/THUMBS%20500X500/345699.JPG
345134,MARSHMALLOW GF CEREAL,85001681338,Despensa,THREE WISHES ,Cereales Y Granola,"[""Gluten-free"",""Kosher"",""Vegano""]",1,https://riba.app/imgrs/THUMBS%20500X500/345134.JPG
345677,GRANOLA ORIG THREE WISHES,85001681352,Despensa,THREE WISHES ,Cereales Y Granola,"[""Gluten-free"",""Kosher"",""Vegano""]",1,https://riba.app/imgrs/THUMBS%20500X500/345677.JPG
345678,THREE WISHES MAPLE PECAN,85001681354,Despensa,THREE WISHES ,Cereales Y Granola,"[""Gluten-free"",""Kosher"",""Vegano""]",1,https://riba.app/imgrs/THUMBS%20500X500/345678.JPG
355495,BARS GRANOLA CHOCO PEANUT BUTT,85001681377,Despensa,THREE WISHES ,Cereales Y Granola,"[""Gluten-free"",""Kosher"",""Vegano""]",1,https://riba.app/imgrs/THUMBS%20500X500/355495.JPG
355497,GRAIN FREE GRANOLA BARS ,85001681379,Despensa,THREE WISHES ,Cereales Y Granola,"[""Gluten-free"",""Kosher"",""Vegano""]",1,https://riba.app/imgrs/THUMBS%20500X500/355497.JPG
355496,BAR CHOCOLATE CHIP THREE WISHE,85001681381,Despensa,THREE WISHES ,Cereales Y Granola,"[""Gluten-free"",""Kosher"",""Vegano""]",1,https://riba.app/imgrs/THUMBS%20500X500/355496.JPG
350609,CATALINA CRUNCH CINNAM TOAST S,85001746807,Despensa,CATALINA CRUNCH,Cereales Y Granola,"[""Gluten-free"",""Keto""]",1,https://riba.app/imgrs/THUMBS%20500X500/350609.JPG
324131,FRUITY CATALINA CRUNCH,85001746808,Despensa,CATALINA CRUNCH,Cereales Y Granola,"[""Gluten-free"",""Keto"",""Kosher"",""Vegano""]",1,https://riba.app/imgrs/THUMBS%20500X500/324131.JPG
324130,CHOCOLATE PEANT BTTR CATALINA ,85001746818,Despensa,CATALINA CRUNCH,Cereales Y Granola,"[""Gluten-free"",""Keto"",""Kosher"",""Vegano""]",1,https://riba.app/imgrs/THUMBS%20500X500/324130.JPG
338178,TRUFF SAUCE MAYONNAISE,85002086100,Despensa,TRUFF,Aderezos Y Salsas,"[""Gluten-free""]",1,https://riba.app/imgrs/THUMBS%20500X500/338178.JPG
333907,BLACK TRUFFLE POMODORO PASTA,85002086102,Despensa,TRUFF,Aderezos Y Salsas,"[""Gluten-free"",""Vegano""]",1,https://riba.app/imgrs/THUMBS%20500X500/333907.JPG
359975,SALSA CARBONE MARINARA,85002473500,Despensa,CARBONE ,Aderezos Y Salsas,"[""Kosher""]",1,https://riba.app/imgrs/THUMBS%20500X500/359975.JPG
359976,SALSA CARBONE TOMATO BASIL,85002473501,Despensa,CARBONE ,Aderezos Y Salsas,"[""Kosher""]",1,https://riba.app/imgrs/THUMBS%20500X500/359976.JPG
359977,SALSA CARBONE VODKA WF,85002473503,Despensa,CARBONE ,Aderezos Y Salsas,"[""Kosher""]",1,https://riba.app/imgrs/THUMBS%20500X500/359977.JPG
359973,SALSA CARBONE PIZZA,85002473538,Despensa,CARBONE ,Aderezos Y Salsas,"[""Kosher""]",1,https://riba.app/imgrs/THUMBS%20500X500/359973.JPG
359967,SALSA CARBONE ALFREDO,85002473560,Despensa,CARBONE ,Aderezos Y Salsas,NULL,1,https://riba.app/imgrs/THUMBS%20500X500/359967.JPG
359974,SALSA CARBONE 4 QUESOS,85002473564,Despensa,CARBONE ,Aderezos Y Salsas,"[""Kosher""]",1,https://riba.app/imgrs/THUMBS%20500X500/359974.JPG
22567,SOPAS SABOR CARNE,85002509500,Despensa,TIO CHAN,Sopas Y Cremas,NULL,1,https://riba.app/imgrs/THUMBS%20500X500/22567.JPG
22569,SOPAS SABOR POLLO ,85002509501,Despensa,TIO CHAN,Sopas Y Cremas,NULL,1,https://riba.app/imgrs/THUMBS%20500X500/22569.JPG
22568,SOPAS SABOR CAMARONES ,85002509502,Despensa,TIO CHAN,Sopas Y Cremas,NULL,1,https://riba.app/imgrs/THUMBS%20500X500/22568.JPG
347783,SOPA DE VASO SABOR CARNE,85002509512,Despensa,TIO CHAN,Sopas Y Cremas,NULL,1,https://riba.app/imgrs/THUMBS%20500X500/347783.JPG
347781,SOPA DE VASO SABOR POLLO,85002509513,Despensa,TIO CHAN,Sopas Y Cremas,NULL,1,https://riba.app/imgrs/THUMBS%20500X500/347781.JPG
347785,SOPA DE VASO SABOR CAMARON,85002509514,Despensa,TIO CHAN,Sopas Y Cremas,NULL,1,https://riba.app/imgrs/THUMBS%20500X500/347785.JPG
344749,SOPA TIO CHAN MARISCOS,85002509515,Despensa,TIO CHAN,Sopas Y Cremas,NULL,1,https://riba.app/imgrs/THUMBS%20500X500/344749.JPG
344748,SOPA TIO CHAN CARNE,85002509516,Despensa,TIO CHAN,Sopas Y Cremas,NULL,1,https://riba.app/imgrs/THUMBS%20500X500/344748.JPG
344747,SOPA TIO CHAN POLLO,85002509517,Despensa,TIO CHAN,Sopas Y Cremas,NULL,1,https://riba.app/imgrs/THUMBS%20500X500/344747.JPG
347498,BARRA DE AVENA Y ARANDANOS,85002973965,Despensa,PRO BAR,Cereales Y Granola,"[""Gluten-free""]",1,https://riba.app/imgrs/THUMBS%20500X500/347498.JPG
347877,GOODLES TWIST MY PARM,85003199002,Despensa,GOODLES,Pastas Secas,"[""Kosher""]",1,https://riba.app/imgrs/THUMBS%20500X500/347877.JPG
347878,CACIO E PEPE PROTEIN MAC CHEE,85003199003,Despensa,GOODLES,Pastas Secas,"[""Kosher""]",1,https://riba.app/imgrs/THUMBS%20500X500/347878.JPG
347884,VEGAN IS BELIEVIN´ GOODLES,85003199007,Despensa,GOODLES,Pastas Secas,"[""Kosher"",""Vegano""]",1,https://riba.app/imgrs/THUMBS%20500X500/347884.JPG
347879,TRUFFLE MAC CHEESE,85003199015,Despensa,GOODLES,Pastas Secas,"[""Kosher""]",1,https://riba.app/imgrs/THUMBS%20500X500/347879.JPG
346776,GOODLES LUCKY PENNE,85003199018,Despensa,GOODLES,Pastas Secas,"[""Kosher""]",1,https://riba.app/imgrs/THUMBS%20500X500/346776.JPG
339959,PASTA YELLOW PEA PENNE,85003702853,Despensa,ZENB PASTA,Pastas Secas,"[""Gluten-free"",""Vegano""]",1,https://riba.app/imgrs/THUMBS%20500X500/339959.JPG
339962,PASTA YELLOW PEA ROTINI ZENB,85003702854,Despensa,ZENB PASTA,Pastas Secas,"[""Vegano""]",1,https://riba.app/imgrs/THUMBS%20500X500/339962.JPG
341086,PASTA PEA ELBOWS ZENB,85003702855,Despensa,ZENB PASTA,Pastas Secas,"[""Gluten-free"",""Vegano""]",1,https://riba.app/imgrs/THUMBS%20500X500/341086.JPG
344126,CEREAL BLUERRY MUFFINS CATALIN,85004411209,Despensa,CATALINA CRUNCH,Cereales Y Granola,"[""Gluten-free"",""Keto"",""Kosher"",""Vegano""]",1,https://riba.app/imgrs/THUMBS%20500X500/344126.JPG
344129,HONEY NUT ALMND CEREAL CATALIN,85004411210,Despensa,CATALINA CRUNCH,Cereales Y Granola,"[""Gluten-free"",""Keto"",""Kosher"",""Vegano""]",1,https://riba.app/imgrs/THUMBS%20500X500/344129.JPG
353059,CRUNCH PEANUTH BUTTER GRANOLA,85004411290,Despensa,CATALINA CRUNCH,Cereales Y Granola,NULL,1,https://riba.app/imgrs/THUMBS%20500X500/353059.JPG
353060,CRUNCH HONEY CASHEW GRANOLA,85004411291,Despensa,CATALINA CRUNCH,Cereales Y Granola,NULL,1,https://riba.app/imgrs/THUMBS%20500X500/353060.JPG
348692,COCONUT PEANUT BUTTER JAR,85005219313,Despensa,COCOMO,Jaleas Mantequillas Y Mermeladas,"[""Gluten-free"",""Orgánico"",""Vegano""]",1,https://riba.app/imgrs/THUMBS%20500X500/348692.JPG
348693,COCONUT PB POWDER ORIGINAL,85005219344,Despensa,COCOMO,Jaleas Mantequillas Y Mermeladas,"[""Gluten-free"",""Vegano""]",1,https://riba.app/imgrs/THUMBS%20500X500/348693.JPG
348704,COCONUT PB SQUEEZE PACKS,85005219370,Despensa,COCOMO,Jaleas Mantequillas Y Mermeladas,"[""Gluten-free"",""Orgánico"",""Vegano""]",1,https://riba.app/imgrs/THUMBS%20500X500/348704.JPG
348694,COCONUT PB POWDER CHOCOLATE,85005219376,Despensa,COCOMO,Jaleas Mantequillas Y Mermeladas,"[""Gluten-free"",""Vegano""]",1,https://riba.app/imgrs/THUMBS%20500X500/348694.JPG
355426, GRANOLA DARK CHOCOLATE RASPBE,85005383008,Despensa,SEVEN SUNDAYS ,Cereales Y Granola,"[""Gluten-free"",""Keto"",""Kosher"",""Vegano""]",1,https://riba.app/imgrs/THUMBS%20500X500/355426.JPG
355425,GRANOLA STRAWBERRY BANANA GF,85005383009,Despensa,SEVEN SUNDAYS ,Cereales Y Granola,"[""Gluten-free"",""Keto"",""Kosher"",""Vegano""]",1,https://riba.app/imgrs/THUMBS%20500X500/355425.JPG
355431,CEREAL HONEY ALMOND SEVEN SUND,85005383014,Despensa,SEVEN SUNDAYS ,Cereales Y Granola,"[""Gluten-free"",""Kosher""]",1,https://riba.app/imgrs/THUMBS%20500X500/355431.JPG
355433,CEREAL COCOA CRUNCH  GF,85005383015,Despensa,SEVEN SUNDAYS ,Cereales Y Granola,"[""Gluten-free"",""Kosher"",""Vegano""]",1,https://riba.app/imgrs/THUMBS%20500X500/355433.JPG
355434,CEREAL CINNAMON TOAST MAPLE SY,85005383016,Despensa,SEVEN SUNDAYS ,Cereales Y Granola,"[""Gluten-free"",""Kosher"",""Vegano""]",1,https://riba.app/imgrs/THUMBS%20500X500/355434.JPG
355906,GRANOLA OG2 PROTN ORIG,85006097308,Despensa,LOVEBIRD,Cereales Y Granola,"[""Gluten-free"",""Orgánico""]",1,https://riba.app/imgrs/THUMBS%20500X500/355906.JPG
355908,GRANOLA OG2 PROT CINNAMON,85006097309,Despensa,LOVEBIRD,Cereales Y Granola,"[""Gluten-free"",""Orgánico""]",1,https://riba.app/imgrs/THUMBS%20500X500/355908.JPG
355910,GRANOLA OG2 PROT MAPLE BTR,85006097310,Despensa,LOVEBIRD,Cereales Y Granola,"[""Gluten-free"",""Orgánico""]",1,https://riba.app/imgrs/THUMBS%20500X500/355910.JPG
349993,MUSH PROTEIN BAR MAPLE CNNAMON,85006493000,Despensa,MUSH,Cereales Y Granola,"[""Gluten-free"",""Kosher""]",1,https://riba.app/imgrs/THUMBS%20500X500/349993.JPG
349992,MUSH PROTEIN BAR PEANUT BUTTER,85006493001,Despensa,MUSH,Cereales Y Granola,"[""Gluten-free""]",1,https://riba.app/imgrs/THUMBS%20500X500/349992.JPG
358754,BARRA HORMBLES CARAMELO SALADO,85007072200,Despensa,HORMBLES CHORMBLES,Cereales Y Granola,NULL,1,https://riba.app/imgrs/THUMBS%20500X500/358754.JPG
358756,BARRA HORMBLES MANTEQUILL MANI,85007072204,Despensa,HORMBLES CHORMBLES,Cereales Y Granola,NULL,1,https://riba.app/imgrs/THUMBS%20500X500/358756.JPG
339208,KOZLIK´S MUSTARD AMAZING MAPLE,85008600001,Despensa,KOZLIK´S,Aderezos Y Salsas,"[""Gluten-free"",""Kosher""]",1,https://riba.app/imgrs/THUMBS%20500X500/339208.JPG
339215,KOZLIKS DIJON CLASSIQUE,85008600007,Despensa,KOZLIK´S,Aderezos Y Salsas,"[""Gluten-free"",""Kosher""]",1,https://riba.app/imgrs/THUMBS%20500X500/339215.JPG
339214,KOZLIKS DIJON BY ANTON,85008600008,Despensa,KOZLIK´S,Aderezos Y Salsas,"[""Gluten-free"",""Kosher""]",1,https://riba.app/imgrs/THUMBS%20500X500/339214.JPG
339212,KOZLIKS HORSERADISH MUSTARD,85008600013,Despensa,KOZLIK´S,Aderezos Y Salsas,"[""Gluten-free""]",1,https://riba.app/imgrs/THUMBS%20500X500/339212.JPG
339217,KOZLIKS MARKET MUSTARD,85008600022,Despensa,KOZLIK´S,Aderezos Y Salsas,"[""Gluten-free"",""Kosher""]",1,https://riba.app/imgrs/THUMBS%20500X500/339217.JPG
339210,KOZLIKS SWEET & SMOKEY MUSTARD,85008600023,Despensa,KOZLIK´S,Aderezos Y Salsas,"[""Gluten-free"",""Kosher""]",1,https://riba.app/imgrs/THUMBS%20500X500/339210.JPG
339213,KOZLIKS TRIPLE CRUNCH MUSTARD,85008600028,Despensa,KOZLIK´S,Aderezos Y Salsas,"[""Gluten-free"",""Kosher""]",1,https://riba.app/imgrs/THUMBS%20500X500/339213.JPG
339211,KOZLIKS HONEY MUSTARD,85008600031,Despensa,KOZLIK´S,Aderezos Y Salsas,NULL,1,https://riba.app/imgrs/THUMBS%20500X500/339211.JPG
339209,KOZLIK´S BALSAMIC FIGS & DATES,85008600033,Despensa,KOZLIK´S,Aderezos Y Salsas,"[""Gluten-free"",""Kosher""]",1,https://riba.app/imgrs/THUMBS%20500X500/339209.JPG
339216,KOZLIKS HERBED ROSEMARY,85008600035,Despensa,KOZLIK´S,Aderezos Y Salsas,"[""Gluten-free"",""Kosher""]",1,https://riba.app/imgrs/THUMBS%20500X500/339216.JPG
347819,MOMOFUKU CHILI CRUNCH,85028100620,Despensa,MOMOFUKU,Aderezos Y Salsas,NULL,1,https://riba.app/imgrs/THUMBS%20500X500/347819.JPG
347822,MOMOFUKU HOT HONEY CHILI CRUNC,85028100680,Despensa,MOMOFUKU,Aderezos Y Salsas,NULL,1,https://riba.app/imgrs/THUMBS%20500X500/347822.JPG
347823,MOMOFUKU BBQ SWEET &SPICY,85028100692,Despensa,MOMOFUKU,Aderezos Y Salsas,NULL,1,https://riba.app/imgrs/THUMBS%20500X500/347823.JPG
306995,KESNGTN CHIPOTEL MAYO ,85055100593,Despensa,SIR KENSINGTON S,Aderezos Y Salsas,"[""Gluten-free"",""Kosher""]",1,https://riba.app/imgrs/THUMBS%20500X500/306995.JPG
306994,KENSINGTON SPECIAL MAYO SQUEEZ,85055100596,Despensa,SIR KENSINGTON S,Aderezos Y Salsas,"[""Gluten-free"",""Kosher""]",1,https://riba.app/imgrs/THUMBS%20500X500/306994.JPG
269469,BARNEYBUTTER ALMOND BLEND CHOC,85106500770,Despensa,BARNEY BUTTER,Jaleas Mantequillas Y Mermeladas,"[""Gluten-free"",""Keto"",""Kosher"",""Paleo"",""Vegano""]",1,https://riba.app/imgrs/THUMBS%20500X500/269469.JPG
227715,PEANUT BUTTER SMOOTH OPERATOR,85108700001,Despensa,PEANUT BUTTER & CO,Jaleas Mantequillas Y Mermeladas,"[""Gluten-free"",""Vegano""]",1,https://riba.app/imgrs/THUMBS%20500X500/227715.JPG
227714,PEANUT BUTER CRUNCH TIME,85108700002,Despensa,PEANUT BUTTER & CO,Jaleas Mantequillas Y Mermeladas,"[""Gluten-free"",""Vegano""]",1,https://riba.app/imgrs/THUMBS%20500X500/227714.JPG
169993,PEANUT BUTTER W WHITE CHOCOLAT,85108700005,Despensa,PEANUT BUTTER & CO,Jaleas Mantequillas Y Mermeladas,"[""Gluten-free"",""Kosher"",""Vegano""]",1,https://riba.app/imgrs/THUMBS%20500X500/169993.JPG
169994,PEANUT BUTTER DARK CHOC DREAM,85108700006,Despensa,PEANUT BUTTER & CO,Jaleas Mantequillas Y Mermeladas,"[""Gluten-free"",""Kosher"",""Vegano""]",1,https://riba.app/imgrs/THUMBS%20500X500/169994.JPG
195690,BEES KNEES PEANUT BUTTER,85108700025,Despensa,PEANUT BUTTER & CO,Jaleas Mantequillas Y Mermeladas,"[""Gluten-free"",""Kosher"",""Vegano""]",1,https://riba.app/imgrs/THUMBS%20500X500/195690.JPG
347956,CHOC CHIP CHEWY GRANOLA BARS,85110000301,Despensa,JUNKLESS,Cereales Y Granola,NULL,1,https://riba.app/imgrs/THUMBS%20500X500/347956.JPG
347957,PEANUT BUTTER CHOC CHIP CHEWY,85110000302,Despensa,JUNKLESS,Cereales Y Granola,"[""Gluten-free""]",1,https://riba.app/imgrs/THUMBS%20500X500/347957.JPG
220148,COCONUT SECRET SAUCE OG AMINOS,85149200204,Despensa,COCONUT SECRET,Aderezos Y Salsas,"[""Gluten-free"",""Keto"",""Kosher"",""Orgánico"",""Vegano""]",1,https://riba.app/imgrs/THUMBS%20500X500/220148.JPG
323609,RED ENCHILADA SAUCE,85176900773,Despensa,SIETE,Aderezos Y Salsas,"[""Gluten-free""]",1,https://riba.app/imgrs/THUMBS%20500X500/323609.JPG
314154,SIETE MILD TACO SEASONING ,85176900775,Despensa,SIETE,Condimentos Y Semillas,"[""Gluten-free""]",1,https://riba.app/imgrs/THUMBS%20500X500/314154.JPG
323611,TACO SPICY SEASONING,85176900776,Despensa,SIETE,Condimentos Y Semillas,"[""Gluten-free""]",1,https://riba.app/imgrs/THUMBS%20500X500/323611.JPG
332333,CALABAZA ENLATADA ORGANIC EZO,85294500600,Despensa,GREEN VALLEY,Conservas Y Encurtidos,"[""Gluten-free"",""Kosher"",""Orgánico""]",1,https://riba.app/imgrs/THUMBS%20500X500/332333.JPG
243099,ORG CUT GREEN BEANS,85294500602,Despensa,GREEN VALLEY ORG,Conservas Y Encurtidos,"[""Kosher"",""Orgánico""]",1,https://riba.app/imgrs/THUMBS%20500X500/243099.JPG
261513,GV ORGANIC DARK RED BEANS,85294500605,Despensa,GREEN VALLEY ORG,Arroz Y Granos,"[""Gluten-free"",""Kosher""]",1,https://riba.app/imgrs/THUMBS%20500X500/261513.JPG
261507,GREEN VALLEY ORGANIC GARBANZOS,85294500607,Despensa,GREEN VALLEY ORG,Arroz Y Granos,"[""Kosher"",""Orgánico""]",1,https://riba.app/imgrs/THUMBS%20500X500/261507.JPG
283235,GHEE CLARIFIED BUTTER,85310400737,Despensa,FOURTH & HEART,Aceites Y Mantecas,"[""Gluten-free"",""Kosher"",""Paleo""]",1,https://riba.app/imgrs/THUMBS%20500X500/283235.JPG
285450,GRASS-FED GHEE OIL ORIGINAL,85310400774,Despensa,FOURTH & HEART,Aceites Y Mantecas,NULL,1,https://riba.app/imgrs/THUMBS%20500X500/285450.JPG
347497,BARRA GINEO Y FRUTOS SECOS,85315200612,Despensa,PRO BAR,Cereales Y Granola,"[""Gluten-free"",""Kosher""]",1,https://riba.app/imgrs/THUMBS%20500X500/347497.JPG
347482,BARRA CHISPAS CHOCOLATE PROMEA,85315200616,Despensa,PRO BAR,Cereales Y Granola,NULL,1,https://riba.app/imgrs/THUMBS%20500X500/347482.JPG
347481,BARRA PRO MEAL EXPLOSION BAYAS,85315210002,Despensa,PRO BAR,Cereales Y Granola,"[""Gluten-free"",""Kosher""]",1,https://riba.app/imgrs/THUMBS%20500X500/347481.JPG
232476,NOODLE ANGEL HAIR,85323700300,Despensa,MIRACLE NOODLE,Pastas Secas,"[""Gluten-free"",""Kosher"",""Vegano""]",1,https://riba.app/imgrs/THUMBS%20500X500/232476.JPG
232478,NOODLE FETTUCCINI NOODLE,85323700301,Despensa,MIRACLE NOODLE,Pastas Secas,"[""Gluten-free"",""Kosher"",""Vegano""]",1,https://riba.app/imgrs/THUMBS%20500X500/232478.JPG
232479,NOODLE RICE MIRACLE,85323700302,Despensa,MIRACLE NOODLE,Arroz Y Granos,"[""Gluten-free"",""Kosher"",""Vegano""]",1,https://riba.app/imgrs/THUMBS%20500X500/232479.JPG
345113,MIRACEL NOODLE ORGANIC,85323700379,Despensa,MIRACLE NOODLE,Pastas Secas,"[""Gluten-free"",""Kosher"",""Vegano""]",1,https://riba.app/imgrs/THUMBS%20500X500/345113.JPG
286230,KETO SEA SALT DARK CHOCO,85378700576,Despensa,MUNK PACK,Cereales Y Granola,"[""Gluten-free"",""Kosher""]",1,https://riba.app/imgrs/THUMBS%20500X500/286230.JPG
286227,KETO PEANUT BUTTER DARK CHOCO,85378700591,Despensa,MUNK PACK,Cereales Y Granola,"[""Gluten-free"",""Kosher""]",1,https://riba.app/imgrs/THUMBS%20500X500/286227.JPG
279990,AVOCADO OIL 100% PURE SPRAY,85380700503,Despensa,CHOSEN FOODS,Aceites Y Mantecas,"[""Kosher""]",1,https://riba.app/imgrs/THUMBS%20500X500/279990.JPG
334979,CHOOSEN F 100% AVOCADO OIL,85380700582,Despensa,CHOSEN FOODS,Aceites Y Mantecas,"[""Kosher""]",1,https://riba.app/imgrs/THUMBS%20500X500/334979.JPG
323613,CARNITAS SEASONING,85398600805,Despensa,SIETE,Condimentos Y Semillas,"[""Gluten-free""]",1,https://riba.app/imgrs/THUMBS%20500X500/323613.JPG
338852,HARINA MAIZ BLANCA GLUTEN FREE,85467500500,Despensa,P.A.N.,Harinas,"[""Gluten-free"",""Kosher""]",1,https://riba.app/imgrs/THUMBS%20500X500/338852.JPG
189923,HARINA MAIZ DULCE GLUTTEN FREE,85467500501,Despensa,P.A.N.,Harinas,"[""Gluten-free""]",1,https://riba.app/imgrs/THUMBS%20500X500/189923.JPG
338849,HARINA MAIZ BLANCA GLUTTEN FRE,85467500515,Despensa,P.A.N.,Harinas,"[""Gluten-free"",""Kosher""]",1,https://riba.app/imgrs/THUMBS%20500X500/338849.JPG
168978,HARINA MAIZ AMARILLO GLUTEN FR,85467500516,Despensa,P.A.N.,Harinas,"[""Gluten-free"",""Kosher""]",1,https://riba.app/imgrs/THUMBS%20500X500/168978.JPG
338893,CURRY MASALA,85489800101,Despensa,ARVINDAS´S,Condimentos Y Semillas,"[""Gluten-free"",""Vegano""]",1,https://riba.app/imgrs/THUMBS%20500X500/338893.JPG
338905,GARAM MASALA,85489800102,Despensa,ARVINDAS´S,Condimentos Y Semillas,"[""Gluten-free"",""Vegano""]",1,https://riba.app/imgrs/THUMBS%20500X500/338905.JPG
338894,MADRAS MASALA,85489800107,Despensa,ARVINDAS´S,Condimentos Y Semillas,"[""Gluten-free"",""Vegano""]",1,https://riba.app/imgrs/THUMBS%20500X500/338894.JPG
338895,TANDOORI MASALA,85489800108,Despensa,ARVINDAS´S,Condimentos Y Semillas,"[""Gluten-free"",""Vegano""]",1,https://riba.app/imgrs/THUMBS%20500X500/338895.JPG
338897,TIKKA MASALA,85489800109,Despensa,ARVINDAS´S,Condimentos Y Semillas,"[""Gluten-free"",""Vegano""]",1,https://riba.app/imgrs/THUMBS%20500X500/338897.JPG
338909,CURRY POWDER,85489800117,Despensa,ARVINDAS´S,Condimentos Y Semillas,"[""Gluten-free"",""Vegano""]",1,https://riba.app/imgrs/THUMBS%20500X500/338909.JPG
338890,BUTTER CHICKEN MASALA,85489800134,Despensa,ARVINDAS´S,Condimentos Y Semillas,NULL,1,https://riba.app/imgrs/THUMBS%20500X500/338890.JPG
338898,VINDALOO MASALA,85489800143,Despensa,ARVINDAS´S,Condimentos Y Semillas,"[""Gluten-free"",""Vegano""]",1,https://riba.app/imgrs/THUMBS%20500X500/338898.JPG
338906,BIRYANI MASALA,85489800144,Despensa,ARVINDAS´S,Condimentos Y Semillas,"[""Gluten-free"",""Vegano""]",1,https://riba.app/imgrs/THUMBS%20500X500/338906.JPG
338907,CHANNA MASALA,85489800145,Despensa,ARVINDAS´S,Condimentos Y Semillas,"[""Gluten-free"",""Vegano""]",1,https://riba.app/imgrs/THUMBS%20500X500/338907.JPG
338908,CHICKEN MASALA,85489800146,Despensa,ARVINDAS´S,Condimentos Y Semillas,"[""Gluten-free"",""Vegano""]",1,https://riba.app/imgrs/THUMBS%20500X500/338908.JPG
338910,KEBAB MASALA,85489800147,Despensa,ARVINDAS´S,Condimentos Y Semillas,"[""Gluten-free"",""Vegano""]",1,https://riba.app/imgrs/THUMBS%20500X500/338910.JPG
338912,PANEER MASALA,85489800148,Despensa,ARVINDAS´S,Condimentos Y Semillas,"[""Vegano""]",1,https://riba.app/imgrs/THUMBS%20500X500/338912.JPG
338911,MADRAS CURRY POWDER,85489800161,Despensa,ARVINDAS´S,Condimentos Y Semillas,"[""Gluten-free"",""Vegano""]",1,https://riba.app/imgrs/THUMBS%20500X500/338911.JPG
355364,MARINARA SAUCE ,85501900405,Despensa,MICHAELS OF BROOKLYN ,Aderezos Y Salsas,"[""Gluten-free""]",1,https://riba.app/imgrs/THUMBS%20500X500/355364.JPG
355354,MICHAELS FRESH TOMATO & BASIL,85501900406,Despensa,MICHAELS OF BROOKLYN ,Aderezos Y Salsas,"[""Gluten-free""]",1,https://riba.app/imgrs/THUMBS%20500X500/355354.JPG
355357,MICHAELS GRAVY HOME STYLE,85501900412,Despensa,MICHAELS OF BROOKLYN ,Aderezos Y Salsas,NULL,1,https://riba.app/imgrs/THUMBS%20500X500/355357.JPG
328719,GRAANOLA CRANBERRY PECAN ,85514000214,Despensa,PURELY ELIZABETH,Cereales Y Granola,"[""Gluten-free"",""Vegano""]",1,https://riba.app/imgrs/THUMBS%20500X500/328719.JPG
328759,CINNAMON PUMPKIN OG OATS,85514000215,Despensa,PURELY ELIZABETH,Cereales Y Granola,"[""Gluten-free"",""Vegano""]",1,https://riba.app/imgrs/THUMBS%20500X500/328759.JPG
328720,BLUEBERRY HEMP GRANOLA,85514000216,Despensa,PURELY ELIZABETH,Cereales Y Granola,"[""Gluten-free"",""Vegano""]",1,https://riba.app/imgrs/THUMBS%20500X500/328720.JPG
328721,GRANOLA ANCIENT GRAIN ORIGINAL,85514000217,Despensa,PURELY ELIZABETH,Cereales Y Granola,"[""Gluten-free"",""Orgánico"",""Vegano""]",1,https://riba.app/imgrs/THUMBS%20500X500/328721.JPG
328717,ORG SUPERFOOD OATMEAL PUR ELIZ,85514000230,Despensa,PURELY ELIZABETH,Avenas Y Cremas,"[""Gluten-free"",""Orgánico"",""Vegano""]",1,https://riba.app/imgrs/THUMBS%20500X500/328717.JPG
328722,CHOCOLATE SEA SALT PROBIOTIC,85514000268,Despensa,PURELY ELIZABETH,Cereales Y Granola,"[""Gluten-free"",""Vegano""]",1,https://riba.app/imgrs/THUMBS%20500X500/328722.JPG
328726,GR GRANOLA BANANA NUT BUTTER,85514000272,Despensa,PURELY ELIZABETH,Cereales Y Granola,"[""Gluten-free"",""Keto"",""Vegano""]",1,https://riba.app/imgrs/THUMBS%20500X500/328726.JPG
328718,GRANOLA CHOC SEA SALT PEAN BUT,85514000298,Despensa,PURELY ELIZABETH,Cereales Y Granola,"[""Gluten-free"",""Vegano""]",1,https://riba.app/imgrs/THUMBS%20500X500/328718.JPG
328714,GRANOLA MAPLE &ALMOND PUR ELIZ,85514000299,Despensa,PURELY ELIZABETH,Cereales Y Granola,"[""Gluten-free"",""Vegano""]",1,https://riba.app/imgrs/THUMBS%20500X500/328714.JPG
282032,KOREAN CHILE FLAKES ,85523000209,Despensa,MOTHER IN LAW,Condimentos Y Semillas,"[""Vegano""]",1,https://riba.app/imgrs/THUMBS%20500X500/282032.JPG
349787,MUSTARD SPICE BROWN PRIMAL,85523200711,Despensa,PRIMAL KITCHEN,Aderezos Y Salsas,"[""Keto"",""Kosher"",""Orgánico"",""Paleo""]",1,https://riba.app/imgrs/THUMBS%20500X500/349787.JPG
349140,MUSTARD DIJON ORG PRIMAL KITCH,85523200733,Despensa,PRIMAL KITCHEN,Aderezos Y Salsas,"[""Keto"",""Kosher"",""Orgánico"",""Paleo""]",1,https://riba.app/imgrs/THUMBS%20500X500/349140.JPG
322121,BB SAUCE GOLDEN UNSW,85523200734,Despensa,PRIMAL KITCHEN ,Aderezos Y Salsas,"[""Gluten-free"",""Keto"",""Orgánico""]",1,https://riba.app/imgrs/THUMBS%20500X500/322121.JPG
322120,PB BBQ SAUCE CLASC UNSW ,85523200735,Despensa,PRIMAL KITCHEN ,Aderezos Y Salsas,"[""Gluten-free"",""Keto"",""Orgánico""]",1,https://riba.app/imgrs/THUMBS%20500X500/322120.JPG
317221,BUFFALO SAUCE ,85523200739,Despensa,PRIMAL KITCHEN ,Aderezos Y Salsas,"[""Gluten-free"",""Keto"",""Paleo""]",1,https://riba.app/imgrs/THUMBS%20500X500/317221.JPG
349139,SAUCE TERIYAKI NO SOY,85523200740,Despensa,PRIMAL KITCHEN ,Aderezos Y Salsas,"[""Gluten-free"",""Keto"",""Orgánico"",""Paleo""]",1,https://riba.app/imgrs/THUMBS%20500X500/349139.JPG
349142,SAUCE STEAK ORG PRIMAL KITCHEN,85523200741,Despensa,PRIMAL KITCHEN,Aderezos Y Salsas,"[""Gluten-free"",""Keto"",""Orgánico"",""Paleo"",""Vegano""]",1,https://riba.app/imgrs/THUMBS%20500X500/349142.JPG
317211,CILANTRO LIME DRESSING & MARIN,85523200757,Despensa,PRIMAL KITCHEN ,Aderezos Y Salsas,"[""Gluten-free"",""Keto"",""Paleo""]",1,https://riba.app/imgrs/THUMBS%20500X500/317211.JPG
317226,JALAPEÑO BUFFALO SAUCE  CASHEW,85523200797,Despensa,PRIMAL KITCHEN ,Aderezos Y Salsas,"[""Gluten-free"",""Keto""]",1,https://riba.app/imgrs/THUMBS%20500X500/317226.JPG
345212,PASTA LINGUINE PALMINI,85569400438,Despensa,PALMINI,Pastas Secas,"[""Gluten-free"",""Kosher"",""Vegano""]",1,https://riba.app/imgrs/THUMBS%20500X500/345212.JPG
345219,PASTA ANGEL HAIR PALMINI,85569400441,Despensa,PALMINI,Pastas Secas,"[""Gluten-free"",""Kosher"",""Vegano""]",1,https://riba.app/imgrs/THUMBS%20500X500/345219.JPG
323952,LASAGNA PALMINI,85569400447,Despensa,PALMINI,Pastas Secas,"[""Gluten-free"",""Kosher"",""Vegano""]",1,https://riba.app/imgrs/THUMBS%20500X500/323952.JPG
323950,HEARTS OF PALM RICE PALMINI,85569400471,Despensa,PALMINI,Conservas Y Encurtidos,"[""Gluten-free"",""Kosher"",""Vegano""]",1,https://riba.app/imgrs/THUMBS%20500X500/323950.JPG
323929,PALINI HEARTS OF PALM MASHED,85569400473,Despensa,PALMINI,Conservas Y Encurtidos,"[""Gluten-free"",""Kosher"",""Vegano""]",1,https://riba.app/imgrs/THUMBS%20500X500/323929.JPG
200921,TEXAS BEST ORG RICES WHITE,85577200101,Despensa,TEXAS BEST,Arroz Y Granos,"[""Gluten-free"",""Kosher"",""Orgánico""]",1,https://riba.app/imgrs/THUMBS%20500X500/200921.JPG
355419,PORTABELLA MUSHROOM BISQUE ,85586800218,Despensa,ZOUP ,Sopas Y Cremas,NULL,1,https://riba.app/imgrs/THUMBS%20500X500/355419.JPG
355405,TOMATO BISQUE RICH & CREAMY ,85586800223,Despensa,ZOUP ,Sopas Y Cremas,NULL,1,https://riba.app/imgrs/THUMBS%20500X500/355405.JPG
289111,MIX PANCAKE ADD WATER GF,85601700337,Despensa,BIRCH BENDERS,Harinas,"[""Gluten-free""]",1,https://riba.app/imgrs/THUMBS%20500X500/289111.JPG
330427,PANCAKE MIX ORGANIC CHOCO CHIP,85601700340,Despensa,BIRCH BENDERS,Harinas,"[""Kosher"",""Orgánico""]",1,https://riba.app/imgrs/THUMBS%20500X500/330427.JPG
253058,PANCAKE AND WFL MX PALEO,85601700344,Despensa,BIRCH BENDERS,Harinas,"[""Gluten-free"",""Kosher""]",1,https://riba.app/imgrs/THUMBS%20500X500/253058.JPG
330437,PANCAKE MIX CLASSIC BLUEBERRY,85601700377,Despensa,BIRCH BENDERS,Harinas,"[""Kosher"",""Vegano""]",1,https://riba.app/imgrs/THUMBS%20500X500/330437.JPG
277910,BANANA MUFFIN & BREAD ,85606900500,Despensa,SIMPLE MILLS,Reposteria,"[""Gluten-free"",""Kosher""]",1,https://riba.app/imgrs/THUMBS%20500X500/277910.JPG
290556,SMILLS CHOCO MUFFIN CAKE,85606900502,Despensa,SIMPLE MILLS,Reposteria,"[""Gluten-free"",""Kosher""]",1,https://riba.app/imgrs/THUMBS%20500X500/290556.JPG
290558,PANCAKE WAFLE ALMOND FLOUR,85606900505,Despensa,SIMPLE MILLS,Harinas,"[""Gluten-free"",""Kosher""]",1,https://riba.app/imgrs/THUMBS%20500X500/290558.JPG
290559,SMILLS PIZZA DOUGH ,85606900506,Despensa,SIMPLE MILLS,Harinas,"[""Gluten-free"",""Kosher""]",1,https://riba.app/imgrs/THUMBS%20500X500/290559.JPG
329910,BAR BAKED DARK CHOC ALMOND,85606900547,Despensa,SIMPLE MILLS,Cereales Y Granola,"[""Gluten-free"",""Kosher""]",1,https://riba.app/imgrs/THUMBS%20500X500/329910.JPG
348010,SEVEN SUNDAYS MUESLI,85608800317,Despensa,SEVEN SUNDAYS,Cereales Y Granola,"[""Gluten-free"",""Kosher""]",1,https://riba.app/imgrs/THUMBS%20500X500/348010.JPG
332363,SEVEN SUNDAYS MAPLE SEA SALT ,85608800374,Despensa,SEVEN SUNDAYS ,Cereales Y Granola,"[""Gluten-free"",""Kosher"",""Vegano""]",1,https://riba.app/imgrs/THUMBS%20500X500/332363.JPG
332361,COCOA SUNFLOWER SEVEN SUNDAYS,85608800375,Despensa,SEVEN SUNDAYS ,Cereales Y Granola,"[""Gluten-free"",""Kosher"",""Vegano""]",1,https://riba.app/imgrs/THUMBS%20500X500/332361.JPG
341040,CINNAMON GF SEVEN SUNDAY,85608800377,Despensa,SEVEN SUNDAYS ,Cereales Y Granola,"[""Gluten-free"",""Kosher"",""Vegano""]",1,https://riba.app/imgrs/THUMBS%20500X500/341040.JPG
341042,MAPLE CINNAMON OAT SEVEN SUNDA,85608800390,Despensa,SEVEN SUNDAYS ,Cereales Y Granola,"[""Gluten-free"",""Kosher"",""Vegano""]",1,https://riba.app/imgrs/THUMBS%20500X500/341042.JPG
332365,HONEY GF CEREAL,85608800391,Despensa,SEVEN SUNDAYS ,Cereales Y Granola,"[""Gluten-free"",""Kosher"",""Vegano""]",1,https://riba.app/imgrs/THUMBS%20500X500/332365.JPG
341043,SUPER FRUITY OAT SEVEN SUNDAY,85608800392,Despensa,SEVEN SUNDAYS ,Cereales Y Granola,"[""Gluten-free"",""Kosher"",""Vegano""]",1,https://riba.app/imgrs/THUMBS%20500X500/341043.JPG
322741,BAKING CHIPS DARK CHOCOLATE,85648100318,Despensa,LILYS,Reposteria,"[""Gluten-free"",""Kosher""]",1,https://riba.app/imgrs/THUMBS%20500X500/322741.JPG
337840,BAKING CHIPS PEANUT BUTTER FLA,85648100320,Despensa,LILYS,Reposteria,"[""Gluten-free"",""Kosher""]",1,https://riba.app/imgrs/THUMBS%20500X500/337840.JPG
210403,RIB RACK BBQ ORIGINAL SAUCE,85666300400,Despensa,RIB RACK,Aderezos Y Salsas,"[""Gluten-free"",""Kosher""]",1,https://riba.app/imgrs/THUMBS%20500X500/210403.JPG
210405,RIB RACK BBQ SWEET HONEY,85666300401,Despensa,RIB RACK,Aderezos Y Salsas,"[""Gluten-free"",""Kosher""]",1,https://riba.app/imgrs/THUMBS%20500X500/210405.JPG
210406,RIB RACK BBQ SOUTHERN BOURBON,85666300403,Despensa,RIB RACK,Aderezos Y Salsas,"[""Gluten-free"",""Kosher""]",1,https://riba.app/imgrs/THUMBS%20500X500/210406.JPG
317218,GREEN GODDESS DRESSING & MARIN,85676900634,Despensa,PRIMAL KITCHEN ,Aderezos Y Salsas,"[""Gluten-free"",""Keto"",""Paleo""]",1,https://riba.app/imgrs/THUMBS%20500X500/317218.JPG
343988,DRESSING CAESAR AVDO OIL PKITC,85676900635,Despensa,PRIMAL KITCHEN ,Aderezos Y Salsas,"[""Gluten-free""]",1,https://riba.app/imgrs/THUMBS%20500X500/343988.JPG
322119,PRIMAL KTCH BALSAMIC  AVOD OIL,85676900645,Despensa,PRIMAL KITCHEN ,Aderezos Y Salsas,"[""Gluten-free"",""Keto""]",1,https://riba.app/imgrs/THUMBS%20500X500/322119.JPG
344011,OIL AVOCADO PRIMAL KITECHEN SP,85676900648,Despensa,PRIMAL KITCHEN ,Aceites Y Mantecas,"[""Keto""]",1,https://riba.app/imgrs/THUMBS%20500X500/344011.JPG
349130,DRESSING DREAMY ITALIAN,85676900654,Despensa,PRIMAL KITCHEN,Aderezos Y Salsas,"[""Gluten-free"",""Keto"",""Paleo""]",1,https://riba.app/imgrs/THUMBS%20500X500/349130.JPG
317209,SESAME GINGER DRESSING  & MARI,85676900655,Despensa,PRIMAL KITCHEN ,Aderezos Y Salsas,"[""Gluten-free"",""Keto"",""Paleo""]",1,https://riba.app/imgrs/THUMBS%20500X500/317209.JPG
317247,PRIMAL KITCHEN GARLIC AIOLI MA,85676900658,Despensa,PRIMAL KITCHEN ,Aderezos Y Salsas,"[""Gluten-free"",""Keto"",""Kosher"",""Paleo""]",1,https://riba.app/imgrs/THUMBS%20500X500/317247.JPG
317225,ITALIAN DRESSING & MARINADE ,85676900684,Despensa,PRIMAL KITCHEN ,Aderezos Y Salsas,"[""Gluten-free"",""Keto"",""Paleo""]",1,https://riba.app/imgrs/THUMBS%20500X500/317225.JPG
341978,ROTINI BANZA CHICKPEA,85718300501,Despensa,BANZA,Pastas Secas,"[""Gluten-free"",""Kosher"",""Vegano""]",1,https://riba.app/imgrs/THUMBS%20500X500/341978.JPG
341977,BANZA ELBOWS CHICKPEA,85718300502,Despensa,BANZA,Pastas Secas,"[""Gluten-free"",""Kosher""]",1,https://riba.app/imgrs/THUMBS%20500X500/341977.JPG
341976,BANZA CHICKPEA SPAGUETTI,85718300512,Despensa,BANZA,Pastas Secas,"[""Gluten-free"",""Kosher""]",1,https://riba.app/imgrs/THUMBS%20500X500/341976.JPG
227244,AVOCADO OIL ,85719000019,Despensa,LA TOURANGELLE ARTISAN OI,Aceites Y Mantecas,"[""Gluten-free"",""Kosher""]",1,https://riba.app/imgrs/THUMBS%20500X500/227244.JPG
227246,GRAPESEED OIL,85719000031,Despensa,LA TOURANGELLE ARTISAN OI,Aceites Y Mantecas,"[""Gluten-free"",""Kosher""]",1,https://riba.app/imgrs/THUMBS%20500X500/227246.JPG
227247,TOASTED SESAME OIL,85719000041,Despensa,LA TOURANGELLE ARTISAN OI,Aceites Y Mantecas,"[""Gluten-free"",""Kosher""]",1,https://riba.app/imgrs/THUMBS%20500X500/227247.JPG
265175,ORG DARK CHOCOLATE ELEMENT,85736000440,Despensa,ELEMENTS,Cereales Y Granola,"[""Gluten-free"",""Kosher"",""Orgánico""]",1,https://riba.app/imgrs/THUMBS%20500X500/265175.JPG
285351,HONEY BOURBON JAR ,85759800837,Despensa,HONEY FEAST,Siropes,NULL,1,https://riba.app/imgrs/THUMBS%20500X500/285351.JPG
305632,HEALTH GARDEN XYLITOL,85772200601,Despensa,HEALTH GARDEN ,Azucar Y Endulzantes,"[""Gluten-free"",""Kosher"",""Paleo""]",1,https://riba.app/imgrs/THUMBS%20500X500/305632.JPG
308629,ENDULZANTE ERYTHRITOL,85772200602,Despensa,HEALTH GARDEN ,Azucar Y Endulzantes,"[""Gluten-free"",""Kosher""]",1,https://riba.app/imgrs/THUMBS%20500X500/308629.JPG
305627,HEALTH GARN COCO SUGAR,8577220061,Despensa,HEALTH GARDEN ,Azucar Y Endulzantes,"[""Gluten-free"",""Kosher""]",1,https://riba.app/imgrs/THUMBS%20500X500/305627.JPG
308628,ENDULZANTE STEVIA 12 OZ,85772200610,Despensa,HEALTH GARDEN ,Azucar Y Endulzantes,"[""Gluten-free"",""Keto"",""Kosher""]",1,https://riba.app/imgrs/THUMBS%20500X500/308628.JPG
305629,HEALTH GAR MONK FRUIT CLA SWEE,85772200619,Despensa,HEALTH GARDEN ,Azucar Y Endulzantes,"[""Gluten-free"",""Keto"",""Kosher""]",1,https://riba.app/imgrs/THUMBS%20500X500/305629.JPG
273858,PROTEIN BAR COCONUT CACAO,85777700421,Despensa,RXBAR,Cereales Y Granola,"[""Gluten-free"",""Kosher""]",1,https://riba.app/imgrs/THUMBS%20500X500/273858.JPG
329553,LILLIE BBQ HOT SMOKY SAUCE,85818300500,Despensa,LILLIES,Aderezos Y Salsas,"[""Gluten-free""]",1,https://riba.app/imgrs/THUMBS%20500X500/329553.JPG
329550,LILLIE BBQ CAROLINA,85818300502,Despensa,LILLIES,Aderezos Y Salsas,"[""Gluten-free""]",1,https://riba.app/imgrs/THUMBS%20500X500/329550.JPG
239040,MAGGI JUGOSO/SARTEN POLLO PIMI,858500243229,Despensa,MAGGI,Condimentos Y Semillas,NULL,1,https://riba.app/imgrs/THUMBS%20500X500/239040.JPG
239039,MAGGI JUGOSO SARTEN AJO CEBOLL,858500243231,Despensa,MAGGI,Condimentos Y Semillas,NULL,1,https://riba.app/imgrs/THUMBS%20500X500/239039.JPG
239038,MAGGI JUGOSO AL SARTEN FIN HIE,858500243233,Despensa,MAGGI,Condimentos Y Semillas,NULL,1,https://riba.app/imgrs/THUMBS%20500X500/239038.JPG
269470,BBUTTER SMOOTH 0.6 OZ,85886400442,Despensa,BARNEY BUTTER,Jaleas Mantequillas Y Mermeladas,"[""Gluten-free"",""Keto"",""Kosher"",""Paleo"",""Vegano""]",1,https://riba.app/imgrs/THUMBS%20500X500/269470.JPG
277499,BARNEY BUTTER CRUNCHY ,85886400443,Despensa,BARNEY BUTTER,Jaleas Mantequillas Y Mermeladas,"[""Gluten-free"",""Kosher"",""Vegano""]",1,https://riba.app/imgrs/THUMBS%20500X500/277499.JPG
269471,BARNEYBUTTER BARE SMOOTH,85886400444,Despensa,BARNEY BUTTER,Jaleas Mantequillas Y Mermeladas,"[""Gluten-free"",""Keto"",""Kosher"",""Paleo"",""Vegano""]",1,https://riba.app/imgrs/THUMBS%20500X500/269471.JPG
332310,CAPELLOS FETTUCCINE ,85955300400,Despensa,CAPELLO S,Pastas Secas,"[""Gluten-free""]",1,https://riba.app/imgrs/THUMBS%20500X500/332310.JPG
332317,CAPELLOS GNOCCHI ,85955300401,Despensa,CAPELLO S,Pastas Secas,"[""Gluten-free""]",1,https://riba.app/imgrs/THUMBS%20500X500/332317.JPG
332322,CAPELLOS SPINACH CHEESE RAVIOL,85955300411,Despensa,CAPELLO S,Pastas Secas,"[""Gluten-free""]",1,https://riba.app/imgrs/THUMBS%20500X500/332322.JPG
332318,CAPELLOS LASAGNA SHEETS ,85955300424,Despensa,CAPELLO S,Pastas Secas,"[""Gluten-free""]",1,https://riba.app/imgrs/THUMBS%20500X500/332318.JPG
332319,CAPELLOS SWEET POTATO GNOCCHI,85955300443,Despensa,CAPELLO S,Pastas Secas,"[""Gluten-free""]",1,https://riba.app/imgrs/THUMBS%20500X500/332319.JPG
342004,CAPPELLOS CHOCOLATE CHIPS,85955300454,Despensa,CAPELLO´S,Reposteria,"[""Gluten-free"",""Kosher""]",1,https://riba.app/imgrs/THUMBS%20500X500/342004.JPG
349436,STRAWBERRY SMASH FOOD,86000151750,Despensa,SMASH FOODS,Jaleas Mantequillas Y Mermeladas,"[""Kosher""]",1,https://riba.app/imgrs/THUMBS%20500X500/349436.JPG
349456,RASPBERRY SMASH FOOD,86000151751,Despensa,SMASH FOODS,Jaleas Mantequillas Y Mermeladas,"[""Kosher""]",1,https://riba.app/imgrs/THUMBS%20500X500/349456.JPG
349457,BLUEBERRY SMASH FOODS,86000151752,Despensa,SMASH FOODS,Jaleas Mantequillas Y Mermeladas,"[""Kosher""]",1,https://riba.app/imgrs/THUMBS%20500X500/349457.JPG
349459,CHERRY POMEGRANATE SMASH FOODS,86000151756,Despensa,SMASH FOODS,Jaleas Mantequillas Y Mermeladas,"[""Kosher""]",1,https://riba.app/imgrs/THUMBS%20500X500/349459.JPG
345133,UNSWEETENED GRAIN FREE CEREAL,86000215240,Despensa,THREE WISHES ,Cereales Y Granola,"[""Gluten-free"",""Kosher"",""Vegano""]",1,https://riba.app/imgrs/THUMBS%20500X500/345133.JPG
332359,HONEY GF THREE WISHES,86000215242,Despensa,THREE WISHES ,Cereales Y Granola,"[""Gluten-free"",""Kosher"",""Vegano""]",1,https://riba.app/imgrs/THUMBS%20500X500/332359.JPG
332357,CINNAMON GRAIN FREE  THREE WIS,86000215244,Despensa,THREE WISHES ,Cereales Y Granola,"[""Gluten-free"",""Kosher"",""Vegano""]",1,https://riba.app/imgrs/THUMBS%20500X500/332357.JPG
332358,COCOA CHOC THREE WISHES GF,86000215249,Despensa,THREE WISHES ,Cereales Y Granola,"[""Gluten-free"",""Kosher"",""Vegano""]",1,https://riba.app/imgrs/THUMBS%20500X500/332358.JPG
301256,GRANOLA CINNAMON ALMEND,86000267690,Despensa,LIVLO KETO,Cereales Y Granola,"[""Gluten-free"",""Keto"",""Vegano""]",1,https://riba.app/imgrs/THUMBS%20500X500/301256.JPG
349751,SALSA PASTA BUTTERNUT LIVWELL,86000330580,Despensa,LIVWELL,Aderezos Y Salsas,"[""Gluten-free"",""Vegano""]",1,https://riba.app/imgrs/THUMBS%20500X500/349751.JPG
349753,ROMESCO CHILI PEPPER LIVWELL,86000330581,Despensa,LIVWELL,Aderezos Y Salsas,"[""Gluten-free"",""Vegano""]",1,https://riba.app/imgrs/THUMBS%20500X500/349753.JPG
349755,ZUCCHINI & LEMON LIVWELL,86000330582,Despensa,LIVWELL,Aderezos Y Salsas,"[""Gluten-free"",""Vegano""]",1,https://riba.app/imgrs/THUMBS%20500X500/349755.JPG
349756,SAUCE CREAMY TUSCAN VEG & HERB,86000330588,Despensa,LIVWELL,Aderezos Y Salsas,"[""Gluten-free"",""Vegano""]",1,https://riba.app/imgrs/THUMBS%20500X500/349756.JPG
349758,CAULIFLOWER & GARLIC ALFREDO,86000330589,Despensa,LIVWELL,Aderezos Y Salsas,"[""Gluten-free"",""Vegano""]",1,https://riba.app/imgrs/THUMBS%20500X500/349758.JPG
338846,LOVEBIRD GLUTEN FREE CEREAL ,86000514190,Despensa,LOVEBIRD,Cereales Y Granola,"[""Gluten-free"",""Orgánico""]",1,https://riba.app/imgrs/THUMBS%20500X500/338846.JPG
338845,CEREAL OG2 HONEY GRAIN FREE,86000514191,Despensa,LOVEBIRD,Cereales Y Granola,"[""Gluten-free"",""Orgánico""]",1,https://riba.app/imgrs/THUMBS%20500X500/338845.JPG
355873,CEREAL OG2 CINNAMON GF,86000514192,Despensa,LOVEBIRD,Cereales Y Granola,"[""Gluten-free"",""Orgánico""]",1,https://riba.app/imgrs/THUMBS%20500X500/355873.JPG
338844,CEREAL OG2 CACAO GRAIN FREE,86000514194,Despensa,LOVEBIRD,Cereales Y Granola,"[""Gluten-free"",""Orgánico""]",1,https://riba.app/imgrs/THUMBS%20500X500/338844.JPG
355871,CEREAL FRUITY O´S GF,86000514199,Despensa,LOVEBIRD,Cereales Y Granola,"[""Gluten-free"",""Orgánico""]",1,https://riba.app/imgrs/THUMBS%20500X500/355871.JPG
347815,GRAZA SIZZLE EXTRA VIRGEN OLIV,86000908288,Despensa,GRAZA,Aceites Y Mantecas,NULL,1,https://riba.app/imgrs/THUMBS%20500X500/347815.JPG
349458,GRAPEFRUIT SMASH FOOD,86000919300,Despensa,SMASH FOODS,Jaleas Mantequillas Y Mermeladas,"[""Kosher""]",1,https://riba.app/imgrs/THUMBS%20500X500/349458.JPG
345102,THE MVP ALL-PURPOSE SMOKE RUB,86001004530,Despensa,BADIA,Condimentos Y Semillas,NULL,1,https://riba.app/imgrs/THUMBS%20500X500/345102.JPG
345098,LEMON PEPPER SEASONING BLEND,86001004531,Despensa,BADIA,Condimentos Y Semillas,NULL,1,https://riba.app/imgrs/THUMBS%20500X500/345098.JPG
345101,BLACK PEPPE SMOKE RUB,86001004532,Despensa,BADIA,Condimentos Y Semillas,NULL,1,https://riba.app/imgrs/THUMBS%20500X500/345101.JPG
324126,CINNAMON TOAST CATALINA CRUNCH,86047900152,Despensa,CATALINA CRUNCH,Cereales Y Granola,"[""Gluten-free"",""Keto"",""Kosher"",""Vegano""]",1,https://riba.app/imgrs/THUMBS%20500X500/324126.JPG
324135,MAPPLE WAFFLE CEREAL CATALINA ,86047900153,Despensa,CATALINA CRUNCH,Cereales Y Granola,"[""Gluten-free"",""Keto"",""Kosher"",""Vegano""]",1,https://riba.app/imgrs/THUMBS%20500X500/324135.JPG
324128,DARK CHOCOLATE CATALINA CRUNCH,86047900154,Despensa,CATALINA CRUNCH,Cereales Y Granola,"[""Gluten-free"",""Keto"",""Kosher"",""Vegano""]",1,https://riba.app/imgrs/THUMBS%20500X500/324128.JPG
324136,HONEY GRAHAM CATALINA CRUNCH,86047900155,Despensa,CATALINA CRUNCH,Cereales Y Granola,"[""Gluten-free"",""Keto"",""Kosher"",""Vegano""]",1,https://riba.app/imgrs/THUMBS%20500X500/324136.JPG
263490,GHEE BUTTER ORIGINAL RECIPE,86155500011,Despensa,FOURTH & HEART,Aceites Y Mantecas,"[""Gluten-free"",""Keto"",""Kosher"",""Paleo""]",1,https://riba.app/imgrs/THUMBS%20500X500/263490.JPG
263489,GHEE HIMALAYAN PINK SALT,86155500012,Despensa,FOURTH & HEART,Aceites Y Mantecas,"[""Gluten-free"",""Kosher"",""Paleo""]",1,https://riba.app/imgrs/THUMBS%20500X500/263489.JPG
349137,MAYO AVOCADO OIL PRIMAL KITCHE,86369900010,Despensa,PRIMAL KITCHEN,Aderezos Y Salsas,"[""Gluten-free"",""Keto"",""Kosher"",""Paleo""]",1,https://riba.app/imgrs/THUMBS%20500X500/349137.JPG
317234,PRIMAL KITCHEN CHIPOTLE MAYO,86369900012,Despensa,PRIMAL KITCHEN ,Aderezos Y Salsas,"[""Gluten-free"",""Keto"",""Kosher"",""Paleo""]",1,https://riba.app/imgrs/THUMBS%20500X500/317234.JPG
343961,HONEY MUSTARD PRIMAL KITCHEN,86369900013,Despensa,PRIMAL KITCHEN ,Aderezos Y Salsas,"[""Gluten-free"",""Keto"",""Paleo""]",1,https://riba.app/imgrs/THUMBS%20500X500/343961.JPG
339966,PK DRESSING RANCH AVOCADO OIL,86369900014,Despensa,PRIMAL KITCHEN ,Aderezos Y Salsas,"[""Gluten-free""]",1,https://riba.app/imgrs/THUMBS%20500X500/339966.JPG
317224,GREEK DRESSING & MARINADE,86369900015,Despensa,PRIMAL KITCHEN ,Aderezos Y Salsas,"[""Gluten-free"",""Keto"",""Paleo""]",1,https://riba.app/imgrs/THUMBS%20500X500/317224.JPG
347874,JUST DATE SYRUP ORGANIC,86517400033,Despensa,JUST DATE,Siropes,"[""Kosher"",""Orgánico""]",1,https://riba.app/imgrs/THUMBS%20500X500/347874.JPG
347875,ORGANIC POMEGRANTE SYRUP,86517400035,Despensa,JUST DATE,Siropes,"[""Kosher"",""Orgánico""]",1,https://riba.app/imgrs/THUMBS%20500X500/347875.JPG
358015,MIEL MIKES INFUSION CHILES,86537200000,Despensa,MIKES HOT HONEY,Siropes,NULL,1,https://riba.app/imgrs/THUMBS%20500X500/358015.JPG
273693,SEASONED CROUTONS OLIVE GARDEN,8663178332,Despensa,OLIVE GARDEN,Aderezos Y Salsas,NULL,1,https://riba.app/imgrs/THUMBS%20500X500/273693.JPG
258905,CASSAVA FLOUR OTTO S,86645300000,Despensa,OTTO S NATURALS,Harinas,"[""Gluten-free"",""Kosher"",""Vegano""]",1,https://riba.app/imgrs/THUMBS%20500X500/258905.JPG
328640,YO MAMA S ASIAN SESAME,86839100030,Despensa,YO MAMA S,Aderezos Y Salsas,"[""Vegano""]",1,https://riba.app/imgrs/THUMBS%20500X500/328640.JPG
328630,YO MAMA S MARINARA MAGNIFICA,86839100031,Despensa,YO MAMA S,Aderezos Y Salsas,"[""Keto"",""Paleo""]",1,https://riba.app/imgrs/THUMBS%20500X500/328630.JPG
328642,YO MAMA S HONEY BALSAMIC,86839100032,Despensa,YO MAMA S,Aderezos Y Salsas,"[""Gluten-free""]",1,https://riba.app/imgrs/THUMBS%20500X500/328642.JPG
328631,YO MAMA S FRENCH BURGUNDY WINE,86839100033,Despensa,YO MAMA S,Aderezos Y Salsas,"[""Gluten-free"",""Keto"",""Paleo"",""Vegano""]",1,https://riba.app/imgrs/THUMBS%20500X500/328631.JPG
328629,YO MAMA S BELLISIMA BASIL,86839100035,Despensa,YO MAMA S,Aderezos Y Salsas,"[""Keto"",""Paleo""]",1,https://riba.app/imgrs/THUMBS%20500X500/328629.JPG
328632,YO MAMA S DIVINE CHIANTI WINE,86839100036,Despensa,YO MAMA S,Aderezos Y Salsas,"[""Gluten-free"",""Keto"",""Paleo"",""Vegano""]",1,https://riba.app/imgrs/THUMBS%20500X500/328632.JPG
328643,YO MAMA S CLASSIC CAESAR,86839100037,Despensa,YO MAMA S,Aderezos Y Salsas,"[""Gluten-free""]",1,https://riba.app/imgrs/THUMBS%20500X500/328643.JPG
328633,YO MAMA S VELVETY VODKA,86839100039,Despensa,YO MAMA S,Aderezos Y Salsas,"[""Gluten-free""]",1,https://riba.app/imgrs/THUMBS%20500X500/328633.JPG
264077,ACEITE VEGETAL ,87253600271,Despensa,LA PARMIGIANA,Aceites Y Mantecas,NULL,1,https://riba.app/imgrs/THUMBS%20500X500/264077.JPG
264078,ACEITE DE SOYA 1.5LTS ,87253600273,Despensa,LA PARMIGIANA,Aceites Y Mantecas,NULL,1,https://riba.app/imgrs/THUMBS%20500X500/264078.JPG
264079,ACEITE VEGETAL ,87253600300,Despensa,LA PARMIGIANA,Aceites Y Mantecas,NULL,1,https://riba.app/imgrs/THUMBS%20500X500/264079.JPG
282182,GRANOLA C ARANDANOS ALMENDRAS,87361700358,Despensa,NUTRI SNACKS ,Cereales Y Granola,NULL,1,https://riba.app/imgrs/THUMBS%20500X500/282182.JPG
290477,GRANOLA ARANDANOS Y ALM BARRA ,87361700413,Despensa,NUTRI SNACKS ,Cereales Y Granola,NULL,1,https://riba.app/imgrs/THUMBS%20500X500/290477.JPG
329493,GRANOLA SUGARFREE ARANDANOS ,87361700468,Despensa,NUTRI SNACKS ,Cereales Y Granola,NULL,1,https://riba.app/imgrs/THUMBS%20500X500/329493.JPG
290478,GRANOLA MARACUYA Y CHIA S AZUC,87361700474,Despensa,NUTRI SNACKS ,Cereales Y Granola,NULL,1,https://riba.app/imgrs/THUMBS%20500X500/290478.JPG
329494,GRANOLA LITE MANZANA 300 GR,87361700644,Despensa,NUTRI SNACKS ,Cereales Y Granola,NULL,1,https://riba.app/imgrs/THUMBS%20500X500/329494.JPG
336290,MULTICEREAL PROTEINA CON CACAO,87361700808,Despensa,NUTRISNACK,Cereales Y Granola,NULL,1,https://riba.app/imgrs/THUMBS%20500X500/336290.JPG
359726,GRANOLA CON PROTEINA NUTRISNAC,87361700824,Despensa,NUTRISNACK,Cereales Y Granola,NULL,1,https://riba.app/imgrs/THUMBS%20500X500/359726.JPG
249654,RAVIOLI CHICKEN ROASTED ,87744800359,Despensa,GIOVANNI RANA,Pastas Secas,NULL,1,https://riba.app/imgrs/THUMBS%20500X500/249654.JPG
249655,TORTELLONI CHEESE LOVERS,87744800360,Despensa,GIOVANNI RANA,Pastas Secas,NULL,1,https://riba.app/imgrs/THUMBS%20500X500/249655.JPG
249656,RAVIOLI FOUR CHEESE,87744800361,Despensa,GIOVANNI RANA,Pastas Secas,NULL,1,https://riba.app/imgrs/THUMBS%20500X500/249656.JPG
239967,RAVIOLI ITALIAN SAUSAGE,87744800362,Despensa,GIOVANNI RANA,Pastas Secas,NULL,1,https://riba.app/imgrs/THUMBS%20500X500/239967.JPG
211886,RAVIOLI MUSHROOM,87744800364,Despensa,GIOVANNI RANA,Pastas Secas,NULL,1,https://riba.app/imgrs/THUMBS%20500X500/211886.JPG
212277,RAVIOLI SPINACI E RICOTTA,87744800368,Despensa,GIOVANNI RANA,Pastas Secas,NULL,1,https://riba.app/imgrs/THUMBS%20500X500/212277.JPG
236380,RAVIOLI BUTTERNUT SQUASH,87744800369,Despensa,GIOVANNI RANA,Pastas Secas,NULL,1,https://riba.app/imgrs/THUMBS%20500X500/236380.JPG
7810,SALSA TOMATE  BBQ   24X397 GR,8816900024,Despensa,MAGGI,Aderezos Y Salsas,NULL,1,https://riba.app/imgrs/THUMBS%20500X500/7810.JPG
73409,MAGGI DELIC POLLO REINA 48 GR,8816900269,Despensa,MAGGI,Condimentos Y Semillas,NULL,1,https://riba.app/imgrs/THUMBS%20500X500/73409.JPG
104122,MAGGI SAZONADOR COSTILLA CRIOL,8816900651,Despensa,MAGGI,Condimentos Y Semillas,NULL,1,https://riba.app/imgrs/THUMBS%20500X500/104122.JPG
114647,MAGGI GALLINITA SABOR COL 225G,8816900654,Despensa,MAGGI,Condimentos Y Semillas,NULL,1,https://riba.app/imgrs/THUMBS%20500X500/114647.JPG
106174,MAGGI SAZONADOR COSTILLA 225GR,8816900658,Despensa,MAGGI,Condimentos Y Semillas,NULL,1,https://riba.app/imgrs/THUMBS%20500X500/106174.JPG
123385,MAGGI SOPA CRIOLLA COSTILL 58G,8816900751,Despensa,MAGGI,Sopas Y Cremas,NULL,1,https://riba.app/imgrs/THUMBS%20500X500/123385.JPG
117945,MAGGI MI SAZON 4X10GR,8816900763,Despensa,MAGGI,Condimentos Y Semillas,NULL,1,https://riba.app/imgrs/THUMBS%20500X500/117945.JPG
190559,MAGGI CUBITOS DE POLLO 25X4GR,8816900845,Despensa,MAGGI,Condimentos Y Semillas,NULL,1,https://riba.app/imgrs/THUMBS%20500X500/190559.JPG
127428,MAGGI SOPA GALLINA CRIOLLA 60G,8816901376,Despensa,MAGGI,Sopas Y Cremas,NULL,1,https://riba.app/imgrs/THUMBS%20500X500/127428.JPG
7410,MAGGI AJO CEBOLLA 25X4GR CUBO,8816940680,Despensa,MAGGI,Condimentos Y Semillas,NULL,1,https://riba.app/imgrs/THUMBS%20500X500/7410.JPG
7745,MAGGI SAZONADOR DE RES 4X10GR,8816940723,Despensa,MAGGI,Condimentos Y Semillas,NULL,1,https://riba.app/imgrs/THUMBS%20500X500/7745.JPG
7746,MAGGI CONSOME POLLO CONCENTRAD,8816940766,Despensa,MAGGI,Condimentos Y Semillas,NULL,1,https://riba.app/imgrs/THUMBS%20500X500/7746.JPG
7748,MAGGI SAZONADOR D CAMARON CONC,8816940795,Despensa,MAGGI,Condimentos Y Semillas,NULL,1,https://riba.app/imgrs/THUMBS%20500X500/7748.JPG
7771,MAGGI SOPA DE RES C FIDEOS 60G,8816942890,Despensa,MAGGI,Sopas Y Cremas,NULL,1,https://riba.app/imgrs/THUMBS%20500X500/7771.JPG
7774,CREMA DE MARISCOS,8816942990,Despensa,MAGGI,Sopas Y Cremas,NULL,1,https://riba.app/imgrs/THUMBS%20500X500/7774.JPG
7781,MAGGI CREMA DE HONGOS 65GR,8816943098,Despensa,MAGGI,Sopas Y Cremas,NULL,1,https://riba.app/imgrs/THUMBS%20500X500/7781.JPG
7783,MAGGI CREMA DE POLLO 64GR,8816943118,Despensa,MAGGI,Sopas Y Cremas,NULL,1,https://riba.app/imgrs/THUMBS%20500X500/7783.JPG
7421,MAGGI KETCHUP 794 GR,8816946180,Despensa,MAGGI,Aderezos Y Salsas,NULL,1,https://riba.app/imgrs/THUMBS%20500X500/7421.JPG
7422,MAGGI KETCHUP 397GR,8816946190,Despensa,MAGGI,Aderezos Y Salsas,NULL,1,https://riba.app/imgrs/THUMBS%20500X500/7422.JPG
7828,MAGGI SOPA COND VEGETALES CARN,8816952090,Despensa,MAGGI,Sopas Y Cremas,NULL,1,https://riba.app/imgrs/THUMBS%20500X500/7828.JPG
7829,MAGGI SOPA COND DE MINESTRONE ,8816952250,Despensa,MAGGI,Sopas Y Cremas,NULL,1,https://riba.app/imgrs/THUMBS%20500X500/7829.JPG
313135,FRIJOL MOLIDO DUCAL 14OZ,8831359074,Despensa,DUCAL,Arroz Y Granos,NULL,1,https://riba.app/imgrs/THUMBS%20500X500/313135.JPG
313136,FRIJOL MOLIDO 8 OZ DUCAL,8831359079,Despensa,DUCAL,Arroz Y Granos,NULL,1,https://riba.app/imgrs/THUMBS%20500X500/313136.JPG
22553,POST CRANBERRY ALMOND CRUNCH13,88491200237,Despensa,POST,Cereales Y Granola,"[""Kosher""]",1,https://riba.app/imgrs/THUMBS%20500X500/22553.JPG
229597,HONEY BUNCH OF OATS GRANOLA,88491200341,Despensa,POST,Cereales Y Granola,"[""Kosher""]",1,https://riba.app/imgrs/THUMBS%20500X500/229597.JPG
215029,CEREAL POST GRAPE NUTS ORIGINA,88491200471,Despensa,POST,Cereales Y Granola,"[""Kosher""]",1,https://riba.app/imgrs/THUMBS%20500X500/215029.JPG
279435,POST MARSMALLOW FRUIT PEBBELS,88491200672,Despensa,POST,Cereales Y Granola,"[""Gluten-free""]",1,https://riba.app/imgrs/THUMBS%20500X500/279435.JPG
218806,CEREAL CRUNCHY HONEY ROASTED ,88491201426,Despensa,POST,Cereales Y Granola,"[""Kosher""]",1,https://riba.app/imgrs/THUMBS%20500X500/218806.JPG
218807,CEREAL HONEY BOUNCHES ALMONDS,88491201427,Despensa,POST,Cereales Y Granola,"[""Kosher""]",1,https://riba.app/imgrs/THUMBS%20500X500/218807.JPG
18951,BANANA NUT CRUNCH,88491211650,Despensa,POST,Cereales Y Granola,"[""Kosher""]",1,https://riba.app/imgrs/THUMBS%20500X500/18951.JPG
168456,POST GOLDEN CRIPS,88491211762,Despensa,POST,Cereales Y Granola,"[""Kosher""]",1,https://riba.app/imgrs/THUMBS%20500X500/168456.JPG
18948,GREAT GRAINS CRUNCHY PECANS,88491212601,Despensa,POST,Cereales Y Granola,"[""Kosher""]",1,https://riba.app/imgrs/THUMBS%20500X500/18948.JPG
18949,GREAT GRAINS RASIN DATES PECAN,88491212611,Despensa,POST,Cereales Y Granola,"[""Kosher""]",1,https://riba.app/imgrs/THUMBS%20500X500/18949.JPG
167166,POST COCOA PEBBELS 11  OZ,88491212951,Despensa,POST,Cereales Y Granola,"[""Gluten-free"",""Kosher""]",1,https://riba.app/imgrs/THUMBS%20500X500/167166.JPG
18940,POST FRUITY  PEBBLES,88491212971,Despensa,POST,Cereales Y Granola,"[""Gluten-free"",""Kosher""]",1,https://riba.app/imgrs/THUMBS%20500X500/18940.JPG
312636,POST SHREDDED WHEAT,8849121800,Despensa,POST,Cereales Y Granola,"[""Kosher"",""Orgánico""]",1,https://riba.app/imgrs/THUMBS%20500X500/312636.JPG
257383,HONEY MAID S MORES,88491227310,Despensa,POST,Cereales Y Granola,NULL,1,https://riba.app/imgrs/THUMBS%20500X500/257383.JPG
148885,H B OATS HONEY ROASTED,88491235915,Despensa,POST,Cereales Y Granola,"[""Kosher""]",1,https://riba.app/imgrs/THUMBS%20500X500/148885.JPG
148884,H B OATS WITH ALMOND,88491235916,Despensa,POST,Cereales Y Granola,"[""Kosher""]",1,https://riba.app/imgrs/THUMBS%20500X500/148884.JPG
131285,WG HONEY B OATS W/CINNAMON CLU,88491235941,Despensa,POST,Cereales Y Granola,"[""Kosher""]",1,https://riba.app/imgrs/THUMBS%20500X500/131285.JPG
258098,HONEY BUCHES PECANS AND MAPLE,88491235942,Despensa,POST,Cereales Y Granola,"[""Kosher""]",1,https://riba.app/imgrs/THUMBS%20500X500/258098.JPG
70517,H B WITH REAL STRAWBERRIES,88491235948,Despensa,POST,Cereales Y Granola,"[""Kosher""]",1,https://riba.app/imgrs/THUMBS%20500X500/70517.JPG
148886,H B OATS WITH VANILLA BUNCHES,88491237714,Despensa,POST,Cereales Y Granola,"[""Kosher""]",1,https://riba.app/imgrs/THUMBS%20500X500/148886.JPG
18887,CEREAL POST RAISIN BRAN,88491237811,Despensa,POST,Cereales Y Granola,"[""Kosher""]",1,https://riba.app/imgrs/THUMBS%20500X500/18887.JPG
346485,POST OREO PUFFS CEREAL ,88491244963,Despensa,POST,Cereales Y Granola,NULL,1,https://riba.app/imgrs/THUMBS%20500X500/346485.JPG
355444,OREO PUFFS CEREAL ,88491247069,Despensa,POST,Cereales Y Granola,NULL,1,https://riba.app/imgrs/THUMBS%20500X500/355444.JPG
202880,MAIZ ENTERO EN GRANO TETRA ,888733305001,Despensa,DEL MONTE,Conservas Y Encurtidos,NULL,1,https://riba.app/imgrs/THUMBS%20500X500/202880.JPG
202881,MAIZ EN CREMA TETRA PACK,888733305002,Despensa,DEL MONTE,Conservas Y Encurtidos,NULL,1,https://riba.app/imgrs/THUMBS%20500X500/202881.JPG
229469,COOKIES & CREAM BAR ,88884900000,Despensa,QUEST,Cereales Y Granola,"[""Gluten-free"",""Kosher""]",1,https://riba.app/imgrs/THUMBS%20500X500/229469.JPG
242253,WHITE CHOCOLATE RASPBERRY,88884900021,Despensa,QUEST,Cereales Y Granola,"[""Gluten-free"",""Kosher""]",1,https://riba.app/imgrs/THUMBS%20500X500/242253.JPG
242251,DOUBLE CHOCOLATE CHUNK,88884900023,Despensa,QUEST,Cereales Y Granola,"[""Gluten-free"",""Kosher""]",1,https://riba.app/imgrs/THUMBS%20500X500/242251.JPG
227718,CHOCOLATE BROWNIE BAR,88884900041,Despensa,QUEST,Cereales Y Granola,"[""Gluten-free"",""Kosher""]",1,https://riba.app/imgrs/THUMBS%20500X500/227718.JPG
343472,BARRA QUEST HERO CHOCO CARAMEL,88884900540,Despensa,QUEST,Cereales Y Granola,"[""Gluten-free"",""Kosher""]",1,https://riba.app/imgrs/THUMBS%20500X500/343472.JPG
343477,BARRA PROT QUEST HERO GALLETAS,88884901158,Despensa,QUEST,Cereales Y Granola,"[""Gluten-free"",""Kosher""]",1,https://riba.app/imgrs/THUMBS%20500X500/343477.JPG
319444,BARRA CARAMELO QUEST,88884901167,Despensa,QUEST,Cereales Y Granola,"[""Gluten-free"",""Kosher""]",1,https://riba.app/imgrs/THUMBS%20500X500/319444.JPG
313628,GALLETA QUEST BIRTHDAY CAKE,88884901216,Despensa,QUEST,Cereales Y Granola,"[""Gluten-free"",""Kosher""]",1,https://riba.app/imgrs/THUMBS%20500X500/313628.JPG
313627,GALLETAS QUEST CHOCO CAKE,88884901220,Despensa,QUEST,Cereales Y Granola,"[""Gluten-free"",""Kosher""]",1,https://riba.app/imgrs/THUMBS%20500X500/313627.JPG
343478,BARRA PROTEINA CHOCO GALLETA,88884901224,Despensa,QUEST,Cereales Y Granola,"[""Gluten-free"",""Kosher""]",1,https://riba.app/imgrs/THUMBS%20500X500/343478.JPG
332733,SALTED CARAMEL TORANI SYRUP,8903642273,Despensa,TORANI,Siropes,"[""Kosher""]",1,https://riba.app/imgrs/THUMBS%20500X500/332733.JPG
332735,CARAMEL SF TORANI,8903644143,Despensa,TORANI,Siropes,"[""Kosher""]",1,https://riba.app/imgrs/THUMBS%20500X500/332735.JPG
340972,CLASSIC HAZELNYUT SYRUP SF TOR,8903644200,Despensa,TORANI,Siropes,"[""Kosher""]",1,https://riba.app/imgrs/THUMBS%20500X500/340972.JPG
340838,VANILLA SF TORANI,8903644280,Despensa,TORANI,Siropes,"[""Kosher""]",1,https://riba.app/imgrs/THUMBS%20500X500/340838.JPG
332734,FRENCH VANILLA TORANI SF,8903644282,Despensa,TORANI,Siropes,"[""Kosher""]",1,https://riba.app/imgrs/THUMBS%20500X500/332734.JPG
345131,TORANI SALTED CARAMEL SF,8903644550,Despensa,TORANI,Siropes,"[""Kosher""]",1,https://riba.app/imgrs/THUMBS%20500X500/345131.JPG
174589,NEVELLA SWEETERNER ,89081200107,Despensa,NEVELLA,Azucar Y Endulzantes,NULL,1,https://riba.app/imgrs/THUMBS%20500X500/174589.JPG
217676,SUPERGRAIN PASTA ORGANIC PENNE,8912521000,Despensa,ANCIENT HARVEST,Pastas Secas,"[""Gluten-free"",""Kosher"",""Orgánico""]",1,https://riba.app/imgrs/THUMBS%20500X500/217676.JPG
135802,QUINOA WHT FREE ELBOWS 8OZ,8912522000,Despensa,ANCIENT HARVEST,Pastas Secas,"[""Gluten-free"",""Kosher"",""Orgánico""]",1,https://riba.app/imgrs/THUMBS%20500X500/135802.JPG
162066,QUINOA PASTA SPAGHETTI GLUT FR,8912525000,Despensa,ANCIENT HARVEST,Pastas Secas,"[""Gluten-free"",""Kosher"",""Orgánico""]",1,https://riba.app/imgrs/THUMBS%20500X500/162066.JPG
135801,QUINOA ROTELLE WHT FREE 8OZ,8912526000,Despensa,ANCIENT HARVEST,Pastas Secas,"[""Gluten-free"",""Kosher""]",1,https://riba.app/imgrs/THUMBS%20500X500/135801.JPG
135798,QUINOA SHELLS WHT FREE 8OZ,8912527000,Despensa,ANCIENT HARVEST,Pastas Secas,"[""Gluten-free"",""Kosher"",""Orgánico""]",1,https://riba.app/imgrs/THUMBS%20500X500/135798.JPG
276813,ANDEAN PASTA QUINOA FUSILLI,89347000122,Despensa,ANDEAN DREAM,Pastas Secas,"[""Gluten-free"",""Kosher"",""Orgánico"",""Vegano""]",1,https://riba.app/imgrs/THUMBS%20500X500/276813.JPG
317918,JUSTINS CLASSIC ALMOND BUTTER ,89445500018,Despensa,JUSTINS,Jaleas Mantequillas Y Mermeladas,"[""Gluten-free"",""Kosher""]",1,https://riba.app/imgrs/THUMBS%20500X500/317918.JPG
288132,JUSTINS CLAS ALMOND BUTTER,89445500031,Despensa,JUSTINS,Jaleas Mantequillas Y Mermeladas,"[""Gluten-free"",""Kosher""]",1,https://riba.app/imgrs/THUMBS%20500X500/288132.JPG
335155,ALMOND BUTTER MAPLE JUSTIN,89445500032,Despensa,JUSTINS,Jaleas Mantequillas Y Mermeladas,"[""Gluten-free"",""Kosher""]",1,https://riba.app/imgrs/THUMBS%20500X500/335155.JPG
332352,NUTTZO 7 NUT AND SEED BUTTER,89469700238,Despensa,NUTTZO,Jaleas Mantequillas Y Mermeladas,"[""Gluten-free"",""Kosher"",""Orgánico"",""Vegano""]",1,https://riba.app/imgrs/THUMBS%20500X500/332352.JPG
283148,NUT SEED BUTTER KETO ,89469700278,Despensa,NUTTZO,Jaleas Mantequillas Y Mermeladas,"[""Gluten-free"",""Keto"",""Kosher"",""Vegano""]",1,https://riba.app/imgrs/THUMBS%20500X500/283148.JPG
345474,SF PECAN CINNAMON GRANOLA,89493600091,Despensa,TUTTI GOURMET,Cereales Y Granola,"[""Gluten-free"",""Keto"",""Kosher"",""Paleo"",""Vegano""]",1,https://riba.app/imgrs/THUMBS%20500X500/345474.JPG
345473,SUGAR FREE CHOCOLATE GRANOLA,89493600092,Despensa,TUTTI GOURMET,Cereales Y Granola,"[""Gluten-free"",""Keto"",""Kosher"",""Paleo"",""Vegano""]",1,https://riba.app/imgrs/THUMBS%20500X500/345473.JPG
138284,BARILLA PLUS PENNE MULTG PAST,89505900019,Despensa,BARILLA,Pastas Secas,"[""Kosher"",""Vegano""]",1,https://riba.app/imgrs/THUMBS%20500X500/138284.JPG
265070,MAGGI SAZONADOR GALLINA CRIOLL,8967400699,Despensa,MAGGI,Condimentos Y Semillas,NULL,1,https://riba.app/imgrs/THUMBS%20500X500/265070.JPG
204177,GLUTEN FREE KETCHUP ORGANIC,89685900035,Despensa,ORGANIC VILLE,Aderezos Y Salsas,"[""Gluten-free"",""Orgánico"",""Vegano""]",1,https://riba.app/imgrs/THUMBS%20500X500/204177.JPG
348072,CREAM VEGAN MARSHMALLOW,89758100051,Despensa,DANDIES,Jaleas Mantequillas Y Mermeladas,"[""Gluten-free""]",1,https://riba.app/imgrs/THUMBS%20500X500/348072.JPG
305389,ACEITE AVOCADO BETTERBODY,89792200296,Despensa,BETTER BODY,Aceites Y Mantecas,"[""Gluten-free""]",1,https://riba.app/imgrs/THUMBS%20500X500/305389.JPG
330789,SIMPLY ORGANIC ALMOND EXTRACT,8983618527,Despensa,SIMPLY ORGANIC,Reposteria,"[""Gluten-free"",""Kosher"",""Orgánico""]",1,https://riba.app/imgrs/THUMBS%20500X500/330789.JPG
239376,MADAGASCAR PURE VANILLA ORG,8983618532,Despensa,SIMPLY ORGANIC,Reposteria,"[""Gluten-free"",""Kosher"",""Orgánico""]",1,https://riba.app/imgrs/THUMBS%20500X500/239376.JPG
317264,SLOPPY JOE OG2,8983618538,Despensa,SIMPLY ORGANIC,Condimentos Y Semillas,"[""Gluten-free"",""Orgánico""]",1,https://riba.app/imgrs/THUMBS%20500X500/317264.JPG
142519,SIMPLY ORG BROWN GRAVY MIX,8983618539,Despensa,SIMPLY ORGANIC,Aderezos Y Salsas,"[""Gluten-free"",""Orgánico""]",1,https://riba.app/imgrs/THUMBS%20500X500/142519.JPG
142522,SIMPLY ORG WILD MUSHROOM SCE ,8983618541,Despensa,SIMPLY ORGANIC,Aderezos Y Salsas,"[""Gluten-free"",""Orgánico""]",1,https://riba.app/imgrs/THUMBS%20500X500/142522.JPG
205940,ONION POWDER ORGANIC,8983618608,Despensa,SIMPLY ORGANIC,Condimentos Y Semillas,"[""Orgánico""]",1,https://riba.app/imgrs/THUMBS%20500X500/205940.JPG
317235,PASTE OG2 VANILLA BEAN,8983619853,Despensa,SIMPLY ORGANIC,Reposteria,"[""Orgánico"",""Vegano""]",1,https://riba.app/imgrs/THUMBS%20500X500/317235.JPG
248889,SIMPLY ORGANIC CORIANDER,8983650018,Despensa,SIMPLY ORGANIC,Condimentos Y Semillas,"[""Orgánico""]",1,https://riba.app/imgrs/THUMBS%20500X500/248889.JPG
203995,SIMP OG SPICE ROSEMARY LEAF ,8983650064,Despensa,SIMPLY ORGANIC,Condimentos Y Semillas,NULL,1,https://riba.app/imgrs/THUMBS%20500X500/203995.JPG
203981,SIMP OG SPICE CHIPTL PPR GRND ,8983650075,Despensa,SIMPLY ORGANIC,Condimentos Y Semillas,"[""Orgánico""]",1,https://riba.app/imgrs/THUMBS%20500X500/203981.JPG
203988,SIMP OG SPICE NUTMEG GRND ,8983650081,Despensa,SIMPLY ORGANIC,Condimentos Y Semillas,"[""Orgánico""]",1,https://riba.app/imgrs/THUMBS%20500X500/203988.JPG
203993,SIMP OG SPICE PUMKIN PIE ,8983650082,Despensa,SIMPLY ORGANIC,Condimentos Y Semillas,"[""Orgánico""]",1,https://riba.app/imgrs/THUMBS%20500X500/203993.JPG
285664,BLOODY MARY OLIVES,89865500079,Despensa,STONE WALL KITCHEN ,Conservas Y Encurtidos,NULL,1,https://riba.app/imgrs/THUMBS%20500X500/285664.JPG
313067,ACEITE DE COCO PARA COCINA,899307782040,Despensa,BARCO,Aceites Y Mantecas,NULL,1,https://riba.app/imgrs/THUMBS%20500X500/313067.JPG
116798,KOSHER DILLS SANDWICH STUFFERS,930000063,Despensa,MT. OLIVE,Conservas Y Encurtidos,"[""Gluten-free"",""Kosher""]",1,https://riba.app/imgrs/THUMBS%20500X500/116798.JPG
243960,MT. OLIVE SANDWICH STUFFERS,930000067,Despensa,MT. OLIVE,Conservas Y Encurtidos,"[""Gluten-free""]",1,https://riba.app/imgrs/THUMBS%20500X500/243960.JPG
313875,PASTA DE TOMATE NHS,932673979034,Despensa,NHS,Aderezos Y Salsas,NULL,1,https://riba.app/imgrs/THUMBS%20500X500/313875.JPG
313878,SALSA TOMATE PANAMENO NHS,932673979035,Despensa,NHS,Aderezos Y Salsas,NULL,1,https://riba.app/imgrs/THUMBS%20500X500/313878.JPG
313880,SALSA TOMATE HONGOS NHS,932673979036,Despensa,NHS,Aderezos Y Salsas,NULL,1,https://riba.app/imgrs/THUMBS%20500X500/313880.JPG
52249,PANCAKE BAKING MIX GOURMET,9370930010,Despensa,PAMELA S,Harinas,"[""Gluten-free"",""Kosher""]",1,https://riba.app/imgrs/THUMBS%20500X500/52249.JPG
196625,BARNEY ALMOND BUTTER SMOOTH,9492214998,Despensa,BARNEY BUTTER,Jaleas Mantequillas Y Mermeladas,"[""Gluten-free"",""Keto"",""Kosher"",""Paleo"",""Vegano""]",1,https://riba.app/imgrs/THUMBS%20500X500/196625.JPG
196624,BARNEY ALMOND BUTTER CRUNCH,9492214999,Despensa,BARNEY BUTTER,Jaleas Mantequillas Y Mermeladas,"[""Gluten-free"",""Keto"",""Kosher"",""Vegano""]",1,https://riba.app/imgrs/THUMBS%20500X500/196624.JPG
220067,ALMOND BUTTER SMOOTH BARNEY,9492235125,Despensa,BARNEY BUTTER,Jaleas Mantequillas Y Mermeladas,"[""Gluten-free"",""Keto"",""Kosher"",""Paleo"",""Vegano""]",1,https://riba.app/imgrs/THUMBS%20500X500/220067.JPG
220068,ALMOND BUTTER CRUNCHY BARNEY,9492236571,Despensa,BARNEY BUTTER,Jaleas Mantequillas Y Mermeladas,"[""Gluten-free"",""Keto"",""Kosher"",""Paleo"",""Vegano""]",1,https://riba.app/imgrs/THUMBS%20500X500/220068.JPG
292774,MISS SAIPAN ARROZ JAZMIN,9591671558,Despensa,MISS SAIPAN,Arroz Y Granos,NULL,1,https://riba.app/imgrs/THUMBS%20500X500/292774.JPG
48711,GARLIC & BUTTER CROUTONS,9830410010,Despensa,CHATHAM VILLAGE,Aderezos Y Salsas,NULL,1,https://riba.app/imgrs/THUMBS%20500X500/48711.JPG
48712,CAESAR STYLE CROUTONS,9830410025,Despensa,CHATHAM VILLAGE,Aderezos Y Salsas,NULL,1,https://riba.app/imgrs/THUMBS%20500X500/48712.JPG
48714,CHEESE & GARLIC CROUTONS,9830410046,Despensa,CHATHAM VILLAGE,Aderezos Y Salsas,NULL,1,https://riba.app/imgrs/THUMBS%20500X500/48714.JPG
48716,GARDEN HERB TRADIT CROUTONS,9830410050,Despensa,CHATHAM VILLAGE,Aderezos Y Salsas,NULL,1,https://riba.app/imgrs/THUMBS%20500X500/48716.JPG
66999,BETTER THAN BOUILLON BEEF BASE,9830800203,Despensa,BETTER THAN BOUILLON,Sopas Y Cremas,NULL,1,https://riba.app/imgrs/THUMBS%20500X500/66999.JPG