SKU,Product Name,Short Description,Long Description,Action,Sellable,Thumbnail image url,Product page url,Price,Price min,Price max,Currency code,Visibility,Custom attributes,Attributes,Categories,Variant attributes,Full Size Image URL,Review Score,Review Count,Categories ids,Compare At Price,Creation Date
1070422253,HEREFORD CORNED BEEF REGULAR,HEREFORD CORNED BEEF REGULAR,HEREFORD CORNED BEEF REGULAR,insert,1,https://riba.app/imgrs/THUMBS%20500X500/22573.JPG,tabs/detalle-producto/22573,299.000,299.000,299.000,USD,1,,"{""MARCA"":[""HEREFORD""],""CATEGORIA"":[""Conservas""]}","[""Conservas""]",,https://riba.app/imgrs/THUMBS%20500X500/22573.JPG,0,0,"[""88""]",299.000,2026-05-11 15:30:52
1380016608,HERB ROASTED CHICKEN,HERB ROASTED CHICKEN,HERB ROASTED CHICKEN,insert,1,https://riba.app/imgrs/THUMBS%20500X500/135908.JPG,tabs/detalle-producto/135908,545.000,545.000,545.000,USD,1,,"{""MARCA"":[""LEAN CUISINE""],""CATEGORIA"":[""Carnes Preparadas""]}","[""Carnes Preparadas""]",,https://riba.app/imgrs/THUMBS%20500X500/135908.JPG,0,0,"[""95""]",545.000,2026-05-11 15:30:52
1590000101,BAR-S PREMIUM BEEF FRANKS BS,BAR-S PREMIUM BEEF FRANKS BS,BAR-S PREMIUM BEEF FRANKS BS,insert,1,https://riba.app/imgrs/THUMBS%20500X500/221881.JPG,tabs/detalle-producto/221881,895.000,895.000,895.000,USD,1,,"{""MARCA"":[""BAR-S""],""CATEGORIA"":[""Embutidos""]}","[""Embutidos""]",,https://riba.app/imgrs/THUMBS%20500X500/221881.JPG,0,0,"[""89""]",895.000,2026-05-11 15:30:52
1786970314,CANTIMPALO BRAND CHORIZO,CANTIMPALO BRAND CHORIZO,CANTIMPALO BRAND CHORIZO,insert,1,https://riba.app/imgrs/THUMBS%20500X500/145039.JPG,tabs/detalle-producto/145039,611.000,611.000,611.000,USD,1,,"{""MARCA"":[""FIORUCCI""],""CATEGORIA"":[""Embutidos""]}","[""Embutidos""]",,https://riba.app/imgrs/THUMBS%20500X500/145039.JPG,0,0,"[""89""]",611.000,2026-05-11 15:30:52
1786970711,PROSCIUTTO RISERVA REBANADO,PROSCIUTTO RISERVA REBANADO,PROSCIUTTO RISERVA REBANADO,insert,1,https://riba.app/imgrs/THUMBS%20500X500/233768.JPG,tabs/detalle-producto/233768,708.000,708.000,708.000,USD,1,,"{""MARCA"":[""FIORUCCI""],""CATEGORIA"":[""Embutidos""]}","[""Embutidos""]",,https://riba.app/imgrs/THUMBS%20500X500/233768.JPG,0,0,"[""89""]",708.000,2026-05-11 15:30:52
1786970720,SOPRESSATA WITH WINE,SOPRESSATA WITH WINE,SOPRESSATA WITH WINE,insert,1,https://riba.app/imgrs/THUMBS%20500X500/145044.JPG,tabs/detalle-producto/145044,674.000,674.000,674.000,USD,1,,"{""MARCA"":[""FIORUCCI""],""CATEGORIA"":[""Embutidos""]}","[""Embutidos""]",,https://riba.app/imgrs/THUMBS%20500X500/145044.JPG,0,0,"[""89""]",674.000,2026-05-11 15:30:52
1786970736,PEPPERONI SANDWICH PRE SLICED ,PEPPERONI SANDWICH PRE SLICED ,PEPPERONI SANDWICH PRE SLICED ,insert,1,https://riba.app/imgrs/THUMBS%20500X500/164421.JPG,tabs/detalle-producto/164421,514.000,514.000,514.000,USD,1,,"{""MARCA"":[""FIORUCCI""],""CATEGORIA"":[""Embutidos""]}","[""Embutidos""]",,https://riba.app/imgrs/THUMBS%20500X500/164421.JPG,0,0,"[""89""]",514.000,2026-05-11 15:30:52
1786970747,GENOA SALAMI RISERVA WINE,GENOA SALAMI RISERVA WINE,GENOA SALAMI RISERVA WINE,insert,1,https://riba.app/imgrs/THUMBS%20500X500/145043.JPG,tabs/detalle-producto/145043,514.000,514.000,514.000,USD,1,,"{""MARCA"":[""FIORUCCI""],""CATEGORIA"":[""Embutidos""]}","[""Embutidos""]",,https://riba.app/imgrs/THUMBS%20500X500/145043.JPG,0,0,"[""89""]",514.000,2026-05-11 15:30:52
1786970748,HARD SALAMI RISERVA REBANADO,HARD SALAMI RISERVA REBANADO,HARD SALAMI RISERVA REBANADO,insert,1,https://riba.app/imgrs/THUMBS%20500X500/145041.JPG,tabs/detalle-producto/145041,514.000,514.000,514.000,USD,1,,"{""MARCA"":[""FIORUCCI""],""CATEGORIA"":[""Embutidos""]}","[""Embutidos""]",,https://riba.app/imgrs/THUMBS%20500X500/145041.JPG,0,0,"[""89""]",514.000,2026-05-11 15:30:52
1858211273,GLENMARK STEAK EASTERS BURGERS,GLENMARK STEAK EASTERS BURGERS,GLENMARK STEAK EASTERS BURGERS,insert,1,https://riba.app/imgrs/THUMBS%20500X500/259286.JPG,tabs/detalle-producto/259286,1.950.000,1.950.000,1.950.000,USD,1,,"{""MARCA"":[""GLENMARK""],""CATEGORIA"":[""Hamburguesas""]}","[""Hamburguesas""]",,https://riba.app/imgrs/THUMBS%20500X500/259286.JPG,0,0,"[""94""]",1.950.000,2026-05-11 15:30:52
1858211281,GLENMARK COOKOUT BURGERS ,GLENMARK COOKOUT BURGERS ,GLENMARK COOKOUT BURGERS ,insert,1,https://riba.app/imgrs/THUMBS%20500X500/259287.JPG,tabs/detalle-producto/259287,1.928.000,1.928.000,1.928.000,USD,1,,"{""MARCA"":[""GLENMARK""],""CATEGORIA"":[""Hamburguesas""]}","[""Hamburguesas""]",,https://riba.app/imgrs/THUMBS%20500X500/259287.JPG,0,0,"[""94""]",1.928.000,2026-05-11 15:30:52
1858247124,ANGUS BEEF BURGER PREMIER,ANGUS BEEF BURGER PREMIER,ANGUS BEEF BURGER PREMIER,insert,1,https://riba.app/imgrs/THUMBS%20500X500/214230.JPG,tabs/detalle-producto/214230,2.255.000,2.255.000,2.255.000,USD,1,,"{""MARCA"":[""GLENMARK""],""CATEGORIA"":[""Hamburguesas""]}","[""Hamburguesas""]",,https://riba.app/imgrs/THUMBS%20500X500/214230.JPG,0,0,"[""94""]",2.255.000,2026-05-11 15:30:52
1858247351,ANGUS BEEF BACON & CHEDDAR,ANGUS BEEF BACON & CHEDDAR,ANGUS BEEF BACON & CHEDDAR,insert,1,https://riba.app/imgrs/THUMBS%20500X500/216512.JPG,tabs/detalle-producto/216512,2.196.000,2.196.000,2.196.000,USD,1,,"{""MARCA"":[""GLENMARK""],""CATEGORIA"":[""Hamburguesas""]}","[""Hamburguesas""]",,https://riba.app/imgrs/THUMBS%20500X500/216512.JPG,0,0,"[""94""]",2.196.000,2026-05-11 15:30:52
1858291917,GLENMARK CLASSIC SMASH BURGER,GLENMARK CLASSIC SMASH BURGER,GLENMARK CLASSIC SMASH BURGER,insert,1,https://riba.app/imgrs/THUMBS%20500X500/351268.JPG,tabs/detalle-producto/351268,2.050.000,2.050.000,2.050.000,USD,1,,"{""MARCA"":[""GLENMARK""],""CATEGORIA"":[""Hamburguesas""]}","[""Hamburguesas""]",,https://riba.app/imgrs/THUMBS%20500X500/351268.JPG,0,0,"[""94""]",2.050.000,2026-05-11 15:30:52
19641100016,CAULIPOWER ORIG CHICKEN BITES,CAULIPOWER ORIG CHICKEN BITES,CAULIPOWER ORIG CHICKEN BITES,insert,1,https://riba.app/imgrs/THUMBS%20500X500/360883.JPG,tabs/detalle-producto/360883,1.295.000,1.295.000,1.295.000,USD,1,,"{""MARCA"":[""CAULIPOWER""],""CATEGORIA"":[""Carnes Preparadas""]}","[""Carnes Preparadas""]",,https://riba.app/imgrs/THUMBS%20500X500/360883.JPG,0,0,"[""95""]",1.295.000,2026-05-11 15:30:52
20022100000,FILETE D PECHUGA PLATO FAMILIA,FILETE D PECHUGA PLATO FAMILIA,FILETE D PECHUGA PLATO FAMILIA,insert,1,https://riba.app/imgrs/THUMBS%20500X500/287162.JPG,tabs/detalle-producto/287162,854.000,854.000,854.000,USD,1,,"{""MARCA"":[""MELO""],""CATEGORIA"":[""Carnes""]}","[""Carnes""]",,https://riba.app/imgrs/THUMBS%20500X500/287162.JPG,0,0,"[""90""]",854.000,2026-05-11 15:30:52
20022200000,ALA EN PLATO FAMILIAR,ALA EN PLATO FAMILIAR,ALA EN PLATO FAMILIAR,insert,1,https://riba.app/imgrs/THUMBS%20500X500/287160.JPG,tabs/detalle-producto/287160,470.000,470.000,470.000,USD,1,,"{""MARCA"":[""MELO""],""CATEGORIA"":[""Carnes""]}","[""Carnes""]",,https://riba.app/imgrs/THUMBS%20500X500/287160.JPG,0,0,"[""90""]",470.000,2026-05-11 15:30:52
20022300000,MUSLO EN PLATO FAMILIAR,MUSLO EN PLATO FAMILIAR,MUSLO EN PLATO FAMILIAR,insert,1,https://riba.app/imgrs/THUMBS%20500X500/287161.JPG,tabs/detalle-producto/287161,463.000,463.000,463.000,USD,1,,"{""MARCA"":[""MELO""],""CATEGORIA"":[""Carnes""]}","[""Carnes""]",,https://riba.app/imgrs/THUMBS%20500X500/287161.JPG,0,0,"[""90""]",463.000,2026-05-11 15:30:52
20022400000,TROCITOS DE FILETES PECHUGA PO,TROCITOS DE FILETES PECHUGA PO,TROCITOS DE FILETES PECHUGA PO,insert,1,https://riba.app/imgrs/THUMBS%20500X500/290094.JPG,tabs/detalle-producto/290094,854.000,854.000,854.000,USD,1,,"{""MARCA"":[""MELO""],""CATEGORIA"":[""Carnes""]}","[""Carnes""]",,https://riba.app/imgrs/THUMBS%20500X500/290094.JPG,0,0,"[""90""]",854.000,2026-05-11 15:30:52
20051400000,TROCITOS DE FILETE MARINADO,TROCITOS DE FILETE MARINADO,TROCITOS DE FILETE MARINADO,insert,1,https://riba.app/imgrs/THUMBS%20500X500/347393.JPG,tabs/detalle-producto/347393,710.000,710.000,710.000,USD,1,,"{""MARCA"":[""DEL DIA""],""CATEGORIA"":[""Carnes Preparadas""]}","[""Carnes Preparadas""]",,https://riba.app/imgrs/THUMBS%20500X500/347393.JPG,0,0,"[""95""]",710.000,2026-05-11 15:30:52
20069800000,ENCUENTRO SIN PIEL TOLED BAND,ENCUENTRO SIN PIEL TOLED BAND,ENCUENTRO SIN PIEL TOLED BAND,insert,1,https://riba.app/imgrs/THUMBS%20500X500/19207.JPG,tabs/detalle-producto/19207,380.000,380.000,380.000,USD,1,,"{""MARCA"":[""TOLEDANO""],""CATEGORIA"":[""Carnes""]}","[""Carnes""]",,https://riba.app/imgrs/THUMBS%20500X500/19207.JPG,0,0,"[""90""]",380.000,2026-05-11 15:30:52
20118400000,DADOS DE PECHUGAS DE POLLO,DADOS DE PECHUGAS DE POLLO,DADOS DE PECHUGAS DE POLLO,insert,1,https://riba.app/imgrs/THUMBS%20500X500/333944.JPG,tabs/detalle-producto/333944,798.000,798.000,798.000,USD,1,,"{""MARCA"":[""TOLEDANO""],""CATEGORIA"":[""Carnes""]}","[""Carnes""]",,https://riba.app/imgrs/THUMBS%20500X500/333944.JPG,0,0,"[""90""]",798.000,2026-05-11 15:30:52
20118600000,POLLO PICADO MARINADO AJO MANT,POLLO PICADO MARINADO AJO MANT,POLLO PICADO MARINADO AJO MANT,insert,1,https://riba.app/imgrs/THUMBS%20500X500/333945.JPG,tabs/detalle-producto/333945,545.000,545.000,545.000,USD,1,,"{""MARCA"":[""TOLEDANO""],""CATEGORIA"":[""Carnes Preparadas""]}","[""Carnes Preparadas""]",,https://riba.app/imgrs/THUMBS%20500X500/333945.JPG,0,0,"[""95""]",545.000,2026-05-11 15:30:52
20128300000,FILETE DE PECHUGA FINAS HIERBA,FILETE DE PECHUGA FINAS HIERBA,FILETE DE PECHUGA FINAS HIERBA,insert,1,https://riba.app/imgrs/THUMBS%20500X500/311508.JPG,tabs/detalle-producto/311508,844.000,844.000,844.000,USD,1,,"{""MARCA"":[""DEL DIA""],""CATEGORIA"":[""Carnes Preparadas""]}","[""Carnes Preparadas""]",,https://riba.app/imgrs/THUMBS%20500X500/311508.JPG,0,0,"[""95""]",844.000,2026-05-11 15:30:52
20128400000,FILETE PECHUGA PIMIENTA LIMON,FILETE PECHUGA PIMIENTA LIMON,FILETE PECHUGA PIMIENTA LIMON,insert,1,https://riba.app/imgrs/THUMBS%20500X500/311509.JPG,tabs/detalle-producto/311509,843.000,843.000,843.000,USD,1,,"{""MARCA"":[""DEL DIA""],""CATEGORIA"":[""Carnes Preparadas""]}","[""Carnes Preparadas""]",,https://riba.app/imgrs/THUMBS%20500X500/311509.JPG,0,0,"[""95""]",843.000,2026-05-11 15:30:52
20128500000,FILETE PECHUGA SALSA CRIOLLA,FILETE PECHUGA SALSA CRIOLLA,FILETE PECHUGA SALSA CRIOLLA,insert,1,https://riba.app/imgrs/THUMBS%20500X500/311512.JPG,tabs/detalle-producto/311512,843.000,843.000,843.000,USD,1,,"{""MARCA"":[""DEL DIA""],""CATEGORIA"":[""Carnes Preparadas""]}","[""Carnes Preparadas""]",,https://riba.app/imgrs/THUMBS%20500X500/311512.JPG,0,0,"[""95""]",843.000,2026-05-11 15:30:52
20143900000,ALITAS MARINADAS PICANTES,ALITAS MARINADAS PICANTES,ALITAS MARINADAS PICANTES,insert,1,https://riba.app/imgrs/THUMBS%20500X500/347392.JPG,tabs/detalle-producto/347392,859.000,859.000,859.000,USD,1,,"{""MARCA"":[""DEL DIA""],""CATEGORIA"":[""Carnes Preparadas""]}","[""Carnes Preparadas""]",,https://riba.app/imgrs/THUMBS%20500X500/347392.JPG,0,0,"[""95""]",859.000,2026-05-11 15:30:52
20195700000,BROCHETA DE POLLO MARINADA,BROCHETA DE POLLO MARINADA,BROCHETA DE POLLO MARINADA,insert,1,https://riba.app/imgrs/THUMBS%20500X500/347391.JPG,tabs/detalle-producto/347391,755.000,755.000,755.000,USD,1,,"{""MARCA"":[""DEL DIA""],""CATEGORIA"":[""Carnes Preparadas""]}","[""Carnes Preparadas""]",,https://riba.app/imgrs/THUMBS%20500X500/347391.JPG,0,0,"[""95""]",755.000,2026-05-11 15:30:52
20243100000,POLLO ENVUELTO TOLED EMPACADO,POLLO ENVUELTO TOLED EMPACADO,POLLO ENVUELTO TOLED EMPACADO,insert,1,https://riba.app/imgrs/THUMBS%20500X500/19198.JPG,tabs/detalle-producto/19198,416.000,416.000,416.000,USD,1,,"{""MARCA"":[""TOLEDANO""],""CATEGORIA"":[""Carnes""]}","[""Carnes""]",,https://riba.app/imgrs/THUMBS%20500X500/19198.JPG,0,0,"[""90""]",416.000,2026-05-11 15:30:52
20243200000,PECHUGA TOLEDANO BAND,PECHUGA TOLEDANO BAND,PECHUGA TOLEDANO BAND,insert,1,https://riba.app/imgrs/THUMBS%20500X500/19200.JPG,tabs/detalle-producto/19200,460.000,460.000,460.000,USD,1,,"{""MARCA"":[""TOLEDANO""],""CATEGORIA"":[""Carnes""]}","[""Carnes""]",,https://riba.app/imgrs/THUMBS%20500X500/19200.JPG,0,0,"[""90""]",460.000,2026-05-11 15:30:52
20243300000,MUSLOS TOLEDANO BAND,MUSLOS TOLEDANO BAND,MUSLOS TOLEDANO BAND,insert,1,https://riba.app/imgrs/THUMBS%20500X500/19206.JPG,tabs/detalle-producto/19206,454.000,454.000,454.000,USD,1,,"{""MARCA"":[""TOLEDANO""],""CATEGORIA"":[""Carnes""]}","[""Carnes""]",,https://riba.app/imgrs/THUMBS%20500X500/19206.JPG,0,0,"[""90""]",454.000,2026-05-11 15:30:52
20243400000,ALAS TOLEDANO BAND,ALAS TOLEDANO BAND,ALAS TOLEDANO BAND,insert,1,https://riba.app/imgrs/THUMBS%20500X500/19209.JPG,tabs/detalle-producto/19209,519.000,519.000,519.000,USD,1,,"{""MARCA"":[""TOLEDANO""],""CATEGORIA"":[""Carnes""]}","[""Carnes""]",,https://riba.app/imgrs/THUMBS%20500X500/19209.JPG,0,0,"[""90""]",519.000,2026-05-11 15:30:52
20243500000,ENCUENTROS TOLEDANO BAND,ENCUENTROS TOLEDANO BAND,ENCUENTROS TOLEDANO BAND,insert,1,https://riba.app/imgrs/THUMBS%20500X500/19203.JPG,tabs/detalle-producto/19203,365.000,365.000,365.000,USD,1,,"{""MARCA"":[""TOLEDANO""],""CATEGORIA"":[""Carnes""]}","[""Carnes""]",,https://riba.app/imgrs/THUMBS%20500X500/19203.JPG,0,0,"[""90""]",365.000,2026-05-11 15:30:52
20243600000,MUSLO ENCUENTRO TOLED BAND,MUSLO ENCUENTRO TOLED BAND,MUSLO ENCUENTRO TOLED BAND,insert,1,https://riba.app/imgrs/THUMBS%20500X500/19205.JPG,tabs/detalle-producto/19205,380.000,380.000,380.000,USD,1,,"{""MARCA"":[""TOLEDANO""],""CATEGORIA"":[""Carnes""]}","[""Carnes""]",,https://riba.app/imgrs/THUMBS%20500X500/19205.JPG,0,0,"[""90""]",380.000,2026-05-11 15:30:52
20243700000,PESCUEZOS TOLEDANO BANDEJA,PESCUEZOS TOLEDANO BANDEJA,PESCUEZOS TOLEDANO BANDEJA,insert,1,https://riba.app/imgrs/THUMBS%20500X500/19211.JPG,tabs/detalle-producto/19211,740.000,740.000,740.000,USD,1,,"{""MARCA"":[""TOLEDANO""],""CATEGORIA"":[""Visceras""]}","[""Visceras""]",,https://riba.app/imgrs/THUMBS%20500X500/19211.JPG,0,0,"[""92""]",740.000,2026-05-11 15:30:52
20243800000,FILETE ENCUENTRO TOLED BAND,FILETE ENCUENTRO TOLED BAND,FILETE ENCUENTRO TOLED BAND,insert,1,https://riba.app/imgrs/THUMBS%20500X500/19204.JPG,tabs/detalle-producto/19204,795.000,795.000,795.000,USD,1,,"{""MARCA"":[""TOLEDANO""],""CATEGORIA"":[""Carnes""]}","[""Carnes""]",,https://riba.app/imgrs/THUMBS%20500X500/19204.JPG,0,0,"[""90""]",795.000,2026-05-11 15:30:52
20244000000,POLLO PICADO TOLED BAND,POLLO PICADO TOLED BAND,POLLO PICADO TOLED BAND,insert,1,https://riba.app/imgrs/THUMBS%20500X500/19199.JPG,tabs/detalle-producto/19199,410.000,410.000,410.000,USD,1,,"{""MARCA"":[""TOLEDANO""],""CATEGORIA"":[""Carnes""]}","[""Carnes""]",,https://riba.app/imgrs/THUMBS%20500X500/19199.JPG,0,0,"[""90""]",410.000,2026-05-11 15:30:52
20244100000,FILETE PECHUGA TOLED BAND,FILETE PECHUGA TOLED BAND,FILETE PECHUGA TOLED BAND,insert,1,https://riba.app/imgrs/THUMBS%20500X500/19202.JPG,tabs/detalle-producto/19202,838.000,838.000,838.000,USD,1,,"{""MARCA"":[""TOLEDANO""],""CATEGORIA"":[""Carnes""]}","[""Carnes""]",,https://riba.app/imgrs/THUMBS%20500X500/19202.JPG,0,0,"[""90""]",838.000,2026-05-11 15:30:52
20251600000,POLLO GUISADO TOLED BAND,POLLO GUISADO TOLED BAND,POLLO GUISADO TOLED BAND,insert,1,https://riba.app/imgrs/THUMBS%20500X500/126963.JPG,tabs/detalle-producto/126963,499.000,499.000,499.000,USD,1,,"{""MARCA"":[""TOLEDANO""],""CATEGORIA"":[""Carnes""]}","[""Carnes""]",,https://riba.app/imgrs/THUMBS%20500X500/126963.JPG,0,0,"[""90""]",499.000,2026-05-11 15:30:52
20267500000,PECHUGA BAND,PECHUGA BAND,PECHUGA BAND,insert,1,https://riba.app/imgrs/THUMBS%20500X500/181529.JPG,tabs/detalle-producto/181529,460.000,460.000,460.000,USD,1,,"{""MARCA"":[""DEL DIA""],""CATEGORIA"":[""Carnes""]}","[""Carnes""]",,https://riba.app/imgrs/THUMBS%20500X500/181529.JPG,0,0,"[""90""]",460.000,2026-05-11 15:30:52
20267700000,MUSLO ENCUENTRO BAND,MUSLO ENCUENTRO BAND,MUSLO ENCUENTRO BAND,insert,1,https://riba.app/imgrs/THUMBS%20500X500/181524.JPG,tabs/detalle-producto/181524,395.000,395.000,395.000,USD,1,,"{""MARCA"":[""DEL DIA""],""CATEGORIA"":[""Carnes""]}","[""Carnes""]",,https://riba.app/imgrs/THUMBS%20500X500/181524.JPG,0,0,"[""90""]",395.000,2026-05-11 15:30:52
20267900000,MUSLO DE POLLO,MUSLO DE POLLO,MUSLO DE POLLO,insert,1,https://riba.app/imgrs/THUMBS%20500X500/287180.JPG,tabs/detalle-producto/287180,471.000,471.000,471.000,USD,1,,"{""MARCA"":[""DEL DIA""],""CATEGORIA"":[""Carnes""]}","[""Carnes""]",,https://riba.app/imgrs/THUMBS%20500X500/287180.JPG,0,0,"[""90""]",471.000,2026-05-11 15:30:52
20268000000,ALAS DE POLLO,ALAS DE POLLO,ALAS DE POLLO,insert,1,https://riba.app/imgrs/THUMBS%20500X500/287181.JPG,tabs/detalle-producto/287181,497.000,497.000,497.000,USD,1,,"{""MARCA"":[""DEL DIA""],""CATEGORIA"":[""Carnes""]}","[""Carnes""]",,https://riba.app/imgrs/THUMBS%20500X500/287181.JPG,0,0,"[""90""]",497.000,2026-05-11 15:30:52
20268100000,FILETE DE PECHUGA ,FILETE DE PECHUGA ,FILETE DE PECHUGA ,insert,1,https://riba.app/imgrs/THUMBS%20500X500/181531.JPG,tabs/detalle-producto/181531,843.000,843.000,843.000,USD,1,,"{""MARCA"":[""DEL DIA""],""CATEGORIA"":[""Carnes""]}","[""Carnes""]",,https://riba.app/imgrs/THUMBS%20500X500/181531.JPG,0,0,"[""90""]",843.000,2026-05-11 15:30:52
20325200000,CHORIZOS D V.PICANTE,CHORIZOS D V.PICANTE,CHORIZOS D V.PICANTE,insert,1,https://riba.app/imgrs/THUMBS%20500X500/18121.JPG,tabs/detalle-producto/18121,1.309.000,1.309.000,1.309.000,USD,1,,"{""MARCA"":[""DON VINCENZO""],""CATEGORIA"":[""Embutidos""]}","[""Embutidos""]",,https://riba.app/imgrs/THUMBS%20500X500/18121.JPG,0,0,"[""89""]",1.309.000,2026-05-11 15:30:52
20325300000,CHORIZOS D V. SIN PICANTE,CHORIZOS D V. SIN PICANTE,CHORIZOS D V. SIN PICANTE,insert,1,https://riba.app/imgrs/THUMBS%20500X500/18119.JPG,tabs/detalle-producto/18119,1.309.000,1.309.000,1.309.000,USD,1,,"{""MARCA"":[""DON VINCENZO""],""CATEGORIA"":[""Embutidos""]}","[""Embutidos""]",,https://riba.app/imgrs/THUMBS%20500X500/18119.JPG,0,0,"[""89""]",1.309.000,2026-05-11 15:30:52
20325400000,CHORIZOS D V. AHUMADO,CHORIZOS D V. AHUMADO,CHORIZOS D V. AHUMADO,insert,1,https://riba.app/imgrs/THUMBS%20500X500/18120.JPG,tabs/detalle-producto/18120,1.309.000,1.309.000,1.309.000,USD,1,,"{""MARCA"":[""DON VINCENZO""],""CATEGORIA"":[""Embutidos""]}","[""Embutidos""]",,https://riba.app/imgrs/THUMBS%20500X500/18120.JPG,0,0,"[""89""]",1.309.000,2026-05-11 15:30:52
20325500000,CHORIZOS D V.CON CULANTRO,CHORIZOS D V.CON CULANTRO,CHORIZOS D V.CON CULANTRO,insert,1,https://riba.app/imgrs/THUMBS%20500X500/18118.JPG,tabs/detalle-producto/18118,1.309.000,1.309.000,1.309.000,USD,1,,"{""MARCA"":[""DON VINCENZO""],""CATEGORIA"":[""Embutidos""]}","[""Embutidos""]",,https://riba.app/imgrs/THUMBS%20500X500/18118.JPG,0,0,"[""89""]",1.309.000,2026-05-11 15:30:52
20325600000,CHORIZO D V. EL SICILIANO,CHORIZO D V. EL SICILIANO,CHORIZO D V. EL SICILIANO,insert,1,https://riba.app/imgrs/THUMBS%20500X500/18117.JPG,tabs/detalle-producto/18117,1.309.000,1.309.000,1.309.000,USD,1,,"{""MARCA"":[""DON VINCENZO""],""CATEGORIA"":[""Embutidos""]}","[""Embutidos""]",,https://riba.app/imgrs/THUMBS%20500X500/18117.JPG,0,0,"[""89""]",1.309.000,2026-05-11 15:30:52
20326000000,CHORIZO CALABRESE DON VICENZO,CHORIZO CALABRESE DON VICENZO,CHORIZO CALABRESE DON VICENZO,insert,1,https://riba.app/imgrs/THUMBS%20500X500/253118.JPG,tabs/detalle-producto/253118,1.309.000,1.309.000,1.309.000,USD,1,,"{""MARCA"":[""DON VINCENZO""],""CATEGORIA"":[""Embutidos""]}","[""Embutidos""]",,https://riba.app/imgrs/THUMBS%20500X500/253118.JPG,0,0,"[""89""]",1.309.000,2026-05-11 15:30:52
20361000000,ALAS MELO BAND,ALAS MELO BAND,ALAS MELO BAND,insert,1,https://riba.app/imgrs/THUMBS%20500X500/33285.JPG,tabs/detalle-producto/33285,470.000,470.000,470.000,USD,1,,"{""MARCA"":[""MELO""],""CATEGORIA"":[""Carnes""]}","[""Carnes""]",,https://riba.app/imgrs/THUMBS%20500X500/33285.JPG,0,0,"[""90""]",470.000,2026-05-11 15:30:52
20364000000,FILETE ENCUENTRO BAND FAMILIAR,FILETE ENCUENTRO BAND FAMILIAR,FILETE ENCUENTRO BAND FAMILIAR,insert,1,https://riba.app/imgrs/THUMBS%20500X500/140809.JPG,tabs/detalle-producto/140809,721.000,721.000,721.000,USD,1,,"{""MARCA"":[""MELO""],""CATEGORIA"":[""Carnes""]}","[""Carnes""]",,https://riba.app/imgrs/THUMBS%20500X500/140809.JPG,0,0,"[""90""]",721.000,2026-05-11 15:30:52
20366000000,POLLO BOLA MELO EMPACADO,POLLO BOLA MELO EMPACADO,POLLO BOLA MELO EMPACADO,insert,1,https://riba.app/imgrs/THUMBS%20500X500/33299.JPG,tabs/detalle-producto/33299,414.000,414.000,414.000,USD,1,,"{""MARCA"":[""MELO""],""CATEGORIA"":[""Carnes""]}","[""Carnes""]",,https://riba.app/imgrs/THUMBS%20500X500/33299.JPG,0,0,"[""90""]",414.000,2026-05-11 15:30:52
20366100000,POLLO PICADO MELO BAND,POLLO PICADO MELO BAND,POLLO PICADO MELO BAND,insert,1,https://riba.app/imgrs/THUMBS%20500X500/33301.JPG,tabs/detalle-producto/33301,409.000,409.000,409.000,USD,1,,"{""MARCA"":[""MELO""],""CATEGORIA"":[""Carnes""]}","[""Carnes""]",,https://riba.app/imgrs/THUMBS%20500X500/33301.JPG,0,0,"[""90""]",409.000,2026-05-11 15:30:52
20366300000,MUSLO MELO BAND,MUSLO MELO BAND,MUSLO MELO BAND,insert,1,https://riba.app/imgrs/THUMBS%20500X500/33284.JPG,tabs/detalle-producto/33284,463.000,463.000,463.000,USD,1,,"{""MARCA"":[""MELO""],""CATEGORIA"":[""Carnes""]}","[""Carnes""]",,https://riba.app/imgrs/THUMBS%20500X500/33284.JPG,0,0,"[""90""]",463.000,2026-05-11 15:30:52
20366400000,ENCUENTRO EN BANDEJA MELO,ENCUENTRO EN BANDEJA MELO,ENCUENTRO EN BANDEJA MELO,insert,1,https://riba.app/imgrs/THUMBS%20500X500/33286.JPG,tabs/detalle-producto/33286,368.000,368.000,368.000,USD,1,,"{""MARCA"":[""MELO""],""CATEGORIA"":[""Carnes""]}","[""Carnes""]",,https://riba.app/imgrs/THUMBS%20500X500/33286.JPG,0,0,"[""90""]",368.000,2026-05-11 15:30:52
20366500000,PECHUGA MELO BAND,PECHUGA MELO BAND,PECHUGA MELO BAND,insert,1,https://riba.app/imgrs/THUMBS%20500X500/33282.JPG,tabs/detalle-producto/33282,463.000,463.000,463.000,USD,1,,"{""MARCA"":[""MELO""],""CATEGORIA"":[""Carnes""]}","[""Carnes""]",,https://riba.app/imgrs/THUMBS%20500X500/33282.JPG,0,0,"[""90""]",463.000,2026-05-11 15:30:52
20366800000,MUSLO ENCUENTRO MELO BAND,MUSLO ENCUENTRO MELO BAND,MUSLO ENCUENTRO MELO BAND,insert,1,https://riba.app/imgrs/THUMBS%20500X500/33283.JPG,tabs/detalle-producto/33283,386.000,386.000,386.000,USD,1,,"{""MARCA"":[""MELO""],""CATEGORIA"":[""Carnes""]}","[""Carnes""]",,https://riba.app/imgrs/THUMBS%20500X500/33283.JPG,0,0,"[""90""]",386.000,2026-05-11 15:30:52
20367400000,FILETE PECHUGA MELO BAND,FILETE PECHUGA MELO BAND,FILETE PECHUGA MELO BAND,insert,1,https://riba.app/imgrs/THUMBS%20500X500/19201.JPG,tabs/detalle-producto/19201,854.000,854.000,854.000,USD,1,,"{""MARCA"":[""MELO""],""CATEGORIA"":[""Carnes""]}","[""Carnes""]",,https://riba.app/imgrs/THUMBS%20500X500/19201.JPG,0,0,"[""90""]",854.000,2026-05-11 15:30:52
20367500000,FILETE ENCUENTRO MELO BAND,FILETE ENCUENTRO MELO BAND,FILETE ENCUENTRO MELO BAND,insert,1,https://riba.app/imgrs/THUMBS%20500X500/33289.JPG,tabs/detalle-producto/33289,748.000,748.000,748.000,USD,1,,"{""MARCA"":[""MELO""],""CATEGORIA"":[""Carnes""]}","[""Carnes""]",,https://riba.app/imgrs/THUMBS%20500X500/33289.JPG,0,0,"[""90""]",748.000,2026-05-11 15:30:52
20411600000,FILETE DE PIERNA DE CORDERO,FILETE DE PIERNA DE CORDERO,FILETE DE PIERNA DE CORDERO,insert,1,https://riba.app/imgrs/THUMBS%20500X500/340095.JPG,tabs/detalle-producto/340095,2.453.000,2.453.000,2.453.000,USD,1,,"{""MARCA"":[""HACIENDA ISABELA ""],""CATEGORIA"":[""Carnes""]}","[""Carnes""]",,https://riba.app/imgrs/THUMBS%20500X500/340095.JPG,0,0,"[""90""]",2.453.000,2026-05-11 15:30:52
20417100000,MUSLO POLLO FINAS HIERBAS,MUSLO POLLO FINAS HIERBAS,MUSLO POLLO FINAS HIERBAS,insert,1,https://riba.app/imgrs/THUMBS%20500X500/347394.JPG,tabs/detalle-producto/347394,510.000,510.000,510.000,USD,1,,"{""MARCA"":[""DEL DIA""],""CATEGORIA"":[""Carnes Preparadas""]}","[""Carnes Preparadas""]",,https://riba.app/imgrs/THUMBS%20500X500/347394.JPG,0,0,"[""95""]",510.000,2026-05-11 15:30:52
20417300000,MUSLO DE POLLO SALSA CRIOLLA,MUSLO DE POLLO SALSA CRIOLLA,MUSLO DE POLLO SALSA CRIOLLA,insert,1,https://riba.app/imgrs/THUMBS%20500X500/347395.JPG,tabs/detalle-producto/347395,510.000,510.000,510.000,USD,1,,"{""MARCA"":[""DEL DIA""],""CATEGORIA"":[""Carnes Preparadas""]}","[""Carnes Preparadas""]",,https://riba.app/imgrs/THUMBS%20500X500/347395.JPG,0,0,"[""95""]",510.000,2026-05-11 15:30:52
20453300000,PECHUGUITAS TOLED BAND,PECHUGUITAS TOLED BAND,PECHUGUITAS TOLED BAND,insert,1,https://riba.app/imgrs/THUMBS%20500X500/19217.JPG,tabs/detalle-producto/19217,798.000,798.000,798.000,USD,1,,"{""MARCA"":[""TOLEDANO""],""CATEGORIA"":[""Carnes""]}","[""Carnes""]",,https://riba.app/imgrs/THUMBS%20500X500/19217.JPG,0,0,"[""90""]",798.000,2026-05-11 15:30:52
20825800000,FILETE DE ENCUENTRO DEL DIA,FILETE DE ENCUENTRO DEL DIA,FILETE DE ENCUENTRO DEL DIA,insert,1,https://riba.app/imgrs/THUMBS%20500X500/339068.JPG,tabs/detalle-producto/339068,742.000,742.000,742.000,USD,1,,"{""MARCA"":[""DEL DIA""],""CATEGORIA"":[""Carnes""]}","[""Carnes""]",,https://riba.app/imgrs/THUMBS%20500X500/339068.JPG,0,0,"[""90""]",742.000,2026-05-11 15:30:52
20900700000,MUSLO ENCUENTRO FAMILIAR BAND,MUSLO ENCUENTRO FAMILIAR BAND,MUSLO ENCUENTRO FAMILIAR BAND,insert,1,https://riba.app/imgrs/THUMBS%20500X500/247163.JPG,tabs/detalle-producto/247163,380.000,380.000,380.000,USD,1,,"{""MARCA"":[""TOLEDANO""],""CATEGORIA"":[""Carnes""]}","[""Carnes""]",,https://riba.app/imgrs/THUMBS%20500X500/247163.JPG,0,0,"[""90""]",380.000,2026-05-11 15:30:52
20900800000,FILETE PECHUGA FAMILIAR BAND,FILETE PECHUGA FAMILIAR BAND,FILETE PECHUGA FAMILIAR BAND,insert,1,https://riba.app/imgrs/THUMBS%20500X500/247164.JPG,tabs/detalle-producto/247164,836.000,836.000,836.000,USD,1,,"{""MARCA"":[""TOLEDANO""],""CATEGORIA"":[""Carnes""]}","[""Carnes""]",,https://riba.app/imgrs/THUMBS%20500X500/247164.JPG,0,0,"[""90""]",836.000,2026-05-11 15:30:52
20901600000,PECHUGUITAS TENDER FAMILIAR BA,PECHUGUITAS TENDER FAMILIAR BA,PECHUGUITAS TENDER FAMILIAR BA,insert,1,https://riba.app/imgrs/THUMBS%20500X500/247165.JPG,tabs/detalle-producto/247165,794.000,794.000,794.000,USD,1,,"{""MARCA"":[""TOLEDANO""],""CATEGORIA"":[""Carnes""]}","[""Carnes""]",,https://riba.app/imgrs/THUMBS%20500X500/247165.JPG,0,0,"[""90""]",794.000,2026-05-11 15:30:52
20903900000,TROCITOS DE PECHUGA FAMILIAR B,TROCITOS DE PECHUGA FAMILIAR B,TROCITOS DE PECHUGA FAMILIAR B,insert,1,https://riba.app/imgrs/THUMBS%20500X500/247166.JPG,tabs/detalle-producto/247166,612.000,612.000,612.000,USD,1,,"{""MARCA"":[""TOLEDANO""],""CATEGORIA"":[""Carnes""]}","[""Carnes""]",,https://riba.app/imgrs/THUMBS%20500X500/247166.JPG,0,0,"[""90""]",612.000,2026-05-11 15:30:52
20908900000,PECHUGA PA HOY TOLEDANO,PECHUGA PA HOY TOLEDANO,PECHUGA PA HOY TOLEDANO,insert,1,https://riba.app/imgrs/THUMBS%20500X500/357252.JPG,tabs/detalle-producto/357252,469.000,469.000,469.000,USD,1,,"{""MARCA"":[""TOLEDANO""],""CATEGORIA"":[""Carnes""]}","[""Carnes""]",,https://riba.app/imgrs/THUMBS%20500X500/357252.JPG,0,0,"[""90""]",469.000,2026-05-11 15:30:52
20967100000,PECHUGA DE POLLO C HUESO PASTO,PECHUGA DE POLLO C HUESO PASTO,PECHUGA DE POLLO C HUESO PASTO,insert,1,https://riba.app/imgrs/THUMBS%20500X500/348406.JPG,tabs/detalle-producto/348406,1.210.000,1.210.000,1.210.000,USD,1,,"{""MARCA"":[""PANAMA NATURALS""],""CATEGORIA"":[""Carnes""]}","[""Carnes""]",,https://riba.app/imgrs/THUMBS%20500X500/348406.JPG,0,0,"[""90""]",1.210.000,2026-05-11 15:30:52
20967500000,MUSLO ENCUENTRO DE POLLO PASTO,MUSLO ENCUENTRO DE POLLO PASTO,MUSLO ENCUENTRO DE POLLO PASTO,insert,1,https://riba.app/imgrs/THUMBS%20500X500/348409.JPG,tabs/detalle-producto/348409,1.100.000,1.100.000,1.100.000,USD,1,,"{""MARCA"":[""PANAMA NATURALS""],""CATEGORIA"":[""Carnes""]}","[""Carnes""]",,https://riba.app/imgrs/THUMBS%20500X500/348409.JPG,0,0,"[""90""]",1.100.000,2026-05-11 15:30:52
20967600000,ALITAS DE POLLO DE PASTOREO,ALITAS DE POLLO DE PASTOREO,ALITAS DE POLLO DE PASTOREO,insert,1,https://riba.app/imgrs/THUMBS%20500X500/348411.JPG,tabs/detalle-producto/348411,1.100.000,1.100.000,1.100.000,USD,1,,"{""MARCA"":[""PANAMA NATURALS""],""CATEGORIA"":[""Carnes""]}","[""Carnes""]",,https://riba.app/imgrs/THUMBS%20500X500/348411.JPG,0,0,"[""90""]",1.100.000,2026-05-11 15:30:52
20990100000,POLLO MARINADO AHUMADO BOLSA,POLLO MARINADO AHUMADO BOLSA,POLLO MARINADO AHUMADO BOLSA,insert,1,https://riba.app/imgrs/THUMBS%20500X500/339119.JPG,tabs/detalle-producto/339119,410.000,410.000,410.000,USD,1,,"{""MARCA"":[""TOLEDANO""],""CATEGORIA"":[""Carnes Preparadas""]}","[""Carnes Preparadas""]",,https://riba.app/imgrs/THUMBS%20500X500/339119.JPG,0,0,"[""95""]",410.000,2026-05-11 15:30:52
21200200000,ASADO DE HORNO CON TOCINO,ASADO DE HORNO CON TOCINO,ASADO DE HORNO CON TOCINO,insert,1,https://riba.app/imgrs/THUMBS%20500X500/25390.JPG,tabs/detalle-producto/25390,1.179.000,1.179.000,1.179.000,USD,1,,"{""MARCA"":[""RIMITH""],""CATEGORIA"":[""Carnes""]}","[""Carnes""]",,https://riba.app/imgrs/THUMBS%20500X500/25390.JPG,0,0,"[""90""]",1.179.000,2026-05-11 15:30:52
21200300000,BISTEC AL MINUTO,BISTEC AL MINUTO,BISTEC AL MINUTO,insert,1,https://riba.app/imgrs/THUMBS%20500X500/25391.JPG,tabs/detalle-producto/25391,1.539.000,1.539.000,1.539.000,USD,1,,"{""MARCA"":[""RIMITH""],""CATEGORIA"":[""Carnes""]}","[""Carnes""]",,https://riba.app/imgrs/THUMBS%20500X500/25391.JPG,0,0,"[""90""]",1.539.000,2026-05-11 15:30:52
21200700000,BISTEC PICADO RIMITH,BISTEC PICADO RIMITH,BISTEC PICADO RIMITH,insert,1,https://riba.app/imgrs/THUMBS%20500X500/25393.JPG,tabs/detalle-producto/25393,1.461.000,1.461.000,1.461.000,USD,1,,"{""MARCA"":[""RIMITH""],""CATEGORIA"":[""Carnes""]}","[""Carnes""]",,https://riba.app/imgrs/THUMBS%20500X500/25393.JPG,0,0,"[""90""]",1.461.000,2026-05-11 15:30:52
21200800000,BOLA DE RINCON RIMITH,BOLA DE RINCON RIMITH,BOLA DE RINCON RIMITH,insert,1,https://riba.app/imgrs/THUMBS%20500X500/25394.JPG,tabs/detalle-producto/25394,1.620.000,1.620.000,1.620.000,USD,1,,"{""MARCA"":[""RIMITH""],""CATEGORIA"":[""Carnes""]}","[""Carnes""]",,https://riba.app/imgrs/THUMBS%20500X500/25394.JPG,0,0,"[""90""]",1.620.000,2026-05-11 15:30:52
21201100000,CINTA DESHUESADA,CINTA DESHUESADA,CINTA DESHUESADA,insert,1,https://riba.app/imgrs/THUMBS%20500X500/25397.JPG,tabs/detalle-producto/25397,1.444.000,1.444.000,1.444.000,USD,1,,"{""MARCA"":[""RIMITH""],""CATEGORIA"":[""Carnes""]}","[""Carnes""]",,https://riba.app/imgrs/THUMBS%20500X500/25397.JPG,0,0,"[""90""]",1.444.000,2026-05-11 15:30:52
21201200000,COSTILLA DE PIERNA RIMITH,COSTILLA DE PIERNA RIMITH,COSTILLA DE PIERNA RIMITH,insert,1,https://riba.app/imgrs/THUMBS%20500X500/25398.JPG,tabs/detalle-producto/25398,765.000,765.000,765.000,USD,1,,"{""MARCA"":[""RIMITH""],""CATEGORIA"":[""Carnes""]}","[""Carnes""]",,https://riba.app/imgrs/THUMBS%20500X500/25398.JPG,0,0,"[""90""]",765.000,2026-05-11 15:30:52
21201400000,CHOCOZUELA RIMITH,CHOCOZUELA RIMITH,CHOCOZUELA RIMITH,insert,1,https://riba.app/imgrs/THUMBS%20500X500/25400.JPG,tabs/detalle-producto/25400,259.000,259.000,259.000,USD,1,,"{""MARCA"":[""RIMITH""],""CATEGORIA"":[""Carnes""]}","[""Carnes""]",,https://riba.app/imgrs/THUMBS%20500X500/25400.JPG,0,0,"[""90""]",259.000,2026-05-11 15:30:52
21201500000,FALDA DE RES RIMITH,FALDA DE RES RIMITH,FALDA DE RES RIMITH,insert,1,https://riba.app/imgrs/THUMBS%20500X500/25401.JPG,tabs/detalle-producto/25401,1.164.000,1.164.000,1.164.000,USD,1,,"{""MARCA"":[""RIMITH""],""CATEGORIA"":[""Carnes""]}","[""Carnes""]",,https://riba.app/imgrs/THUMBS%20500X500/25401.JPG,0,0,"[""90""]",1.164.000,2026-05-11 15:30:52
21201800000,MEDALLONES DE FILETE RIMITH,MEDALLONES DE FILETE RIMITH,MEDALLONES DE FILETE RIMITH,insert,1,https://riba.app/imgrs/THUMBS%20500X500/25404.JPG,tabs/detalle-producto/25404,2.721.000,2.721.000,2.721.000,USD,1,,"{""MARCA"":[""RIMITH""],""CATEGORIA"":[""Carnes""]}","[""Carnes""]",,https://riba.app/imgrs/THUMBS%20500X500/25404.JPG,0,0,"[""90""]",2.721.000,2026-05-11 15:30:52
21202000000,FILETE DE RES,FILETE DE RES,FILETE DE RES,insert,1,https://riba.app/imgrs/THUMBS%20500X500/25405.JPG,tabs/detalle-producto/25405,2.721.000,2.721.000,2.721.000,USD,1,,"{""MARCA"":[""RIMITH""],""CATEGORIA"":[""Carnes""]}","[""Carnes""]",,https://riba.app/imgrs/THUMBS%20500X500/25405.JPG,0,0,"[""90""]",2.721.000,2026-05-11 15:30:52
21202100000,GUISADO DE RES RIMITH,GUISADO DE RES RIMITH,GUISADO DE RES RIMITH,insert,1,https://riba.app/imgrs/THUMBS%20500X500/25406.JPG,tabs/detalle-producto/25406,1.410.000,1.410.000,1.410.000,USD,1,,"{""MARCA"":[""RIMITH""],""CATEGORIA"":[""Carnes""]}","[""Carnes""]",,https://riba.app/imgrs/THUMBS%20500X500/25406.JPG,0,0,"[""90""]",1.410.000,2026-05-11 15:30:52
21202200000,HUESO DE CADERA RIMITH,HUESO DE CADERA RIMITH,HUESO DE CADERA RIMITH,insert,1,https://riba.app/imgrs/THUMBS%20500X500/25407.JPG,tabs/detalle-producto/25407,328.000,328.000,328.000,USD,1,,"{""MARCA"":[""RIMITH""],""CATEGORIA"":[""Carnes""]}","[""Carnes""]",,https://riba.app/imgrs/THUMBS%20500X500/25407.JPG,0,0,"[""90""]",328.000,2026-05-11 15:30:52
21202300000,HUESO DE CINTA RIMITH,HUESO DE CINTA RIMITH,HUESO DE CINTA RIMITH,insert,1,https://riba.app/imgrs/THUMBS%20500X500/25408.JPG,tabs/detalle-producto/25408,303.000,303.000,303.000,USD,1,,"{""MARCA"":[""RIMITH""],""CATEGORIA"":[""Carnes""]}","[""Carnes""]",,https://riba.app/imgrs/THUMBS%20500X500/25408.JPG,0,0,"[""90""]",303.000,2026-05-11 15:30:52
21202400000,RABO DE RES RIMITH,RABO DE RES RIMITH,RABO DE RES RIMITH,insert,1,https://riba.app/imgrs/THUMBS%20500X500/25409.JPG,tabs/detalle-producto/25409,774.000,774.000,774.000,USD,1,,"{""MARCA"":[""RIMITH""],""CATEGORIA"":[""Carnes""]}","[""Carnes""]",,https://riba.app/imgrs/THUMBS%20500X500/25409.JPG,0,0,"[""90""]",774.000,2026-05-11 15:30:52
21202500000,OSOBUCO DE RES BANDEJA,OSOBUCO DE RES BANDEJA,OSOBUCO DE RES BANDEJA,insert,1,https://riba.app/imgrs/THUMBS%20500X500/25410.JPG,tabs/detalle-producto/25410,841.000,841.000,841.000,USD,1,,"{""MARCA"":[""RIMITH""],""CATEGORIA"":[""Carnes""]}","[""Carnes""]",,https://riba.app/imgrs/THUMBS%20500X500/25410.JPG,0,0,"[""90""]",841.000,2026-05-11 15:30:52
21202800000,BISTEC DE RINCON RIMITH,BISTEC DE RINCON RIMITH,BISTEC DE RINCON RIMITH,insert,1,https://riba.app/imgrs/THUMBS%20500X500/25413.JPG,tabs/detalle-producto/25413,1.616.000,1.616.000,1.616.000,USD,1,,"{""MARCA"":[""RIMITH""],""CATEGORIA"":[""Carnes""]}","[""Carnes""]",,https://riba.app/imgrs/THUMBS%20500X500/25413.JPG,0,0,"[""90""]",1.616.000,2026-05-11 15:30:52
21202900000,LOMO REDONDO RIMITH,LOMO REDONDO RIMITH,LOMO REDONDO RIMITH,insert,1,https://riba.app/imgrs/THUMBS%20500X500/25414.JPG,tabs/detalle-producto/25414,1.232.000,1.232.000,1.232.000,USD,1,,"{""MARCA"":[""RIMITH""],""CATEGORIA"":[""Carnes""]}","[""Carnes""]",,https://riba.app/imgrs/THUMBS%20500X500/25414.JPG,0,0,"[""90""]",1.232.000,2026-05-11 15:30:52
21203000000,LOMITO DE RINCON RIMITH,LOMITO DE RINCON RIMITH,LOMITO DE RINCON RIMITH,insert,1,https://riba.app/imgrs/THUMBS%20500X500/25415.JPG,tabs/detalle-producto/25415,1.652.000,1.652.000,1.652.000,USD,1,,"{""MARCA"":[""RIMITH""],""CATEGORIA"":[""Carnes""]}","[""Carnes""]",,https://riba.app/imgrs/THUMBS%20500X500/25415.JPG,0,0,"[""90""]",1.652.000,2026-05-11 15:30:52
21203200000,PUNTA DE PALOMILLA RIMITH,PUNTA DE PALOMILLA RIMITH,PUNTA DE PALOMILLA RIMITH,insert,1,https://riba.app/imgrs/THUMBS%20500X500/25417.JPG,tabs/detalle-producto/25417,1.423.000,1.423.000,1.423.000,USD,1,,"{""MARCA"":[""RIMITH""],""CATEGORIA"":[""Carnes""]}","[""Carnes""]",,https://riba.app/imgrs/THUMBS%20500X500/25417.JPG,0,0,"[""90""]",1.423.000,2026-05-11 15:30:52
21203300000,PUNTA DE RINCON RIMITH,PUNTA DE RINCON RIMITH,PUNTA DE RINCON RIMITH,insert,1,https://riba.app/imgrs/THUMBS%20500X500/25418.JPG,tabs/detalle-producto/25418,1.638.000,1.638.000,1.638.000,USD,1,,"{""MARCA"":[""RIMITH""],""CATEGORIA"":[""Carnes""]}","[""Carnes""]",,https://riba.app/imgrs/THUMBS%20500X500/25418.JPG,0,0,"[""90""]",1.638.000,2026-05-11 15:30:52
21203400000,PULPA NEGRA ENTERA RIMITH,PULPA NEGRA ENTERA RIMITH,PULPA NEGRA ENTERA RIMITH,insert,1,https://riba.app/imgrs/THUMBS%20500X500/25419.JPG,tabs/detalle-producto/25419,1.504.000,1.504.000,1.504.000,USD,1,,"{""MARCA"":[""RIMITH""],""CATEGORIA"":[""Carnes""]}","[""Carnes""]",,https://riba.app/imgrs/THUMBS%20500X500/25419.JPG,0,0,"[""90""]",1.504.000,2026-05-11 15:30:52
21203600000,RIÑON RIMITH,RIÑON RIMITH,RIÑON RIMITH,insert,1,https://riba.app/imgrs/THUMBS%20500X500/25421.JPG,tabs/detalle-producto/25421,310.000,310.000,310.000,USD,1,,"{""MARCA"":[""RIMITH""],""CATEGORIA"":[""Visceras""]}","[""Visceras""]",,https://riba.app/imgrs/THUMBS%20500X500/25421.JPG,0,0,"[""92""]",310.000,2026-05-11 15:30:52
21203900000,BISTEK DE PULPA NEGRA RIMITH,BISTEK DE PULPA NEGRA RIMITH,BISTEK DE PULPA NEGRA RIMITH,insert,1,https://riba.app/imgrs/THUMBS%20500X500/25424.JPG,tabs/detalle-producto/25424,1.504.000,1.504.000,1.504.000,USD,1,,"{""MARCA"":[""RIMITH""],""CATEGORIA"":[""Carnes""]}","[""Carnes""]",,https://riba.app/imgrs/THUMBS%20500X500/25424.JPG,0,0,"[""90""]",1.504.000,2026-05-11 15:30:52
21204200000,INTOKU GRANDM SIRLOIN FILET PE PRECIO POR KILOGRAMO,INTOKU GRANDM SIRLOIN FILET PE PRECIO POR KILOGRAMO,INTOKU GRANDM SIRLOIN FILET PE PRECIO POR KILOGRAMO,insert,1,https://riba.app/imgrs/THUMBS%20500X500/25427.JPG,tabs/detalle-producto/25427,7.964.000,7.964.000,7.964.000,USD,1,,"{""MARCA"":[""INTOKU""],""CATEGORIA"":[""Carnes""]}","[""Carnes""]",,https://riba.app/imgrs/THUMBS%20500X500/25427.JPG,0,0,"[""90""]",7.964.000,2026-05-11 15:30:52
21204800000,ASERRIN DE HUESO RIMITH,ASERRIN DE HUESO RIMITH,ASERRIN DE HUESO RIMITH,insert,1,https://riba.app/imgrs/THUMBS%20500X500/25430.JPG,tabs/detalle-producto/25430,120.000,120.000,120.000,USD,1,,"{""MARCA"":[""RIMITH""],""CATEGORIA"":[""Carnes""]}","[""Carnes""]",,https://riba.app/imgrs/THUMBS%20500X500/25430.JPG,0,0,"[""90""]",120.000,2026-05-11 15:30:52
21205200000,BISTEC DE PULPA BLANCA BAND,BISTEC DE PULPA BLANCA BAND,BISTEC DE PULPA BLANCA BAND,insert,1,https://riba.app/imgrs/THUMBS%20500X500/25433.JPG,tabs/detalle-producto/25433,1.314.000,1.314.000,1.314.000,USD,1,,"{""MARCA"":[""RIMITH""],""CATEGORIA"":[""Carnes""]}","[""Carnes""]",,https://riba.app/imgrs/THUMBS%20500X500/25433.JPG,0,0,"[""90""]",1.314.000,2026-05-11 15:30:52
21205300000,COSTILLA ESPECIAL EN TIRA,COSTILLA ESPECIAL EN TIRA,COSTILLA ESPECIAL EN TIRA,insert,1,https://riba.app/imgrs/THUMBS%20500X500/25434.JPG,tabs/detalle-producto/25434,723.000,723.000,723.000,USD,1,,"{""MARCA"":[""RIMITH""],""CATEGORIA"":[""Carnes""]}","[""Carnes""]",,https://riba.app/imgrs/THUMBS%20500X500/25434.JPG,0,0,"[""90""]",723.000,2026-05-11 15:30:52
21205500000,TUETANO DE RES,TUETANO DE RES,TUETANO DE RES,insert,1,https://riba.app/imgrs/THUMBS%20500X500/25436.JPG,tabs/detalle-producto/25436,87.000,87.000,87.000,USD,1,,"{""MARCA"":[""RIMITH""],""CATEGORIA"":[""Carnes""]}","[""Carnes""]",,https://riba.app/imgrs/THUMBS%20500X500/25436.JPG,0,0,"[""90""]",87.000,2026-05-11 15:30:52
21205700000,BRAZUELO DE RES,BRAZUELO DE RES,BRAZUELO DE RES,insert,1,https://riba.app/imgrs/THUMBS%20500X500/25438.JPG,tabs/detalle-producto/25438,1.126.000,1.126.000,1.126.000,USD,1,,"{""MARCA"":[""RIMITH""],""CATEGORIA"":[""Carnes""]}","[""Carnes""]",,https://riba.app/imgrs/THUMBS%20500X500/25438.JPG,0,0,"[""90""]",1.126.000,2026-05-11 15:30:52
21205800000,LOMO CHATO RIMITH,LOMO CHATO RIMITH,LOMO CHATO RIMITH,insert,1,https://riba.app/imgrs/THUMBS%20500X500/25439.JPG,tabs/detalle-producto/25439,1.301.000,1.301.000,1.301.000,USD,1,,"{""MARCA"":[""RIMITH""],""CATEGORIA"":[""Carnes""]}","[""Carnes""]",,https://riba.app/imgrs/THUMBS%20500X500/25439.JPG,0,0,"[""90""]",1.301.000,2026-05-11 15:30:52
21205900000,LOMO DE COSTILLA RIMITH,LOMO DE COSTILLA RIMITH,LOMO DE COSTILLA RIMITH,insert,1,https://riba.app/imgrs/THUMBS%20500X500/25440.JPG,tabs/detalle-producto/25440,1.403.000,1.403.000,1.403.000,USD,1,,"{""MARCA"":[""RIMITH""],""CATEGORIA"":[""Carnes""]}","[""Carnes""]",,https://riba.app/imgrs/THUMBS%20500X500/25440.JPG,0,0,"[""90""]",1.403.000,2026-05-11 15:30:52
21206000000,LOMO DE PALETA RIMITH,LOMO DE PALETA RIMITH,LOMO DE PALETA RIMITH,insert,1,https://riba.app/imgrs/THUMBS%20500X500/25441.JPG,tabs/detalle-producto/25441,1.379.000,1.379.000,1.379.000,USD,1,,"{""MARCA"":[""RIMITH""],""CATEGORIA"":[""Carnes""]}","[""Carnes""]",,https://riba.app/imgrs/THUMBS%20500X500/25441.JPG,0,0,"[""90""]",1.379.000,2026-05-11 15:30:52
21206100000,COSTILLA DE PECHO ESPECIAL BAN,COSTILLA DE PECHO ESPECIAL BAN,COSTILLA DE PECHO ESPECIAL BAN,insert,1,https://riba.app/imgrs/THUMBS%20500X500/25442.JPG,tabs/detalle-producto/25442,857.000,857.000,857.000,USD,1,,"{""MARCA"":[""RIMITH""],""CATEGORIA"":[""Carnes""]}","[""Carnes""]",,https://riba.app/imgrs/THUMBS%20500X500/25442.JPG,0,0,"[""90""]",857.000,2026-05-11 15:30:52
21206300000,PUERCO LISO ESENCIAL,PUERCO LISO ESENCIAL,PUERCO LISO ESENCIAL,insert,1,https://riba.app/imgrs/THUMBS%20500X500/25444.JPG,tabs/detalle-producto/25444,686.000,686.000,686.000,USD,1,,"{""MARCA"":[""RIMITH""],""CATEGORIA"":[""Carnes""]}","[""Carnes""]",,https://riba.app/imgrs/THUMBS%20500X500/25444.JPG,0,0,"[""90""]",686.000,2026-05-11 15:30:52
21206700000,BISTEK PALETA SHOULDER,BISTEK PALETA SHOULDER,BISTEK PALETA SHOULDER,insert,1,https://riba.app/imgrs/THUMBS%20500X500/25448.JPG,tabs/detalle-producto/25448,858.000,858.000,858.000,USD,1,,"{""MARCA"":[""RIMITH""],""CATEGORIA"":[""Carnes""]}","[""Carnes""]",,https://riba.app/imgrs/THUMBS%20500X500/25448.JPG,0,0,"[""90""]",858.000,2026-05-11 15:30:52
21206800000,CHULETA DE CERDO ESENCIAL,CHULETA DE CERDO ESENCIAL,CHULETA DE CERDO ESENCIAL,insert,1,https://riba.app/imgrs/THUMBS%20500X500/50000.JPG,tabs/detalle-producto/50000,777.000,777.000,777.000,USD,1,,"{""MARCA"":[""RIMITH""],""CATEGORIA"":[""Carnes""]}","[""Carnes""]",,https://riba.app/imgrs/THUMBS%20500X500/50000.JPG,0,0,"[""90""]",777.000,2026-05-11 15:30:52
21207100000,NEW YORK STEAK ESENCIAL,NEW YORK STEAK ESENCIAL,NEW YORK STEAK ESENCIAL,insert,1,https://riba.app/imgrs/THUMBS%20500X500/50001.JPG,tabs/detalle-producto/50001,1.206.000,1.206.000,1.206.000,USD,1,,"{""MARCA"":[""RIMITH""],""CATEGORIA"":[""Carnes""]}","[""Carnes""]",,https://riba.app/imgrs/THUMBS%20500X500/50001.JPG,0,0,"[""90""]",1.206.000,2026-05-11 15:30:52
21207700000,SIRLOIN FLAP MEAT CAB,SIRLOIN FLAP MEAT CAB,SIRLOIN FLAP MEAT CAB,insert,1,https://riba.app/imgrs/THUMBS%20500X500/264873.JPG,tabs/detalle-producto/264873,3.203.000,3.203.000,3.203.000,USD,1,,"{""MARCA"":[""RIMITH (IMP)""],""CATEGORIA"":[""Carnes""]}","[""Carnes""]",,https://riba.app/imgrs/THUMBS%20500X500/264873.JPG,0,0,"[""90""]",3.203.000,2026-05-11 15:30:52
21208200000,COWBOY CAB,COWBOY CAB,COWBOY CAB,insert,1,https://riba.app/imgrs/THUMBS%20500X500/271518.JPG,tabs/detalle-producto/271518,5.390.000,5.390.000,5.390.000,USD,1,,"{""MARCA"":[""RIMITH (IMP)""],""CATEGORIA"":[""Carnes""]}","[""Carnes""]",,https://riba.app/imgrs/THUMBS%20500X500/271518.JPG,0,0,"[""90""]",5.390.000,2026-05-11 15:30:52
21208400000,COSTILLA ESPECIAL RES EMPACADO,COSTILLA ESPECIAL RES EMPACADO,COSTILLA ESPECIAL RES EMPACADO,insert,1,https://riba.app/imgrs/THUMBS%20500X500/25453.JPG,tabs/detalle-producto/25453,765.000,765.000,765.000,USD,1,,"{""MARCA"":[""RIMITH""],""CATEGORIA"":[""Carnes""]}","[""Carnes""]",,https://riba.app/imgrs/THUMBS%20500X500/25453.JPG,0,0,"[""90""]",765.000,2026-05-11 15:30:52
21208500000,ASADO DE JIBA,ASADO DE JIBA,ASADO DE JIBA,insert,1,https://riba.app/imgrs/THUMBS%20500X500/64085.JPG,tabs/detalle-producto/64085,956.000,956.000,956.000,USD,1,,"{""MARCA"":[""RIMITH""],""CATEGORIA"":[""Carnes""]}","[""Carnes""]",,https://riba.app/imgrs/THUMBS%20500X500/64085.JPG,0,0,"[""90""]",956.000,2026-05-11 15:30:52
21208700000,PORK BUTT,PORK BUTT,PORK BUTT,insert,1,https://riba.app/imgrs/THUMBS%20500X500/74596.JPG,tabs/detalle-producto/74596,1.001.000,1.001.000,1.001.000,USD,1,,"{""MARCA"":[""RIMITH""],""CATEGORIA"":[""Carnes""]}","[""Carnes""]",,https://riba.app/imgrs/THUMBS%20500X500/74596.JPG,0,0,"[""90""]",1.001.000,2026-05-11 15:30:52
21208800000,BISTEC PICADO ESENCIAL,BISTEC PICADO ESENCIAL,BISTEC PICADO ESENCIAL,insert,1,https://riba.app/imgrs/THUMBS%20500X500/74597.JPG,tabs/detalle-producto/74597,773.000,773.000,773.000,USD,1,,"{""MARCA"":[""RIMITH""],""CATEGORIA"":[""Carnes""]}","[""Carnes""]",,https://riba.app/imgrs/THUMBS%20500X500/74597.JPG,0,0,"[""90""]",773.000,2026-05-11 15:30:52
21208900000,GUISADO DE RES ESENCIAL,GUISADO DE RES ESENCIAL,GUISADO DE RES ESENCIAL,insert,1,https://riba.app/imgrs/THUMBS%20500X500/74598.JPG,tabs/detalle-producto/74598,751.000,751.000,751.000,USD,1,,"{""MARCA"":[""RIMITH""],""CATEGORIA"":[""Carnes""]}","[""Carnes""]",,https://riba.app/imgrs/THUMBS%20500X500/74598.JPG,0,0,"[""90""]",751.000,2026-05-11 15:30:52
21209000000,ESPALDILLA (BRISKET),ESPALDILLA (BRISKET),ESPALDILLA (BRISKET),insert,1,https://riba.app/imgrs/THUMBS%20500X500/25454.JPG,tabs/detalle-producto/25454,1.310.000,1.310.000,1.310.000,USD,1,,"{""MARCA"":[""RIMITH""],""CATEGORIA"":[""Carnes""]}","[""Carnes""]",,https://riba.app/imgrs/THUMBS%20500X500/25454.JPG,0,0,"[""90""]",1.310.000,2026-05-11 15:30:52
21209200000,MOLIDA DE PUERCO Y RES ,MOLIDA DE PUERCO Y RES ,MOLIDA DE PUERCO Y RES ,insert,1,https://riba.app/imgrs/THUMBS%20500X500/83130.JPG,tabs/detalle-producto/83130,1.292.000,1.292.000,1.292.000,USD,1,,"{""MARCA"":[""RIMITH""],""CATEGORIA"":[""Carnes""]}","[""Carnes""]",,https://riba.app/imgrs/THUMBS%20500X500/83130.JPG,0,0,"[""90""]",1.292.000,2026-05-11 15:30:52
21210100000,ASADO DE TERNERA,ASADO DE TERNERA,ASADO DE TERNERA,insert,1,https://riba.app/imgrs/THUMBS%20500X500/25455.JPG,tabs/detalle-producto/25455,1.119.000,1.119.000,1.119.000,USD,1,,"{""MARCA"":[""RIMITH""],""CATEGORIA"":[""Carnes""]}","[""Carnes""]",,https://riba.app/imgrs/THUMBS%20500X500/25455.JPG,0,0,"[""90""]",1.119.000,2026-05-11 15:30:52
21210200000,BISTEK DE TERNERA,BISTEK DE TERNERA,BISTEK DE TERNERA,insert,1,https://riba.app/imgrs/THUMBS%20500X500/25456.JPG,tabs/detalle-producto/25456,1.219.000,1.219.000,1.219.000,USD,1,,"{""MARCA"":[""RIMITH""],""CATEGORIA"":[""Carnes""]}","[""Carnes""]",,https://riba.app/imgrs/THUMBS%20500X500/25456.JPG,0,0,"[""90""]",1.219.000,2026-05-11 15:30:52
21210300000,COSTILLA DE TERNERA,COSTILLA DE TERNERA,COSTILLA DE TERNERA,insert,1,https://riba.app/imgrs/THUMBS%20500X500/25457.JPG,tabs/detalle-producto/25457,667.000,667.000,667.000,USD,1,,"{""MARCA"":[""RIMITH""],""CATEGORIA"":[""Carnes""]}","[""Carnes""]",,https://riba.app/imgrs/THUMBS%20500X500/25457.JPG,0,0,"[""90""]",667.000,2026-05-11 15:30:52
21210500000,CHULETA DE TERNERA,CHULETA DE TERNERA,CHULETA DE TERNERA,insert,1,https://riba.app/imgrs/THUMBS%20500X500/25459.JPG,tabs/detalle-producto/25459,1.119.000,1.119.000,1.119.000,USD,1,,"{""MARCA"":[""RIMITH""],""CATEGORIA"":[""Carnes""]}","[""Carnes""]",,https://riba.app/imgrs/THUMBS%20500X500/25459.JPG,0,0,"[""90""]",1.119.000,2026-05-11 15:30:52
21210800000,FILETE DE TERNERA,FILETE DE TERNERA,FILETE DE TERNERA,insert,1,https://riba.app/imgrs/THUMBS%20500X500/25462.JPG,tabs/detalle-producto/25462,2.347.000,2.347.000,2.347.000,USD,1,,"{""MARCA"":[""RIMITH""],""CATEGORIA"":[""Carnes""]}","[""Carnes""]",,https://riba.app/imgrs/THUMBS%20500X500/25462.JPG,0,0,"[""90""]",2.347.000,2026-05-11 15:30:52
21210900000,GUISO DE TERNERA,GUISO DE TERNERA,GUISO DE TERNERA,insert,1,https://riba.app/imgrs/THUMBS%20500X500/25463.JPG,tabs/detalle-producto/25463,1.022.000,1.022.000,1.022.000,USD,1,,"{""MARCA"":[""RIMITH""],""CATEGORIA"":[""Carnes""]}","[""Carnes""]",,https://riba.app/imgrs/THUMBS%20500X500/25463.JPG,0,0,"[""90""]",1.022.000,2026-05-11 15:30:52
21211000000,HUESO DE TERNERA,HUESO DE TERNERA,HUESO DE TERNERA,insert,1,https://riba.app/imgrs/THUMBS%20500X500/25464.JPG,tabs/detalle-producto/25464,164.000,164.000,164.000,USD,1,,"{""MARCA"":[""RIMITH""],""CATEGORIA"":[""Carnes""]}","[""Carnes""]",,https://riba.app/imgrs/THUMBS%20500X500/25464.JPG,0,0,"[""90""]",164.000,2026-05-11 15:30:52
21211100000,OSOBUCO DE TERNERA,OSOBUCO DE TERNERA,OSOBUCO DE TERNERA,insert,1,https://riba.app/imgrs/THUMBS%20500X500/25465.JPG,tabs/detalle-producto/25465,528.000,528.000,528.000,USD,1,,"{""MARCA"":[""RIMITH""],""CATEGORIA"":[""Carnes""]}","[""Carnes""]",,https://riba.app/imgrs/THUMBS%20500X500/25465.JPG,0,0,"[""90""]",528.000,2026-05-11 15:30:52
21211200000,LOMO DE TERNERA,LOMO DE TERNERA,LOMO DE TERNERA,insert,1,https://riba.app/imgrs/THUMBS%20500X500/25466.JPG,tabs/detalle-producto/25466,1.219.000,1.219.000,1.219.000,USD,1,,"{""MARCA"":[""RIMITH""],""CATEGORIA"":[""Carnes""]}","[""Carnes""]",,https://riba.app/imgrs/THUMBS%20500X500/25466.JPG,0,0,"[""90""]",1.219.000,2026-05-11 15:30:52
21211300000,PECHO DE TERNERA,PECHO DE TERNERA,PECHO DE TERNERA,insert,1,https://riba.app/imgrs/THUMBS%20500X500/25467.JPG,tabs/detalle-producto/25467,528.000,528.000,528.000,USD,1,,"{""MARCA"":[""RIMITH""],""CATEGORIA"":[""Carnes""]}","[""Carnes""]",,https://riba.app/imgrs/THUMBS%20500X500/25467.JPG,0,0,"[""90""]",528.000,2026-05-11 15:30:52
21211500000,RABO DE TERNERA,RABO DE TERNERA,RABO DE TERNERA,insert,1,https://riba.app/imgrs/THUMBS%20500X500/25469.JPG,tabs/detalle-producto/25469,528.000,528.000,528.000,USD,1,,"{""MARCA"":[""RIMITH""],""CATEGORIA"":[""Carnes""]}","[""Carnes""]",,https://riba.app/imgrs/THUMBS%20500X500/25469.JPG,0,0,"[""90""]",528.000,2026-05-11 15:30:52
21211700000,CHOCOZUELA DE TERNERA,CHOCOZUELA DE TERNERA,CHOCOZUELA DE TERNERA,insert,1,https://riba.app/imgrs/THUMBS%20500X500/25471.JPG,tabs/detalle-producto/25471,108.000,108.000,108.000,USD,1,,"{""MARCA"":[""RIMITH""],""CATEGORIA"":[""Carnes""]}","[""Carnes""]",,https://riba.app/imgrs/THUMBS%20500X500/25471.JPG,0,0,"[""90""]",108.000,2026-05-11 15:30:52
21211900000,FALDA BLANCA  1 LB,FALDA BLANCA  1 LB,FALDA BLANCA  1 LB,insert,1,https://riba.app/imgrs/THUMBS%20500X500/78983.JPG,tabs/detalle-producto/78983,707.000,707.000,707.000,USD,1,,"{""MARCA"":[""RIMITH""],""CATEGORIA"":[""Carnes""]}","[""Carnes""]",,https://riba.app/imgrs/THUMBS%20500X500/78983.JPG,0,0,"[""90""]",707.000,2026-05-11 15:30:52
21212000000,PTA DE PALOMILLA DE TERNERA,PTA DE PALOMILLA DE TERNERA,PTA DE PALOMILLA DE TERNERA,insert,1,https://riba.app/imgrs/THUMBS%20500X500/25473.JPG,tabs/detalle-producto/25473,1.219.000,1.219.000,1.219.000,USD,1,,"{""MARCA"":[""RIMITH""],""CATEGORIA"":[""Carnes""]}","[""Carnes""]",,https://riba.app/imgrs/THUMBS%20500X500/25473.JPG,0,0,"[""90""]",1.219.000,2026-05-11 15:30:52
21212100000,MILANESA,MILANESA,MILANESA,insert,1,https://riba.app/imgrs/THUMBS%20500X500/60285.JPG,tabs/detalle-producto/60285,1.541.000,1.541.000,1.541.000,USD,1,,"{""MARCA"":[""RIMITH""],""CATEGORIA"":[""Carnes""]}","[""Carnes""]",,https://riba.app/imgrs/THUMBS%20500X500/60285.JPG,0,0,"[""90""]",1.541.000,2026-05-11 15:30:52
21212300000,RIBEYE,RIBEYE,RIBEYE,insert,1,https://riba.app/imgrs/THUMBS%20500X500/60287.JPG,tabs/detalle-producto/60287,1.492.000,1.492.000,1.492.000,USD,1,,"{""MARCA"":[""RIMITH""],""CATEGORIA"":[""Carnes""]}","[""Carnes""]",,https://riba.app/imgrs/THUMBS%20500X500/60287.JPG,0,0,"[""90""]",1.492.000,2026-05-11 15:30:52
21212400000,PUNTA DE PALOMILLA REBANADA,PUNTA DE PALOMILLA REBANADA,PUNTA DE PALOMILLA REBANADA,insert,1,https://riba.app/imgrs/THUMBS%20500X500/60288.JPG,tabs/detalle-producto/60288,1.423.000,1.423.000,1.423.000,USD,1,,"{""MARCA"":[""RIMITH""],""CATEGORIA"":[""Carnes""]}","[""Carnes""]",,https://riba.app/imgrs/THUMBS%20500X500/60288.JPG,0,0,"[""90""]",1.423.000,2026-05-11 15:30:52
21212500000,LOMO REDONDO EN RODAJAS,LOMO REDONDO EN RODAJAS,LOMO REDONDO EN RODAJAS,insert,1,https://riba.app/imgrs/THUMBS%20500X500/60289.JPG,tabs/detalle-producto/60289,1.270.000,1.270.000,1.270.000,USD,1,,"{""MARCA"":[""RIMITH""],""CATEGORIA"":[""Carnes""]}","[""Carnes""]",,https://riba.app/imgrs/THUMBS%20500X500/60289.JPG,0,0,"[""90""]",1.270.000,2026-05-11 15:30:52
21212600000,PUNTA DE RINCON REBANADA,PUNTA DE RINCON REBANADA,PUNTA DE RINCON REBANADA,insert,1,https://riba.app/imgrs/THUMBS%20500X500/60290.JPG,tabs/detalle-producto/60290,1.638.000,1.638.000,1.638.000,USD,1,,"{""MARCA"":[""RIMITH""],""CATEGORIA"":[""Carnes""]}","[""Carnes""]",,https://riba.app/imgrs/THUMBS%20500X500/60290.JPG,0,0,"[""90""]",1.638.000,2026-05-11 15:30:52
21212700000,TIRA DE COSTILLA ESPECIAL,TIRA DE COSTILLA ESPECIAL,TIRA DE COSTILLA ESPECIAL,insert,1,https://riba.app/imgrs/THUMBS%20500X500/60291.JPG,tabs/detalle-producto/60291,1.228.000,1.228.000,1.228.000,USD,1,,"{""MARCA"":[""RIMITH""],""CATEGORIA"":[""Carnes""]}","[""Carnes""]",,https://riba.app/imgrs/THUMBS%20500X500/60291.JPG,0,0,"[""90""]",1.228.000,2026-05-11 15:30:52
21212800000,COSTILLA ESPEC CORTE INDIVIDUA,COSTILLA ESPEC CORTE INDIVIDUA,COSTILLA ESPEC CORTE INDIVIDUA,insert,1,https://riba.app/imgrs/THUMBS%20500X500/60292.JPG,tabs/detalle-producto/60292,1.228.000,1.228.000,1.228.000,USD,1,,"{""MARCA"":[""RIMITH""],""CATEGORIA"":[""Carnes""]}","[""Carnes""]",,https://riba.app/imgrs/THUMBS%20500X500/60292.JPG,0,0,"[""90""]",1.228.000,2026-05-11 15:30:52
21213000000,PUNTAS DE FILETES,PUNTAS DE FILETES,PUNTAS DE FILETES,insert,1,https://riba.app/imgrs/THUMBS%20500X500/60294.JPG,tabs/detalle-producto/60294,2.721.000,2.721.000,2.721.000,USD,1,,"{""MARCA"":[""RIMITH""],""CATEGORIA"":[""Carnes""]}","[""Carnes""]",,https://riba.app/imgrs/THUMBS%20500X500/60294.JPG,0,0,"[""90""]",2.721.000,2026-05-11 15:30:52
21213100000,MALAYA,MALAYA,MALAYA,insert,1,https://riba.app/imgrs/THUMBS%20500X500/60295.JPG,tabs/detalle-producto/60295,248.000,248.000,248.000,USD,1,,"{""MARCA"":[""RIMITH""],""CATEGORIA"":[""Carnes""]}","[""Carnes""]",,https://riba.app/imgrs/THUMBS%20500X500/60295.JPG,0,0,"[""90""]",248.000,2026-05-11 15:30:52
21213200000,ASADO DE CHULETA S HUESO,ASADO DE CHULETA S HUESO,ASADO DE CHULETA S HUESO,insert,1,https://riba.app/imgrs/THUMBS%20500X500/60296.JPG,tabs/detalle-producto/60296,1.824.000,1.824.000,1.824.000,USD,1,,"{""MARCA"":[""RIMITH""],""CATEGORIA"":[""Carnes""]}","[""Carnes""]",,https://riba.app/imgrs/THUMBS%20500X500/60296.JPG,0,0,"[""90""]",1.824.000,2026-05-11 15:30:52
21213300000,LOMITO DE ENTREÑA  EMP ,LOMITO DE ENTREÑA  EMP ,LOMITO DE ENTREÑA  EMP ,insert,1,https://riba.app/imgrs/THUMBS%20500X500/65243.JPG,tabs/detalle-producto/65243,1.464.000,1.464.000,1.464.000,USD,1,,"{""MARCA"":[""RIMITH""],""CATEGORIA"":[""Carnes""]}","[""Carnes""]",,https://riba.app/imgrs/THUMBS%20500X500/65243.JPG,0,0,"[""90""]",1.464.000,2026-05-11 15:30:52
21214000000,RIBEYE STEAK ESENCIAL,RIBEYE STEAK ESENCIAL,RIBEYE STEAK ESENCIAL,insert,1,https://riba.app/imgrs/THUMBS%20500X500/125284.JPG,tabs/detalle-producto/125284,1.218.000,1.218.000,1.218.000,USD,1,,"{""MARCA"":[""RIMITH""],""CATEGORIA"":[""Carnes""]}","[""Carnes""]",,https://riba.app/imgrs/THUMBS%20500X500/125284.JPG,0,0,"[""90""]",1.218.000,2026-05-11 15:30:52
21214300000,MILANESA DE CERDO    ,MILANESA DE CERDO    ,MILANESA DE CERDO    ,insert,1,https://riba.app/imgrs/THUMBS%20500X500/253330.JPG,tabs/detalle-producto/253330,844.000,844.000,844.000,USD,1,,"{""MARCA"":[""RIMITH""],""CATEGORIA"":[""Carnes Preparadas""]}","[""Carnes Preparadas""]",,https://riba.app/imgrs/THUMBS%20500X500/253330.JPG,0,0,"[""95""]",844.000,2026-05-11 15:30:52
21214400000,TROCITOS DE CERDO    ,TROCITOS DE CERDO    ,TROCITOS DE CERDO    ,insert,1,https://riba.app/imgrs/THUMBS%20500X500/253331.JPG,tabs/detalle-producto/253331,722.000,722.000,722.000,USD,1,,"{""MARCA"":[""RIMITH""],""CATEGORIA"":[""Carnes""]}","[""Carnes""]",,https://riba.app/imgrs/THUMBS%20500X500/253331.JPG,0,0,"[""90""]",722.000,2026-05-11 15:30:52
21214500000,FAJITAS DE CERDO     ,FAJITAS DE CERDO     ,FAJITAS DE CERDO     ,insert,1,https://riba.app/imgrs/THUMBS%20500X500/253332.JPG,tabs/detalle-producto/253332,722.000,722.000,722.000,USD,1,,"{""MARCA"":[""RIMITH""],""CATEGORIA"":[""Carnes""]}","[""Carnes""]",,https://riba.app/imgrs/THUMBS%20500X500/253332.JPG,0,0,"[""90""]",722.000,2026-05-11 15:30:52
21214600000,BISTEC LOMO PALOMILLA CERDO,BISTEC LOMO PALOMILLA CERDO,BISTEC LOMO PALOMILLA CERDO,insert,1,https://riba.app/imgrs/THUMBS%20500X500/253333.JPG,tabs/detalle-producto/253333,797.000,797.000,797.000,USD,1,,"{""MARCA"":[""RIMITH""],""CATEGORIA"":[""Carnes""]}","[""Carnes""]",,https://riba.app/imgrs/THUMBS%20500X500/253333.JPG,0,0,"[""90""]",797.000,2026-05-11 15:30:52
21214700000,PUNTA PALOMILLA CERDO,PUNTA PALOMILLA CERDO,PUNTA PALOMILLA CERDO,insert,1,https://riba.app/imgrs/THUMBS%20500X500/253334.JPG,tabs/detalle-producto/253334,797.000,797.000,797.000,USD,1,,"{""MARCA"":[""RIMITH""],""CATEGORIA"":[""Carnes""]}","[""Carnes""]",,https://riba.app/imgrs/THUMBS%20500X500/253334.JPG,0,0,"[""90""]",797.000,2026-05-11 15:30:52
21214800000,PUNTA PALOMILLA CERDO REBANADA,PUNTA PALOMILLA CERDO REBANADA,PUNTA PALOMILLA CERDO REBANADA,insert,1,https://riba.app/imgrs/THUMBS%20500X500/253335.JPG,tabs/detalle-producto/253335,840.000,840.000,840.000,USD,1,,"{""MARCA"":[""RIMITH""],""CATEGORIA"":[""Carnes""]}","[""Carnes""]",,https://riba.app/imgrs/THUMBS%20500X500/253335.JPG,0,0,"[""90""]",840.000,2026-05-11 15:30:52
21215100000,BOFE,BOFE,BOFE,insert,1,https://riba.app/imgrs/THUMBS%20500X500/25475.JPG,tabs/detalle-producto/25475,387.000,387.000,387.000,USD,1,,"{""MARCA"":[""RIMITH""],""CATEGORIA"":[""Carnes""]}","[""Carnes""]",,https://riba.app/imgrs/THUMBS%20500X500/25475.JPG,0,0,"[""90""]",387.000,2026-05-11 15:30:52
21215200000,CORAZON,CORAZON,CORAZON,insert,1,https://riba.app/imgrs/THUMBS%20500X500/25476.JPG,tabs/detalle-producto/25476,507.000,507.000,507.000,USD,1,,"{""MARCA"":[""RIMITH""],""CATEGORIA"":[""Visceras""]}","[""Visceras""]",,https://riba.app/imgrs/THUMBS%20500X500/25476.JPG,0,0,"[""92""]",507.000,2026-05-11 15:30:52
21215300000,HIGADO,HIGADO,HIGADO,insert,1,https://riba.app/imgrs/THUMBS%20500X500/25477.JPG,tabs/detalle-producto/25477,674.000,674.000,674.000,USD,1,,"{""MARCA"":[""RIMITH""],""CATEGORIA"":[""Visceras""]}","[""Visceras""]",,https://riba.app/imgrs/THUMBS%20500X500/25477.JPG,0,0,"[""92""]",674.000,2026-05-11 15:30:52
21215400000,MONDONGO,MONDONGO,MONDONGO,insert,1,https://riba.app/imgrs/THUMBS%20500X500/25478.JPG,tabs/detalle-producto/25478,307.000,307.000,307.000,USD,1,,"{""MARCA"":[""RIMITH""],""CATEGORIA"":[""Visceras""]}","[""Visceras""]",,https://riba.app/imgrs/THUMBS%20500X500/25478.JPG,0,0,"[""92""]",307.000,2026-05-11 15:30:52
21215600000,PAJARILLA,PAJARILLA,PAJARILLA,insert,1,https://riba.app/imgrs/THUMBS%20500X500/25480.JPG,tabs/detalle-producto/25480,220.000,220.000,220.000,USD,1,,"{""MARCA"":[""RIMITH""],""CATEGORIA"":[""Carnes""]}","[""Carnes""]",,https://riba.app/imgrs/THUMBS%20500X500/25480.JPG,0,0,"[""90""]",220.000,2026-05-11 15:30:52
21215700000,PATA DE RES,PATA DE RES,PATA DE RES,insert,1,https://riba.app/imgrs/THUMBS%20500X500/25481.JPG,tabs/detalle-producto/25481,170.000,170.000,170.000,USD,1,,"{""MARCA"":[""RIMITH""],""CATEGORIA"":[""Carnes""]}","[""Carnes""]",,https://riba.app/imgrs/THUMBS%20500X500/25481.JPG,0,0,"[""90""]",170.000,2026-05-11 15:30:52
21215800000,LENGUA DE RES,LENGUA DE RES,LENGUA DE RES,insert,1,https://riba.app/imgrs/THUMBS%20500X500/25482.JPG,tabs/detalle-producto/25482,1.007.000,1.007.000,1.007.000,USD,1,,"{""MARCA"":[""RIMITH""],""CATEGORIA"":[""Visceras""]}","[""Visceras""]",,https://riba.app/imgrs/THUMBS%20500X500/25482.JPG,0,0,"[""92""]",1.007.000,2026-05-11 15:30:52
21216300000,PIERNA CERDO DESHUESADA,PIERNA CERDO DESHUESADA,PIERNA CERDO DESHUESADA,insert,1,https://riba.app/imgrs/THUMBS%20500X500/253336.JPG,tabs/detalle-producto/253336,797.000,797.000,797.000,USD,1,,"{""MARCA"":[""RIMITH""],""CATEGORIA"":[""Carnes""]}","[""Carnes""]",,https://riba.app/imgrs/THUMBS%20500X500/253336.JPG,0,0,"[""90""]",797.000,2026-05-11 15:30:52
21216400000,COSTILLAS DE CERDO PORCION,COSTILLAS DE CERDO PORCION,COSTILLAS DE CERDO PORCION,insert,1,https://riba.app/imgrs/THUMBS%20500X500/138070.JPG,tabs/detalle-producto/138070,1.448.000,1.448.000,1.448.000,USD,1,,"{""MARCA"":[""RIMITH""],""CATEGORIA"":[""Carnes""]}","[""Carnes""]",,https://riba.app/imgrs/THUMBS%20500X500/138070.JPG,0,0,"[""90""]",1.448.000,2026-05-11 15:30:52
21217100000,ENTRAÑA FINA T&J,ENTRAÑA FINA T&J,ENTRAÑA FINA T&J,insert,1,https://riba.app/imgrs/THUMBS%20500X500/233200.JPG,tabs/detalle-producto/233200,1.127.000,1.127.000,1.127.000,USD,1,,"{""MARCA"":[""RIMITH""],""CATEGORIA"":[""Carnes""]}","[""Carnes""]",,https://riba.app/imgrs/THUMBS%20500X500/233200.JPG,0,0,"[""90""]",1.127.000,2026-05-11 15:30:52
21217200000,PORK BELLY,PORK BELLY,PORK BELLY,insert,1,https://riba.app/imgrs/THUMBS%20500X500/138348.JPG,tabs/detalle-producto/138348,1.228.000,1.228.000,1.228.000,USD,1,,"{""MARCA"":[""RIMITH""],""CATEGORIA"":[""Carnes""]}","[""Carnes""]",,https://riba.app/imgrs/THUMBS%20500X500/138348.JPG,0,0,"[""90""]",1.228.000,2026-05-11 15:30:52
21217400000,INTOKU GRAND OUTSIDE SKIRT,INTOKU GRAND OUTSIDE SKIRT,INTOKU GRAND OUTSIDE SKIRT,insert,1,https://riba.app/imgrs/THUMBS%20500X500/138351.JPG,tabs/detalle-producto/138351,9.995.000,9.995.000,9.995.000,USD,1,,"{""MARCA"":[""INTOKU""],""CATEGORIA"":[""Carnes""]}","[""Carnes""]",,https://riba.app/imgrs/THUMBS%20500X500/138351.JPG,0,0,"[""90""]",9.995.000,2026-05-11 15:30:52
21217800000,CARNE MOLIDA ESENCIAL,CARNE MOLIDA ESENCIAL,CARNE MOLIDA ESENCIAL,insert,1,https://riba.app/imgrs/THUMBS%20500X500/114899.JPG,tabs/detalle-producto/114899,645.000,645.000,645.000,USD,1,,"{""MARCA"":[""RIMITH""],""CATEGORIA"":[""Carnes""]}","[""Carnes""]",,https://riba.app/imgrs/THUMBS%20500X500/114899.JPG,0,0,"[""90""]",645.000,2026-05-11 15:30:52
21218100000,CHULETA DE CERDO T&J,CHULETA DE CERDO T&J,CHULETA DE CERDO T&J,insert,1,https://riba.app/imgrs/THUMBS%20500X500/138358.JPG,tabs/detalle-producto/138358,941.000,941.000,941.000,USD,1,,"{""MARCA"":[""RIMITH""],""CATEGORIA"":[""Carnes""]}","[""Carnes""]",,https://riba.app/imgrs/THUMBS%20500X500/138358.JPG,0,0,"[""90""]",941.000,2026-05-11 15:30:52
21218400000,FALDA DE RES T&J,FALDA DE RES T&J,FALDA DE RES T&J,insert,1,https://riba.app/imgrs/THUMBS%20500X500/233187.JPG,tabs/detalle-producto/233187,929.000,929.000,929.000,USD,1,,"{""MARCA"":[""RIMITH""],""CATEGORIA"":[""Carnes""]}","[""Carnes""]",,https://riba.app/imgrs/THUMBS%20500X500/233187.JPG,0,0,"[""90""]",929.000,2026-05-11 15:30:52
21218500000,MEDALLONES DE FILETE T&J,MEDALLONES DE FILETE T&J,MEDALLONES DE FILETE T&J,insert,1,https://riba.app/imgrs/THUMBS%20500X500/233188.JPG,tabs/detalle-producto/233188,3.000.000,3.000.000,3.000.000,USD,1,,"{""MARCA"":[""RIMITH""],""CATEGORIA"":[""Carnes""]}","[""Carnes""]",,https://riba.app/imgrs/THUMBS%20500X500/233188.JPG,0,0,"[""90""]",3.000.000,2026-05-11 15:30:52
21218600000,FILETE DE RES T&J,FILETE DE RES T&J,FILETE DE RES T&J,insert,1,https://riba.app/imgrs/THUMBS%20500X500/233189.JPG,tabs/detalle-producto/233189,2.263.000,2.263.000,2.263.000,USD,1,,"{""MARCA"":[""RIMITH""],""CATEGORIA"":[""Carnes""]}","[""Carnes""]",,https://riba.app/imgrs/THUMBS%20500X500/233189.JPG,0,0,"[""90""]",2.263.000,2026-05-11 15:30:52
21218700000,LOMITO DE RINCON T&J,LOMITO DE RINCON T&J,LOMITO DE RINCON T&J,insert,1,https://riba.app/imgrs/THUMBS%20500X500/233190.JPG,tabs/detalle-producto/233190,1.381.000,1.381.000,1.381.000,USD,1,,"{""MARCA"":[""RIMITH""],""CATEGORIA"":[""Carnes""]}","[""Carnes""]",,https://riba.app/imgrs/THUMBS%20500X500/233190.JPG,0,0,"[""90""]",1.381.000,2026-05-11 15:30:52
21218800000,PUNTA DE RINCON T&J,PUNTA DE RINCON T&J,PUNTA DE RINCON T&J,insert,1,https://riba.app/imgrs/THUMBS%20500X500/233191.JPG,tabs/detalle-producto/233191,1.380.000,1.380.000,1.380.000,USD,1,,"{""MARCA"":[""RIMITH""],""CATEGORIA"":[""Carnes""]}","[""Carnes""]",,https://riba.app/imgrs/THUMBS%20500X500/233191.JPG,0,0,"[""90""]",1.380.000,2026-05-11 15:30:52
21218900000,BISTEK DE PULPA NEGRA T&J,BISTEK DE PULPA NEGRA T&J,BISTEK DE PULPA NEGRA T&J,insert,1,https://riba.app/imgrs/THUMBS%20500X500/233192.JPG,tabs/detalle-producto/233192,1.184.000,1.184.000,1.184.000,USD,1,,"{""MARCA"":[""RIMITH""],""CATEGORIA"":[""Carnes""]}","[""Carnes""]",,https://riba.app/imgrs/THUMBS%20500X500/233192.JPG,0,0,"[""90""]",1.184.000,2026-05-11 15:30:52
21219000000,PUNTA DE RINCON REBANADA T&J,PUNTA DE RINCON REBANADA T&J,PUNTA DE RINCON REBANADA T&J,insert,1,https://riba.app/imgrs/THUMBS%20500X500/233193.JPG,tabs/detalle-producto/233193,1.301.000,1.301.000,1.301.000,USD,1,,"{""MARCA"":[""RIMITH""],""CATEGORIA"":[""Carnes""]}","[""Carnes""]",,https://riba.app/imgrs/THUMBS%20500X500/233193.JPG,0,0,"[""90""]",1.301.000,2026-05-11 15:30:52
21219100000,BOLA DE RINCON T&J,BOLA DE RINCON T&J,BOLA DE RINCON T&J,insert,1,https://riba.app/imgrs/THUMBS%20500X500/233186.JPG,tabs/detalle-producto/233186,1.312.000,1.312.000,1.312.000,USD,1,,"{""MARCA"":[""RIMITH""],""CATEGORIA"":[""Carnes""]}","[""Carnes""]",,https://riba.app/imgrs/THUMBS%20500X500/233186.JPG,0,0,"[""90""]",1.312.000,2026-05-11 15:30:52
21219400000,LOMO REDONDO REBANADO T&J,LOMO REDONDO REBANADO T&J,LOMO REDONDO REBANADO T&J,insert,1,https://riba.app/imgrs/THUMBS%20500X500/233194.JPG,tabs/detalle-producto/233194,1.305.000,1.305.000,1.305.000,USD,1,,"{""MARCA"":[""RIMITH""],""CATEGORIA"":[""Carnes""]}","[""Carnes""]",,https://riba.app/imgrs/THUMBS%20500X500/233194.JPG,0,0,"[""90""]",1.305.000,2026-05-11 15:30:52
21219500000,PUERCO LISO T&J,PUERCO LISO T&J,PUERCO LISO T&J,insert,1,https://riba.app/imgrs/THUMBS%20500X500/233202.JPG,tabs/detalle-producto/233202,1.300.000,1.300.000,1.300.000,USD,1,,"{""MARCA"":[""RIMITH""],""CATEGORIA"":[""Carnes""]}","[""Carnes""]",,https://riba.app/imgrs/THUMBS%20500X500/233202.JPG,0,0,"[""90""]",1.300.000,2026-05-11 15:30:52
21219600000,LOMO CHATO T&J,LOMO CHATO T&J,LOMO CHATO T&J,insert,1,https://riba.app/imgrs/THUMBS%20500X500/233196.JPG,tabs/detalle-producto/233196,1.066.000,1.066.000,1.066.000,USD,1,,"{""MARCA"":[""RIMITH""],""CATEGORIA"":[""Carnes""]}","[""Carnes""]",,https://riba.app/imgrs/THUMBS%20500X500/233196.JPG,0,0,"[""90""]",1.066.000,2026-05-11 15:30:52
21219700000,LOMO DE COSTILLA T&J,LOMO DE COSTILLA T&J,LOMO DE COSTILLA T&J,insert,1,https://riba.app/imgrs/THUMBS%20500X500/233197.JPG,tabs/detalle-producto/233197,1.166.000,1.166.000,1.166.000,USD,1,,"{""MARCA"":[""RIMITH""],""CATEGORIA"":[""Carnes""]}","[""Carnes""]",,https://riba.app/imgrs/THUMBS%20500X500/233197.JPG,0,0,"[""90""]",1.166.000,2026-05-11 15:30:52
21219800000,LOMO DE PALETA T&J,LOMO DE PALETA T&J,LOMO DE PALETA T&J,insert,1,https://riba.app/imgrs/THUMBS%20500X500/233198.JPG,tabs/detalle-producto/233198,1.079.000,1.079.000,1.079.000,USD,1,,"{""MARCA"":[""RIMITH""],""CATEGORIA"":[""Carnes""]}","[""Carnes""]",,https://riba.app/imgrs/THUMBS%20500X500/233198.JPG,0,0,"[""90""]",1.079.000,2026-05-11 15:30:52
21220000000,PICAÑA ESENCIAL,PICAÑA ESENCIAL,PICAÑA ESENCIAL,insert,1,https://riba.app/imgrs/THUMBS%20500X500/25485.JPG,tabs/detalle-producto/25485,1.398.000,1.398.000,1.398.000,USD,1,,"{""MARCA"":[""RIMITH""],""CATEGORIA"":[""Carnes""]}","[""Carnes""]",,https://riba.app/imgrs/THUMBS%20500X500/25485.JPG,0,0,"[""90""]",1.398.000,2026-05-11 15:30:52
21220100000,ASADO DE CERDO RIMITH,ASADO DE CERDO RIMITH,ASADO DE CERDO RIMITH,insert,1,https://riba.app/imgrs/THUMBS%20500X500/25486.JPG,tabs/detalle-producto/25486,1.817.000,1.817.000,1.817.000,USD,1,,"{""MARCA"":[""RIMITH""],""CATEGORIA"":[""Carnes""]}","[""Carnes""]",,https://riba.app/imgrs/THUMBS%20500X500/25486.JPG,0,0,"[""90""]",1.817.000,2026-05-11 15:30:52
21220200000,CHULETA PREMIUM BAND,CHULETA PREMIUM BAND,CHULETA PREMIUM BAND,insert,1,https://riba.app/imgrs/THUMBS%20500X500/25487.JPG,tabs/detalle-producto/25487,1.191.000,1.191.000,1.191.000,USD,1,,"{""MARCA"":[""RIMITH""],""CATEGORIA"":[""Carnes""]}","[""Carnes""]",,https://riba.app/imgrs/THUMBS%20500X500/25487.JPG,0,0,"[""90""]",1.191.000,2026-05-11 15:30:52
21220300000,CODILLO DE CERDO,CODILLO DE CERDO,CODILLO DE CERDO,insert,1,https://riba.app/imgrs/THUMBS%20500X500/25488.JPG,tabs/detalle-producto/25488,777.000,777.000,777.000,USD,1,,"{""MARCA"":[""RIMITH""],""CATEGORIA"":[""Carnes""]}","[""Carnes""]",,https://riba.app/imgrs/THUMBS%20500X500/25488.JPG,0,0,"[""90""]",777.000,2026-05-11 15:30:52
21220400000,COSTILLA ESPECIAL DE CERDO,COSTILLA ESPECIAL DE CERDO,COSTILLA ESPECIAL DE CERDO,insert,1,https://riba.app/imgrs/THUMBS%20500X500/25489.JPG,tabs/detalle-producto/25489,1.117.000,1.117.000,1.117.000,USD,1,,"{""MARCA"":[""RIMITH""],""CATEGORIA"":[""Carnes""]}","[""Carnes""]",,https://riba.app/imgrs/THUMBS%20500X500/25489.JPG,0,0,"[""90""]",1.117.000,2026-05-11 15:30:52
21220500000,COSTILLA DE CERDO CON TOCINO,COSTILLA DE CERDO CON TOCINO,COSTILLA DE CERDO CON TOCINO,insert,1,https://riba.app/imgrs/THUMBS%20500X500/25490.JPG,tabs/detalle-producto/25490,1.096.000,1.096.000,1.096.000,USD,1,,"{""MARCA"":[""RIMITH""],""CATEGORIA"":[""Carnes""]}","[""Carnes""]",,https://riba.app/imgrs/THUMBS%20500X500/25490.JPG,0,0,"[""90""]",1.096.000,2026-05-11 15:30:52
21220600000,COSTILLITAS (SPARE RIBS),COSTILLITAS (SPARE RIBS),COSTILLITAS (SPARE RIBS),insert,1,https://riba.app/imgrs/THUMBS%20500X500/25491.JPG,tabs/detalle-producto/25491,1.443.000,1.443.000,1.443.000,USD,1,,"{""MARCA"":[""RIMITH""],""CATEGORIA"":[""Carnes""]}","[""Carnes""]",,https://riba.app/imgrs/THUMBS%20500X500/25491.JPG,0,0,"[""90""]",1.443.000,2026-05-11 15:30:52
21220800000,LONJA DE CERDO,LONJA DE CERDO,LONJA DE CERDO,insert,1,https://riba.app/imgrs/THUMBS%20500X500/25493.JPG,tabs/detalle-producto/25493,492.000,492.000,492.000,USD,1,,"{""MARCA"":[""RIMITH""],""CATEGORIA"":[""Carnes""]}","[""Carnes""]",,https://riba.app/imgrs/THUMBS%20500X500/25493.JPG,0,0,"[""90""]",492.000,2026-05-11 15:30:52
21220900000,PATITA DE CERDO,PATITA DE CERDO,PATITA DE CERDO,insert,1,https://riba.app/imgrs/THUMBS%20500X500/25494.JPG,tabs/detalle-producto/25494,375.000,375.000,375.000,USD,1,,"{""MARCA"":[""RIMITH""],""CATEGORIA"":[""Carnes""]}","[""Carnes""]",,https://riba.app/imgrs/THUMBS%20500X500/25494.JPG,0,0,"[""90""]",375.000,2026-05-11 15:30:52
21221000000,ASADO DE PIERNA,ASADO DE PIERNA,ASADO DE PIERNA,insert,1,https://riba.app/imgrs/THUMBS%20500X500/25496.JPG,tabs/detalle-producto/25496,1.817.000,1.817.000,1.817.000,USD,1,,"{""MARCA"":[""RIMITH""],""CATEGORIA"":[""Carnes""]}","[""Carnes""]",,https://riba.app/imgrs/THUMBS%20500X500/25496.JPG,0,0,"[""90""]",1.817.000,2026-05-11 15:30:52
21221100000,PERNIL DE CERDO PRECIO POR KILOGRAMO,PERNIL DE CERDO PRECIO POR KILOGRAMO,PERNIL DE CERDO PRECIO POR KILOGRAMO,insert,1,https://riba.app/imgrs/THUMBS%20500X500/25497.JPG,tabs/detalle-producto/25497,1.010.000,1.010.000,1.010.000,USD,1,,"{""MARCA"":[""RIMITH""],""CATEGORIA"":[""Carnes""]}","[""Carnes""]",,https://riba.app/imgrs/THUMBS%20500X500/25497.JPG,0,0,"[""90""]",1.010.000,2026-05-11 15:30:52
21221400000,PUERCO LISO,PUERCO LISO,PUERCO LISO,insert,1,https://riba.app/imgrs/THUMBS%20500X500/25500.JPG,tabs/detalle-producto/25500,829.000,829.000,829.000,USD,1,,"{""MARCA"":[""RIMITH""],""CATEGORIA"":[""Carnes""]}","[""Carnes""]",,https://riba.app/imgrs/THUMBS%20500X500/25500.JPG,0,0,"[""90""]",829.000,2026-05-11 15:30:52
21221500000,RABO DE CERDO,RABO DE CERDO,RABO DE CERDO,insert,1,https://riba.app/imgrs/THUMBS%20500X500/25501.JPG,tabs/detalle-producto/25501,670.000,670.000,670.000,USD,1,,"{""MARCA"":[""RIMITH""],""CATEGORIA"":[""Carnes""]}","[""Carnes""]",,https://riba.app/imgrs/THUMBS%20500X500/25501.JPG,0,0,"[""90""]",670.000,2026-05-11 15:30:52
21221600000,FILETE DE CERDO,FILETE DE CERDO,FILETE DE CERDO,insert,1,https://riba.app/imgrs/THUMBS%20500X500/25502.JPG,tabs/detalle-producto/25502,2.247.000,2.247.000,2.247.000,USD,1,,"{""MARCA"":[""RIMITH""],""CATEGORIA"":[""Carnes""]}","[""Carnes""]",,https://riba.app/imgrs/THUMBS%20500X500/25502.JPG,0,0,"[""90""]",2.247.000,2026-05-11 15:30:52
21222200000,CHULETA DE CERDO DESHUESADA,CHULETA DE CERDO DESHUESADA,CHULETA DE CERDO DESHUESADA,insert,1,https://riba.app/imgrs/THUMBS%20500X500/25508.JPG,tabs/detalle-producto/25508,1.228.000,1.228.000,1.228.000,USD,1,,"{""MARCA"":[""RIMITH""],""CATEGORIA"":[""Carnes""]}","[""Carnes""]",,https://riba.app/imgrs/THUMBS%20500X500/25508.JPG,0,0,"[""90""]",1.228.000,2026-05-11 15:30:52
21222500000,FALDA DE CERDO,FALDA DE CERDO,FALDA DE CERDO,insert,1,https://riba.app/imgrs/THUMBS%20500X500/25510.JPG,tabs/detalle-producto/25510,1.443.000,1.443.000,1.443.000,USD,1,,"{""MARCA"":[""RIMITH""],""CATEGORIA"":[""Carnes""]}","[""Carnes""]",,https://riba.app/imgrs/THUMBS%20500X500/25510.JPG,0,0,"[""90""]",1.443.000,2026-05-11 15:30:52
21222600000,PAPADA DE CERDO,PAPADA DE CERDO,PAPADA DE CERDO,insert,1,https://riba.app/imgrs/THUMBS%20500X500/25511.JPG,tabs/detalle-producto/25511,647.000,647.000,647.000,USD,1,,"{""MARCA"":[""RIMITH""],""CATEGORIA"":[""Carnes""]}","[""Carnes""]",,https://riba.app/imgrs/THUMBS%20500X500/25511.JPG,0,0,"[""90""]",647.000,2026-05-11 15:30:52
21222800000,GUISADO DE CERDO,GUISADO DE CERDO,GUISADO DE CERDO,insert,1,https://riba.app/imgrs/THUMBS%20500X500/25513.JPG,tabs/detalle-producto/25513,797.000,797.000,797.000,USD,1,,"{""MARCA"":[""RIMITH""],""CATEGORIA"":[""Carnes""]}","[""Carnes""]",,https://riba.app/imgrs/THUMBS%20500X500/25513.JPG,0,0,"[""90""]",797.000,2026-05-11 15:30:52
21222900000,BISTEC PICADO ESENCIAL,BISTEC PICADO ESENCIAL,BISTEC PICADO ESENCIAL,insert,1,https://riba.app/imgrs/THUMBS%20500X500/47735.JPG,tabs/detalle-producto/47735,859.000,859.000,859.000,USD,1,,"{""MARCA"":[""RIMITH""],""CATEGORIA"":[""Carnes""]}","[""Carnes""]",,https://riba.app/imgrs/THUMBS%20500X500/47735.JPG,0,0,"[""90""]",859.000,2026-05-11 15:30:52
21223100000,ASADO DE CHULETA,ASADO DE CHULETA,ASADO DE CHULETA,insert,1,https://riba.app/imgrs/THUMBS%20500X500/25515.JPG,tabs/detalle-producto/25515,1.169.000,1.169.000,1.169.000,USD,1,,"{""MARCA"":[""RIMITH""],""CATEGORIA"":[""Carnes""]}","[""Carnes""]",,https://riba.app/imgrs/THUMBS%20500X500/25515.JPG,0,0,"[""90""]",1.169.000,2026-05-11 15:30:52
21223300000,CODILLO DE CERDO ENTERO,CODILLO DE CERDO ENTERO,CODILLO DE CERDO ENTERO,insert,1,https://riba.app/imgrs/THUMBS%20500X500/25516.JPG,tabs/detalle-producto/25516,1.001.000,1.001.000,1.001.000,USD,1,,"{""MARCA"":[""RIMITH""],""CATEGORIA"":[""Carnes""]}","[""Carnes""]",,https://riba.app/imgrs/THUMBS%20500X500/25516.JPG,0,0,"[""90""]",1.001.000,2026-05-11 15:30:52
21223600000,CHULETA SELECTA LBS,CHULETA SELECTA LBS,CHULETA SELECTA LBS,insert,1,https://riba.app/imgrs/THUMBS%20500X500/25517.JPG,tabs/detalle-producto/25517,1.228.000,1.228.000,1.228.000,USD,1,,"{""MARCA"":[""RIMITH""],""CATEGORIA"":[""Carnes""]}","[""Carnes""]",,https://riba.app/imgrs/THUMBS%20500X500/25517.JPG,0,0,"[""90""]",1.228.000,2026-05-11 15:30:52
21223700000,COSTILLA DE CHULETA (BABY B RI,COSTILLA DE CHULETA (BABY B RI,COSTILLA DE CHULETA (BABY B RI,insert,1,https://riba.app/imgrs/THUMBS%20500X500/25518.JPG,tabs/detalle-producto/25518,1.756.000,1.756.000,1.756.000,USD,1,,"{""MARCA"":[""RIMITH""],""CATEGORIA"":[""Carnes""]}","[""Carnes""]",,https://riba.app/imgrs/THUMBS%20500X500/25518.JPG,0,0,"[""90""]",1.756.000,2026-05-11 15:30:52
21223800000,BISTEK DE CERDO,BISTEK DE CERDO,BISTEK DE CERDO,insert,1,https://riba.app/imgrs/THUMBS%20500X500/25519.JPG,tabs/detalle-producto/25519,797.000,797.000,797.000,USD,1,,"{""MARCA"":[""RIMITH""],""CATEGORIA"":[""Carnes""]}","[""Carnes""]",,https://riba.app/imgrs/THUMBS%20500X500/25519.JPG,0,0,"[""90""]",797.000,2026-05-11 15:30:52
21223900000,LOMITO DE CERDO,LOMITO DE CERDO,LOMITO DE CERDO,insert,1,https://riba.app/imgrs/THUMBS%20500X500/25520.JPG,tabs/detalle-producto/25520,797.000,797.000,797.000,USD,1,,"{""MARCA"":[""RIMITH""],""CATEGORIA"":[""Carnes""]}","[""Carnes""]",,https://riba.app/imgrs/THUMBS%20500X500/25520.JPG,0,0,"[""90""]",797.000,2026-05-11 15:30:52
21224300000,PICNIC FRESCO PRECIO POR KILOGRAMO,PICNIC FRESCO PRECIO POR KILOGRAMO,PICNIC FRESCO PRECIO POR KILOGRAMO,insert,1,https://riba.app/imgrs/THUMBS%20500X500/25524.JPG,tabs/detalle-producto/25524,970.000,970.000,970.000,USD,1,,"{""MARCA"":[""RIMITH""],""CATEGORIA"":[""Carnes""]}","[""Carnes""]",,https://riba.app/imgrs/THUMBS%20500X500/25524.JPG,0,0,"[""90""]",970.000,2026-05-11 15:30:52
21224400000,PUNTAS DE FILETES CERDO,PUNTAS DE FILETES CERDO,PUNTAS DE FILETES CERDO,insert,1,https://riba.app/imgrs/THUMBS%20500X500/71479.JPG,tabs/detalle-producto/71479,2.247.000,2.247.000,2.247.000,USD,1,,"{""MARCA"":[""RIMITH""],""CATEGORIA"":[""Carnes""]}","[""Carnes""]",,https://riba.app/imgrs/THUMBS%20500X500/71479.JPG,0,0,"[""90""]",2.247.000,2026-05-11 15:30:52
21224600000,LECHON ENTERO 30-35 LBS,LECHON ENTERO 30-35 LBS,LECHON ENTERO 30-35 LBS,insert,1,https://riba.app/imgrs/THUMBS%20500X500/25526.JPG,tabs/detalle-producto/25526,1.879.000,1.879.000,1.879.000,USD,1,,"{""MARCA"":[""RIMITH""],""CATEGORIA"":[""Carnes""]}","[""Carnes""]",,https://riba.app/imgrs/THUMBS%20500X500/25526.JPG,0,0,"[""90""]",1.879.000,2026-05-11 15:30:52
21225100000,MOLIDA PREMIUM 95-5,MOLIDA PREMIUM 95-5,MOLIDA PREMIUM 95-5,insert,1,https://riba.app/imgrs/THUMBS%20500X500/25528.JPG,tabs/detalle-producto/25528,1.127.000,1.127.000,1.127.000,USD,1,,"{""MARCA"":[""RIMITH""],""CATEGORIA"":[""Carnes""]}","[""Carnes""]",,https://riba.app/imgrs/THUMBS%20500X500/25528.JPG,0,0,"[""90""]",1.127.000,2026-05-11 15:30:52
21225500000,CHULETA AHUMADA EN PLATO,CHULETA AHUMADA EN PLATO,CHULETA AHUMADA EN PLATO,insert,1,https://riba.app/imgrs/THUMBS%20500X500/23835.JPG,tabs/detalle-producto/23835,1.264.000,1.264.000,1.264.000,USD,1,,"{""MARCA"":[""RIMITH""],""CATEGORIA"":[""Carnes""]}","[""Carnes""]",,https://riba.app/imgrs/THUMBS%20500X500/23835.JPG,0,0,"[""90""]",1.264.000,2026-05-11 15:30:52
21225700000,PUERCO MOLIDO,PUERCO MOLIDO,PUERCO MOLIDO,insert,1,https://riba.app/imgrs/THUMBS%20500X500/25531.JPG,tabs/detalle-producto/25531,1.255.000,1.255.000,1.255.000,USD,1,,"{""MARCA"":[""RIMITH""],""CATEGORIA"":[""Carnes""]}","[""Carnes""]",,https://riba.app/imgrs/THUMBS%20500X500/25531.JPG,0,0,"[""90""]",1.255.000,2026-05-11 15:30:52
21226200000,CHURRASCO DE CERDO T&J,CHURRASCO DE CERDO T&J,CHURRASCO DE CERDO T&J,insert,1,https://riba.app/imgrs/THUMBS%20500X500/252563.JPG,tabs/detalle-producto/252563,700.000,700.000,700.000,USD,1,,"{""MARCA"":[""RIMITH""],""CATEGORIA"":[""Carnes""]}","[""Carnes""]",,https://riba.app/imgrs/THUMBS%20500X500/252563.JPG,0,0,"[""90""]",700.000,2026-05-11 15:30:52
21226300000,TIRAS DE RES-BEEF STRIPS,TIRAS DE RES-BEEF STRIPS,TIRAS DE RES-BEEF STRIPS,insert,1,https://riba.app/imgrs/THUMBS%20500X500/252564.JPG,tabs/detalle-producto/252564,523.000,523.000,523.000,USD,1,,"{""MARCA"":[""RIMITH""],""CATEGORIA"":[""Carnes""]}","[""Carnes""]",,https://riba.app/imgrs/THUMBS%20500X500/252564.JPG,0,0,"[""90""]",523.000,2026-05-11 15:30:52
21226400000,HUESO DE SOPA,HUESO DE SOPA,HUESO DE SOPA,insert,1,https://riba.app/imgrs/THUMBS%20500X500/252712.JPG,tabs/detalle-producto/252712,282.000,282.000,282.000,USD,1,,"{""MARCA"":[""RIMITH""],""CATEGORIA"":[""Carnes""]}","[""Carnes""]",,https://riba.app/imgrs/THUMBS%20500X500/252712.JPG,0,0,"[""90""]",282.000,2026-05-11 15:30:52
21226600000,CLUB STEAK CAB CONG,CLUB STEAK CAB CONG,CLUB STEAK CAB CONG,insert,1,https://riba.app/imgrs/THUMBS%20500X500/144172.JPG,tabs/detalle-producto/144172,3.361.000,3.361.000,3.361.000,USD,1,,"{""MARCA"":[""RIMITH (IMP)""],""CATEGORIA"":[""Carnes""]}","[""Carnes""]",,https://riba.app/imgrs/THUMBS%20500X500/144172.JPG,0,0,"[""90""]",3.361.000,2026-05-11 15:30:52
21226800000,PORTER HOUSE CAB CONG,PORTER HOUSE CAB CONG,PORTER HOUSE CAB CONG,insert,1,https://riba.app/imgrs/THUMBS%20500X500/147160.JPG,tabs/detalle-producto/147160,4.019.000,4.019.000,4.019.000,USD,1,,"{""MARCA"":[""RIMITH (IMP)""],""CATEGORIA"":[""Carnes""]}","[""Carnes""]",,https://riba.app/imgrs/THUMBS%20500X500/147160.JPG,0,0,"[""90""]",4.019.000,2026-05-11 15:30:52
21227200000,RIBEYE CAB CONG,RIBEYE CAB CONG,RIBEYE CAB CONG,insert,1,https://riba.app/imgrs/THUMBS%20500X500/145408.JPG,tabs/detalle-producto/145408,4.914.000,4.914.000,4.914.000,USD,1,,"{""MARCA"":[""RIMITH (IMP)""],""CATEGORIA"":[""Carnes""]}","[""Carnes""]",,https://riba.app/imgrs/THUMBS%20500X500/145408.JPG,0,0,"[""90""]",4.914.000,2026-05-11 15:30:52
21227400000,COSTILLAS BABY BACK LB,COSTILLAS BABY BACK LB,COSTILLAS BABY BACK LB,insert,1,https://riba.app/imgrs/THUMBS%20500X500/78617.JPG,tabs/detalle-producto/78617,1.921.000,1.921.000,1.921.000,USD,1,,"{""MARCA"":[""RIMITH""],""CATEGORIA"":[""Carnes""]}","[""Carnes""]",,https://riba.app/imgrs/THUMBS%20500X500/78617.JPG,0,0,"[""90""]",1.921.000,2026-05-11 15:30:52
21227600000,T-BONE CAB CONG,T-BONE CAB CONG,T-BONE CAB CONG,insert,1,https://riba.app/imgrs/THUMBS%20500X500/53768.JPG,tabs/detalle-producto/53768,4.019.000,4.019.000,4.019.000,USD,1,,"{""MARCA"":[""RIMITH (IMP)""],""CATEGORIA"":[""Carnes""]}","[""Carnes""]",,https://riba.app/imgrs/THUMBS%20500X500/53768.JPG,0,0,"[""90""]",4.019.000,2026-05-11 15:30:52
21227700000,MILANESA RES APANADA,MILANESA RES APANADA,MILANESA RES APANADA,insert,1,https://riba.app/imgrs/THUMBS%20500X500/53769.JPG,tabs/detalle-producto/53769,932.000,932.000,932.000,USD,1,,"{""MARCA"":[""RIMITH""],""CATEGORIA"":[""Carnes Preparadas""]}","[""Carnes Preparadas""]",,https://riba.app/imgrs/THUMBS%20500X500/53769.JPG,0,0,"[""95""]",932.000,2026-05-11 15:30:52
21227900000,STRIP LOIN,STRIP LOIN,STRIP LOIN,insert,1,https://riba.app/imgrs/THUMBS%20500X500/254650.JPG,tabs/detalle-producto/254650,1.580.000,1.580.000,1.580.000,USD,1,,"{""MARCA"":[""RIMITH""],""CATEGORIA"":[""Carnes""]}","[""Carnes""]",,https://riba.app/imgrs/THUMBS%20500X500/254650.JPG,0,0,"[""90""]",1.580.000,2026-05-11 15:30:52
21228000000,BRISKET CAB CONG,BRISKET CAB CONG,BRISKET CAB CONG,insert,1,https://riba.app/imgrs/THUMBS%20500X500/53865.JPG,tabs/detalle-producto/53865,2.267.000,2.267.000,2.267.000,USD,1,,"{""MARCA"":[""RIMITH (IMP)""],""CATEGORIA"":[""Carnes""]}","[""Carnes""]",,https://riba.app/imgrs/THUMBS%20500X500/53865.JPG,0,0,"[""90""]",2.267.000,2026-05-11 15:30:52
21228100000,HAMBURGUESA DE RES 100%,HAMBURGUESA DE RES 100%,HAMBURGUESA DE RES 100%,insert,1,https://riba.app/imgrs/THUMBS%20500X500/53866.JPG,tabs/detalle-producto/53866,1.260.000,1.260.000,1.260.000,USD,1,,"{""MARCA"":[""RIMITH""],""CATEGORIA"":[""Hamburguesas""]}","[""Hamburguesas""]",,https://riba.app/imgrs/THUMBS%20500X500/53866.JPG,0,0,"[""94""]",1.260.000,2026-05-11 15:30:52
21228200000,LOIN STRIP CAB NY CONG,LOIN STRIP CAB NY CONG,LOIN STRIP CAB NY CONG,insert,1,https://riba.app/imgrs/THUMBS%20500X500/53770.JPG,tabs/detalle-producto/53770,3.521.000,3.521.000,3.521.000,USD,1,,"{""MARCA"":[""RIMITH (IMP)""],""CATEGORIA"":[""Carnes""]}","[""Carnes""]",,https://riba.app/imgrs/THUMBS%20500X500/53770.JPG,0,0,"[""90""]",3.521.000,2026-05-11 15:30:52
21228300000,ALBONDIGAS DE RES,ALBONDIGAS DE RES,ALBONDIGAS DE RES,insert,1,https://riba.app/imgrs/THUMBS%20500X500/53771.JPG,tabs/detalle-producto/53771,920.000,920.000,920.000,USD,1,,"{""MARCA"":[""RIMITH""],""CATEGORIA"":[""Carnes""]}","[""Carnes""]",,https://riba.app/imgrs/THUMBS%20500X500/53771.JPG,0,0,"[""90""]",920.000,2026-05-11 15:30:52
21228500000,TIRA DE CHULETA BBQ,TIRA DE CHULETA BBQ,TIRA DE CHULETA BBQ,insert,1,https://riba.app/imgrs/THUMBS%20500X500/25536.JPG,tabs/detalle-producto/25536,1.191.000,1.191.000,1.191.000,USD,1,,"{""MARCA"":[""RIMITH""],""CATEGORIA"":[""Carnes""]}","[""Carnes""]",,https://riba.app/imgrs/THUMBS%20500X500/25536.JPG,0,0,"[""90""]",1.191.000,2026-05-11 15:30:52
21228600000,FLAP MEAT CAB CONG,FLAP MEAT CAB CONG,FLAP MEAT CAB CONG,insert,1,https://riba.app/imgrs/THUMBS%20500X500/53764.JPG,tabs/detalle-producto/53764,3.203.000,3.203.000,3.203.000,USD,1,,"{""MARCA"":[""RIMITH (IMP)""],""CATEGORIA"":[""Carnes""]}","[""Carnes""]",,https://riba.app/imgrs/THUMBS%20500X500/53764.JPG,0,0,"[""90""]",3.203.000,2026-05-11 15:30:52
21228900000,OUT SIDE SKIRT CAB CONG,OUT SIDE SKIRT CAB CONG,OUT SIDE SKIRT CAB CONG,insert,1,https://riba.app/imgrs/THUMBS%20500X500/63066.JPG,tabs/detalle-producto/63066,5.760.000,5.760.000,5.760.000,USD,1,,"{""MARCA"":[""RIMITH (IMP)""],""CATEGORIA"":[""Carnes""]}","[""Carnes""]",,https://riba.app/imgrs/THUMBS%20500X500/63066.JPG,0,0,"[""90""]",5.760.000,2026-05-11 15:30:52
21229200000,SHORT RIBS CAB CONG,SHORT RIBS CAB CONG,SHORT RIBS CAB CONG,insert,1,https://riba.app/imgrs/THUMBS%20500X500/144869.JPG,tabs/detalle-producto/144869,3.310.000,3.310.000,3.310.000,USD,1,,"{""MARCA"":[""RIMITH (IMP)""],""CATEGORIA"":[""Carnes""]}","[""Carnes""]",,https://riba.app/imgrs/THUMBS%20500X500/144869.JPG,0,0,"[""90""]",3.310.000,2026-05-11 15:30:52
21229300000,FILETE DE SOBREPALETA,FILETE DE SOBREPALETA,FILETE DE SOBREPALETA,insert,1,https://riba.app/imgrs/THUMBS%20500X500/70304.JPG,tabs/detalle-producto/70304,1.678.000,1.678.000,1.678.000,USD,1,,"{""MARCA"":[""RIMITH""],""CATEGORIA"":[""Carnes""]}","[""Carnes""]",,https://riba.app/imgrs/THUMBS%20500X500/70304.JPG,0,0,"[""90""]",1.678.000,2026-05-11 15:30:52
21229400000,MEDALLONES DE CERDO,MEDALLONES DE CERDO,MEDALLONES DE CERDO,insert,1,https://riba.app/imgrs/THUMBS%20500X500/70305.JPG,tabs/detalle-producto/70305,1.228.000,1.228.000,1.228.000,USD,1,,"{""MARCA"":[""RIMITH""],""CATEGORIA"":[""Carnes""]}","[""Carnes""]",,https://riba.app/imgrs/THUMBS%20500X500/70305.JPG,0,0,"[""90""]",1.228.000,2026-05-11 15:30:52
21229600000,BRAZUELO DE CERDO,BRAZUELO DE CERDO,BRAZUELO DE CERDO,insert,1,https://riba.app/imgrs/THUMBS%20500X500/70307.JPG,tabs/detalle-producto/70307,797.000,797.000,797.000,USD,1,,"{""MARCA"":[""RIMITH""],""CATEGORIA"":[""Carnes""]}","[""Carnes""]",,https://riba.app/imgrs/THUMBS%20500X500/70307.JPG,0,0,"[""90""]",797.000,2026-05-11 15:30:52
21230000000,HAMBURGUESA DE PAVO,HAMBURGUESA DE PAVO,HAMBURGUESA DE PAVO,insert,1,https://riba.app/imgrs/THUMBS%20500X500/53827.JPG,tabs/detalle-producto/53827,1.050.000,1.050.000,1.050.000,USD,1,,"{""MARCA"":[""RIMITH""],""CATEGORIA"":[""Hamburguesas""]}","[""Hamburguesas""]",,https://riba.app/imgrs/THUMBS%20500X500/53827.JPG,0,0,"[""94""]",1.050.000,2026-05-11 15:30:52
21230100000,PUNTA DE RINCON,PUNTA DE RINCON,PUNTA DE RINCON,insert,1,https://riba.app/imgrs/THUMBS%20500X500/25537.JPG,tabs/detalle-producto/25537,1.792.000,1.792.000,1.792.000,USD,1,,"{""MARCA"":[""RIMITH""],""CATEGORIA"":[""Carnes""]}","[""Carnes""]",,https://riba.app/imgrs/THUMBS%20500X500/25537.JPG,0,0,"[""90""]",1.792.000,2026-05-11 15:30:52
21230200000,RINCON,RINCON,RINCON,insert,1,https://riba.app/imgrs/THUMBS%20500X500/25538.JPG,tabs/detalle-producto/25538,1.768.000,1.768.000,1.768.000,USD,1,,"{""MARCA"":[""RIMITH""],""CATEGORIA"":[""Carnes""]}","[""Carnes""]",,https://riba.app/imgrs/THUMBS%20500X500/25538.JPG,0,0,"[""90""]",1.768.000,2026-05-11 15:30:52
21230300000,PULPA NEGRA,PULPA NEGRA,PULPA NEGRA,insert,1,https://riba.app/imgrs/THUMBS%20500X500/25539.JPG,tabs/detalle-producto/25539,1.646.000,1.646.000,1.646.000,USD,1,,"{""MARCA"":[""RIMITH""],""CATEGORIA"":[""Carnes""]}","[""Carnes""]",,https://riba.app/imgrs/THUMBS%20500X500/25539.JPG,0,0,"[""90""]",1.646.000,2026-05-11 15:30:52
21230500000,PALOMILLA,PALOMILLA,PALOMILLA,insert,1,https://riba.app/imgrs/THUMBS%20500X500/25541.JPG,tabs/detalle-producto/25541,1.641.000,1.641.000,1.641.000,USD,1,,"{""MARCA"":[""RIMITH""],""CATEGORIA"":[""Carnes""]}","[""Carnes""]",,https://riba.app/imgrs/THUMBS%20500X500/25541.JPG,0,0,"[""90""]",1.641.000,2026-05-11 15:30:52
21230600000,PUNTA DE PALOMILLA,PUNTA DE PALOMILLA,PUNTA DE PALOMILLA,insert,1,https://riba.app/imgrs/THUMBS%20500X500/25542.JPG,tabs/detalle-producto/25542,1.556.000,1.556.000,1.556.000,USD,1,,"{""MARCA"":[""RIMITH""],""CATEGORIA"":[""Carnes""]}","[""Carnes""]",,https://riba.app/imgrs/THUMBS%20500X500/25542.JPG,0,0,"[""90""]",1.556.000,2026-05-11 15:30:52
21230700000,LOMO REDONDO,LOMO REDONDO,LOMO REDONDO,insert,1,https://riba.app/imgrs/THUMBS%20500X500/25543.JPG,tabs/detalle-producto/25543,1.494.000,1.494.000,1.494.000,USD,1,,"{""MARCA"":[""RIMITH""],""CATEGORIA"":[""Carnes""]}","[""Carnes""]",,https://riba.app/imgrs/THUMBS%20500X500/25543.JPG,0,0,"[""90""]",1.494.000,2026-05-11 15:30:52
21230800000,LOMO CHATO,LOMO CHATO,LOMO CHATO,insert,1,https://riba.app/imgrs/THUMBS%20500X500/25544.JPG,tabs/detalle-producto/25544,1.424.000,1.424.000,1.424.000,USD,1,,"{""MARCA"":[""RIMITH""],""CATEGORIA"":[""Carnes""]}","[""Carnes""]",,https://riba.app/imgrs/THUMBS%20500X500/25544.JPG,0,0,"[""90""]",1.424.000,2026-05-11 15:30:52
21230900000,LOMO DE PALETA,LOMO DE PALETA,LOMO DE PALETA,insert,1,https://riba.app/imgrs/THUMBS%20500X500/25545.JPG,tabs/detalle-producto/25545,1.509.000,1.509.000,1.509.000,USD,1,,"{""MARCA"":[""RIMITH""],""CATEGORIA"":[""Carnes""]}","[""Carnes""]",,https://riba.app/imgrs/THUMBS%20500X500/25545.JPG,0,0,"[""90""]",1.509.000,2026-05-11 15:30:52
21231100000,CINTA DESHUESADA,CINTA DESHUESADA,CINTA DESHUESADA,insert,1,https://riba.app/imgrs/THUMBS%20500X500/25547.JPG,tabs/detalle-producto/25547,1.580.000,1.580.000,1.580.000,USD,1,,"{""MARCA"":[""RIMITH""],""CATEGORIA"":[""Carnes""]}","[""Carnes""]",,https://riba.app/imgrs/THUMBS%20500X500/25547.JPG,0,0,"[""90""]",1.580.000,2026-05-11 15:30:52
21231200000,FALDA,FALDA,FALDA,insert,1,https://riba.app/imgrs/THUMBS%20500X500/25548.JPG,tabs/detalle-producto/25548,1.274.000,1.274.000,1.274.000,USD,1,,"{""MARCA"":[""RIMITH""],""CATEGORIA"":[""Carnes""]}","[""Carnes""]",,https://riba.app/imgrs/THUMBS%20500X500/25548.JPG,0,0,"[""90""]",1.274.000,2026-05-11 15:30:52
21231300000,COSTILLON,COSTILLON,COSTILLON,insert,1,https://riba.app/imgrs/THUMBS%20500X500/25549.JPG,tabs/detalle-producto/25549,1.535.000,1.535.000,1.535.000,USD,1,,"{""MARCA"":[""RIMITH""],""CATEGORIA"":[""Carnes""]}","[""Carnes""]",,https://riba.app/imgrs/THUMBS%20500X500/25549.JPG,0,0,"[""90""]",1.535.000,2026-05-11 15:30:52
21231400000,PUERCO LISO,PUERCO LISO,PUERCO LISO,insert,1,https://riba.app/imgrs/THUMBS%20500X500/25550.JPG,tabs/detalle-producto/25550,907.000,907.000,907.000,USD,1,,"{""MARCA"":[""RIMITH""],""CATEGORIA"":[""Carnes""]}","[""Carnes""]",,https://riba.app/imgrs/THUMBS%20500X500/25550.JPG,0,0,"[""90""]",907.000,2026-05-11 15:30:52
21231500000,COSTILLA ESPECIAL DE CERDO,COSTILLA ESPECIAL DE CERDO,COSTILLA ESPECIAL DE CERDO,insert,1,https://riba.app/imgrs/THUMBS%20500X500/25551.JPG,tabs/detalle-producto/25551,1.222.000,1.222.000,1.222.000,USD,1,,"{""MARCA"":[""RIMITH""],""CATEGORIA"":[""Carnes""]}","[""Carnes""]",,https://riba.app/imgrs/THUMBS%20500X500/25551.JPG,0,0,"[""90""]",1.222.000,2026-05-11 15:30:52
21231600000,COSTILLA DE CERDO C TOCINO,COSTILLA DE CERDO C TOCINO,COSTILLA DE CERDO C TOCINO,insert,1,https://riba.app/imgrs/THUMBS%20500X500/25552.JPG,tabs/detalle-producto/25552,1.199.000,1.199.000,1.199.000,USD,1,,"{""MARCA"":[""RIMITH""],""CATEGORIA"":[""Carnes""]}","[""Carnes""]",,https://riba.app/imgrs/THUMBS%20500X500/25552.JPG,0,0,"[""90""]",1.199.000,2026-05-11 15:30:52
21231700000,CHULETA DE CERDO ,CHULETA DE CERDO ,CHULETA DE CERDO ,insert,1,https://riba.app/imgrs/THUMBS%20500X500/25553.JPG,tabs/detalle-producto/25553,1.303.000,1.303.000,1.303.000,USD,1,,"{""MARCA"":[""RIMITH""],""CATEGORIA"":[""Carnes""]}","[""Carnes""]",,https://riba.app/imgrs/THUMBS%20500X500/25553.JPG,0,0,"[""90""]",1.303.000,2026-05-11 15:30:52
21231800000,SPARE RIBS NEVERA ,SPARE RIBS NEVERA ,SPARE RIBS NEVERA ,insert,1,https://riba.app/imgrs/THUMBS%20500X500/25554.JPG,tabs/detalle-producto/25554,1.578.000,1.578.000,1.578.000,USD,1,,"{""MARCA"":[""RIMITH""],""CATEGORIA"":[""Carnes""]}","[""Carnes""]",,https://riba.app/imgrs/THUMBS%20500X500/25554.JPG,0,0,"[""90""]",1.578.000,2026-05-11 15:30:52
21231900000,COSTILLA DE PECHO ESPECIAL,COSTILLA DE PECHO ESPECIAL,COSTILLA DE PECHO ESPECIAL,insert,1,https://riba.app/imgrs/THUMBS%20500X500/25555.JPG,tabs/detalle-producto/25555,866.000,866.000,866.000,USD,1,,"{""MARCA"":[""RIMITH""],""CATEGORIA"":[""Carnes""]}","[""Carnes""]",,https://riba.app/imgrs/THUMBS%20500X500/25555.JPG,0,0,"[""90""]",866.000,2026-05-11 15:30:52
21232000000,OSOBUCO DE RES,OSOBUCO DE RES,OSOBUCO DE RES,insert,1,https://riba.app/imgrs/THUMBS%20500X500/25556.JPG,tabs/detalle-producto/25556,920.000,920.000,920.000,USD,1,,"{""MARCA"":[""RIMITH""],""CATEGORIA"":[""Carnes""]}","[""Carnes""]",,https://riba.app/imgrs/THUMBS%20500X500/25556.JPG,0,0,"[""90""]",920.000,2026-05-11 15:30:52
21232200000,CARNE MOLIDA,CARNE MOLIDA,CARNE MOLIDA,insert,1,https://riba.app/imgrs/THUMBS%20500X500/25558.JPG,tabs/detalle-producto/25558,1.246.000,1.246.000,1.246.000,USD,1,,"{""MARCA"":[""RIMITH""],""CATEGORIA"":[""Carnes""]}","[""Carnes""]",,https://riba.app/imgrs/THUMBS%20500X500/25558.JPG,0,0,"[""90""]",1.246.000,2026-05-11 15:30:52
21232300000,GUISADO DE RES,GUISADO DE RES,GUISADO DE RES,insert,1,https://riba.app/imgrs/THUMBS%20500X500/25559.JPG,tabs/detalle-producto/25559,1.543.000,1.543.000,1.543.000,USD,1,,"{""MARCA"":[""RIMITH""],""CATEGORIA"":[""Carnes""]}","[""Carnes""]",,https://riba.app/imgrs/THUMBS%20500X500/25559.JPG,0,0,"[""90""]",1.543.000,2026-05-11 15:30:52
21232400000,BISTEC PICADO,BISTEC PICADO,BISTEC PICADO,insert,1,https://riba.app/imgrs/THUMBS%20500X500/25560.JPG,tabs/detalle-producto/25560,1.598.000,1.598.000,1.598.000,USD,1,,"{""MARCA"":[""RIMITH""],""CATEGORIA"":[""Carnes""]}","[""Carnes""]",,https://riba.app/imgrs/THUMBS%20500X500/25560.JPG,0,0,"[""90""]",1.598.000,2026-05-11 15:30:52
21233700000,RECORTE DE PALETA,RECORTE DE PALETA,RECORTE DE PALETA,insert,1,https://riba.app/imgrs/THUMBS%20500X500/82036.JPG,tabs/detalle-producto/82036,660.000,660.000,660.000,USD,1,,"{""MARCA"":[""RIMITH""],""CATEGORIA"":[""Carnes""]}","[""Carnes""]",,https://riba.app/imgrs/THUMBS%20500X500/82036.JPG,0,0,"[""90""]",660.000,2026-05-11 15:30:52
21234300000,HAMBURGUESA GRILL ,HAMBURGUESA GRILL ,HAMBURGUESA GRILL ,insert,1,https://riba.app/imgrs/THUMBS%20500X500/132730.JPG,tabs/detalle-producto/132730,1.304.000,1.304.000,1.304.000,USD,1,,"{""MARCA"":[""RIMITH""],""CATEGORIA"":[""Hamburguesas""]}","[""Hamburguesas""]",,https://riba.app/imgrs/THUMBS%20500X500/132730.JPG,0,0,"[""94""]",1.304.000,2026-05-11 15:30:52
21234400000,RANCH STEAK CAB,RANCH STEAK CAB,RANCH STEAK CAB,insert,1,https://riba.app/imgrs/THUMBS%20500X500/158406.JPG,tabs/detalle-producto/158406,1.839.000,1.839.000,1.839.000,USD,1,,"{""MARCA"":[""RIMITH (IMP)""],""CATEGORIA"":[""Carnes""]}","[""Carnes""]",,https://riba.app/imgrs/THUMBS%20500X500/158406.JPG,0,0,"[""90""]",1.839.000,2026-05-11 15:30:52
21234700000,SHOULDER CENTER STEAK CAB,SHOULDER CENTER STEAK CAB,SHOULDER CENTER STEAK CAB,insert,1,https://riba.app/imgrs/THUMBS%20500X500/163693.JPG,tabs/detalle-producto/163693,1.839.000,1.839.000,1.839.000,USD,1,,"{""MARCA"":[""RIMITH (IMP)""],""CATEGORIA"":[""Carnes""]}","[""Carnes""]",,https://riba.app/imgrs/THUMBS%20500X500/163693.JPG,0,0,"[""90""]",1.839.000,2026-05-11 15:30:52
21234900000,SHOULDER TENDER CAB,SHOULDER TENDER CAB,SHOULDER TENDER CAB,insert,1,https://riba.app/imgrs/THUMBS%20500X500/163695.JPG,tabs/detalle-producto/163695,1.839.000,1.839.000,1.839.000,USD,1,,"{""MARCA"":[""RIMITH (IMP)""],""CATEGORIA"":[""Carnes""]}","[""Carnes""]",,https://riba.app/imgrs/THUMBS%20500X500/163695.JPG,0,0,"[""90""]",1.839.000,2026-05-11 15:30:52
21235100000,INTOKU STEAK BURGER 2/8 OZ,INTOKU STEAK BURGER 2/8 OZ,INTOKU STEAK BURGER 2/8 OZ,insert,1,https://riba.app/imgrs/THUMBS%20500X500/167000.JPG,tabs/detalle-producto/167000,3.924.000,3.924.000,3.924.000,USD,1,,"{""MARCA"":[""INTOKU""],""CATEGORIA"":[""Hamburguesas""]}","[""Hamburguesas""]",,https://riba.app/imgrs/THUMBS%20500X500/167000.JPG,0,0,"[""94""]",3.924.000,2026-05-11 15:30:52
21235200000,PULPA BLANCA DE NEVERA,PULPA BLANCA DE NEVERA,PULPA BLANCA DE NEVERA,insert,1,https://riba.app/imgrs/THUMBS%20500X500/25563.JPG,tabs/detalle-producto/25563,1.437.000,1.437.000,1.437.000,USD,1,,"{""MARCA"":[""RIMITH""],""CATEGORIA"":[""Carnes""]}","[""Carnes""]",,https://riba.app/imgrs/THUMBS%20500X500/25563.JPG,0,0,"[""90""]",1.437.000,2026-05-11 15:30:52
21235400000,RABITO SELECTO GREAT LAKES,RABITO SELECTO GREAT LAKES,RABITO SELECTO GREAT LAKES,insert,1,https://riba.app/imgrs/THUMBS%20500X500/167396.JPG,tabs/detalle-producto/167396,640.000,640.000,640.000,USD,1,,"{""MARCA"":[""GREAT LAKES RABITO""],""CATEGORIA"":[""Carnes""]}","[""Carnes""]",,https://riba.app/imgrs/THUMBS%20500X500/167396.JPG,0,0,"[""90""]",640.000,2026-05-11 15:30:52
21235600000,SKIRT CAB,SKIRT CAB,SKIRT CAB,insert,1,https://riba.app/imgrs/THUMBS%20500X500/67284.JPG,tabs/detalle-producto/67284,1.839.000,1.839.000,1.839.000,USD,1,,"{""MARCA"":[""RIMITH (IMP)""],""CATEGORIA"":[""Carnes""]}","[""Carnes""]",,https://riba.app/imgrs/THUMBS%20500X500/67284.JPG,0,0,"[""90""]",1.839.000,2026-05-11 15:30:52
21235800000,TOP SIRLOIN CAB,TOP SIRLOIN CAB,TOP SIRLOIN CAB,insert,1,https://riba.app/imgrs/THUMBS%20500X500/175337.JPG,tabs/detalle-producto/175337,2.527.000,2.527.000,2.527.000,USD,1,,"{""MARCA"":[""RIMITH (IMP)""],""CATEGORIA"":[""Carnes""]}","[""Carnes""]",,https://riba.app/imgrs/THUMBS%20500X500/175337.JPG,0,0,"[""90""]",2.527.000,2026-05-11 15:30:52
21236100000,TOP SIRLOIN CENTER CAB,TOP SIRLOIN CENTER CAB,TOP SIRLOIN CENTER CAB,insert,1,https://riba.app/imgrs/THUMBS%20500X500/181561.JPG,tabs/detalle-producto/181561,2.527.000,2.527.000,2.527.000,USD,1,,"{""MARCA"":[""RIMITH (IMP)""],""CATEGORIA"":[""Carnes""]}","[""Carnes""]",,https://riba.app/imgrs/THUMBS%20500X500/181561.JPG,0,0,"[""90""]",2.527.000,2026-05-11 15:30:52
21236200000,ENTRAÑA FINA ,ENTRAÑA FINA ,ENTRAÑA FINA ,insert,1,https://riba.app/imgrs/THUMBS%20500X500/181562.JPG,tabs/detalle-producto/181562,1.367.000,1.367.000,1.367.000,USD,1,,"{""MARCA"":[""RIMITH""],""CATEGORIA"":[""Carnes""]}","[""Carnes""]",,https://riba.app/imgrs/THUMBS%20500X500/181562.JPG,0,0,"[""90""]",1.367.000,2026-05-11 15:30:52
21236500000,LOMO REDONDO AL VACIO,LOMO REDONDO AL VACIO,LOMO REDONDO AL VACIO,insert,1,https://riba.app/imgrs/THUMBS%20500X500/190290.JPG,tabs/detalle-producto/190290,1.141.000,1.141.000,1.141.000,USD,1,,"{""MARCA"":[""RIMITH""],""CATEGORIA"":[""Carnes""]}","[""Carnes""]",,https://riba.app/imgrs/THUMBS%20500X500/190290.JPG,0,0,"[""90""]",1.141.000,2026-05-11 15:30:52
21236900000,TRI-TIP CAB,TRI-TIP CAB,TRI-TIP CAB,insert,1,https://riba.app/imgrs/THUMBS%20500X500/201206.JPG,tabs/detalle-producto/201206,2.125.000,2.125.000,2.125.000,USD,1,,"{""MARCA"":[""RIMITH (IMP)""],""CATEGORIA"":[""Carnes""]}","[""Carnes""]",,https://riba.app/imgrs/THUMBS%20500X500/201206.JPG,0,0,"[""90""]",2.125.000,2026-05-11 15:30:52
21237000000,CRIADILLAS DE TORO,CRIADILLAS DE TORO,CRIADILLAS DE TORO,insert,1,https://riba.app/imgrs/THUMBS%20500X500/166621.JPG,tabs/detalle-producto/166621,241.000,241.000,241.000,USD,1,,"{""MARCA"":[""RIMITH""],""CATEGORIA"":[""Carnes""]}","[""Carnes""]",,https://riba.app/imgrs/THUMBS%20500X500/166621.JPG,0,0,"[""90""]",241.000,2026-05-11 15:30:52
21237200000,CORDERO  COSTILLAR,CORDERO  COSTILLAR,CORDERO  COSTILLAR,insert,1,https://riba.app/imgrs/THUMBS%20500X500/201207.JPG,tabs/detalle-producto/201207,2.245.000,2.245.000,2.245.000,USD,1,,"{""MARCA"":[""HACIENDA ISABELA ""],""CATEGORIA"":[""Carnes""]}","[""Carnes""]",,https://riba.app/imgrs/THUMBS%20500X500/201207.JPG,0,0,"[""90""]",2.245.000,2026-05-11 15:30:52
21237400000,CORDERO PIERNA ,CORDERO PIERNA ,CORDERO PIERNA ,insert,1,https://riba.app/imgrs/THUMBS%20500X500/201210.JPG,tabs/detalle-producto/201210,2.503.000,2.503.000,2.503.000,USD,1,,"{""MARCA"":[""HACIENDA ISABELA ""],""CATEGORIA"":[""Carnes""]}","[""Carnes""]",,https://riba.app/imgrs/THUMBS%20500X500/201210.JPG,0,0,"[""90""]",2.503.000,2026-05-11 15:30:52
21237500000,CORDERO  PALETA ,CORDERO  PALETA ,CORDERO  PALETA ,insert,1,https://riba.app/imgrs/THUMBS%20500X500/201209.JPG,tabs/detalle-producto/201209,2.253.000,2.253.000,2.253.000,USD,1,,"{""MARCA"":[""HACIENDA ISABELA ""],""CATEGORIA"":[""Carnes""]}","[""Carnes""]",,https://riba.app/imgrs/THUMBS%20500X500/201209.JPG,0,0,"[""90""]",2.253.000,2026-05-11 15:30:52
21237600000,MUSLITOS DE  CERDO,MUSLITOS DE  CERDO,MUSLITOS DE  CERDO,insert,1,https://riba.app/imgrs/THUMBS%20500X500/201471.JPG,tabs/detalle-producto/201471,797.000,797.000,797.000,USD,1,,"{""MARCA"":[""RIMITH""],""CATEGORIA"":[""Carnes""]}","[""Carnes""]",,https://riba.app/imgrs/THUMBS%20500X500/201471.JPG,0,0,"[""90""]",797.000,2026-05-11 15:30:52
21238000000,SECRETO DE CERDO ,SECRETO DE CERDO ,SECRETO DE CERDO ,insert,1,https://riba.app/imgrs/THUMBS%20500X500/203598.JPG,tabs/detalle-producto/203598,1.658.000,1.658.000,1.658.000,USD,1,,"{""MARCA"":[""RIMITH""],""CATEGORIA"":[""Carnes""]}","[""Carnes""]",,https://riba.app/imgrs/THUMBS%20500X500/203598.JPG,0,0,"[""90""]",1.658.000,2026-05-11 15:30:52
21238100000,SIERRA STEAK CAB,SIERRA STEAK CAB,SIERRA STEAK CAB,insert,1,https://riba.app/imgrs/THUMBS%20500X500/123428.JPG,tabs/detalle-producto/123428,2.038.000,2.038.000,2.038.000,USD,1,,"{""MARCA"":[""RIMITH (IMP)""],""CATEGORIA"":[""Carnes""]}","[""Carnes""]",,https://riba.app/imgrs/THUMBS%20500X500/123428.JPG,0,0,"[""90""]",2.038.000,2026-05-11 15:30:52
21238400000,CARRILLERA DE CERDO,CARRILLERA DE CERDO,CARRILLERA DE CERDO,insert,1,https://riba.app/imgrs/THUMBS%20500X500/203599.JPG,tabs/detalle-producto/203599,725.000,725.000,725.000,USD,1,,"{""MARCA"":[""RIMITH""],""CATEGORIA"":[""Carnes""]}","[""Carnes""]",,https://riba.app/imgrs/THUMBS%20500X500/203599.JPG,0,0,"[""90""]",725.000,2026-05-11 15:30:52
21239300000,TIRAS DE FILETE DE RES,TIRAS DE FILETE DE RES,TIRAS DE FILETE DE RES,insert,1,https://riba.app/imgrs/THUMBS%20500X500/285300.JPG,tabs/detalle-producto/285300,2.477.000,2.477.000,2.477.000,USD,1,,"{""MARCA"":[""RIMITH""],""CATEGORIA"":[""Carnes""]}","[""Carnes""]",,https://riba.app/imgrs/THUMBS%20500X500/285300.JPG,0,0,"[""90""]",2.477.000,2026-05-11 15:30:52
21239800000,CLUB STEAK CAB,CLUB STEAK CAB,CLUB STEAK CAB,insert,1,https://riba.app/imgrs/THUMBS%20500X500/264865.JPG,tabs/detalle-producto/264865,3.361.000,3.361.000,3.361.000,USD,1,,"{""MARCA"":[""RIMITH (IMP)""],""CATEGORIA"":[""Carnes""]}","[""Carnes""]",,https://riba.app/imgrs/THUMBS%20500X500/264865.JPG,0,0,"[""90""]",3.361.000,2026-05-11 15:30:52
21240200000,HANGING TENDER CAB,HANGING TENDER CAB,HANGING TENDER CAB,insert,1,https://riba.app/imgrs/THUMBS%20500X500/53774.JPG,tabs/detalle-producto/53774,2.759.000,2.759.000,2.759.000,USD,1,,"{""MARCA"":[""RIMITH (IMP)""],""CATEGORIA"":[""Carnes""]}","[""Carnes""]",,https://riba.app/imgrs/THUMBS%20500X500/53774.JPG,0,0,"[""90""]",2.759.000,2026-05-11 15:30:52
21240600000,FLANK STEAK CAB,FLANK STEAK CAB,FLANK STEAK CAB,insert,1,https://riba.app/imgrs/THUMBS%20500X500/53778.JPG,tabs/detalle-producto/53778,2.998.000,2.998.000,2.998.000,USD,1,,"{""MARCA"":[""RIMITH (IMP)""],""CATEGORIA"":[""Carnes""]}","[""Carnes""]",,https://riba.app/imgrs/THUMBS%20500X500/53778.JPG,0,0,"[""90""]",2.998.000,2026-05-11 15:30:52
21240900000,CHUCK EYE STEAK CAB,CHUCK EYE STEAK CAB,CHUCK EYE STEAK CAB,insert,1,https://riba.app/imgrs/THUMBS%20500X500/53781.JPG,tabs/detalle-producto/53781,2.295.000,2.295.000,2.295.000,USD,1,,"{""MARCA"":[""RIMITH (IMP)""],""CATEGORIA"":[""Carnes""]}","[""Carnes""]",,https://riba.app/imgrs/THUMBS%20500X500/53781.JPG,0,0,"[""90""]",2.295.000,2026-05-11 15:30:52
21241000000,DENVER STEAK CAB,DENVER STEAK CAB,DENVER STEAK CAB,insert,1,https://riba.app/imgrs/THUMBS%20500X500/53782.JPG,tabs/detalle-producto/53782,2.295.000,2.295.000,2.295.000,USD,1,,"{""MARCA"":[""RIMITH (IMP)""],""CATEGORIA"":[""Carnes""]}","[""Carnes""]",,https://riba.app/imgrs/THUMBS%20500X500/53782.JPG,0,0,"[""90""]",2.295.000,2026-05-11 15:30:52
21241100000,TOMAHAWK CAB CONG,TOMAHAWK CAB CONG,TOMAHAWK CAB CONG,insert,1,https://riba.app/imgrs/THUMBS%20500X500/53783.JPG,tabs/detalle-producto/53783,4.088.000,4.088.000,4.088.000,USD,1,,"{""MARCA"":[""RIMITH (IMP)""],""CATEGORIA"":[""Carnes""]}","[""Carnes""]",,https://riba.app/imgrs/THUMBS%20500X500/53783.JPG,0,0,"[""90""]",4.088.000,2026-05-11 15:30:52
21241800000,BISTEC DE PULPA BLANCA ESENCIA,BISTEC DE PULPA BLANCA ESENCIA,BISTEC DE PULPA BLANCA ESENCIA,insert,1,https://riba.app/imgrs/THUMBS%20500X500/9193.JPG,tabs/detalle-producto/9193,867.000,867.000,867.000,USD,1,,"{""MARCA"":[""RIMITH""],""CATEGORIA"":[""Carnes""]}","[""Carnes""]",,https://riba.app/imgrs/THUMBS%20500X500/9193.JPG,0,0,"[""90""]",867.000,2026-05-11 15:30:52
21242200000,RIBEYE DE CERDO,RIBEYE DE CERDO,RIBEYE DE CERDO,insert,1,https://riba.app/imgrs/THUMBS%20500X500/59495.JPG,tabs/detalle-producto/59495,802.000,802.000,802.000,USD,1,,"{""MARCA"":[""RIMITH""],""CATEGORIA"":[""Carnes""]}","[""Carnes""]",,https://riba.app/imgrs/THUMBS%20500X500/59495.JPG,0,0,"[""90""]",802.000,2026-05-11 15:30:52
21242500000,TIRAS DE RIBEYE DE CERDO,TIRAS DE RIBEYE DE CERDO,TIRAS DE RIBEYE DE CERDO,insert,1,https://riba.app/imgrs/THUMBS%20500X500/59441.JPG,tabs/detalle-producto/59441,802.000,802.000,802.000,USD,1,,"{""MARCA"":[""RIMITH""],""CATEGORIA"":[""Carnes""]}","[""Carnes""]",,https://riba.app/imgrs/THUMBS%20500X500/59441.JPG,0,0,"[""90""]",802.000,2026-05-11 15:30:52
21243700000,PECHUGA BUT C/HUESO 0609 PRECIO POR KILOGRAMO,PECHUGA BUT C/HUESO 0609 PRECIO POR KILOGRAMO,PECHUGA BUT C/HUESO 0609 PRECIO POR KILOGRAMO,insert,1,https://riba.app/imgrs/THUMBS%20500X500/117651.JPG,tabs/detalle-producto/117651,770.000,770.000,770.000,USD,1,,"{""MARCA"":[""BUTTERBALL PAVO ""],""CATEGORIA"":[""Carnes""]}","[""Carnes""]",,https://riba.app/imgrs/THUMBS%20500X500/117651.JPG,0,0,"[""90""]",770.000,2026-05-11 15:30:52
21243900000,BISTEC DE PULPA NEGRA ESENCIAL,BISTEC DE PULPA NEGRA ESENCIAL,BISTEC DE PULPA NEGRA ESENCIAL,insert,1,https://riba.app/imgrs/THUMBS%20500X500/119279.JPG,tabs/detalle-producto/119279,1.195.000,1.195.000,1.195.000,USD,1,,"{""MARCA"":[""RIMITH""],""CATEGORIA"":[""Carnes""]}","[""Carnes""]",,https://riba.app/imgrs/THUMBS%20500X500/119279.JPG,0,0,"[""90""]",1.195.000,2026-05-11 15:30:52
21244800000,PAVOS BUTTERBALL  0510 PRECIO POR KILOGRAMO,PAVOS BUTTERBALL  0510 PRECIO POR KILOGRAMO,PAVOS BUTTERBALL  0510 PRECIO POR KILOGRAMO,insert,1,https://riba.app/imgrs/THUMBS%20500X500/65552.JPG,tabs/detalle-producto/65552,550.000,550.000,550.000,USD,1,,"{""MARCA"":[""BUTTERBALL PAVO ""],""CATEGORIA"":[""Carnes""]}","[""Carnes""]",,https://riba.app/imgrs/THUMBS%20500X500/65552.JPG,0,0,"[""90""]",550.000,2026-05-11 15:30:52
21245200000,PAVOS BUTTERBALL 1214,PAVOS BUTTERBALL 1214,PAVOS BUTTERBALL 1214,insert,1,https://riba.app/imgrs/THUMBS%20500X500/67228.JPG,tabs/detalle-producto/67228,508.000,508.000,508.000,USD,1,,"{""MARCA"":[""BUTTERBALL PAVO ""],""CATEGORIA"":[""Carnes""]}","[""Carnes""]",,https://riba.app/imgrs/THUMBS%20500X500/67228.JPG,0,0,"[""90""]",508.000,2026-05-11 15:30:52
21246100000,POLLO ASADO ENTERO,POLLO ASADO ENTERO,POLLO ASADO ENTERO,insert,1,https://riba.app/imgrs/THUMBS%20500X500/66933.JPG,tabs/detalle-producto/66933,625.000,625.000,625.000,USD,1,,"{""MARCA"":[""RIMITH""],""CATEGORIA"":[""Carnes Preparadas""]}","[""Carnes Preparadas""]",,https://riba.app/imgrs/THUMBS%20500X500/66933.JPG,0,0,"[""95""]",625.000,2026-05-11 15:30:52
21248000000,LOMO REDONDO ESENCIAL,LOMO REDONDO ESENCIAL,LOMO REDONDO ESENCIAL,insert,1,https://riba.app/imgrs/THUMBS%20500X500/53792.JPG,tabs/detalle-producto/53792,719.000,719.000,719.000,USD,1,,"{""MARCA"":[""RIMITH""],""CATEGORIA"":[""Carnes""]}","[""Carnes""]",,https://riba.app/imgrs/THUMBS%20500X500/53792.JPG,0,0,"[""90""]",719.000,2026-05-11 15:30:52
21248100000,BISTEC DE RINCON ESENCIAL,BISTEC DE RINCON ESENCIAL,BISTEC DE RINCON ESENCIAL,insert,1,https://riba.app/imgrs/THUMBS%20500X500/53793.JPG,tabs/detalle-producto/53793,1.131.000,1.131.000,1.131.000,USD,1,,"{""MARCA"":[""RIMITH""],""CATEGORIA"":[""Carnes""]}","[""Carnes""]",,https://riba.app/imgrs/THUMBS%20500X500/53793.JPG,0,0,"[""90""]",1.131.000,2026-05-11 15:30:52
21249800000,PULPA NEGRA ESENCIAL ENTERA,PULPA NEGRA ESENCIAL ENTERA,PULPA NEGRA ESENCIAL ENTERA,insert,1,https://riba.app/imgrs/THUMBS%20500X500/53799.JPG,tabs/detalle-producto/53799,1.383.000,1.383.000,1.383.000,USD,1,,"{""MARCA"":[""RIMITH""],""CATEGORIA"":[""Carnes""]}","[""Carnes""]",,https://riba.app/imgrs/THUMBS%20500X500/53799.JPG,0,0,"[""90""]",1.383.000,2026-05-11 15:30:52
21250100000,PECHUGAS CON PIEL SUELTA,PECHUGAS CON PIEL SUELTA,PECHUGAS CON PIEL SUELTA,insert,1,https://riba.app/imgrs/THUMBS%20500X500/13179.JPG,tabs/detalle-producto/13179,433.000,433.000,433.000,USD,1,,"{""MARCA"":[""MELO""],""CATEGORIA"":[""Carnes""]}","[""Carnes""]",,https://riba.app/imgrs/THUMBS%20500X500/13179.JPG,0,0,"[""90""]",433.000,2026-05-11 15:30:52
21250200000,MUSLO ENCUENTRO SUELTO ,MUSLO ENCUENTRO SUELTO ,MUSLO ENCUENTRO SUELTO ,insert,1,https://riba.app/imgrs/THUMBS%20500X500/13181.JPG,tabs/detalle-producto/13181,372.000,372.000,372.000,USD,1,,"{""MARCA"":[""MELO""],""CATEGORIA"":[""Carnes""]}","[""Carnes""]",,https://riba.app/imgrs/THUMBS%20500X500/13181.JPG,0,0,"[""90""]",372.000,2026-05-11 15:30:52
21250400000,ALA SUELTA,ALA SUELTA,ALA SUELTA,insert,1,https://riba.app/imgrs/THUMBS%20500X500/13177.JPG,tabs/detalle-producto/13177,539.000,539.000,539.000,USD,1,,"{""MARCA"":[""MELO""],""CATEGORIA"":[""Carnes""]}","[""Carnes""]",,https://riba.app/imgrs/THUMBS%20500X500/13177.JPG,0,0,"[""90""]",539.000,2026-05-11 15:30:52
21250600000,ENCUENTRO SUELTO,ENCUENTRO SUELTO,ENCUENTRO SUELTO,insert,1,https://riba.app/imgrs/THUMBS%20500X500/13180.JPG,tabs/detalle-producto/13180,359.000,359.000,359.000,USD,1,,"{""MARCA"":[""MELO""],""CATEGORIA"":[""Carnes""]}","[""Carnes""]",,https://riba.app/imgrs/THUMBS%20500X500/13180.JPG,0,0,"[""90""]",359.000,2026-05-11 15:30:52
21250900000,MOLLEJAS SUELTA ,MOLLEJAS SUELTA ,MOLLEJAS SUELTA ,insert,1,https://riba.app/imgrs/THUMBS%20500X500/13175.JPG,tabs/detalle-producto/13175,323.000,323.000,323.000,USD,1,,"{""MARCA"":[""MELO""],""CATEGORIA"":[""Carnes""]}","[""Carnes""]",,https://riba.app/imgrs/THUMBS%20500X500/13175.JPG,0,0,"[""90""]",323.000,2026-05-11 15:30:52
21251000000,FILETE DE PECHUGA SUELTA,FILETE DE PECHUGA SUELTA,FILETE DE PECHUGA SUELTA,insert,1,https://riba.app/imgrs/THUMBS%20500X500/19214.JPG,tabs/detalle-producto/19214,830.000,830.000,830.000,USD,1,,"{""MARCA"":[""MELO""],""CATEGORIA"":[""Carnes""]}","[""Carnes""]",,https://riba.app/imgrs/THUMBS%20500X500/19214.JPG,0,0,"[""90""]",830.000,2026-05-11 15:30:52
21251100000,HIGADO DE POLLO EN BOLSA,HIGADO DE POLLO EN BOLSA,HIGADO DE POLLO EN BOLSA,insert,1,https://riba.app/imgrs/THUMBS%20500X500/19215.JPG,tabs/detalle-producto/19215,210.000,210.000,210.000,USD,1,,"{""MARCA"":[""MELO""],""CATEGORIA"":[""Visceras""]}","[""Visceras""]",,https://riba.app/imgrs/THUMBS%20500X500/19215.JPG,0,0,"[""92""]",210.000,2026-05-11 15:30:52
21252100000,BROCHETAS DE POLLO,BROCHETAS DE POLLO,BROCHETAS DE POLLO,insert,1,https://riba.app/imgrs/THUMBS%20500X500/53800.JPG,tabs/detalle-producto/53800,1.150.000,1.150.000,1.150.000,USD,1,,"{""MARCA"":[""RIMITH""],""CATEGORIA"":[""Carnes""]}","[""Carnes""]",,https://riba.app/imgrs/THUMBS%20500X500/53800.JPG,0,0,"[""90""]",1.150.000,2026-05-11 15:30:52
21252600000,FILETE DE RES ESENCIAL ,FILETE DE RES ESENCIAL ,FILETE DE RES ESENCIAL ,insert,1,https://riba.app/imgrs/THUMBS%20500X500/300482.JPG,tabs/detalle-producto/300482,1.796.000,1.796.000,1.796.000,USD,1,,"{""MARCA"":[""RIMITH""],""CATEGORIA"":[""Carnes""]}","[""Carnes""]",,https://riba.app/imgrs/THUMBS%20500X500/300482.JPG,0,0,"[""90""]",1.796.000,2026-05-11 15:30:52
21252700000,PUNTA DE PALOMILLA    ESENCIAL,PUNTA DE PALOMILLA    ESENCIAL,PUNTA DE PALOMILLA    ESENCIAL,insert,1,https://riba.app/imgrs/THUMBS%20500X500/300483.JPG,tabs/detalle-producto/300483,1.365.000,1.365.000,1.365.000,USD,1,,"{""MARCA"":[""RIMITH""],""CATEGORIA"":[""Carnes""]}","[""Carnes""]",,https://riba.app/imgrs/THUMBS%20500X500/300483.JPG,0,0,"[""90""]",1.365.000,2026-05-11 15:30:52
21252800000,NEW YORK AL  VACIO ESENCIAL ,NEW YORK AL  VACIO ESENCIAL ,NEW YORK AL  VACIO ESENCIAL ,insert,1,https://riba.app/imgrs/THUMBS%20500X500/300484.JPG,tabs/detalle-producto/300484,1.151.000,1.151.000,1.151.000,USD,1,,"{""MARCA"":[""RIMITH""],""CATEGORIA"":[""Carnes""]}","[""Carnes""]",,https://riba.app/imgrs/THUMBS%20500X500/300484.JPG,0,0,"[""90""]",1.151.000,2026-05-11 15:30:52
21252900000,RIBEYE  AL  VACIO  ESENCIAL,RIBEYE  AL  VACIO  ESENCIAL,RIBEYE  AL  VACIO  ESENCIAL,insert,1,https://riba.app/imgrs/THUMBS%20500X500/300485.JPG,tabs/detalle-producto/300485,1.141.000,1.141.000,1.141.000,USD,1,,"{""MARCA"":[""RIMITH""],""CATEGORIA"":[""Carnes""]}","[""Carnes""]",,https://riba.app/imgrs/THUMBS%20500X500/300485.JPG,0,0,"[""90""]",1.141.000,2026-05-11 15:30:52
21253500000,PECHUGA SIN PIEL,PECHUGA SIN PIEL,PECHUGA SIN PIEL,insert,1,https://riba.app/imgrs/THUMBS%20500X500/72821.JPG,tabs/detalle-producto/72821,462.000,462.000,462.000,USD,1,,"{""MARCA"":[""MELO""],""CATEGORIA"":[""Carnes""]}","[""Carnes""]",,https://riba.app/imgrs/THUMBS%20500X500/72821.JPG,0,0,"[""90""]",462.000,2026-05-11 15:30:52
21253700000,MUSLO ENCUENTRO S PIEL SUELTO ,MUSLO ENCUENTRO S PIEL SUELTO ,MUSLO ENCUENTRO S PIEL SUELTO ,insert,1,https://riba.app/imgrs/THUMBS%20500X500/72823.JPG,tabs/detalle-producto/72823,433.000,433.000,433.000,USD,1,,"{""MARCA"":[""MELO""],""CATEGORIA"":[""Carnes""]}","[""Carnes""]",,https://riba.app/imgrs/THUMBS%20500X500/72823.JPG,0,0,"[""90""]",433.000,2026-05-11 15:30:52
21253800000,MUSLO SIN PIEL (SUELTOS),MUSLO SIN PIEL (SUELTOS),MUSLO SIN PIEL (SUELTOS),insert,1,https://riba.app/imgrs/THUMBS%20500X500/72824.JPG,tabs/detalle-producto/72824,460.000,460.000,460.000,USD,1,,"{""MARCA"":[""MELO""],""CATEGORIA"":[""Carnes""]}","[""Carnes""]",,https://riba.app/imgrs/THUMBS%20500X500/72824.JPG,0,0,"[""90""]",460.000,2026-05-11 15:30:52
21253900000,GALLINA GRANDE ENTERA ,GALLINA GRANDE ENTERA ,GALLINA GRANDE ENTERA ,insert,1,https://riba.app/imgrs/THUMBS%20500X500/75829.JPG,tabs/detalle-producto/75829,322.000,322.000,322.000,USD,1,,"{""MARCA"":[""MELO""],""CATEGORIA"":[""Carnes""]}","[""Carnes""]",,https://riba.app/imgrs/THUMBS%20500X500/75829.JPG,0,0,"[""90""]",322.000,2026-05-11 15:30:52
21254200000,MILANESA DE CERDO APANADO,MILANESA DE CERDO APANADO,MILANESA DE CERDO APANADO,insert,1,https://riba.app/imgrs/THUMBS%20500X500/111943.JPG,tabs/detalle-producto/111943,1.403.000,1.403.000,1.403.000,USD,1,,"{""MARCA"":[""RIMITH""],""CATEGORIA"":[""Carnes Preparadas""]}","[""Carnes Preparadas""]",,https://riba.app/imgrs/THUMBS%20500X500/111943.JPG,0,0,"[""95""]",1.403.000,2026-05-11 15:30:52
21254500000,CARNE DE RES A LA PIMIENTA ,CARNE DE RES A LA PIMIENTA ,CARNE DE RES A LA PIMIENTA ,insert,1,https://riba.app/imgrs/THUMBS%20500X500/112624.JPG,tabs/detalle-producto/112624,1.436.000,1.436.000,1.436.000,USD,1,,"{""MARCA"":[""RIMITH""],""CATEGORIA"":[""Carnes""]}","[""Carnes""]",,https://riba.app/imgrs/THUMBS%20500X500/112624.JPG,0,0,"[""90""]",1.436.000,2026-05-11 15:30:52
21255100000,CARNE PARA FREIR,CARNE PARA FREIR,CARNE PARA FREIR,insert,1,https://riba.app/imgrs/THUMBS%20500X500/112630.JPG,tabs/detalle-producto/112630,715.000,715.000,715.000,USD,1,,"{""MARCA"":[""RIMITH""],""CATEGORIA"":[""Carnes""]}","[""Carnes""]",,https://riba.app/imgrs/THUMBS%20500X500/112630.JPG,0,0,"[""90""]",715.000,2026-05-11 15:30:52
21255300000,PAVOS BUTTERBALL 10 14 PRECIO POR KILOGRAMO,PAVOS BUTTERBALL 10 14 PRECIO POR KILOGRAMO,PAVOS BUTTERBALL 10 14 PRECIO POR KILOGRAMO,insert,1,https://riba.app/imgrs/THUMBS%20500X500/120817.JPG,tabs/detalle-producto/120817,508.000,508.000,508.000,USD,1,,"{""MARCA"":[""BUTTERBALL PAVO ""],""CATEGORIA"":[""Carnes""]}","[""Carnes""]",,https://riba.app/imgrs/THUMBS%20500X500/120817.JPG,0,0,"[""90""]",508.000,2026-05-11 15:30:52
21255400000,PUERCO LISO ESENCIAL ENTERO,PUERCO LISO ESENCIAL ENTERO,PUERCO LISO ESENCIAL ENTERO,insert,1,https://riba.app/imgrs/THUMBS%20500X500/112533.JPG,tabs/detalle-producto/112533,750.000,750.000,750.000,USD,1,,"{""MARCA"":[""RIMITH""],""CATEGORIA"":[""Carnes""]}","[""Carnes""]",,https://riba.app/imgrs/THUMBS%20500X500/112533.JPG,0,0,"[""90""]",750.000,2026-05-11 15:30:52
21255600000,PICAÑA CAB REBANADA CONG,PICAÑA CAB REBANADA CONG,PICAÑA CAB REBANADA CONG,insert,1,https://riba.app/imgrs/THUMBS%20500X500/65367.JPG,tabs/detalle-producto/65367,2.630.000,2.630.000,2.630.000,USD,1,,"{""MARCA"":[""RIMITH (IMP)""],""CATEGORIA"":[""Carnes""]}","[""Carnes""]",,https://riba.app/imgrs/THUMBS%20500X500/65367.JPG,0,0,"[""90""]",2.630.000,2026-05-11 15:30:52
21256200000,CREEKSTONE FARMS BEEF COULOTTE,CREEKSTONE FARMS BEEF COULOTTE,CREEKSTONE FARMS BEEF COULOTTE,insert,1,https://riba.app/imgrs/THUMBS%20500X500/332332.JPG,tabs/detalle-producto/332332,2.927.000,2.927.000,2.927.000,USD,1,,"{""MARCA"":[""INTOKU""],""CATEGORIA"":[""Carnes""]}","[""Carnes""]",,https://riba.app/imgrs/THUMBS%20500X500/332332.JPG,0,0,"[""90""]",2.927.000,2026-05-11 15:30:52
21258000000,PAVOS BUTTERBALL 2224,PAVOS BUTTERBALL 2224,PAVOS BUTTERBALL 2224,insert,1,https://riba.app/imgrs/THUMBS%20500X500/120591.JPG,tabs/detalle-producto/120591,508.000,508.000,508.000,USD,1,,"{""MARCA"":[""BUTTERBALL PAVO ""],""CATEGORIA"":[""Carnes""]}","[""Carnes""]",,https://riba.app/imgrs/THUMBS%20500X500/120591.JPG,0,0,"[""90""]",508.000,2026-05-11 15:30:52
21258900000,OUT SIDE SKIRT - ENTRAÑA ,OUT SIDE SKIRT - ENTRAÑA ,OUT SIDE SKIRT - ENTRAÑA ,insert,1,https://riba.app/imgrs/THUMBS%20500X500/131547.JPG,tabs/detalle-producto/131547,6.450.000,6.450.000,6.450.000,USD,1,,"{""MARCA"":[""PRETELT GOURMET MEATS""],""CATEGORIA"":[""Carnes""]}","[""Carnes""]",,https://riba.app/imgrs/THUMBS%20500X500/131547.JPG,0,0,"[""90""]",6.450.000,2026-05-11 15:30:52
21259000000,SHORT RIB BONELESS- CHOICE ,SHORT RIB BONELESS- CHOICE ,SHORT RIB BONELESS- CHOICE ,insert,1,https://riba.app/imgrs/THUMBS%20500X500/131548.JPG,tabs/detalle-producto/131548,4.159.000,4.159.000,4.159.000,USD,1,,"{""MARCA"":[""PRETELT GOURMET MEATS""],""CATEGORIA"":[""Carnes""]}","[""Carnes""]",,https://riba.app/imgrs/THUMBS%20500X500/131548.JPG,0,0,"[""90""]",4.159.000,2026-05-11 15:30:52
21259100000,COULOTTE PICAÑA TOP CHOICE,COULOTTE PICAÑA TOP CHOICE,COULOTTE PICAÑA TOP CHOICE,insert,1,https://riba.app/imgrs/THUMBS%20500X500/302699.JPG,tabs/detalle-producto/302699,3.727.000,3.727.000,3.727.000,USD,1,,"{""MARCA"":[""PRETELT GOURMET MEATS""],""CATEGORIA"":[""Carnes""]}","[""Carnes""]",,https://riba.app/imgrs/THUMBS%20500X500/302699.JPG,0,0,"[""90""]",3.727.000,2026-05-11 15:30:52
21259200000,TRI TIP COLITA TOP CHOICE,TRI TIP COLITA TOP CHOICE,TRI TIP COLITA TOP CHOICE,insert,1,https://riba.app/imgrs/THUMBS%20500X500/302700.JPG,tabs/detalle-producto/302700,3.389.000,3.389.000,3.389.000,USD,1,,"{""MARCA"":[""PRETELT GOURMET MEATS""],""CATEGORIA"":[""Carnes""]}","[""Carnes""]",,https://riba.app/imgrs/THUMBS%20500X500/302700.JPG,0,0,"[""90""]",3.389.000,2026-05-11 15:30:52
21259300000,CHUCK BURGERS HEREFORD 7 OZ,CHUCK BURGERS HEREFORD 7 OZ,CHUCK BURGERS HEREFORD 7 OZ,insert,1,https://riba.app/imgrs/THUMBS%20500X500/302701.JPG,tabs/detalle-producto/302701,1.586.000,1.586.000,1.586.000,USD,1,,"{""MARCA"":[""PRETELT GOURMET MEATS""],""CATEGORIA"":[""Hamburguesas""]}","[""Hamburguesas""]",,https://riba.app/imgrs/THUMBS%20500X500/302701.JPG,0,0,"[""94""]",1.586.000,2026-05-11 15:30:52
21259500000,PICAÑA CAB ENTERA CONG,PICAÑA CAB ENTERA CONG,PICAÑA CAB ENTERA CONG,insert,1,https://riba.app/imgrs/THUMBS%20500X500/139446.JPG,tabs/detalle-producto/139446,2.630.000,2.630.000,2.630.000,USD,1,,"{""MARCA"":[""RIMITH (IMP)""],""CATEGORIA"":[""Carnes""]}","[""Carnes""]",,https://riba.app/imgrs/THUMBS%20500X500/139446.JPG,0,0,"[""90""]",2.630.000,2026-05-11 15:30:52
21259600000,TOCINO DEL PERNIL,TOCINO DEL PERNIL,TOCINO DEL PERNIL,insert,1,https://riba.app/imgrs/THUMBS%20500X500/147239.JPG,tabs/detalle-producto/147239,895.000,895.000,895.000,USD,1,,"{""MARCA"":[""RIMITH""],""CATEGORIA"":[""Carnes""]}","[""Carnes""]",,https://riba.app/imgrs/THUMBS%20500X500/147239.JPG,0,0,"[""90""]",895.000,2026-05-11 15:30:52
21259700000,BISTEC DE CERDO ESENCIAL,BISTEC DE CERDO ESENCIAL,BISTEC DE CERDO ESENCIAL,insert,1,https://riba.app/imgrs/THUMBS%20500X500/147240.JPG,tabs/detalle-producto/147240,727.000,727.000,727.000,USD,1,,"{""MARCA"":[""RIMITH""],""CATEGORIA"":[""Carnes""]}","[""Carnes""]",,https://riba.app/imgrs/THUMBS%20500X500/147240.JPG,0,0,"[""90""]",727.000,2026-05-11 15:30:52
21260000000,CHICHARRONCITO,CHICHARRONCITO,CHICHARRONCITO,insert,1,https://riba.app/imgrs/THUMBS%20500X500/53801.JPG,tabs/detalle-producto/53801,895.000,895.000,895.000,USD,1,,"{""MARCA"":[""RIMITH""],""CATEGORIA"":[""Carnes""]}","[""Carnes""]",,https://riba.app/imgrs/THUMBS%20500X500/53801.JPG,0,0,"[""90""]",895.000,2026-05-11 15:30:52
21261300000,POLLO ROSTY,POLLO ROSTY,POLLO ROSTY,insert,1,https://riba.app/imgrs/THUMBS%20500X500/13170.JPG,tabs/detalle-producto/13170,317.000,317.000,317.000,USD,1,,"{""MARCA"":[""MELO""],""CATEGORIA"":[""Carnes""]}","[""Carnes""]",,https://riba.app/imgrs/THUMBS%20500X500/13170.JPG,0,0,"[""90""]",317.000,2026-05-11 15:30:52
21261800000,BREAKFAST SAUSAGE,BREAKFAST SAUSAGE,BREAKFAST SAUSAGE,insert,1,https://riba.app/imgrs/THUMBS%20500X500/63061.JPG,tabs/detalle-producto/63061,840.000,840.000,840.000,USD,1,,"{""MARCA"":[""RIMITH""],""CATEGORIA"":[""Embutidos""]}","[""Embutidos""]",,https://riba.app/imgrs/THUMBS%20500X500/63061.JPG,0,0,"[""89""]",840.000,2026-05-11 15:30:52
21262100000,BISTEC PICADO DE CERDO ESENCIA,BISTEC PICADO DE CERDO ESENCIA,BISTEC PICADO DE CERDO ESENCIA,insert,1,https://riba.app/imgrs/THUMBS%20500X500/147241.JPG,tabs/detalle-producto/147241,699.000,699.000,699.000,USD,1,,"{""MARCA"":[""RIMITH""],""CATEGORIA"":[""Carnes""]}","[""Carnes""]",,https://riba.app/imgrs/THUMBS%20500X500/147241.JPG,0,0,"[""90""]",699.000,2026-05-11 15:30:52
21263000000,LONGANIZA DE CERDO,LONGANIZA DE CERDO,LONGANIZA DE CERDO,insert,1,https://riba.app/imgrs/THUMBS%20500X500/23869.JPG,tabs/detalle-producto/23869,967.000,967.000,967.000,USD,1,,"{""MARCA"":[""RIMITH""],""CATEGORIA"":[""Embutidos""]}","[""Embutidos""]",,https://riba.app/imgrs/THUMBS%20500X500/23869.JPG,0,0,"[""89""]",967.000,2026-05-11 15:30:52
21263100000,GUISADO ESENCIAL,GUISADO ESENCIAL,GUISADO ESENCIAL,insert,1,https://riba.app/imgrs/THUMBS%20500X500/53813.JPG,tabs/detalle-producto/53813,822.000,822.000,822.000,USD,1,,"{""MARCA"":[""RIMITH""],""CATEGORIA"":[""Carnes""]}","[""Carnes""]",,https://riba.app/imgrs/THUMBS%20500X500/53813.JPG,0,0,"[""90""]",822.000,2026-05-11 15:30:52
21263200000,MILANESAS DE POLLO APANADO,MILANESAS DE POLLO APANADO,MILANESAS DE POLLO APANADO,insert,1,https://riba.app/imgrs/THUMBS%20500X500/63062.JPG,tabs/detalle-producto/63062,1.060.000,1.060.000,1.060.000,USD,1,,"{""MARCA"":[""RIMITH""],""CATEGORIA"":[""Carnes Preparadas""]}","[""Carnes Preparadas""]",,https://riba.app/imgrs/THUMBS%20500X500/63062.JPG,0,0,"[""95""]",1.060.000,2026-05-11 15:30:52
21263900000,INTOKU GRAND FLAP MEAT STEAK,INTOKU GRAND FLAP MEAT STEAK,INTOKU GRAND FLAP MEAT STEAK,insert,1,https://riba.app/imgrs/THUMBS%20500X500/161555.JPG,tabs/detalle-producto/161555,9.098.000,9.098.000,9.098.000,USD,1,,"{""MARCA"":[""INTOKU""],""CATEGORIA"":[""Carnes""]}","[""Carnes""]",,https://riba.app/imgrs/THUMBS%20500X500/161555.JPG,0,0,"[""90""]",9.098.000,2026-05-11 15:30:52
21264000000,CHORIZO FRESCO CERDO AL AJO,CHORIZO FRESCO CERDO AL AJO,CHORIZO FRESCO CERDO AL AJO,insert,1,https://riba.app/imgrs/THUMBS%20500X500/23870.JPG,tabs/detalle-producto/23870,1.090.000,1.090.000,1.090.000,USD,1,,"{""MARCA"":[""RIMITH""],""CATEGORIA"":[""Embutidos""]}","[""Embutidos""]",,https://riba.app/imgrs/THUMBS%20500X500/23870.JPG,0,0,"[""89""]",1.090.000,2026-05-11 15:30:52
21264100000,SIRLOIN CHOPS,SIRLOIN CHOPS,SIRLOIN CHOPS,insert,1,https://riba.app/imgrs/THUMBS%20500X500/277149.JPG,tabs/detalle-producto/277149,825.000,825.000,825.000,USD,1,,"{""MARCA"":[""RIMITH""],""CATEGORIA"":[""Carnes""]}","[""Carnes""]",,https://riba.app/imgrs/THUMBS%20500X500/277149.JPG,0,0,"[""90""]",825.000,2026-05-11 15:30:52
21264200000,PORTER HOUSE CHOPS,PORTER HOUSE CHOPS,PORTER HOUSE CHOPS,insert,1,https://riba.app/imgrs/THUMBS%20500X500/277150.JPG,tabs/detalle-producto/277150,825.000,825.000,825.000,USD,1,,"{""MARCA"":[""RIMITH""],""CATEGORIA"":[""Carnes""]}","[""Carnes""]",,https://riba.app/imgrs/THUMBS%20500X500/277150.JPG,0,0,"[""90""]",825.000,2026-05-11 15:30:52
21264700000,FILETE ESPECIAL DE CERDO,FILETE ESPECIAL DE CERDO,FILETE ESPECIAL DE CERDO,insert,1,https://riba.app/imgrs/THUMBS%20500X500/277154.JPG,tabs/detalle-producto/277154,1.375.000,1.375.000,1.375.000,USD,1,,"{""MARCA"":[""RIMITH""],""CATEGORIA"":[""Carnes""]}","[""Carnes""]",,https://riba.app/imgrs/THUMBS%20500X500/277154.JPG,0,0,"[""90""]",1.375.000,2026-05-11 15:30:52
21264800000,LOMO CHATO AL VACIO,LOMO CHATO AL VACIO,LOMO CHATO AL VACIO,insert,1,https://riba.app/imgrs/THUMBS%20500X500/289482.JPG,tabs/detalle-producto/289482,1.173.000,1.173.000,1.173.000,USD,1,,"{""MARCA"":[""RIMITH""],""CATEGORIA"":[""Carnes""]}","[""Carnes""]",,https://riba.app/imgrs/THUMBS%20500X500/289482.JPG,0,0,"[""90""]",1.173.000,2026-05-11 15:30:52
21265000000,INTOKU FLAT IRON ,INTOKU FLAT IRON ,INTOKU FLAT IRON ,insert,1,https://riba.app/imgrs/THUMBS%20500X500/161557.JPG,tabs/detalle-producto/161557,9.647.000,9.647.000,9.647.000,USD,1,,"{""MARCA"":[""INTOKU""],""CATEGORIA"":[""Carnes""]}","[""Carnes""]",,https://riba.app/imgrs/THUMBS%20500X500/161557.JPG,0,0,"[""90""]",9.647.000,2026-05-11 15:30:52
21265400000,PECHUGA BUT C/HUESO 0408,PECHUGA BUT C/HUESO 0408,PECHUGA BUT C/HUESO 0408,insert,1,https://riba.app/imgrs/THUMBS%20500X500/165252.JPG,tabs/detalle-producto/165252,770.000,770.000,770.000,USD,1,,"{""MARCA"":[""BUTTERBALL PAVO ""],""CATEGORIA"":[""Carnes""]}","[""Carnes""]",,https://riba.app/imgrs/THUMBS%20500X500/165252.JPG,0,0,"[""90""]",770.000,2026-05-11 15:30:52
21267000000,RIBEYE STEAK CAB,RIBEYE STEAK CAB,RIBEYE STEAK CAB,insert,1,https://riba.app/imgrs/THUMBS%20500X500/174922.JPG,tabs/detalle-producto/174922,6.451.000,6.451.000,6.451.000,USD,1,,"{""MARCA"":[""CERTIFIED ANGUS BEEF""],""CATEGORIA"":[""Carnes""]}","[""Carnes""]",,https://riba.app/imgrs/THUMBS%20500X500/174922.JPG,0,0,"[""90""]",6.451.000,2026-05-11 15:30:52
21267100000,STRIP STEAK NEW YORK CAB,STRIP STEAK NEW YORK CAB,STRIP STEAK NEW YORK CAB,insert,1,https://riba.app/imgrs/THUMBS%20500X500/174923.JPG,tabs/detalle-producto/174923,6.203.000,6.203.000,6.203.000,USD,1,,"{""MARCA"":[""CERTIFIED ANGUS BEEF""],""CATEGORIA"":[""Carnes""]}","[""Carnes""]",,https://riba.app/imgrs/THUMBS%20500X500/174923.JPG,0,0,"[""90""]",6.203.000,2026-05-11 15:30:52
21267400000,FULLY COOKED TURKEY SMOKED PRECIO X KILO,FULLY COOKED TURKEY SMOKED PRECIO X KILO,FULLY COOKED TURKEY SMOKED PRECIO X KILO,insert,1,https://riba.app/imgrs/THUMBS%20500X500/179651.JPG,tabs/detalle-producto/179651,690.000,690.000,690.000,USD,1,,"{""MARCA"":[""BUTTERBALL PAVO ""],""CATEGORIA"":[""Carnes""]}","[""Carnes""]",,https://riba.app/imgrs/THUMBS%20500X500/179651.JPG,0,0,"[""90""]",690.000,2026-05-11 15:30:52
21267500000,CAB CHUCK  RIB TIRA DE ASADO,CAB CHUCK  RIB TIRA DE ASADO,CAB CHUCK  RIB TIRA DE ASADO,insert,1,https://riba.app/imgrs/THUMBS%20500X500/293502.JPG,tabs/detalle-producto/293502,6.034.000,6.034.000,6.034.000,USD,1,,"{""MARCA"":[""CERTIFIED ANGUS BEEF""],""CATEGORIA"":[""Carnes""]}","[""Carnes""]",,https://riba.app/imgrs/THUMBS%20500X500/293502.JPG,0,0,"[""90""]",6.034.000,2026-05-11 15:30:52
21267900000,CAB INSIDE SKIRT ARRACHERA,CAB INSIDE SKIRT ARRACHERA,CAB INSIDE SKIRT ARRACHERA,insert,1,https://riba.app/imgrs/THUMBS%20500X500/293501.JPG,tabs/detalle-producto/293501,3.929.000,3.929.000,3.929.000,USD,1,,"{""MARCA"":[""CERTIFIED ANGUS BEEF""],""CATEGORIA"":[""Carnes""]}","[""Carnes""]",,https://riba.app/imgrs/THUMBS%20500X500/293501.JPG,0,0,"[""90""]",3.929.000,2026-05-11 15:30:52
21268800000,FLAP MEAT ,FLAP MEAT ,FLAP MEAT ,insert,1,https://riba.app/imgrs/THUMBS%20500X500/189136.JPG,tabs/detalle-producto/189136,4.580.000,4.580.000,4.580.000,USD,1,,"{""MARCA"":[""PRETELT GOURMET MEATS""],""CATEGORIA"":[""Carnes""]}","[""Carnes""]",,https://riba.app/imgrs/THUMBS%20500X500/189136.JPG,0,0,"[""90""]",4.580.000,2026-05-11 15:30:52
21269200000,PORCION STRIPSTEAK CERT ANGUS,PORCION STRIPSTEAK CERT ANGUS,PORCION STRIPSTEAK CERT ANGUS,insert,1,https://riba.app/imgrs/THUMBS%20500X500/301683.JPG,tabs/detalle-producto/301683,6.203.000,6.203.000,6.203.000,USD,1,,"{""MARCA"":[""CERTIFIED ANGUS BEEF""],""CATEGORIA"":[""Carnes""]}","[""Carnes""]",,https://riba.app/imgrs/THUMBS%20500X500/301683.JPG,0,0,"[""90""]",6.203.000,2026-05-11 15:30:52
21269300000,PORCION RIBEYESTEAK CERT ANGUS,PORCION RIBEYESTEAK CERT ANGUS,PORCION RIBEYESTEAK CERT ANGUS,insert,1,https://riba.app/imgrs/THUMBS%20500X500/301684.JPG,tabs/detalle-producto/301684,6.451.000,6.451.000,6.451.000,USD,1,,"{""MARCA"":[""CERTIFIED ANGUS BEEF""],""CATEGORIA"":[""Carnes""]}","[""Carnes""]",,https://riba.app/imgrs/THUMBS%20500X500/301684.JPG,0,0,"[""90""]",6.451.000,2026-05-11 15:30:52
21269400000,INTOKU BEEF COULOTTE PICANHA,INTOKU BEEF COULOTTE PICANHA,INTOKU BEEF COULOTTE PICANHA,insert,1,https://riba.app/imgrs/THUMBS%20500X500/195191.JPG,tabs/detalle-producto/195191,7.890.000,7.890.000,7.890.000,USD,1,,"{""MARCA"":[""INTOKU""],""CATEGORIA"":[""Carnes""]}","[""Carnes""]",,https://riba.app/imgrs/THUMBS%20500X500/195191.JPG,0,0,"[""90""]",7.890.000,2026-05-11 15:30:52
21269800000,PAVO 10-12 HONEY SUCKLE WHITE PRECIO POR KILOGRAMO,PAVO 10-12 HONEY SUCKLE WHITE PRECIO POR KILOGRAMO,PAVO 10-12 HONEY SUCKLE WHITE PRECIO POR KILOGRAMO,insert,1,https://riba.app/imgrs/THUMBS%20500X500/200190.JPG,tabs/detalle-producto/200190,526.000,526.000,526.000,USD,1,,"{""MARCA"":[""HONEY SUCKLE WHITE""],""CATEGORIA"":[""Carnes""]}","[""Carnes""]",,https://riba.app/imgrs/THUMBS%20500X500/200190.JPG,0,0,"[""90""]",526.000,2026-05-11 15:30:52
21271100000,RABO DE RES ,RABO DE RES ,RABO DE RES ,insert,1,https://riba.app/imgrs/THUMBS%20500X500/50091.JPG,tabs/detalle-producto/50091,847.000,847.000,847.000,USD,1,,"{""MARCA"":[""RIMITH""],""CATEGORIA"":[""Carnes""]}","[""Carnes""]",,https://riba.app/imgrs/THUMBS%20500X500/50091.JPG,0,0,"[""90""]",847.000,2026-05-11 15:30:52
21271200000,CHURRASCO DE PERNIL ESENCIAL,CHURRASCO DE PERNIL ESENCIAL,CHURRASCO DE PERNIL ESENCIAL,insert,1,https://riba.app/imgrs/THUMBS%20500X500/50090.JPG,tabs/detalle-producto/50090,861.000,861.000,861.000,USD,1,,"{""MARCA"":[""RIMITH""],""CATEGORIA"":[""Carnes""]}","[""Carnes""]",,https://riba.app/imgrs/THUMBS%20500X500/50090.JPG,0,0,"[""90""]",861.000,2026-05-11 15:30:52
21271600000,TROCITOS PERNIL MARINADO CRIOL,TROCITOS PERNIL MARINADO CRIOL,TROCITOS PERNIL MARINADO CRIOL,insert,1,https://riba.app/imgrs/THUMBS%20500X500/50092.JPG,tabs/detalle-producto/50092,795.000,795.000,795.000,USD,1,,"{""MARCA"":[""RIMITH""],""CATEGORIA"":[""Carnes Preparadas""]}","[""Carnes Preparadas""]",,https://riba.app/imgrs/THUMBS%20500X500/50092.JPG,0,0,"[""95""]",795.000,2026-05-11 15:30:52
21272200000,ASADO DE AGUJA,ASADO DE AGUJA,ASADO DE AGUJA,insert,1,https://riba.app/imgrs/THUMBS%20500X500/49048.JPG,tabs/detalle-producto/49048,1.108.000,1.108.000,1.108.000,USD,1,,"{""MARCA"":[""RIMITH""],""CATEGORIA"":[""Carnes""]}","[""Carnes""]",,https://riba.app/imgrs/THUMBS%20500X500/49048.JPG,0,0,"[""90""]",1.108.000,2026-05-11 15:30:52
21272300000,CHULETA CON TOCINO ESENCIAL,CHULETA CON TOCINO ESENCIAL,CHULETA CON TOCINO ESENCIAL,insert,1,https://riba.app/imgrs/THUMBS%20500X500/47929.JPG,tabs/detalle-producto/47929,777.000,777.000,777.000,USD,1,,"{""MARCA"":[""RIMITH""],""CATEGORIA"":[""Carnes""]}","[""Carnes""]",,https://riba.app/imgrs/THUMBS%20500X500/47929.JPG,0,0,"[""90""]",777.000,2026-05-11 15:30:52
21273100000,COSTILLA CERDO MC ST LOUIS ORI,COSTILLA CERDO MC ST LOUIS ORI,COSTILLA CERDO MC ST LOUIS ORI,insert,1,https://riba.app/imgrs/THUMBS%20500X500/53814.JPG,tabs/detalle-producto/53814,1.365.000,1.365.000,1.365.000,USD,1,,"{""MARCA"":[""RIMITH""],""CATEGORIA"":[""Carnes Preparadas""]}","[""Carnes Preparadas""]",,https://riba.app/imgrs/THUMBS%20500X500/53814.JPG,0,0,"[""95""]",1.365.000,2026-05-11 15:30:52
21273300000,PORK BELLY CONGELADO,PORK BELLY CONGELADO,PORK BELLY CONGELADO,insert,1,https://riba.app/imgrs/THUMBS%20500X500/53816.JPG,tabs/detalle-producto/53816,1.295.000,1.295.000,1.295.000,USD,1,,"{""MARCA"":[""RIMITH""],""CATEGORIA"":[""Carnes""]}","[""Carnes""]",,https://riba.app/imgrs/THUMBS%20500X500/53816.JPG,0,0,"[""90""]",1.295.000,2026-05-11 15:30:52
21275200000,ALA DE PAVO PRECIO POR KILOGRAMO,ALA DE PAVO PRECIO POR KILOGRAMO,ALA DE PAVO PRECIO POR KILOGRAMO,insert,1,https://riba.app/imgrs/THUMBS%20500X500/49387.JPG,tabs/detalle-producto/49387,569.000,569.000,569.000,USD,1,,"{""MARCA"":[""RIMITH""],""CATEGORIA"":[""Carnes""]}","[""Carnes""]",,https://riba.app/imgrs/THUMBS%20500X500/49387.JPG,0,0,"[""90""]",569.000,2026-05-11 15:30:52
21275300000,PECHUGA DE PAVO PRECIO POR KILOGRAMO,PECHUGA DE PAVO PRECIO POR KILOGRAMO,PECHUGA DE PAVO PRECIO POR KILOGRAMO,insert,1,https://riba.app/imgrs/THUMBS%20500X500/49388.JPG,tabs/detalle-producto/49388,890.000,890.000,890.000,USD,1,,"{""MARCA"":[""RIMITH""],""CATEGORIA"":[""Carnes""]}","[""Carnes""]",,https://riba.app/imgrs/THUMBS%20500X500/49388.JPG,0,0,"[""90""]",890.000,2026-05-11 15:30:52
21275400000,MUSLO DE PAVO PRECIO POR KILOGRAMO,MUSLO DE PAVO PRECIO POR KILOGRAMO,MUSLO DE PAVO PRECIO POR KILOGRAMO,insert,1,https://riba.app/imgrs/THUMBS%20500X500/49389.JPG,tabs/detalle-producto/49389,682.000,682.000,682.000,USD,1,,"{""MARCA"":[""RIMITH""],""CATEGORIA"":[""Carnes""]}","[""Carnes""]",,https://riba.app/imgrs/THUMBS%20500X500/49389.JPG,0,0,"[""90""]",682.000,2026-05-11 15:30:52
21275500000,ENCUENTRO DE PAVO PRECIO POR KILOGRAMO,ENCUENTRO DE PAVO PRECIO POR KILOGRAMO,ENCUENTRO DE PAVO PRECIO POR KILOGRAMO,insert,1,https://riba.app/imgrs/THUMBS%20500X500/49390.JPG,tabs/detalle-producto/49390,568.000,568.000,568.000,USD,1,,"{""MARCA"":[""RIMITH""],""CATEGORIA"":[""Carnes""]}","[""Carnes""]",,https://riba.app/imgrs/THUMBS%20500X500/49390.JPG,0,0,"[""90""]",568.000,2026-05-11 15:30:52
21275700000,PORK RIBS CONGELADO,PORK RIBS CONGELADO,PORK RIBS CONGELADO,insert,1,https://riba.app/imgrs/THUMBS%20500X500/53817.JPG,tabs/detalle-producto/53817,1.295.000,1.295.000,1.295.000,USD,1,,"{""MARCA"":[""RIMITH""],""CATEGORIA"":[""Carnes""]}","[""Carnes""]",,https://riba.app/imgrs/THUMBS%20500X500/53817.JPG,0,0,"[""90""]",1.295.000,2026-05-11 15:30:52
21276600000,RIBEYE STEAK,RIBEYE STEAK,RIBEYE STEAK,insert,1,https://riba.app/imgrs/THUMBS%20500X500/254645.JPG,tabs/detalle-producto/254645,1.632.000,1.632.000,1.632.000,USD,1,,"{""MARCA"":[""RIMITH""],""CATEGORIA"":[""Carnes""]}","[""Carnes""]",,https://riba.app/imgrs/THUMBS%20500X500/254645.JPG,0,0,"[""90""]",1.632.000,2026-05-11 15:30:52
21276700000,FALDA BLANCA,FALDA BLANCA,FALDA BLANCA,insert,1,https://riba.app/imgrs/THUMBS%20500X500/254647.JPG,tabs/detalle-producto/254647,774.000,774.000,774.000,USD,1,,"{""MARCA"":[""RIMITH""],""CATEGORIA"":[""Carnes""]}","[""Carnes""]",,https://riba.app/imgrs/THUMBS%20500X500/254647.JPG,0,0,"[""90""]",774.000,2026-05-11 15:30:52
21276800000,BEEF BONELESS HANGER STEAK,BEEF BONELESS HANGER STEAK,BEEF BONELESS HANGER STEAK,insert,1,https://riba.app/imgrs/THUMBS%20500X500/207720.JPG,tabs/detalle-producto/207720,9.647.000,9.647.000,9.647.000,USD,1,,"{""MARCA"":[""INTOKU""],""CATEGORIA"":[""Carnes""]}","[""Carnes""]",,https://riba.app/imgrs/THUMBS%20500X500/207720.JPG,0,0,"[""90""]",9.647.000,2026-05-11 15:30:52
21278100000,BEEF CHUCK DENVER STEAK,BEEF CHUCK DENVER STEAK,BEEF CHUCK DENVER STEAK,insert,1,https://riba.app/imgrs/THUMBS%20500X500/211418.JPG,tabs/detalle-producto/211418,9.647.000,9.647.000,9.647.000,USD,1,,"{""MARCA"":[""INTOKU""],""CATEGORIA"":[""Carnes""]}","[""Carnes""]",,https://riba.app/imgrs/THUMBS%20500X500/211418.JPG,0,0,"[""90""]",9.647.000,2026-05-11 15:30:52
21278300000,RIBEYE CON HUESO CAB,RIBEYE CON HUESO CAB,RIBEYE CON HUESO CAB,insert,1,https://riba.app/imgrs/THUMBS%20500X500/213119.JPG,tabs/detalle-producto/213119,4.743.000,4.743.000,4.743.000,USD,1,,"{""MARCA"":[""RIMITH (IMP)""],""CATEGORIA"":[""Carnes""]}","[""Carnes""]",,https://riba.app/imgrs/THUMBS%20500X500/213119.JPG,0,0,"[""90""]",4.743.000,2026-05-11 15:30:52
21278700000,PECHUGUITA TENDER,PECHUGUITA TENDER,PECHUGUITA TENDER,insert,1,https://riba.app/imgrs/THUMBS%20500X500/32188.JPG,tabs/detalle-producto/32188,641.000,641.000,641.000,USD,1,,"{""MARCA"":[""MELO""],""CATEGORIA"":[""Carnes""]}","[""Carnes""]",,https://riba.app/imgrs/THUMBS%20500X500/32188.JPG,0,0,"[""90""]",641.000,2026-05-11 15:30:52
21279000000,PINCHOS DE RES ,PINCHOS DE RES ,PINCHOS DE RES ,insert,1,https://riba.app/imgrs/THUMBS%20500X500/254635.JPG,tabs/detalle-producto/254635,952.000,952.000,952.000,USD,1,,"{""MARCA"":[""RIMITH""],""CATEGORIA"":[""Carnes""]}","[""Carnes""]",,https://riba.app/imgrs/THUMBS%20500X500/254635.JPG,0,0,"[""90""]",952.000,2026-05-11 15:30:52
21279100000,PINCHOS DE CERDO,PINCHOS DE CERDO,PINCHOS DE CERDO,insert,1,https://riba.app/imgrs/THUMBS%20500X500/254639.JPG,tabs/detalle-producto/254639,1.146.000,1.146.000,1.146.000,USD,1,,"{""MARCA"":[""RIMITH""],""CATEGORIA"":[""Carnes""]}","[""Carnes""]",,https://riba.app/imgrs/THUMBS%20500X500/254639.JPG,0,0,"[""90""]",1.146.000,2026-05-11 15:30:52
21279200000,CHULETA SELECTA,CHULETA SELECTA,CHULETA SELECTA,insert,1,https://riba.app/imgrs/THUMBS%20500X500/254640.JPG,tabs/detalle-producto/254640,1.343.000,1.343.000,1.343.000,USD,1,,"{""MARCA"":[""RIMITH""],""CATEGORIA"":[""Carnes""]}","[""Carnes""]",,https://riba.app/imgrs/THUMBS%20500X500/254640.JPG,0,0,"[""90""]",1.343.000,2026-05-11 15:30:52
21279300000,MILANESA DE CERDO,MILANESA DE CERDO,MILANESA DE CERDO,insert,1,https://riba.app/imgrs/THUMBS%20500X500/254642.JPG,tabs/detalle-producto/254642,924.000,924.000,924.000,USD,1,,"{""MARCA"":[""RIMITH""],""CATEGORIA"":[""Carnes Preparadas""]}","[""Carnes Preparadas""]",,https://riba.app/imgrs/THUMBS%20500X500/254642.JPG,0,0,"[""95""]",924.000,2026-05-11 15:30:52
21279400000,PUNTA DE PALOMILLA CERDO REBAN,PUNTA DE PALOMILLA CERDO REBAN,PUNTA DE PALOMILLA CERDO REBAN,insert,1,https://riba.app/imgrs/THUMBS%20500X500/254644.JPG,tabs/detalle-producto/254644,919.000,919.000,919.000,USD,1,,"{""MARCA"":[""RIMITH""],""CATEGORIA"":[""Carnes""]}","[""Carnes""]",,https://riba.app/imgrs/THUMBS%20500X500/254644.JPG,0,0,"[""90""]",919.000,2026-05-11 15:30:52
21280300000,WAGYUGRAND MASTER BURGER,WAGYUGRAND MASTER BURGER,WAGYUGRAND MASTER BURGER,insert,1,https://riba.app/imgrs/THUMBS%20500X500/212543.JPG,tabs/detalle-producto/212543,2.773.000,2.773.000,2.773.000,USD,1,,"{""MARCA"":[""INTOKU""],""CATEGORIA"":[""Hamburguesas""]}","[""Hamburguesas""]",,https://riba.app/imgrs/THUMBS%20500X500/212543.JPG,0,0,"[""94""]",2.773.000,2026-05-11 15:30:52
21280600000,INTOKU GRANDMASTER BACK RIBS,INTOKU GRANDMASTER BACK RIBS,INTOKU GRANDMASTER BACK RIBS,insert,1,https://riba.app/imgrs/THUMBS%20500X500/212546.JPG,tabs/detalle-producto/212546,5.138.000,5.138.000,5.138.000,USD,1,,"{""MARCA"":[""INTOKU""],""CATEGORIA"":[""Carnes""]}","[""Carnes""]",,https://riba.app/imgrs/THUMBS%20500X500/212546.JPG,0,0,"[""90""]",5.138.000,2026-05-11 15:30:52
21281100000,BABILLA  CP,BABILLA  CP,BABILLA  CP,insert,1,https://riba.app/imgrs/THUMBS%20500X500/219315.JPG,tabs/detalle-producto/219315,660.000,660.000,660.000,USD,1,,"{""MARCA"":[""RIMITH""],""CATEGORIA"":[""Carnes""]}","[""Carnes""]",,https://riba.app/imgrs/THUMBS%20500X500/219315.JPG,0,0,"[""90""]",660.000,2026-05-11 15:30:52
21281200000,BISTEC DE CINTA CON HUESO  CP,BISTEC DE CINTA CON HUESO  CP,BISTEC DE CINTA CON HUESO  CP,insert,1,https://riba.app/imgrs/THUMBS%20500X500/219316.JPG,tabs/detalle-producto/219316,562.000,562.000,562.000,USD,1,,"{""MARCA"":[""RIMITH""],""CATEGORIA"":[""Carnes""]}","[""Carnes""]",,https://riba.app/imgrs/THUMBS%20500X500/219316.JPG,0,0,"[""90""]",562.000,2026-05-11 15:30:52
21281300000,JARRETE  CP,JARRETE  CP,JARRETE  CP,insert,1,https://riba.app/imgrs/THUMBS%20500X500/219317.JPG,tabs/detalle-producto/219317,615.000,615.000,615.000,USD,1,,"{""MARCA"":[""RIMITH""],""CATEGORIA"":[""Carnes""]}","[""Carnes""]",,https://riba.app/imgrs/THUMBS%20500X500/219317.JPG,0,0,"[""90""]",615.000,2026-05-11 15:30:52
21281400000,CHULETA CERDO COGOTE REG  CP,CHULETA CERDO COGOTE REG  CP,CHULETA CERDO COGOTE REG  CP,insert,1,https://riba.app/imgrs/THUMBS%20500X500/219319.JPG,tabs/detalle-producto/219319,636.000,636.000,636.000,USD,1,,"{""MARCA"":[""RIMITH""],""CATEGORIA"":[""Carnes""]}","[""Carnes""]",,https://riba.app/imgrs/THUMBS%20500X500/219319.JPG,0,0,"[""90""]",636.000,2026-05-11 15:30:52
21281500000,CARNE MOLIDA DE PRIMERA 85-15,CARNE MOLIDA DE PRIMERA 85-15,CARNE MOLIDA DE PRIMERA 85-15,insert,1,https://riba.app/imgrs/THUMBS%20500X500/219321.JPG,tabs/detalle-producto/219321,474.000,474.000,474.000,USD,1,,"{""MARCA"":[""RIMITH""],""CATEGORIA"":[""Carnes""]}","[""Carnes""]",,https://riba.app/imgrs/THUMBS%20500X500/219321.JPG,0,0,"[""90""]",474.000,2026-05-11 15:30:52
21281600000,PECHO CON COSTILLA  CP,PECHO CON COSTILLA  CP,PECHO CON COSTILLA  CP,insert,1,https://riba.app/imgrs/THUMBS%20500X500/219322.JPG,tabs/detalle-producto/219322,406.000,406.000,406.000,USD,1,,"{""MARCA"":[""RIMITH""],""CATEGORIA"":[""Carnes""]}","[""Carnes""]",,https://riba.app/imgrs/THUMBS%20500X500/219322.JPG,0,0,"[""90""]",406.000,2026-05-11 15:30:52
21281700000,CARNE MOLIDA DE RES 10 %,CARNE MOLIDA DE RES 10 %,CARNE MOLIDA DE RES 10 %,insert,1,https://riba.app/imgrs/THUMBS%20500X500/212754.JPG,tabs/detalle-producto/212754,991.000,991.000,991.000,USD,1,,"{""MARCA"":[""RIMITH""],""CATEGORIA"":[""Carnes""]}","[""Carnes""]",,https://riba.app/imgrs/THUMBS%20500X500/212754.JPG,0,0,"[""90""]",991.000,2026-05-11 15:30:52
21282200000,TIRAS DE RIBEYE,TIRAS DE RIBEYE,TIRAS DE RIBEYE,insert,1,https://riba.app/imgrs/THUMBS%20500X500/254651.JPG,tabs/detalle-producto/254651,838.000,838.000,838.000,USD,1,,"{""MARCA"":[""RIMITH""],""CATEGORIA"":[""Carnes""]}","[""Carnes""]",,https://riba.app/imgrs/THUMBS%20500X500/254651.JPG,0,0,"[""90""]",838.000,2026-05-11 15:30:52
21282500000,CREEKSTONE COULOTTE,CREEKSTONE COULOTTE,CREEKSTONE COULOTTE,insert,1,https://riba.app/imgrs/THUMBS%20500X500/217454.JPG,tabs/detalle-producto/217454,2.499.000,2.499.000,2.499.000,USD,1,,"{""MARCA"":[""CREEKSTONE FARMS""],""CATEGORIA"":[""Carnes""]}","[""Carnes""]",,https://riba.app/imgrs/THUMBS%20500X500/217454.JPG,0,0,"[""90""]",2.499.000,2026-05-11 15:30:52
21283400000,BISTEK DE PULPA BLANCA T&J,BISTEK DE PULPA BLANCA T&J,BISTEK DE PULPA BLANCA T&J,insert,1,https://riba.app/imgrs/THUMBS%20500X500/233195.JPG,tabs/detalle-producto/233195,1.016.000,1.016.000,1.016.000,USD,1,,"{""MARCA"":[""RIMITH""],""CATEGORIA"":[""Carnes""]}","[""Carnes""]",,https://riba.app/imgrs/THUMBS%20500X500/233195.JPG,0,0,"[""90""]",1.016.000,2026-05-11 15:30:52
21283500000,COSTILLA DE CERDO T&J,COSTILLA DE CERDO T&J,COSTILLA DE CERDO T&J,insert,1,https://riba.app/imgrs/THUMBS%20500X500/233201.JPG,tabs/detalle-producto/233201,883.000,883.000,883.000,USD,1,,"{""MARCA"":[""RIMITH""],""CATEGORIA"":[""Carnes""]}","[""Carnes""]",,https://riba.app/imgrs/THUMBS%20500X500/233201.JPG,0,0,"[""90""]",883.000,2026-05-11 15:30:52
21284100000,BISTEC PICADO AL VACIO,BISTEC PICADO AL VACIO,BISTEC PICADO AL VACIO,insert,1,https://riba.app/imgrs/THUMBS%20500X500/289483.JPG,tabs/detalle-producto/289483,668.000,668.000,668.000,USD,1,,"{""MARCA"":[""RIMITH""],""CATEGORIA"":[""Carnes""]}","[""Carnes""]",,https://riba.app/imgrs/THUMBS%20500X500/289483.JPG,0,0,"[""90""]",668.000,2026-05-11 15:30:52
21285800000,COSTILLA CERDO ST LOUIS INTERI,COSTILLA CERDO ST LOUIS INTERI,COSTILLA CERDO ST LOUIS INTERI,insert,1,https://riba.app/imgrs/THUMBS%20500X500/19225.JPG,tabs/detalle-producto/19225,1.495.000,1.495.000,1.495.000,USD,1,,"{""MARCA"":[""RIMITH""],""CATEGORIA"":[""Carnes Preparadas""]}","[""Carnes Preparadas""]",,https://riba.app/imgrs/THUMBS%20500X500/19225.JPG,0,0,"[""95""]",1.495.000,2026-05-11 15:30:52
21286200000,BB TURKEY OVEN BAKED 10.12 PRECIO POR KILOGRAMO,BB TURKEY OVEN BAKED 10.12 PRECIO POR KILOGRAMO,BB TURKEY OVEN BAKED 10.12 PRECIO POR KILOGRAMO,insert,1,https://riba.app/imgrs/THUMBS%20500X500/247452.JPG,tabs/detalle-producto/247452,690.000,690.000,690.000,USD,1,,"{""MARCA"":[""BUTTERBALL PAVO ""],""CATEGORIA"":[""Carnes""]}","[""Carnes""]",,https://riba.app/imgrs/THUMBS%20500X500/247452.JPG,0,0,"[""90""]",690.000,2026-05-11 15:30:52
21286600000,PINCHOS CERDO MARINADO INTERIO,PINCHOS CERDO MARINADO INTERIO,PINCHOS CERDO MARINADO INTERIO,insert,1,https://riba.app/imgrs/THUMBS%20500X500/19224.JPG,tabs/detalle-producto/19224,1.395.000,1.395.000,1.395.000,USD,1,,"{""MARCA"":[""RIMITH""],""CATEGORIA"":[""Carnes Preparadas""]}","[""Carnes Preparadas""]",,https://riba.app/imgrs/THUMBS%20500X500/19224.JPG,0,0,"[""95""]",1.395.000,2026-05-11 15:30:52
21287400000,COSTILLA ESPECIAL EN TIRA,COSTILLA ESPECIAL EN TIRA,COSTILLA ESPECIAL EN TIRA,insert,1,https://riba.app/imgrs/THUMBS%20500X500/254649.JPG,tabs/detalle-producto/254649,791.000,791.000,791.000,USD,1,,"{""MARCA"":[""RIMITH""],""CATEGORIA"":[""Carnes""]}","[""Carnes""]",,https://riba.app/imgrs/THUMBS%20500X500/254649.JPG,0,0,"[""90""]",791.000,2026-05-11 15:30:52
21287900000,CHISTORRA FRESCA,CHISTORRA FRESCA,CHISTORRA FRESCA,insert,1,https://riba.app/imgrs/THUMBS%20500X500/63063.JPG,tabs/detalle-producto/63063,1.059.000,1.059.000,1.059.000,USD,1,,"{""MARCA"":[""RIMITH""],""CATEGORIA"":[""Embutidos""]}","[""Embutidos""]",,https://riba.app/imgrs/THUMBS%20500X500/63063.JPG,0,0,"[""89""]",1.059.000,2026-05-11 15:30:52
21288100000,BUTIFARRA,BUTIFARRA,BUTIFARRA,insert,1,https://riba.app/imgrs/THUMBS%20500X500/53819.JPG,tabs/detalle-producto/53819,1.687.000,1.687.000,1.687.000,USD,1,,"{""MARCA"":[""RIMITH""],""CATEGORIA"":[""Embutidos""]}","[""Embutidos""]",,https://riba.app/imgrs/THUMBS%20500X500/53819.JPG,0,0,"[""89""]",1.687.000,2026-05-11 15:30:52
21288200000,CHORIZO TIPO ESPAÑOL CHEDDAR,CHORIZO TIPO ESPAÑOL CHEDDAR,CHORIZO TIPO ESPAÑOL CHEDDAR,insert,1,https://riba.app/imgrs/THUMBS%20500X500/53820.JPG,tabs/detalle-producto/53820,1.300.000,1.300.000,1.300.000,USD,1,,"{""MARCA"":[""RIMITH""],""CATEGORIA"":[""Embutidos""]}","[""Embutidos""]",,https://riba.app/imgrs/THUMBS%20500X500/53820.JPG,0,0,"[""89""]",1.300.000,2026-05-11 15:30:52
21288300000,LONGANIZA A LA CERVEZA,LONGANIZA A LA CERVEZA,LONGANIZA A LA CERVEZA,insert,1,https://riba.app/imgrs/THUMBS%20500X500/53821.JPG,tabs/detalle-producto/53821,993.000,993.000,993.000,USD,1,,"{""MARCA"":[""RIMITH""],""CATEGORIA"":[""Embutidos""]}","[""Embutidos""]",,https://riba.app/imgrs/THUMBS%20500X500/53821.JPG,0,0,"[""89""]",993.000,2026-05-11 15:30:52
21289300000,FILETE DE RES FIRST CHOICE,FILETE DE RES FIRST CHOICE,FILETE DE RES FIRST CHOICE,insert,1,https://riba.app/imgrs/THUMBS%20500X500/150703.JPG,tabs/detalle-producto/150703,2.383.000,2.383.000,2.383.000,USD,1,,"{""MARCA"":[""FIRST CHOICE""],""CATEGORIA"":[""Carnes""]}","[""Carnes""]",,https://riba.app/imgrs/THUMBS%20500X500/150703.JPG,0,0,"[""90""]",2.383.000,2026-05-11 15:30:52
21289600000,RIBEYE BEEF,RIBEYE BEEF,RIBEYE BEEF,insert,1,https://riba.app/imgrs/THUMBS%20500X500/151057.JPG,tabs/detalle-producto/151057,1.110.000,1.110.000,1.110.000,USD,1,,"{""MARCA"":[""FIRST CHOICE""],""CATEGORIA"":[""Carnes""]}","[""Carnes""]",,https://riba.app/imgrs/THUMBS%20500X500/151057.JPG,0,0,"[""90""]",1.110.000,2026-05-11 15:30:52
21289700000,NEW YORK BEEF,NEW YORK BEEF,NEW YORK BEEF,insert,1,https://riba.app/imgrs/THUMBS%20500X500/151059.JPG,tabs/detalle-producto/151059,979.000,979.000,979.000,USD,1,,"{""MARCA"":[""FIRST CHOICE""],""CATEGORIA"":[""Carnes""]}","[""Carnes""]",,https://riba.app/imgrs/THUMBS%20500X500/151059.JPG,0,0,"[""90""]",979.000,2026-05-11 15:30:52
21290100000,PINCHOS POLLO MARINADO INTERIO,PINCHOS POLLO MARINADO INTERIO,PINCHOS POLLO MARINADO INTERIO,insert,1,https://riba.app/imgrs/THUMBS%20500X500/19221.JPG,tabs/detalle-producto/19221,1.345.000,1.345.000,1.345.000,USD,1,,"{""MARCA"":[""RIMITH""],""CATEGORIA"":[""Carnes Preparadas""]}","[""Carnes Preparadas""]",,https://riba.app/imgrs/THUMBS%20500X500/19221.JPG,0,0,"[""95""]",1.345.000,2026-05-11 15:30:52
21293600000,CHORIZO TIPO AHUMADO,CHORIZO TIPO AHUMADO,CHORIZO TIPO AHUMADO,insert,1,https://riba.app/imgrs/THUMBS%20500X500/53829.JPG,tabs/detalle-producto/53829,1.069.000,1.069.000,1.069.000,USD,1,,"{""MARCA"":[""RIMITH""],""CATEGORIA"":[""Embutidos""]}","[""Embutidos""]",,https://riba.app/imgrs/THUMBS%20500X500/53829.JPG,0,0,"[""89""]",1.069.000,2026-05-11 15:30:52
21293900000,MEDALLONES DE CORDERO REBANADA,MEDALLONES DE CORDERO REBANADA,MEDALLONES DE CORDERO REBANADA,insert,1,https://riba.app/imgrs/THUMBS%20500X500/292383.JPG,tabs/detalle-producto/292383,2.042.000,2.042.000,2.042.000,USD,1,,"{""MARCA"":[""HACIENDA ISABELA ""],""CATEGORIA"":[""Carnes""]}","[""Carnes""]",,https://riba.app/imgrs/THUMBS%20500X500/292383.JPG,0,0,"[""90""]",2.042.000,2026-05-11 15:30:52
21294100000,CHULETAS DE CORDERO REBANADAS,CHULETAS DE CORDERO REBANADAS,CHULETAS DE CORDERO REBANADAS,insert,1,https://riba.app/imgrs/THUMBS%20500X500/292386.JPG,tabs/detalle-producto/292386,2.502.000,2.502.000,2.502.000,USD,1,,"{""MARCA"":[""HACIENDA ISABELA ""],""CATEGORIA"":[""Carnes""]}","[""Carnes""]",,https://riba.app/imgrs/THUMBS%20500X500/292386.JPG,0,0,"[""90""]",2.502.000,2026-05-11 15:30:52
21295200000,CHORIZO PICANTE DE CERDO,CHORIZO PICANTE DE CERDO,CHORIZO PICANTE DE CERDO,insert,1,https://riba.app/imgrs/THUMBS%20500X500/53834.JPG,tabs/detalle-producto/53834,1.069.000,1.069.000,1.069.000,USD,1,,"{""MARCA"":[""RIMITH""],""CATEGORIA"":[""Embutidos""]}","[""Embutidos""]",,https://riba.app/imgrs/THUMBS%20500X500/53834.JPG,0,0,"[""89""]",1.069.000,2026-05-11 15:30:52
21295300000,CHORIZO FINO DE CERDO,CHORIZO FINO DE CERDO,CHORIZO FINO DE CERDO,insert,1,https://riba.app/imgrs/THUMBS%20500X500/53835.JPG,tabs/detalle-producto/53835,1.120.000,1.120.000,1.120.000,USD,1,,"{""MARCA"":[""RIMITH""],""CATEGORIA"":[""Embutidos""]}","[""Embutidos""]",,https://riba.app/imgrs/THUMBS%20500X500/53835.JPG,0,0,"[""89""]",1.120.000,2026-05-11 15:30:52
21295800000,LONGANIZA FINA SIN ANISETE,LONGANIZA FINA SIN ANISETE,LONGANIZA FINA SIN ANISETE,insert,1,https://riba.app/imgrs/THUMBS%20500X500/53840.JPG,tabs/detalle-producto/53840,1.029.000,1.029.000,1.029.000,USD,1,,"{""MARCA"":[""RIMITH""],""CATEGORIA"":[""Embutidos""]}","[""Embutidos""]",,https://riba.app/imgrs/THUMBS%20500X500/53840.JPG,0,0,"[""89""]",1.029.000,2026-05-11 15:30:52
21295900000,PAVOS BUTTERBALL 20-22 PRECIO POR KILOGRAMO,PAVOS BUTTERBALL 20-22 PRECIO POR KILOGRAMO,PAVOS BUTTERBALL 20-22 PRECIO POR KILOGRAMO,insert,1,https://riba.app/imgrs/THUMBS%20500X500/21852.JPG,tabs/detalle-producto/21852,508.000,508.000,508.000,USD,1,,"{""MARCA"":[""BUTTERBALL PAVO ""],""CATEGORIA"":[""Carnes""]}","[""Carnes""]",,https://riba.app/imgrs/THUMBS%20500X500/21852.JPG,0,0,"[""90""]",508.000,2026-05-11 15:30:52
21297200000,INTOKU GRANDMASTER SKIRT,INTOKU GRANDMASTER SKIRT,INTOKU GRANDMASTER SKIRT,insert,1,https://riba.app/imgrs/THUMBS%20500X500/53847.JPG,tabs/detalle-producto/53847,6.856.000,6.856.000,6.856.000,USD,1,,"{""MARCA"":[""INTOKU""],""CATEGORIA"":[""Carnes""]}","[""Carnes""]",,https://riba.app/imgrs/THUMBS%20500X500/53847.JPG,0,0,"[""90""]",6.856.000,2026-05-11 15:30:52
21298200000,HAMBURGUESA DE CERDO Y RES,HAMBURGUESA DE CERDO Y RES,HAMBURGUESA DE CERDO Y RES,insert,1,https://riba.app/imgrs/THUMBS%20500X500/53857.JPG,tabs/detalle-producto/53857,1.380.000,1.380.000,1.380.000,USD,1,,"{""MARCA"":[""RIMITH""],""CATEGORIA"":[""Hamburguesas""]}","[""Hamburguesas""]",,https://riba.app/imgrs/THUMBS%20500X500/53857.JPG,0,0,"[""94""]",1.380.000,2026-05-11 15:30:52
21298400000,BROCHETAS PINCHOS DE CERDO,BROCHETAS PINCHOS DE CERDO,BROCHETAS PINCHOS DE CERDO,insert,1,https://riba.app/imgrs/THUMBS%20500X500/53859.JPG,tabs/detalle-producto/53859,795.000,795.000,795.000,USD,1,,"{""MARCA"":[""RIMITH""],""CATEGORIA"":[""Carnes""]}","[""Carnes""]",,https://riba.app/imgrs/THUMBS%20500X500/53859.JPG,0,0,"[""90""]",795.000,2026-05-11 15:30:52
21298500000,BROCHETAS PINCHOS DE RES,BROCHETAS PINCHOS DE RES,BROCHETAS PINCHOS DE RES,insert,1,https://riba.app/imgrs/THUMBS%20500X500/53860.JPG,tabs/detalle-producto/53860,854.000,854.000,854.000,USD,1,,"{""MARCA"":[""RIMITH""],""CATEGORIA"":[""Carnes""]}","[""Carnes""]",,https://riba.app/imgrs/THUMBS%20500X500/53860.JPG,0,0,"[""90""]",854.000,2026-05-11 15:30:52
21299000000,HAMBURGUESA DE POLLO BUTIFARRA,HAMBURGUESA DE POLLO BUTIFARRA,HAMBURGUESA DE POLLO BUTIFARRA,insert,1,https://riba.app/imgrs/THUMBS%20500X500/53864.JPG,tabs/detalle-producto/53864,1.053.000,1.053.000,1.053.000,USD,1,,"{""MARCA"":[""RIMITH""],""CATEGORIA"":[""Hamburguesas""]}","[""Hamburguesas""]",,https://riba.app/imgrs/THUMBS%20500X500/53864.JPG,0,0,"[""94""]",1.053.000,2026-05-11 15:30:52
21299100000,INTOKU VINTAGE SKIRT STEAK,INTOKU VINTAGE SKIRT STEAK,INTOKU VINTAGE SKIRT STEAK,insert,1,https://riba.app/imgrs/THUMBS%20500X500/53719.JPG,tabs/detalle-producto/53719,6.813.000,6.813.000,6.813.000,USD,1,,"{""MARCA"":[""INTOKU""],""CATEGORIA"":[""Carnes""]}","[""Carnes""]",,https://riba.app/imgrs/THUMBS%20500X500/53719.JPG,0,0,"[""90""]",6.813.000,2026-05-11 15:30:52
2140652,ALITAS BBQ 12 UN,ALITAS BBQ 12 UN,ALITAS BBQ 12 UN,insert,1,https://riba.app/imgrs/THUMBS%20500X500/298140.JPG,tabs/detalle-producto/298140,1.190.000,1.190.000,1.190.000,USD,1,,"{""MARCA"":[""RIMITH""],""CATEGORIA"":[""Carnes Preparadas""]}","[""Carnes Preparadas""]",,https://riba.app/imgrs/THUMBS%20500X500/298140.JPG,0,0,"[""95""]",1.190.000,2026-05-11 15:30:52
2141019,ALITAS AGRIDULCES 6 UNIDADES,ALITAS AGRIDULCES 6 UNIDADES,ALITAS AGRIDULCES 6 UNIDADES,insert,1,https://riba.app/imgrs/THUMBS%20500X500/320208.JPG,tabs/detalle-producto/320208,600.000,600.000,600.000,USD,1,,"{""MARCA"":[""RIMITH""],""CATEGORIA"":[""Carnes Preparadas""]}","[""Carnes Preparadas""]",,https://riba.app/imgrs/THUMBS%20500X500/320208.JPG,0,0,"[""95""]",600.000,2026-05-11 15:30:52
2141023,ALITAS BUFFALO 12 UNIDADES,ALITAS BUFFALO 12 UNIDADES,ALITAS BUFFALO 12 UNIDADES,insert,1,https://riba.app/imgrs/THUMBS%20500X500/320212.JPG,tabs/detalle-producto/320212,1.190.000,1.190.000,1.190.000,USD,1,,"{""MARCA"":[""RIMITH""],""CATEGORIA"":[""Carnes Preparadas""]}","[""Carnes Preparadas""]",,https://riba.app/imgrs/THUMBS%20500X500/320212.JPG,0,0,"[""95""]",1.190.000,2026-05-11 15:30:52
2160635,SALCHICHAS AHUMADAS GUISADAS E,SALCHICHAS AHUMADAS GUISADAS E,SALCHICHAS AHUMADAS GUISADAS E,insert,1,https://riba.app/imgrs/THUMBS%20500X500/269310.JPG,tabs/detalle-producto/269310,465.000,465.000,465.000,USD,1,,"{""MARCA"":[""RIMITH""],""CATEGORIA"":[""Carnes Preparadas""]}","[""Carnes Preparadas""]",,https://riba.app/imgrs/THUMBS%20500X500/269310.JPG,0,0,"[""95""]",465.000,2026-05-11 15:30:52
2160638,BISTEC PICADO EMPACADO,BISTEC PICADO EMPACADO,BISTEC PICADO EMPACADO,insert,1,https://riba.app/imgrs/THUMBS%20500X500/269721.JPG,tabs/detalle-producto/269721,795.000,795.000,795.000,USD,1,,"{""MARCA"":[""RIMITH""],""CATEGORIA"":[""Carnes Preparadas""]}","[""Carnes Preparadas""]",,https://riba.app/imgrs/THUMBS%20500X500/269721.JPG,0,0,"[""95""]",795.000,2026-05-11 15:30:52
2160639,ROPA VIEJA EN SALSA EMPACADO,ROPA VIEJA EN SALSA EMPACADO,ROPA VIEJA EN SALSA EMPACADO,insert,1,https://riba.app/imgrs/THUMBS%20500X500/270163.JPG,tabs/detalle-producto/270163,895.000,895.000,895.000,USD,1,,"{""MARCA"":[""RIMITH""],""CATEGORIA"":[""Carnes Preparadas""]}","[""Carnes Preparadas""]",,https://riba.app/imgrs/THUMBS%20500X500/270163.JPG,0,0,"[""95""]",895.000,2026-05-11 15:30:52
2160641,PERNIL ASADO REBANADO(BANDEJA),PERNIL ASADO REBANADO(BANDEJA),PERNIL ASADO REBANADO(BANDEJA),insert,1,https://riba.app/imgrs/THUMBS%20500X500/273011.JPG,tabs/detalle-producto/273011,1.720.000,1.720.000,1.720.000,USD,1,,"{""MARCA"":[""RIMITH""],""CATEGORIA"":[""Carnes""]}","[""Carnes""]",,https://riba.app/imgrs/THUMBS%20500X500/273011.JPG,0,0,"[""90""]",1.720.000,2026-05-11 15:30:52
2160661,POLLO DESHUESADO SALSA BLANCA,POLLO DESHUESADO SALSA BLANCA,POLLO DESHUESADO SALSA BLANCA,insert,1,https://riba.app/imgrs/THUMBS%20500X500/283668.JPG,tabs/detalle-producto/283668,719.000,719.000,719.000,USD,1,,"{""MARCA"":[""RIMITH""],""CATEGORIA"":[""Carnes Preparadas""]}","[""Carnes Preparadas""]",,https://riba.app/imgrs/THUMBS%20500X500/283668.JPG,0,0,"[""95""]",719.000,2026-05-11 15:30:52
2160662,POLLO DESHUESADO SALSA ROJA,POLLO DESHUESADO SALSA ROJA,POLLO DESHUESADO SALSA ROJA,insert,1,https://riba.app/imgrs/THUMBS%20500X500/283669.JPG,tabs/detalle-producto/283669,643.000,643.000,643.000,USD,1,,"{""MARCA"":[""RIMITH""],""CATEGORIA"":[""Carnes Preparadas""]}","[""Carnes Preparadas""]",,https://riba.app/imgrs/THUMBS%20500X500/283669.JPG,0,0,"[""95""]",643.000,2026-05-11 15:30:52
21700200000,DW LOAF OLIVE ,DW LOAF OLIVE ,DW LOAF OLIVE ,insert,1,https://riba.app/imgrs/THUMBS%20500X500/7172.JPG,tabs/detalle-producto/7172,1.595.000,1.595.000,1.595.000,USD,1,,"{""MARCA"":[""DIETZ & WATSON""],""CATEGORIA"":[""Embutidos""]}","[""Embutidos""]",,https://riba.app/imgrs/THUMBS%20500X500/7172.JPG,0,0,"[""89""]",1.595.000,2026-05-11 15:30:52
21700400000,DW HARD SALAMI ,DW HARD SALAMI ,DW HARD SALAMI ,insert,1,https://riba.app/imgrs/THUMBS%20500X500/22652.JPG,tabs/detalle-producto/22652,2.095.000,2.095.000,2.095.000,USD,1,,"{""MARCA"":[""DIETZ & WATSON""],""CATEGORIA"":[""Embutidos""]}","[""Embutidos""]",,https://riba.app/imgrs/THUMBS%20500X500/22652.JPG,0,0,"[""89""]",2.095.000,2026-05-11 15:30:52
2170085,CITTERIO MORTADELA MINI,CITTERIO MORTADELA MINI,CITTERIO MORTADELA MINI,insert,1,https://riba.app/imgrs/THUMBS%20500X500/327246.JPG,tabs/detalle-producto/327246,475.000,475.000,475.000,USD,1,,"{""MARCA"":[""CITTERIO""],""CATEGORIA"":[""Embutidos""]}","[""Embutidos""]",,https://riba.app/imgrs/THUMBS%20500X500/327246.JPG,0,0,"[""89""]",475.000,2026-05-11 15:30:52
21701500000,DW CHICKEN ROTISSERIE ,DW CHICKEN ROTISSERIE ,DW CHICKEN ROTISSERIE ,insert,1,https://riba.app/imgrs/THUMBS%20500X500/19414.JPG,tabs/detalle-producto/19414,2.028.000,2.028.000,2.028.000,USD,1,,"{""MARCA"":[""DIETZ & WATSON""],""CATEGORIA"":[""Embutidos""]}","[""Embutidos""]",,https://riba.app/imgrs/THUMBS%20500X500/19414.JPG,0,0,"[""89""]",2.028.000,2026-05-11 15:30:52
21701700000,JAMON PECAN PRALINE SPIRAL PRECIO X KILO,JAMON PECAN PRALINE SPIRAL PRECIO X KILO,JAMON PECAN PRALINE SPIRAL PRECIO X KILO,insert,1,https://riba.app/imgrs/THUMBS%20500X500/26730.JPG,tabs/detalle-producto/26730,1.210.000,1.210.000,1.210.000,USD,1,,"{""MARCA"":[""SMITHFIELD""],""CATEGORIA"":[""Carnes""]}","[""Carnes""]",,https://riba.app/imgrs/THUMBS%20500X500/26730.JPG,0,0,"[""90""]",1.210.000,2026-05-11 15:30:52
21702500000,PANCETA/TOCINETA CURADA,PANCETA/TOCINETA CURADA,PANCETA/TOCINETA CURADA,insert,1,https://riba.app/imgrs/THUMBS%20500X500/9128.JPG,tabs/detalle-producto/9128,2.050.000,2.050.000,2.050.000,USD,1,,"{""MARCA"":[""CASAPONSA""],""CATEGORIA"":[""Embutidos""]}","[""Embutidos""]",,https://riba.app/imgrs/THUMBS%20500X500/9128.JPG,0,0,"[""89""]",2.050.000,2026-05-11 15:30:52
21703300000,LOMO DE CEBO IBERICO 1/2 PZA,LOMO DE CEBO IBERICO 1/2 PZA,LOMO DE CEBO IBERICO 1/2 PZA,insert,1,https://riba.app/imgrs/THUMBS%20500X500/47815.JPG,tabs/detalle-producto/47815,4.220.000,4.220.000,4.220.000,USD,1,,"{""MARCA"":[""CESAR NIETO""],""CATEGORIA"":[""Embutidos""]}","[""Embutidos""]",,https://riba.app/imgrs/THUMBS%20500X500/47815.JPG,0,0,"[""89""]",4.220.000,2026-05-11 15:30:52
21703600000,SALCHICHON DE CEBO IBERICO,SALCHICHON DE CEBO IBERICO,SALCHICHON DE CEBO IBERICO,insert,1,https://riba.app/imgrs/THUMBS%20500X500/48322.JPG,tabs/detalle-producto/48322,2.159.000,2.159.000,2.159.000,USD,1,,"{""MARCA"":[""CESAR NIETO""],""CATEGORIA"":[""Embutidos""]}","[""Embutidos""]",,https://riba.app/imgrs/THUMBS%20500X500/48322.JPG,0,0,"[""89""]",2.159.000,2026-05-11 15:30:52
21704400000,PANCETA CURADA PIMIENTA NEGRA,PANCETA CURADA PIMIENTA NEGRA,PANCETA CURADA PIMIENTA NEGRA,insert,1,https://riba.app/imgrs/THUMBS%20500X500/163728.JPG,tabs/detalle-producto/163728,2.093.000,2.093.000,2.093.000,USD,1,,"{""MARCA"":[""CASAPONSA""],""CATEGORIA"":[""Embutidos""]}","[""Embutidos""]",,https://riba.app/imgrs/THUMBS%20500X500/163728.JPG,0,0,"[""89""]",2.093.000,2026-05-11 15:30:52
21704800000,DW TURKEY BREAST PASTRAMI ,DW TURKEY BREAST PASTRAMI ,DW TURKEY BREAST PASTRAMI ,insert,1,https://riba.app/imgrs/THUMBS%20500X500/23324.JPG,tabs/detalle-producto/23324,2.270.000,2.270.000,2.270.000,USD,1,,"{""MARCA"":[""DIETZ & WATSON""],""CATEGORIA"":[""Embutidos""]}","[""Embutidos""]",,https://riba.app/imgrs/THUMBS%20500X500/23324.JPG,0,0,"[""89""]",2.270.000,2026-05-11 15:30:52
21705100000,BBALL 37%LESS SOD TURKEY BREST,BBALL 37%LESS SOD TURKEY BREST,BBALL 37%LESS SOD TURKEY BREST,insert,1,https://riba.app/imgrs/THUMBS%20500X500/233434.JPG,tabs/detalle-producto/233434,2.122.000,2.122.000,2.122.000,USD,1,,"{""MARCA"":[""BUTTERBALL FRIO""],""CATEGORIA"":[""Embutidos""]}","[""Embutidos""]",,https://riba.app/imgrs/THUMBS%20500X500/233434.JPG,0,0,"[""89""]",2.122.000,2026-05-11 15:30:52
21705200000,SALAMI TUNEL A LA PIMIENTA,SALAMI TUNEL A LA PIMIENTA,SALAMI TUNEL A LA PIMIENTA,insert,1,https://riba.app/imgrs/THUMBS%20500X500/233435.JPG,tabs/detalle-producto/233435,2.036.000,2.036.000,2.036.000,USD,1,,"{""MARCA"":[""CASAPONSA""],""CATEGORIA"":[""Embutidos""]}","[""Embutidos""]",,https://riba.app/imgrs/THUMBS%20500X500/233435.JPG,0,0,"[""89""]",2.036.000,2026-05-11 15:30:52
21706000000,JAMON PECHUGA PAVO PREMI LABEL,JAMON PECHUGA PAVO PREMI LABEL,JAMON PECHUGA PAVO PREMI LABEL,insert,1,https://riba.app/imgrs/THUMBS%20500X500/45107.JPG,tabs/detalle-producto/45107,1.453.000,1.453.000,1.453.000,USD,1,,"{""MARCA"":[""RIMITH""],""CATEGORIA"":[""Embutidos""]}","[""Embutidos""]",,https://riba.app/imgrs/THUMBS%20500X500/45107.JPG,0,0,"[""89""]",1.453.000,2026-05-11 15:30:52
21706200000,BB JUST PERF OVE ROAS TUR ,BB JUST PERF OVE ROAS TUR ,BB JUST PERF OVE ROAS TUR ,insert,1,https://riba.app/imgrs/THUMBS%20500X500/207903.JPG,tabs/detalle-producto/207903,2.103.000,2.103.000,2.103.000,USD,1,,"{""MARCA"":[""BUTTERBALL FRIO""],""CATEGORIA"":[""Embutidos""]}","[""Embutidos""]",,https://riba.app/imgrs/THUMBS%20500X500/207903.JPG,0,0,"[""89""]",2.103.000,2026-05-11 15:30:52
21706400000,PECHUGA DE PAVO FINAS HIERBAS,PECHUGA DE PAVO FINAS HIERBAS,PECHUGA DE PAVO FINAS HIERBAS,insert,1,https://riba.app/imgrs/THUMBS%20500X500/209641.JPG,tabs/detalle-producto/209641,2.050.000,2.050.000,2.050.000,USD,1,,"{""MARCA"":[""RIMITH""],""CATEGORIA"":[""Embutidos""]}","[""Embutidos""]",,https://riba.app/imgrs/THUMBS%20500X500/209641.JPG,0,0,"[""89""]",2.050.000,2026-05-11 15:30:52
21706500000,PECHUGA PAVO CURADA EN MIEL,PECHUGA PAVO CURADA EN MIEL,PECHUGA PAVO CURADA EN MIEL,insert,1,https://riba.app/imgrs/THUMBS%20500X500/209642.JPG,tabs/detalle-producto/209642,2.317.000,2.317.000,2.317.000,USD,1,,"{""MARCA"":[""RIMITH""],""CATEGORIA"":[""Embutidos""]}","[""Embutidos""]",,https://riba.app/imgrs/THUMBS%20500X500/209642.JPG,0,0,"[""89""]",2.317.000,2026-05-11 15:30:52
21706900000,DW HAM ROSMERY  PRECIO POR KILOGRAMO,DW HAM ROSMERY  PRECIO POR KILOGRAMO,DW HAM ROSMERY  PRECIO POR KILOGRAMO,insert,1,https://riba.app/imgrs/THUMBS%20500X500/46902.JPG,tabs/detalle-producto/46902,2.375.000,2.375.000,2.375.000,USD,1,,"{""MARCA"":[""DIETZ & WATSON""],""CATEGORIA"":[""Embutidos""]}","[""Embutidos""]",,https://riba.app/imgrs/THUMBS%20500X500/46902.JPG,0,0,"[""89""]",2.375.000,2026-05-11 15:30:52
21709200000,HOMESTYLE BLACK PEPPER HAM WAT,HOMESTYLE BLACK PEPPER HAM WAT,HOMESTYLE BLACK PEPPER HAM WAT,insert,1,https://riba.app/imgrs/THUMBS%20500X500/233406.JPG,tabs/detalle-producto/233406,2.400.000,2.400.000,2.400.000,USD,1,,"{""MARCA"":[""DIETZ & WATSON""],""CATEGORIA"":[""Embutidos""]}","[""Embutidos""]",,https://riba.app/imgrs/THUMBS%20500X500/233406.JPG,0,0,"[""89""]",2.400.000,2026-05-11 15:30:52
21710000000,JAMON DE PIERNA COCIDO RIMITH,JAMON DE PIERNA COCIDO RIMITH,JAMON DE PIERNA COCIDO RIMITH,insert,1,https://riba.app/imgrs/THUMBS%20500X500/23848.JPG,tabs/detalle-producto/23848,1.612.000,1.612.000,1.612.000,USD,1,,"{""MARCA"":[""RIMITH""],""CATEGORIA"":[""Embutidos""]}","[""Embutidos""]",,https://riba.app/imgrs/THUMBS%20500X500/23848.JPG,0,0,"[""89""]",1.612.000,2026-05-11 15:30:52
21710200000,JAMON COCIDO 4X4 CAMPOFINO,JAMON COCIDO 4X4 CAMPOFINO,JAMON COCIDO 4X4 CAMPOFINO,insert,1,https://riba.app/imgrs/THUMBS%20500X500/29306.JPG,tabs/detalle-producto/29306,1.083.000,1.083.000,1.083.000,USD,1,,"{""MARCA"":[""CAMPO FINO""],""CATEGORIA"":[""Embutidos""]}","[""Embutidos""]",,https://riba.app/imgrs/THUMBS%20500X500/29306.JPG,0,0,"[""89""]",1.083.000,2026-05-11 15:30:52
21710400000,JAMON AHUMADO CAMPO FINO,JAMON AHUMADO CAMPO FINO,JAMON AHUMADO CAMPO FINO,insert,1,https://riba.app/imgrs/THUMBS%20500X500/29308.JPG,tabs/detalle-producto/29308,1.542.000,1.542.000,1.542.000,USD,1,,"{""MARCA"":[""CAMPO FINO""],""CATEGORIA"":[""Embutidos""]}","[""Embutidos""]",,https://riba.app/imgrs/THUMBS%20500X500/29308.JPG,0,0,"[""89""]",1.542.000,2026-05-11 15:30:52
21710500000,JAMON SELVA NEGRA,JAMON SELVA NEGRA,JAMON SELVA NEGRA,insert,1,https://riba.app/imgrs/THUMBS%20500X500/29310.JPG,tabs/detalle-producto/29310,1.263.000,1.263.000,1.263.000,USD,1,,"{""MARCA"":[""CAMPO FINO""],""CATEGORIA"":[""Embutidos""]}","[""Embutidos""]",,https://riba.app/imgrs/THUMBS%20500X500/29310.JPG,0,0,"[""89""]",1.263.000,2026-05-11 15:30:52
21710600000,JAMON AHUMADO GRANDE,JAMON AHUMADO GRANDE,JAMON AHUMADO GRANDE,insert,1,https://riba.app/imgrs/THUMBS%20500X500/23852.JPG,tabs/detalle-producto/23852,1.567.000,1.567.000,1.567.000,USD,1,,"{""MARCA"":[""RIMITH""],""CATEGORIA"":[""Embutidos""]}","[""Embutidos""]",,https://riba.app/imgrs/THUMBS%20500X500/23852.JPG,0,0,"[""89""]",1.567.000,2026-05-11 15:30:52
21710700000,OVEN CLASSIC TURKEY BREAST GF,OVEN CLASSIC TURKEY BREAST GF,OVEN CLASSIC TURKEY BREAST GF,insert,1,https://riba.app/imgrs/THUMBS%20500X500/233401.JPG,tabs/detalle-producto/233401,2.545.000,2.545.000,2.545.000,USD,1,,"{""MARCA"":[""DIETZ & WATSON""],""CATEGORIA"":[""Embutidos""]}","[""Embutidos""]",,https://riba.app/imgrs/THUMBS%20500X500/233401.JPG,0,0,"[""89""]",2.545.000,2026-05-11 15:30:52
21710800000,JAMON SERRANO BODEGA CON HUESO,JAMON SERRANO BODEGA CON HUESO,JAMON SERRANO BODEGA CON HUESO,insert,1,https://riba.app/imgrs/THUMBS%20500X500/227296.JPG,tabs/detalle-producto/227296,2.155.000,2.155.000,2.155.000,USD,1,,"{""MARCA"":[""CAMPOFRIO""],""CATEGORIA"":[""Embutidos""]}","[""Embutidos""]",,https://riba.app/imgrs/THUMBS%20500X500/227296.JPG,0,0,"[""89""]",2.155.000,2026-05-11 15:30:52
21711100000,JAMONADA ENCURTIDA RIMITH,JAMONADA ENCURTIDA RIMITH,JAMONADA ENCURTIDA RIMITH,insert,1,https://riba.app/imgrs/THUMBS%20500X500/23865.JPG,tabs/detalle-producto/23865,790.000,790.000,790.000,USD,1,,"{""MARCA"":[""RIMITH""],""CATEGORIA"":[""Embutidos""]}","[""Embutidos""]",,https://riba.app/imgrs/THUMBS%20500X500/23865.JPG,0,0,"[""89""]",790.000,2026-05-11 15:30:52
21711300000,MORTADELA ENTERA RIMITH,MORTADELA ENTERA RIMITH,MORTADELA ENTERA RIMITH,insert,1,https://riba.app/imgrs/THUMBS%20500X500/23871.JPG,tabs/detalle-producto/23871,778.000,778.000,778.000,USD,1,,"{""MARCA"":[""RIMITH""],""CATEGORIA"":[""Embutidos""]}","[""Embutidos""]",,https://riba.app/imgrs/THUMBS%20500X500/23871.JPG,0,0,"[""89""]",778.000,2026-05-11 15:30:52
21711400000,TOCINO ENROLLADO RIMITH,TOCINO ENROLLADO RIMITH,TOCINO ENROLLADO RIMITH,insert,1,https://riba.app/imgrs/THUMBS%20500X500/23893.JPG,tabs/detalle-producto/23893,1.726.000,1.726.000,1.726.000,USD,1,,"{""MARCA"":[""RIMITH""],""CATEGORIA"":[""Embutidos""]}","[""Embutidos""]",,https://riba.app/imgrs/THUMBS%20500X500/23893.JPG,0,0,"[""89""]",1.726.000,2026-05-11 15:30:52
21711500000,LOMO AHUMADO RIMITH,LOMO AHUMADO RIMITH,LOMO AHUMADO RIMITH,insert,1,https://riba.app/imgrs/THUMBS%20500X500/23867.JPG,tabs/detalle-producto/23867,1.916.000,1.916.000,1.916.000,USD,1,,"{""MARCA"":[""RIMITH""],""CATEGORIA"":[""Embutidos""]}","[""Embutidos""]",,https://riba.app/imgrs/THUMBS%20500X500/23867.JPG,0,0,"[""89""]",1.916.000,2026-05-11 15:30:52
21711600000,TOCINO AHUMADO RIMITH,TOCINO AHUMADO RIMITH,TOCINO AHUMADO RIMITH,insert,1,https://riba.app/imgrs/THUMBS%20500X500/23894.JPG,tabs/detalle-producto/23894,1.460.000,1.460.000,1.460.000,USD,1,,"{""MARCA"":[""RIMITH""],""CATEGORIA"":[""Embutidos""]}","[""Embutidos""]",,https://riba.app/imgrs/THUMBS%20500X500/23894.JPG,0,0,"[""89""]",1.460.000,2026-05-11 15:30:52
21711700000,PERNIL AHUMADO RIMITH,PERNIL AHUMADO RIMITH,PERNIL AHUMADO RIMITH,insert,1,https://riba.app/imgrs/THUMBS%20500X500/23877.JPG,tabs/detalle-producto/23877,2.267.000,2.267.000,2.267.000,USD,1,,"{""MARCA"":[""RIMITH""],""CATEGORIA"":[""Embutidos""]}","[""Embutidos""]",,https://riba.app/imgrs/THUMBS%20500X500/23877.JPG,0,0,"[""89""]",2.267.000,2026-05-11 15:30:52
21711800000,JAMON (PERNIL) HOSTER RIMITH,JAMON (PERNIL) HOSTER RIMITH,JAMON (PERNIL) HOSTER RIMITH,insert,1,https://riba.app/imgrs/THUMBS%20500X500/23858.JPG,tabs/detalle-producto/23858,2.271.000,2.271.000,2.271.000,USD,1,,"{""MARCA"":[""RIMITH""],""CATEGORIA"":[""Embutidos""]}","[""Embutidos""]",,https://riba.app/imgrs/THUMBS%20500X500/23858.JPG,0,0,"[""89""]",2.271.000,2026-05-11 15:30:52
21711900000,PEPERONI ENTERO RIMITH,PEPERONI ENTERO RIMITH,PEPERONI ENTERO RIMITH,insert,1,https://riba.app/imgrs/THUMBS%20500X500/23875.JPG,tabs/detalle-producto/23875,1.084.000,1.084.000,1.084.000,USD,1,,"{""MARCA"":[""RIMITH""],""CATEGORIA"":[""Embutidos""]}","[""Embutidos""]",,https://riba.app/imgrs/THUMBS%20500X500/23875.JPG,0,0,"[""89""]",1.084.000,2026-05-11 15:30:52
21712000000,SALAMI ENTERO RIMITH,SALAMI ENTERO RIMITH,SALAMI ENTERO RIMITH,insert,1,https://riba.app/imgrs/THUMBS%20500X500/23886.JPG,tabs/detalle-producto/23886,867.000,867.000,867.000,USD,1,,"{""MARCA"":[""RIMITH""],""CATEGORIA"":[""Embutidos""]}","[""Embutidos""]",,https://riba.app/imgrs/THUMBS%20500X500/23886.JPG,0,0,"[""89""]",867.000,2026-05-11 15:30:52
21712200000,ROAST BEEF RIMITH,ROAST BEEF RIMITH,ROAST BEEF RIMITH,insert,1,https://riba.app/imgrs/THUMBS%20500X500/23884.JPG,tabs/detalle-producto/23884,1.811.000,1.811.000,1.811.000,USD,1,,"{""MARCA"":[""RIMITH""],""CATEGORIA"":[""Embutidos""]}","[""Embutidos""]",,https://riba.app/imgrs/THUMBS%20500X500/23884.JPG,0,0,"[""89""]",1.811.000,2026-05-11 15:30:52
21712300000,PERNIL HORNEADO RIMITH,PERNIL HORNEADO RIMITH,PERNIL HORNEADO RIMITH,insert,1,https://riba.app/imgrs/THUMBS%20500X500/23883.JPG,tabs/detalle-producto/23883,2.160.000,2.160.000,2.160.000,USD,1,,"{""MARCA"":[""RIMITH""],""CATEGORIA"":[""Embutidos""]}","[""Embutidos""]",,https://riba.app/imgrs/THUMBS%20500X500/23883.JPG,0,0,"[""89""]",2.160.000,2026-05-11 15:30:52
21712500000,CITTERIO COTTO-TOMATO BASIL,CITTERIO COTTO-TOMATO BASIL,CITTERIO COTTO-TOMATO BASIL,insert,1,https://riba.app/imgrs/THUMBS%20500X500/207905.JPG,tabs/detalle-producto/207905,2.420.000,2.420.000,2.420.000,USD,1,,"{""MARCA"":[""CITTERIO""],""CATEGORIA"":[""Embutidos""]}","[""Embutidos""]",,https://riba.app/imgrs/THUMBS%20500X500/207905.JPG,0,0,"[""89""]",2.420.000,2026-05-11 15:30:52
21712700000,CHULETA REBANADAS RIMITH,CHULETA REBANADAS RIMITH,CHULETA REBANADAS RIMITH,insert,1,https://riba.app/imgrs/THUMBS%20500X500/23834.JPG,tabs/detalle-producto/23834,1.214.000,1.214.000,1.214.000,USD,1,,"{""MARCA"":[""RIMITH""],""CATEGORIA"":[""Carnes""]}","[""Carnes""]",,https://riba.app/imgrs/THUMBS%20500X500/23834.JPG,0,0,"[""90""]",1.214.000,2026-05-11 15:30:52
21712800000,CHORIZO CRIOLLO T 32,CHORIZO CRIOLLO T 32,CHORIZO CRIOLLO T 32,insert,1,https://riba.app/imgrs/THUMBS%20500X500/23825.JPG,tabs/detalle-producto/23825,980.000,980.000,980.000,USD,1,,"{""MARCA"":[""RIMITH""],""CATEGORIA"":[""Embutidos""]}","[""Embutidos""]",,https://riba.app/imgrs/THUMBS%20500X500/23825.JPG,0,0,"[""89""]",980.000,2026-05-11 15:30:52
21712900000,CHORIZO ESPECIAL T 32 BOLSA,CHORIZO ESPECIAL T 32 BOLSA,CHORIZO ESPECIAL T 32 BOLSA,insert,1,https://riba.app/imgrs/THUMBS%20500X500/23826.JPG,tabs/detalle-producto/23826,840.000,840.000,840.000,USD,1,,"{""MARCA"":[""RIMITH""],""CATEGORIA"":[""Embutidos""]}","[""Embutidos""]",,https://riba.app/imgrs/THUMBS%20500X500/23826.JPG,0,0,"[""89""]",840.000,2026-05-11 15:30:52
21713000000,SALCHICHA JUMBO,SALCHICHA JUMBO,SALCHICHA JUMBO,insert,1,https://riba.app/imgrs/THUMBS%20500X500/23843.JPG,tabs/detalle-producto/23843,596.000,596.000,596.000,USD,1,,"{""MARCA"":[""RIMITH""],""CATEGORIA"":[""Embutidos""]}","[""Embutidos""]",,https://riba.app/imgrs/THUMBS%20500X500/23843.JPG,0,0,"[""89""]",596.000,2026-05-11 15:30:52
21713200000,BACON CANADIAN RIMITH,BACON CANADIAN RIMITH,BACON CANADIAN RIMITH,insert,1,https://riba.app/imgrs/THUMBS%20500X500/23817.JPG,tabs/detalle-producto/23817,2.280.000,2.280.000,2.280.000,USD,1,,"{""MARCA"":[""RIMITH""],""CATEGORIA"":[""Embutidos""]}","[""Embutidos""]",,https://riba.app/imgrs/THUMBS%20500X500/23817.JPG,0,0,"[""89""]",2.280.000,2026-05-11 15:30:52
21713500000,PICNIC PALETA HUESO AHUMADA PRECIO POR KILOGRAMO,PICNIC PALETA HUESO AHUMADA PRECIO POR KILOGRAMO,PICNIC PALETA HUESO AHUMADA PRECIO POR KILOGRAMO,insert,1,https://riba.app/imgrs/THUMBS%20500X500/23879.JPG,tabs/detalle-producto/23879,925.000,925.000,925.000,USD,1,,"{""MARCA"":[""RIMITH""],""CATEGORIA"":[""Carnes""]}","[""Carnes""]",,https://riba.app/imgrs/THUMBS%20500X500/23879.JPG,0,0,"[""90""]",925.000,2026-05-11 15:30:52
21713700000,JAMON VIRGINIA DE PAVO ,JAMON VIRGINIA DE PAVO ,JAMON VIRGINIA DE PAVO ,insert,1,https://riba.app/imgrs/THUMBS%20500X500/110693.JPG,tabs/detalle-producto/110693,1.495.000,1.495.000,1.495.000,USD,1,,"{""MARCA"":[""RIMITH""],""CATEGORIA"":[""Embutidos""]}","[""Embutidos""]",,https://riba.app/imgrs/THUMBS%20500X500/110693.JPG,0,0,"[""89""]",1.495.000,2026-05-11 15:30:52
21713800000,JAMON DE PAVO COCIDO ESENCIAL,JAMON DE PAVO COCIDO ESENCIAL,JAMON DE PAVO COCIDO ESENCIAL,insert,1,https://riba.app/imgrs/THUMBS%20500X500/29909.JPG,tabs/detalle-producto/29909,886.000,886.000,886.000,USD,1,,"{""MARCA"":[""RIMITH""],""CATEGORIA"":[""Embutidos""]}","[""Embutidos""]",,https://riba.app/imgrs/THUMBS%20500X500/29909.JPG,0,0,"[""89""]",886.000,2026-05-11 15:30:52
21715000000,PROSCIUTTO DI PARMA DOP DESH,PROSCIUTTO DI PARMA DOP DESH,PROSCIUTTO DI PARMA DOP DESH,insert,1,https://riba.app/imgrs/THUMBS%20500X500/230497.JPG,tabs/detalle-producto/230497,3.930.000,3.930.000,3.930.000,USD,1,,"{""MARCA"":[""BERETTA""],""CATEGORIA"":[""Embutidos""]}","[""Embutidos""]",,https://riba.app/imgrs/THUMBS%20500X500/230497.JPG,0,0,"[""89""]",3.930.000,2026-05-11 15:30:52
21715700000,IMPERIAL HAM COOKED 35%,IMPERIAL HAM COOKED 35%,IMPERIAL HAM COOKED 35%,insert,1,https://riba.app/imgrs/THUMBS%20500X500/234096.JPG,tabs/detalle-producto/234096,1.000.000,1.000.000,1.000.000,USD,1,,"{""MARCA"":[""EL TORO""],""CATEGORIA"":[""Embutidos""]}","[""Embutidos""]",,https://riba.app/imgrs/THUMBS%20500X500/234096.JPG,0,0,"[""89""]",1.000.000,2026-05-11 15:30:52
21716500000,JAMON AHUMADO TIPO SERRANO,JAMON AHUMADO TIPO SERRANO,JAMON AHUMADO TIPO SERRANO,insert,1,https://riba.app/imgrs/THUMBS%20500X500/168261.JPG,tabs/detalle-producto/168261,1.640.000,1.640.000,1.640.000,USD,1,,"{""MARCA"":[""EL TORO""],""CATEGORIA"":[""Embutidos""]}","[""Embutidos""]",,https://riba.app/imgrs/THUMBS%20500X500/168261.JPG,0,0,"[""89""]",1.640.000,2026-05-11 15:30:52
21717200000,SANTA FE STYLE TURKEY BREAST,SANTA FE STYLE TURKEY BREAST,SANTA FE STYLE TURKEY BREAST,insert,1,https://riba.app/imgrs/THUMBS%20500X500/201302.JPG,tabs/detalle-producto/201302,2.595.000,2.595.000,2.595.000,USD,1,,"{""MARCA"":[""DIETZ & WATSON""],""CATEGORIA"":[""Embutidos""]}","[""Embutidos""]",,https://riba.app/imgrs/THUMBS%20500X500/201302.JPG,0,0,"[""89""]",2.595.000,2026-05-11 15:30:52
21717600000,DW SALAMI GENOA HALF ,DW SALAMI GENOA HALF ,DW SALAMI GENOA HALF ,insert,1,https://riba.app/imgrs/THUMBS%20500X500/13116.JPG,tabs/detalle-producto/13116,2.331.000,2.331.000,2.331.000,USD,1,,"{""MARCA"":[""DIETZ & WATSON""],""CATEGORIA"":[""Embutidos""]}","[""Embutidos""]",,https://riba.app/imgrs/THUMBS%20500X500/13116.JPG,0,0,"[""89""]",2.331.000,2026-05-11 15:30:52
21717700000,DW CHICKEN BREAST ,DW CHICKEN BREAST ,DW CHICKEN BREAST ,insert,1,https://riba.app/imgrs/THUMBS%20500X500/13115.JPG,tabs/detalle-producto/13115,2.015.000,2.015.000,2.015.000,USD,1,,"{""MARCA"":[""DIETZ & WATSON""],""CATEGORIA"":[""Embutidos""]}","[""Embutidos""]",,https://riba.app/imgrs/THUMBS%20500X500/13115.JPG,0,0,"[""89""]",2.015.000,2026-05-11 15:30:52
21717800000,DW PROSCUITO HALF,DW PROSCUITO HALF,DW PROSCUITO HALF,insert,1,https://riba.app/imgrs/THUMBS%20500X500/13121.JPG,tabs/detalle-producto/13121,3.416.000,3.416.000,3.416.000,USD,1,,"{""MARCA"":[""DIETZ & WATSON""],""CATEGORIA"":[""Embutidos""]}","[""Embutidos""]",,https://riba.app/imgrs/THUMBS%20500X500/13121.JPG,0,0,"[""89""]",3.416.000,2026-05-11 15:30:52
21718000000,ROLLO PECHUGA DE POLLO MELO,ROLLO PECHUGA DE POLLO MELO,ROLLO PECHUGA DE POLLO MELO,insert,1,https://riba.app/imgrs/THUMBS%20500X500/13118.JPG,tabs/detalle-producto/13118,1.138.000,1.138.000,1.138.000,USD,1,,"{""MARCA"":[""MELO""],""CATEGORIA"":[""Embutidos""]}","[""Embutidos""]",,https://riba.app/imgrs/THUMBS%20500X500/13118.JPG,0,0,"[""89""]",1.138.000,2026-05-11 15:30:52
21718100000,SMITH FIELD CRUNCHY GLAZE,SMITH FIELD CRUNCHY GLAZE,SMITH FIELD CRUNCHY GLAZE,insert,1,https://riba.app/imgrs/THUMBS%20500X500/234176.JPG,tabs/detalle-producto/234176,1.215.000,1.215.000,1.215.000,USD,1,,"{""MARCA"":[""SMITHFIELD""],""CATEGORIA"":[""Carnes""]}","[""Carnes""]",,https://riba.app/imgrs/THUMBS%20500X500/234176.JPG,0,0,"[""90""]",1.215.000,2026-05-11 15:30:52
21718400000,ROLLO PECHUGA ,ROLLO PECHUGA ,ROLLO PECHUGA ,insert,1,https://riba.app/imgrs/THUMBS%20500X500/29838.JPG,tabs/detalle-producto/29838,994.000,994.000,994.000,USD,1,,"{""MARCA"":[""TOLEDANO""],""CATEGORIA"":[""Embutidos""]}","[""Embutidos""]",,https://riba.app/imgrs/THUMBS%20500X500/29838.JPG,0,0,"[""89""]",994.000,2026-05-11 15:30:52
21718600000,NATURALLY HICKORY SMOKED,NATURALLY HICKORY SMOKED,NATURALLY HICKORY SMOKED,insert,1,https://riba.app/imgrs/THUMBS%20500X500/234167.JPG,tabs/detalle-producto/234167,1.076.000,1.076.000,1.076.000,USD,1,,"{""MARCA"":[""SMITHFIELD""],""CATEGORIA"":[""Carnes""]}","[""Carnes""]",,https://riba.app/imgrs/THUMBS%20500X500/234167.JPG,0,0,"[""90""]",1.076.000,2026-05-11 15:30:52
21718900000,PECHUGA PAVO ASADO BBALL,PECHUGA PAVO ASADO BBALL,PECHUGA PAVO ASADO BBALL,insert,1,https://riba.app/imgrs/THUMBS%20500X500/300343.JPG,tabs/detalle-producto/300343,2.563.000,2.563.000,2.563.000,USD,1,,"{""MARCA"":[""BUTTERBALL FRIO""],""CATEGORIA"":[""Embutidos""]}","[""Embutidos""]",,https://riba.app/imgrs/THUMBS%20500X500/300343.JPG,0,0,"[""89""]",2.563.000,2026-05-11 15:30:52
21719000000,SMITH F BROWN SUGAR SPIRAL HAM,SMITH F BROWN SUGAR SPIRAL HAM,SMITH F BROWN SUGAR SPIRAL HAM,insert,1,https://riba.app/imgrs/THUMBS%20500X500/234168.JPG,tabs/detalle-producto/234168,1.419.000,1.419.000,1.419.000,USD,1,,"{""MARCA"":[""SMITHFIELD""],""CATEGORIA"":[""Carnes Preparadas""]}","[""Carnes Preparadas""]",,https://riba.app/imgrs/THUMBS%20500X500/234168.JPG,0,0,"[""95""]",1.419.000,2026-05-11 15:30:52
21719500000,PECHUGA POLLO A LA FINA HIERBA,PECHUGA POLLO A LA FINA HIERBA,PECHUGA POLLO A LA FINA HIERBA,insert,1,https://riba.app/imgrs/THUMBS%20500X500/4717.JPG,tabs/detalle-producto/4717,1.127.000,1.127.000,1.127.000,USD,1,,"{""MARCA"":[""TOLEDANO""],""CATEGORIA"":[""Embutidos""]}","[""Embutidos""]",,https://riba.app/imgrs/THUMBS%20500X500/4717.JPG,0,0,"[""89""]",1.127.000,2026-05-11 15:30:52
21719900000,SALAMI HARD CITTERIO,SALAMI HARD CITTERIO,SALAMI HARD CITTERIO,insert,1,https://riba.app/imgrs/THUMBS%20500X500/18124.JPG,tabs/detalle-producto/18124,1.613.000,1.613.000,1.613.000,USD,1,,"{""MARCA"":[""CITTERIO""],""CATEGORIA"":[""Embutidos""]}","[""Embutidos""]",,https://riba.app/imgrs/THUMBS%20500X500/18124.JPG,0,0,"[""89""]",1.613.000,2026-05-11 15:30:52
21720000000,SALAMI GENOA CITTERIO,SALAMI GENOA CITTERIO,SALAMI GENOA CITTERIO,insert,1,https://riba.app/imgrs/THUMBS%20500X500/18122.JPG,tabs/detalle-producto/18122,1.705.000,1.705.000,1.705.000,USD,1,,"{""MARCA"":[""CITTERIO""],""CATEGORIA"":[""Embutidos""]}","[""Embutidos""]",,https://riba.app/imgrs/THUMBS%20500X500/18122.JPG,0,0,"[""89""]",1.705.000,2026-05-11 15:30:52
21722800000,CHORIZO CANTIMPALO,CHORIZO CANTIMPALO,CHORIZO CANTIMPALO,insert,1,https://riba.app/imgrs/THUMBS%20500X500/29800.JPG,tabs/detalle-producto/29800,2.795.000,2.795.000,2.795.000,USD,1,,"{""MARCA"":[""FIORUCCI""],""CATEGORIA"":[""Embutidos""]}","[""Embutidos""]",,https://riba.app/imgrs/THUMBS%20500X500/29800.JPG,0,0,"[""89""]",2.795.000,2026-05-11 15:30:52
21723100000,SALAMI GENOA,SALAMI GENOA,SALAMI GENOA,insert,1,https://riba.app/imgrs/THUMBS%20500X500/4719.JPG,tabs/detalle-producto/4719,2.326.000,2.326.000,2.326.000,USD,1,,"{""MARCA"":[""HORMEL""],""CATEGORIA"":[""Embutidos""]}","[""Embutidos""]",,https://riba.app/imgrs/THUMBS%20500X500/4719.JPG,0,0,"[""89""]",2.326.000,2026-05-11 15:30:52
21723700000,PEPPERONI  FIORUCCI  ,PEPPERONI  FIORUCCI  ,PEPPERONI  FIORUCCI  ,insert,1,https://riba.app/imgrs/THUMBS%20500X500/47829.JPG,tabs/detalle-producto/47829,2.422.000,2.422.000,2.422.000,USD,1,,"{""MARCA"":[""FIORUCCI""],""CATEGORIA"":[""Embutidos""]}","[""Embutidos""]",,https://riba.app/imgrs/THUMBS%20500X500/47829.JPG,0,0,"[""89""]",2.422.000,2026-05-11 15:30:52
21724900000,JAMON DE CERDO ESENCIAL,JAMON DE CERDO ESENCIAL,JAMON DE CERDO ESENCIAL,insert,1,https://riba.app/imgrs/THUMBS%20500X500/22077.JPG,tabs/detalle-producto/22077,697.000,697.000,697.000,USD,1,,"{""MARCA"":[""RIMITH""],""CATEGORIA"":[""Embutidos""]}","[""Embutidos""]",,https://riba.app/imgrs/THUMBS%20500X500/22077.JPG,0,0,"[""89""]",697.000,2026-05-11 15:30:52
21725200000,PERNIL C/HUESO AHUMADO PEDAZO PRECIO POR KILOGRAMO,PERNIL C/HUESO AHUMADO PEDAZO PRECIO POR KILOGRAMO,PERNIL C/HUESO AHUMADO PEDAZO PRECIO POR KILOGRAMO,insert,1,https://riba.app/imgrs/THUMBS%20500X500/29312.JPG,tabs/detalle-producto/29312,1.210.000,1.210.000,1.210.000,USD,1,,"{""MARCA"":[""RIMITH""],""CATEGORIA"":[""Carnes""]}","[""Carnes""]",,https://riba.app/imgrs/THUMBS%20500X500/29312.JPG,0,0,"[""90""]",1.210.000,2026-05-11 15:30:52
21725300000,PECHUGA DE PAVO AHUMADA,PECHUGA DE PAVO AHUMADA,PECHUGA DE PAVO AHUMADA,insert,1,https://riba.app/imgrs/THUMBS%20500X500/4698.JPG,tabs/detalle-producto/4698,2.118.000,2.118.000,2.118.000,USD,1,,"{""MARCA"":[""CAMPO FINO""],""CATEGORIA"":[""Embutidos""]}","[""Embutidos""]",,https://riba.app/imgrs/THUMBS%20500X500/4698.JPG,0,0,"[""89""]",2.118.000,2026-05-11 15:30:52
21725500000,PEPERONI REBANADO IMPORTADO,PEPERONI REBANADO IMPORTADO,PEPERONI REBANADO IMPORTADO,insert,1,https://riba.app/imgrs/THUMBS%20500X500/242367.JPG,tabs/detalle-producto/242367,1.795.000,1.795.000,1.795.000,USD,1,,"{""MARCA"":[""HORMEL""],""CATEGORIA"":[""Embutidos""]}","[""Embutidos""]",,https://riba.app/imgrs/THUMBS%20500X500/242367.JPG,0,0,"[""89""]",1.795.000,2026-05-11 15:30:52
21726000000,CHORIZO IBERICO DE CEBO,CHORIZO IBERICO DE CEBO,CHORIZO IBERICO DE CEBO,insert,1,https://riba.app/imgrs/THUMBS%20500X500/216814.JPG,tabs/detalle-producto/216814,2.159.000,2.159.000,2.159.000,USD,1,,"{""MARCA"":[""CESAR NIETO""],""CATEGORIA"":[""Embutidos""]}","[""Embutidos""]",,https://riba.app/imgrs/THUMBS%20500X500/216814.JPG,0,0,"[""89""]",2.159.000,2026-05-11 15:30:52
21726200000,SALAMI PALACIEGO,SALAMI PALACIEGO,SALAMI PALACIEGO,insert,1,https://riba.app/imgrs/THUMBS%20500X500/217015.JPG,tabs/detalle-producto/217015,1.893.000,1.893.000,1.893.000,USD,1,,"{""MARCA"":[""CAMPOFRIO""],""CATEGORIA"":[""Embutidos""]}","[""Embutidos""]",,https://riba.app/imgrs/THUMBS%20500X500/217015.JPG,0,0,"[""89""]",1.893.000,2026-05-11 15:30:52
21726300000,JAMON DE PIERNA ESENCIAL,JAMON DE PIERNA ESENCIAL,JAMON DE PIERNA ESENCIAL,insert,1,https://riba.app/imgrs/THUMBS%20500X500/32194.JPG,tabs/detalle-producto/32194,1.105.000,1.105.000,1.105.000,USD,1,,"{""MARCA"":[""RIMITH""],""CATEGORIA"":[""Embutidos""]}","[""Embutidos""]",,https://riba.app/imgrs/THUMBS%20500X500/32194.JPG,0,0,"[""89""]",1.105.000,2026-05-11 15:30:52
21726600000,SALCHICHON GRAN SERRANO,SALCHICHON GRAN SERRANO,SALCHICHON GRAN SERRANO,insert,1,https://riba.app/imgrs/THUMBS%20500X500/217023.JPG,tabs/detalle-producto/217023,2.335.000,2.335.000,2.335.000,USD,1,,"{""MARCA"":[""CAMPOFRIO""],""CATEGORIA"":[""Embutidos""]}","[""Embutidos""]",,https://riba.app/imgrs/THUMBS%20500X500/217023.JPG,0,0,"[""89""]",2.335.000,2026-05-11 15:30:52
21726800000,JAMON SERRANO DESHUESADO,JAMON SERRANO DESHUESADO,JAMON SERRANO DESHUESADO,insert,1,https://riba.app/imgrs/THUMBS%20500X500/217039.JPG,tabs/detalle-producto/217039,2.612.000,2.612.000,2.612.000,USD,1,,"{""MARCA"":[""CAMPOFRIO""],""CATEGORIA"":[""Embutidos""]}","[""Embutidos""]",,https://riba.app/imgrs/THUMBS%20500X500/217039.JPG,0,0,"[""89""]",2.612.000,2026-05-11 15:30:52
21727300000,PERNIL C/HUESO AHUMADO ENTERO PRECIO POR KILOGRAMO,PERNIL C/HUESO AHUMADO ENTERO PRECIO POR KILOGRAMO,PERNIL C/HUESO AHUMADO ENTERO PRECIO POR KILOGRAMO,insert,1,https://riba.app/imgrs/THUMBS%20500X500/23881.JPG,tabs/detalle-producto/23881,1.170.000,1.170.000,1.170.000,USD,1,,"{""MARCA"":[""RIMITH""],""CATEGORIA"":[""Carnes""]}","[""Carnes""]",,https://riba.app/imgrs/THUMBS%20500X500/23881.JPG,0,0,"[""90""]",1.170.000,2026-05-11 15:30:52
21727400000,"GIANNI NEGRINI
","GIANNI NEGRINI
","GIANNI NEGRINI
",insert,1,https://riba.app/imgrs/THUMBS%20500X500/53712.JPG,tabs/detalle-producto/53712,2.185.000,2.185.000,2.185.000,USD,1,,"{""MARCA"":[""GIANNI NEGRINI""],""CATEGORIA"":[""Embutidos""]}","[""Embutidos""]",,https://riba.app/imgrs/THUMBS%20500X500/53712.JPG,0,0,"[""89""]",2.185.000,2026-05-11 15:30:52
21727800000,JAMON DE PECHUGA DE POLLO,JAMON DE PECHUGA DE POLLO,JAMON DE PECHUGA DE POLLO,insert,1,https://riba.app/imgrs/THUMBS%20500X500/56617.JPG,tabs/detalle-producto/56617,822.000,822.000,822.000,USD,1,,"{""MARCA"":[""TOLEDANO""],""CATEGORIA"":[""Embutidos""]}","[""Embutidos""]",,https://riba.app/imgrs/THUMBS%20500X500/56617.JPG,0,0,"[""89""]",822.000,2026-05-11 15:30:52
21728100000,JAMON DE PIERNA PREMIUM LABEL,JAMON DE PIERNA PREMIUM LABEL,JAMON DE PIERNA PREMIUM LABEL,insert,1,https://riba.app/imgrs/THUMBS%20500X500/20492.JPG,tabs/detalle-producto/20492,1.795.000,1.795.000,1.795.000,USD,1,,"{""MARCA"":[""RIMITH""],""CATEGORIA"":[""Embutidos""]}","[""Embutidos""]",,https://riba.app/imgrs/THUMBS%20500X500/20492.JPG,0,0,"[""89""]",1.795.000,2026-05-11 15:30:52
21728300000,SALAMI ALERCE WITH HERBS,SALAMI ALERCE WITH HERBS,SALAMI ALERCE WITH HERBS,insert,1,https://riba.app/imgrs/THUMBS%20500X500/221929.JPG,tabs/detalle-producto/221929,1.927.000,1.927.000,1.927.000,USD,1,,"{""MARCA"":[""CAMPOFRIO""],""CATEGORIA"":[""Embutidos""]}","[""Embutidos""]",,https://riba.app/imgrs/THUMBS%20500X500/221929.JPG,0,0,"[""89""]",1.927.000,2026-05-11 15:30:52
21728600000,JAMON SERRANO DESHUES MOLDEADO,JAMON SERRANO DESHUES MOLDEADO,JAMON SERRANO DESHUES MOLDEADO,insert,1,https://riba.app/imgrs/THUMBS%20500X500/221936.JPG,tabs/detalle-producto/221936,3.088.000,3.088.000,3.088.000,USD,1,,"{""MARCA"":[""CAMPOFRIO""],""CATEGORIA"":[""Embutidos""]}","[""Embutidos""]",,https://riba.app/imgrs/THUMBS%20500X500/221936.JPG,0,0,"[""89""]",3.088.000,2026-05-11 15:30:52
21729100000,PASTRAMI DE RES ENTERO RIMITH,PASTRAMI DE RES ENTERO RIMITH,PASTRAMI DE RES ENTERO RIMITH,insert,1,https://riba.app/imgrs/THUMBS%20500X500/23874.JPG,tabs/detalle-producto/23874,1.916.000,1.916.000,1.916.000,USD,1,,"{""MARCA"":[""RIMITH""],""CATEGORIA"":[""Embutidos""]}","[""Embutidos""]",,https://riba.app/imgrs/THUMBS%20500X500/23874.JPG,0,0,"[""89""]",1.916.000,2026-05-11 15:30:52
21729300000,PECHUGA DE PAVO COCIDO IMPORT,PECHUGA DE PAVO COCIDO IMPORT,PECHUGA DE PAVO COCIDO IMPORT,insert,1,https://riba.app/imgrs/THUMBS%20500X500/4721.JPG,tabs/detalle-producto/4721,2.501.000,2.501.000,2.501.000,USD,1,,"{""MARCA"":[""HORMEL""],""CATEGORIA"":[""Embutidos""]}","[""Embutidos""]",,https://riba.app/imgrs/THUMBS%20500X500/4721.JPG,0,0,"[""89""]",2.501.000,2026-05-11 15:30:52
21729800000,PECHUGA PAVO AHUMADO IMPORTADA,PECHUGA PAVO AHUMADO IMPORTADA,PECHUGA PAVO AHUMADO IMPORTADA,insert,1,https://riba.app/imgrs/THUMBS%20500X500/4722.JPG,tabs/detalle-producto/4722,2.858.000,2.858.000,2.858.000,USD,1,,"{""MARCA"":[""HORMEL""],""CATEGORIA"":[""Embutidos""]}","[""Embutidos""]",,https://riba.app/imgrs/THUMBS%20500X500/4722.JPG,0,0,"[""89""]",2.858.000,2026-05-11 15:30:52
21730100000,PROSCIUTTO SAN DANIELE DOP HUE,PROSCIUTTO SAN DANIELE DOP HUE,PROSCIUTTO SAN DANIELE DOP HUE,insert,1,https://riba.app/imgrs/THUMBS%20500X500/230499.JPG,tabs/detalle-producto/230499,3.168.000,3.168.000,3.168.000,USD,1,,"{""MARCA"":[""BERETTA""],""CATEGORIA"":[""Embutidos""]}","[""Embutidos""]",,https://riba.app/imgrs/THUMBS%20500X500/230499.JPG,0,0,"[""89""]",3.168.000,2026-05-11 15:30:52
21730300000,PROSCIUTTO SAN DANIELE DOP DES,PROSCIUTTO SAN DANIELE DOP DES,PROSCIUTTO SAN DANIELE DOP DES,insert,1,https://riba.app/imgrs/THUMBS%20500X500/230500.JPG,tabs/detalle-producto/230500,4.647.000,4.647.000,4.647.000,USD,1,,"{""MARCA"":[""BERETTA""],""CATEGORIA"":[""Embutidos""]}","[""Embutidos""]",,https://riba.app/imgrs/THUMBS%20500X500/230500.JPG,0,0,"[""89""]",4.647.000,2026-05-11 15:30:52
21730500000,PECHUGA POLLO ROST MELO,PECHUGA POLLO ROST MELO,PECHUGA POLLO ROST MELO,insert,1,https://riba.app/imgrs/THUMBS%20500X500/13119.JPG,tabs/detalle-producto/13119,1.281.000,1.281.000,1.281.000,USD,1,,"{""MARCA"":[""MELO""],""CATEGORIA"":[""Embutidos""]}","[""Embutidos""]",,https://riba.app/imgrs/THUMBS%20500X500/13119.JPG,0,0,"[""89""]",1.281.000,2026-05-11 15:30:52
21730600000,BROWN SUGAR & MOLASSES HAM,BROWN SUGAR & MOLASSES HAM,BROWN SUGAR & MOLASSES HAM,insert,1,https://riba.app/imgrs/THUMBS%20500X500/242986.JPG,tabs/detalle-producto/242986,2.400.000,2.400.000,2.400.000,USD,1,,"{""MARCA"":[""DIETZ & WATSON""],""CATEGORIA"":[""Embutidos""]}","[""Embutidos""]",,https://riba.app/imgrs/THUMBS%20500X500/242986.JPG,0,0,"[""89""]",2.400.000,2026-05-11 15:30:52
21731000000,MORTADELLA GRAN SIGILLO,MORTADELLA GRAN SIGILLO,MORTADELLA GRAN SIGILLO,insert,1,https://riba.app/imgrs/THUMBS%20500X500/230501.JPG,tabs/detalle-producto/230501,1.795.000,1.795.000,1.795.000,USD,1,,"{""MARCA"":[""BERETTA""],""CATEGORIA"":[""Embutidos""]}","[""Embutidos""]",,https://riba.app/imgrs/THUMBS%20500X500/230501.JPG,0,0,"[""89""]",1.795.000,2026-05-11 15:30:52
21731300000,CHULETA AHUMADA ESENCIAL PLATO,CHULETA AHUMADA ESENCIAL PLATO,CHULETA AHUMADA ESENCIAL PLATO,insert,1,https://riba.app/imgrs/THUMBS%20500X500/47777.JPG,tabs/detalle-producto/47777,795.000,795.000,795.000,USD,1,,"{""MARCA"":[""RIMITH""],""CATEGORIA"":[""Carnes""]}","[""Carnes""]",,https://riba.app/imgrs/THUMBS%20500X500/47777.JPG,0,0,"[""90""]",795.000,2026-05-11 15:30:52
21731800000,CHORIZO IBERICO BELLOTA,CHORIZO IBERICO BELLOTA,CHORIZO IBERICO BELLOTA,insert,1,https://riba.app/imgrs/THUMBS%20500X500/227298.JPG,tabs/detalle-producto/227298,5.990.000,5.990.000,5.990.000,USD,1,,"{""MARCA"":[""JOSELITO ""],""CATEGORIA"":[""Embutidos""]}","[""Embutidos""]",,https://riba.app/imgrs/THUMBS%20500X500/227298.JPG,0,0,"[""89""]",5.990.000,2026-05-11 15:30:52
21732900000,CREMNLLI CALABRSSE SALAME,CREMNLLI CALABRSSE SALAME,CREMNLLI CALABRSSE SALAME,insert,1,https://riba.app/imgrs/THUMBS%20500X500/243871.JPG,tabs/detalle-producto/243871,3.431.000,3.431.000,3.431.000,USD,1,,"{""MARCA"":[""CREMINELLI""],""CATEGORIA"":[""Embutidos""]}","[""Embutidos""]",,https://riba.app/imgrs/THUMBS%20500X500/243871.JPG,0,0,"[""89""]",3.431.000,2026-05-11 15:30:52
21733100000,LOMO IBERICO BELLOTA,LOMO IBERICO BELLOTA,LOMO IBERICO BELLOTA,insert,1,https://riba.app/imgrs/THUMBS%20500X500/227297.JPG,tabs/detalle-producto/227297,9.195.000,9.195.000,9.195.000,USD,1,,"{""MARCA"":[""JOSELITO ""],""CATEGORIA"":[""Embutidos""]}","[""Embutidos""]",,https://riba.app/imgrs/THUMBS%20500X500/227297.JPG,0,0,"[""89""]",9.195.000,2026-05-11 15:30:52
21733200000,SALCHICHON IBERICO BELLOTA,SALCHICHON IBERICO BELLOTA,SALCHICHON IBERICO BELLOTA,insert,1,https://riba.app/imgrs/THUMBS%20500X500/227300.JPG,tabs/detalle-producto/227300,6.295.000,6.295.000,6.295.000,USD,1,,"{""MARCA"":[""JOSELITO ""],""CATEGORIA"":[""Embutidos""]}","[""Embutidos""]",,https://riba.app/imgrs/THUMBS%20500X500/227300.JPG,0,0,"[""89""]",6.295.000,2026-05-11 15:30:52
21733500000,DW PASTRAMI BRISKET ,DW PASTRAMI BRISKET ,DW PASTRAMI BRISKET ,insert,1,https://riba.app/imgrs/THUMBS%20500X500/244248.JPG,tabs/detalle-producto/244248,2.730.000,2.730.000,2.730.000,USD,1,,"{""MARCA"":[""DIETZ & WATSON""],""CATEGORIA"":[""Embutidos""]}","[""Embutidos""]",,https://riba.app/imgrs/THUMBS%20500X500/244248.JPG,0,0,"[""89""]",2.730.000,2026-05-11 15:30:52
21733900000,PROSCIUTTO COTTO CON TRUFA,PROSCIUTTO COTTO CON TRUFA,PROSCIUTTO COTTO CON TRUFA,insert,1,https://riba.app/imgrs/THUMBS%20500X500/230448.JPG,tabs/detalle-producto/230448,2.430.000,2.430.000,2.430.000,USD,1,,"{""MARCA"":[""GIANNI NEGRINI""],""CATEGORIA"":[""Embutidos""]}","[""Embutidos""]",,https://riba.app/imgrs/THUMBS%20500X500/230448.JPG,0,0,"[""89""]",2.430.000,2026-05-11 15:30:52
21734200000,DW HAM VIRGINIA BRAND WATER,DW HAM VIRGINIA BRAND WATER,DW HAM VIRGINIA BRAND WATER,insert,1,https://riba.app/imgrs/THUMBS%20500X500/244249.JPG,tabs/detalle-producto/244249,2.400.000,2.400.000,2.400.000,USD,1,,"{""MARCA"":[""DIETZ & WATSON""],""CATEGORIA"":[""Embutidos""]}","[""Embutidos""]",,https://riba.app/imgrs/THUMBS%20500X500/244249.JPG,0,0,"[""89""]",2.400.000,2026-05-11 15:30:52
21734400000,PROSCIUTTO PARMA DOP DESHUESAD,PROSCIUTTO PARMA DOP DESHUESAD,PROSCIUTTO PARMA DOP DESHUESAD,insert,1,https://riba.app/imgrs/THUMBS%20500X500/230423.JPG,tabs/detalle-producto/230423,3.480.000,3.480.000,3.480.000,USD,1,,"{""MARCA"":[""GIANNI NEGRINI""],""CATEGORIA"":[""Embutidos""]}","[""Embutidos""]",,https://riba.app/imgrs/THUMBS%20500X500/230423.JPG,0,0,"[""89""]",3.480.000,2026-05-11 15:30:52
21734600000,PROSCIUTTO ASADO CON ESPECIAS,PROSCIUTTO ASADO CON ESPECIAS,PROSCIUTTO ASADO CON ESPECIAS,insert,1,https://riba.app/imgrs/THUMBS%20500X500/230438.JPG,tabs/detalle-producto/230438,2.260.000,2.260.000,2.260.000,USD,1,,"{""MARCA"":[""GIANNI NEGRINI""],""CATEGORIA"":[""Embutidos""]}","[""Embutidos""]",,https://riba.app/imgrs/THUMBS%20500X500/230438.JPG,0,0,"[""89""]",2.260.000,2026-05-11 15:30:52
21734700000,PROSCIUTTO COTTO ALTA QUALITA,PROSCIUTTO COTTO ALTA QUALITA,PROSCIUTTO COTTO ALTA QUALITA,insert,1,https://riba.app/imgrs/THUMBS%20500X500/230436.JPG,tabs/detalle-producto/230436,2.760.000,2.760.000,2.760.000,USD,1,,"{""MARCA"":[""GIANNI NEGRINI""],""CATEGORIA"":[""Embutidos""]}","[""Embutidos""]",,https://riba.app/imgrs/THUMBS%20500X500/230436.JPG,0,0,"[""89""]",2.760.000,2026-05-11 15:30:52
21734900000,ROASTED PORK LOIN,ROASTED PORK LOIN,ROASTED PORK LOIN,insert,1,https://riba.app/imgrs/THUMBS%20500X500/230553.JPG,tabs/detalle-producto/230553,2.314.000,2.314.000,2.314.000,USD,1,,"{""MARCA"":[""GIANNI NEGRINI""],""CATEGORIA"":[""Embutidos""]}","[""Embutidos""]",,https://riba.app/imgrs/THUMBS%20500X500/230553.JPG,0,0,"[""89""]",2.314.000,2026-05-11 15:30:52
21735000000,PROSCIUTTO SAN DANIELE DOP RSV,PROSCIUTTO SAN DANIELE DOP RSV,PROSCIUTTO SAN DANIELE DOP RSV,insert,1,https://riba.app/imgrs/THUMBS%20500X500/230424.JPG,tabs/detalle-producto/230424,3.795.000,3.795.000,3.795.000,USD,1,,"{""MARCA"":[""GIANNI NEGRINI""],""CATEGORIA"":[""Embutidos""]}","[""Embutidos""]",,https://riba.app/imgrs/THUMBS%20500X500/230424.JPG,0,0,"[""89""]",3.795.000,2026-05-11 15:30:52
21735600000,MORTADELLA OLIMPICA CON OLIVE ,MORTADELLA OLIMPICA CON OLIVE ,MORTADELLA OLIMPICA CON OLIVE ,insert,1,https://riba.app/imgrs/THUMBS%20500X500/230428.JPG,tabs/detalle-producto/230428,2.095.000,2.095.000,2.095.000,USD,1,,"{""MARCA"":[""GIANNI NEGRINI""],""CATEGORIA"":[""Embutidos""]}","[""Embutidos""]",,https://riba.app/imgrs/THUMBS%20500X500/230428.JPG,0,0,"[""89""]",2.095.000,2026-05-11 15:30:52
21735700000,MORTADELA PRESATELA PISTACCHIO,MORTADELA PRESATELA PISTACCHIO,MORTADELA PRESATELA PISTACCHIO,insert,1,https://riba.app/imgrs/THUMBS%20500X500/230431.JPG,tabs/detalle-producto/230431,2.195.000,2.195.000,2.195.000,USD,1,,"{""MARCA"":[""GIANNI NEGRINI""],""CATEGORIA"":[""Embutidos""]}","[""Embutidos""]",,https://riba.app/imgrs/THUMBS%20500X500/230431.JPG,0,0,"[""89""]",2.195.000,2026-05-11 15:30:52
21736800000,PROSCUITTO DI PARMA DESHUESADO,PROSCUITTO DI PARMA DESHUESADO,PROSCUITTO DI PARMA DESHUESADO,insert,1,https://riba.app/imgrs/THUMBS%20500X500/50556.JPG,tabs/detalle-producto/50556,3.545.000,3.545.000,3.545.000,USD,1,,"{""MARCA"":[""FIORUCCI""],""CATEGORIA"":[""Embutidos""]}","[""Embutidos""]",,https://riba.app/imgrs/THUMBS%20500X500/50556.JPG,0,0,"[""89""]",3.545.000,2026-05-11 15:30:52
21737100000,EL TORO HAM OLD,EL TORO HAM OLD,EL TORO HAM OLD,insert,1,https://riba.app/imgrs/THUMBS%20500X500/247508.JPG,tabs/detalle-producto/247508,1.848.000,1.848.000,1.848.000,USD,1,,"{""MARCA"":[""EL TORO""],""CATEGORIA"":[""Embutidos""]}","[""Embutidos""]",,https://riba.app/imgrs/THUMBS%20500X500/247508.JPG,0,0,"[""89""]",1.848.000,2026-05-11 15:30:52
21737600000,JAMON DE PIERNA SABOR A MAPLE,JAMON DE PIERNA SABOR A MAPLE,JAMON DE PIERNA SABOR A MAPLE,insert,1,https://riba.app/imgrs/THUMBS%20500X500/50417.JPG,tabs/detalle-producto/50417,1.430.000,1.430.000,1.430.000,USD,1,,"{""MARCA"":[""RIMITH""],""CATEGORIA"":[""Embutidos""]}","[""Embutidos""]",,https://riba.app/imgrs/THUMBS%20500X500/50417.JPG,0,0,"[""89""]",1.430.000,2026-05-11 15:30:52
21740300000,GUANCIALE COTTO,GUANCIALE COTTO,GUANCIALE COTTO,insert,1,https://riba.app/imgrs/THUMBS%20500X500/50876.JPG,tabs/detalle-producto/50876,2.235.000,2.235.000,2.235.000,USD,1,,"{""MARCA"":[""GIANNI NEGRINI""],""CATEGORIA"":[""Embutidos""]}","[""Embutidos""]",,https://riba.app/imgrs/THUMBS%20500X500/50876.JPG,0,0,"[""89""]",2.235.000,2026-05-11 15:30:52
21742100000,DW TURKEY BREAST GOURMET ,DW TURKEY BREAST GOURMET ,DW TURKEY BREAST GOURMET ,insert,1,https://riba.app/imgrs/THUMBS%20500X500/50970.JPG,tabs/detalle-producto/50970,2.595.000,2.595.000,2.595.000,USD,1,,"{""MARCA"":[""DIETZ & WATSON""],""CATEGORIA"":[""Embutidos""]}","[""Embutidos""]",,https://riba.app/imgrs/THUMBS%20500X500/50970.JPG,0,0,"[""89""]",2.595.000,2026-05-11 15:30:52
21743300000,COSTINE COTTE SENZA PRECIO POR KILOGRAMO,COSTINE COTTE SENZA PRECIO POR KILOGRAMO,COSTINE COTTE SENZA PRECIO POR KILOGRAMO,insert,1,https://riba.app/imgrs/THUMBS%20500X500/250660.JPG,tabs/detalle-producto/250660,2.143.000,2.143.000,2.143.000,USD,1,,"{""MARCA"":[""GIANNI NEGRINI""],""CATEGORIA"":[""Carnes Preparadas""]}","[""Carnes Preparadas""]",,https://riba.app/imgrs/THUMBS%20500X500/250660.JPG,0,0,"[""95""]",2.143.000,2026-05-11 15:30:52
21745400000,PROSCIUTTO DI SAN DANIELE,PROSCIUTTO DI SAN DANIELE,PROSCIUTTO DI SAN DANIELE,insert,1,https://riba.app/imgrs/THUMBS%20500X500/332558.JPG,tabs/detalle-producto/332558,4.105.000,4.105.000,4.105.000,USD,1,,"{""MARCA"":[""FIORUCCI""],""CATEGORIA"":[""Embutidos""]}","[""Embutidos""]",,https://riba.app/imgrs/THUMBS%20500X500/332558.JPG,0,0,"[""89""]",4.105.000,2026-05-11 15:30:52
21750200000,INTOKU WAGYU FRANKFRUTER,INTOKU WAGYU FRANKFRUTER,INTOKU WAGYU FRANKFRUTER,insert,1,https://riba.app/imgrs/THUMBS%20500X500/48787.JPG,tabs/detalle-producto/48787,1.873.000,1.873.000,1.873.000,USD,1,,"{""MARCA"":[""INTOKU""],""CATEGORIA"":[""Embutidos""]}","[""Embutidos""]",,https://riba.app/imgrs/THUMBS%20500X500/48787.JPG,0,0,"[""89""]",1.873.000,2026-05-11 15:30:52
21750300000,GUANCE COTTE SENZA,GUANCE COTTE SENZA,GUANCE COTTE SENZA,insert,1,https://riba.app/imgrs/THUMBS%20500X500/50413.JPG,tabs/detalle-producto/50413,3.073.000,3.073.000,3.073.000,USD,1,,"{""MARCA"":[""GIANNI NEGRINI""],""CATEGORIA"":[""Carnes Preparadas""]}","[""Carnes Preparadas""]",,https://riba.app/imgrs/THUMBS%20500X500/50413.JPG,0,0,"[""95""]",3.073.000,2026-05-11 15:30:52
21750500000,PAVO ASADO ENTERO PRECIO POR KILOGRAMO,PAVO ASADO ENTERO PRECIO POR KILOGRAMO,PAVO ASADO ENTERO PRECIO POR KILOGRAMO,insert,1,https://riba.app/imgrs/THUMBS%20500X500/9195.JPG,tabs/detalle-producto/9195,1.170.000,1.170.000,1.170.000,USD,1,,"{""MARCA"":[""RIMITH""],""CATEGORIA"":[""Carnes""]}","[""Carnes""]",,https://riba.app/imgrs/THUMBS%20500X500/9195.JPG,0,0,"[""90""]",1.170.000,2026-05-11 15:30:52
21750600000,JAMON ASADO ENTERO PRECIO POR KILOGRAMO,JAMON ASADO ENTERO PRECIO POR KILOGRAMO,JAMON ASADO ENTERO PRECIO POR KILOGRAMO,insert,1,https://riba.app/imgrs/THUMBS%20500X500/9196.JPG,tabs/detalle-producto/9196,1.365.000,1.365.000,1.365.000,USD,1,,"{""MARCA"":[""RIMITH""],""CATEGORIA"":[""Carnes""]}","[""Carnes""]",,https://riba.app/imgrs/THUMBS%20500X500/9196.JPG,0,0,"[""90""]",1.365.000,2026-05-11 15:30:52
21750700000,PERNIL ASADO PRECIO POR KILOGRAMO,PERNIL ASADO PRECIO POR KILOGRAMO,PERNIL ASADO PRECIO POR KILOGRAMO,insert,1,https://riba.app/imgrs/THUMBS%20500X500/9197.JPG,tabs/detalle-producto/9197,1.565.000,1.565.000,1.565.000,USD,1,,"{""MARCA"":[""RIMITH""],""CATEGORIA"":[""Carnes""]}","[""Carnes""]",,https://riba.app/imgrs/THUMBS%20500X500/9197.JPG,0,0,"[""90""]",1.565.000,2026-05-11 15:30:52
21750900000,DW HAM VIRGINIA UNCURED HAM,DW HAM VIRGINIA UNCURED HAM,DW HAM VIRGINIA UNCURED HAM,insert,1,https://riba.app/imgrs/THUMBS%20500X500/251799.JPG,tabs/detalle-producto/251799,2.080.000,2.080.000,2.080.000,USD,1,,"{""MARCA"":[""DIETZ & WATSON""],""CATEGORIA"":[""Embutidos""]}","[""Embutidos""]",,https://riba.app/imgrs/THUMBS%20500X500/251799.JPG,0,0,"[""89""]",2.080.000,2026-05-11 15:30:52
21752300000,COSTILLAS PREP EN SALSA BBQ,COSTILLAS PREP EN SALSA BBQ,COSTILLAS PREP EN SALSA BBQ,insert,1,https://riba.app/imgrs/THUMBS%20500X500/9200.JPG,tabs/detalle-producto/9200,1.396.000,1.396.000,1.396.000,USD,1,,"{""MARCA"":[""RIMITH""],""CATEGORIA"":[""Carnes Preparadas""]}","[""Carnes Preparadas""]",,https://riba.app/imgrs/THUMBS%20500X500/9200.JPG,0,0,"[""95""]",1.396.000,2026-05-11 15:30:52
21752900000,LECHONA AHUMADA ,LECHONA AHUMADA ,LECHONA AHUMADA ,insert,1,https://riba.app/imgrs/THUMBS%20500X500/253224.JPG,tabs/detalle-producto/253224,1.585.000,1.585.000,1.585.000,USD,1,,"{""MARCA"":[""RIMITH""],""CATEGORIA"":[""Carnes Preparadas""]}","[""Carnes Preparadas""]",,https://riba.app/imgrs/THUMBS%20500X500/253224.JPG,0,0,"[""95""]",1.585.000,2026-05-11 15:30:52
21753300000,KINDRED PEPPER JACK LOAF,KINDRED PEPPER JACK LOAF,KINDRED PEPPER JACK LOAF,insert,1,https://riba.app/imgrs/THUMBS%20500X500/252961.JPG,tabs/detalle-producto/252961,2.395.000,2.395.000,2.395.000,USD,1,,"{""MARCA"":[""KINDRED CREAMERY""],""CATEGORIA"":[""Embutidos""]}","[""Embutidos""]",,https://riba.app/imgrs/THUMBS%20500X500/252961.JPG,0,0,"[""89""]",2.395.000,2026-05-11 15:30:52
21754300000,CITTERIO HOT COOKED CAPICOLA,CITTERIO HOT COOKED CAPICOLA,CITTERIO HOT COOKED CAPICOLA,insert,1,https://riba.app/imgrs/THUMBS%20500X500/253925.JPG,tabs/detalle-producto/253925,2.393.000,2.393.000,2.393.000,USD,1,,"{""MARCA"":[""CITTERIO""],""CATEGORIA"":[""Embutidos""]}","[""Embutidos""]",,https://riba.app/imgrs/THUMBS%20500X500/253925.JPG,0,0,"[""89""]",2.393.000,2026-05-11 15:30:52
21754700000,OVEN ROASTED TRKEY BREAST,OVEN ROASTED TRKEY BREAST,OVEN ROASTED TRKEY BREAST,insert,1,https://riba.app/imgrs/THUMBS%20500X500/253867.JPG,tabs/detalle-producto/253867,2.765.000,2.765.000,2.765.000,USD,1,,"{""MARCA"":[""DIETZ & WATSON""],""CATEGORIA"":[""Embutidos""]}","[""Embutidos""]",,https://riba.app/imgrs/THUMBS%20500X500/253867.JPG,0,0,"[""89""]",2.765.000,2026-05-11 15:30:52
21754800000,TURKEYBREASTAPLLEWOODSMOKE,TURKEYBREASTAPLLEWOODSMOKE,TURKEYBREASTAPLLEWOODSMOKE,insert,1,https://riba.app/imgrs/THUMBS%20500X500/209348.JPG,tabs/detalle-producto/209348,2.545.000,2.545.000,2.545.000,USD,1,,"{""MARCA"":[""DIETZ & WATSON""],""CATEGORIA"":[""Embutidos""]}","[""Embutidos""]",,https://riba.app/imgrs/THUMBS%20500X500/209348.JPG,0,0,"[""89""]",2.545.000,2026-05-11 15:30:52
21755200000,ANGUS ROAST BEEF PREM ALL NATU,ANGUS ROAST BEEF PREM ALL NATU,ANGUS ROAST BEEF PREM ALL NATU,insert,1,https://riba.app/imgrs/THUMBS%20500X500/29252.JPG,tabs/detalle-producto/29252,3.095.000,3.095.000,3.095.000,USD,1,,"{""MARCA"":[""DIETZ & WATSON""],""CATEGORIA"":[""Embutidos""]}","[""Embutidos""]",,https://riba.app/imgrs/THUMBS%20500X500/29252.JPG,0,0,"[""89""]",3.095.000,2026-05-11 15:30:52
21755300000,GOURMET LITE UNCURED COOKED HA,GOURMET LITE UNCURED COOKED HA,GOURMET LITE UNCURED COOKED HA,insert,1,https://riba.app/imgrs/THUMBS%20500X500/25120.JPG,tabs/detalle-producto/25120,1.990.000,1.990.000,1.990.000,USD,1,,"{""MARCA"":[""DIETZ & WATSON""],""CATEGORIA"":[""Embutidos""]}","[""Embutidos""]",,https://riba.app/imgrs/THUMBS%20500X500/25120.JPG,0,0,"[""89""]",1.990.000,2026-05-11 15:30:52
21755400000,TURKEYBREASTMAPLEHONEYGLAZED,TURKEYBREASTMAPLEHONEYGLAZED,TURKEYBREASTMAPLEHONEYGLAZED,insert,1,https://riba.app/imgrs/THUMBS%20500X500/21886.JPG,tabs/detalle-producto/21886,2.595.000,2.595.000,2.595.000,USD,1,,"{""MARCA"":[""DIETZ & WATSON""],""CATEGORIA"":[""Embutidos""]}","[""Embutidos""]",,https://riba.app/imgrs/THUMBS%20500X500/21886.JPG,0,0,"[""89""]",2.595.000,2026-05-11 15:30:52
21755800000,TURKEYBREASTGOURMET LITE,TURKEYBREASTGOURMET LITE,TURKEYBREASTGOURMET LITE,insert,1,https://riba.app/imgrs/THUMBS%20500X500/253870.JPG,tabs/detalle-producto/253870,2.595.000,2.595.000,2.595.000,USD,1,,"{""MARCA"":[""DIETZ & WATSON""],""CATEGORIA"":[""Embutidos""]}","[""Embutidos""]",,https://riba.app/imgrs/THUMBS%20500X500/253870.JPG,0,0,"[""89""]",2.595.000,2026-05-11 15:30:52
21756100000,CHORIZO IBERICO DE BELLOTA,CHORIZO IBERICO DE BELLOTA,CHORIZO IBERICO DE BELLOTA,insert,1,https://riba.app/imgrs/THUMBS%20500X500/254351.JPG,tabs/detalle-producto/254351,3.240.000,3.240.000,3.240.000,USD,1,,"{""MARCA"":[""MARCOS SALAMANCA""],""CATEGORIA"":[""Embutidos""]}","[""Embutidos""]",,https://riba.app/imgrs/THUMBS%20500X500/254351.JPG,0,0,"[""89""]",3.240.000,2026-05-11 15:30:52
21756200000,SALCHICHON IBERICO DE BELLOTA,SALCHICHON IBERICO DE BELLOTA,SALCHICHON IBERICO DE BELLOTA,insert,1,https://riba.app/imgrs/THUMBS%20500X500/254350.JPG,tabs/detalle-producto/254350,3.325.000,3.325.000,3.325.000,USD,1,,"{""MARCA"":[""MARCOS SALAMANCA""],""CATEGORIA"":[""Embutidos""]}","[""Embutidos""]",,https://riba.app/imgrs/THUMBS%20500X500/254350.JPG,0,0,"[""89""]",3.325.000,2026-05-11 15:30:52
21756300000,CAÑA DE LOMO IBERICO BELLOTA,CAÑA DE LOMO IBERICO BELLOTA,CAÑA DE LOMO IBERICO BELLOTA,insert,1,https://riba.app/imgrs/THUMBS%20500X500/254352.JPG,tabs/detalle-producto/254352,7.652.000,7.652.000,7.652.000,USD,1,,"{""MARCA"":[""MARCOS SALAMANCA""],""CATEGORIA"":[""Embutidos""]}","[""Embutidos""]",,https://riba.app/imgrs/THUMBS%20500X500/254352.JPG,0,0,"[""89""]",7.652.000,2026-05-11 15:30:52
21757900000,CITTERIO PROSCIUTTO SAN DANIEL,CITTERIO PROSCIUTTO SAN DANIEL,CITTERIO PROSCIUTTO SAN DANIEL,insert,1,https://riba.app/imgrs/THUMBS%20500X500/21903.JPG,tabs/detalle-producto/21903,4.027.000,4.027.000,4.027.000,USD,1,,"{""MARCA"":[""CITTERIO""],""CATEGORIA"":[""Embutidos""]}","[""Embutidos""]",,https://riba.app/imgrs/THUMBS%20500X500/21903.JPG,0,0,"[""89""]",4.027.000,2026-05-11 15:30:52
21758000000,COSCIOTTO COTTO SENZA,COSCIOTTO COTTO SENZA,COSCIOTTO COTTO SENZA,insert,1,https://riba.app/imgrs/THUMBS%20500X500/50974.JPG,tabs/detalle-producto/50974,2.389.000,2.389.000,2.389.000,USD,1,,"{""MARCA"":[""GIANNI NEGRINI""],""CATEGORIA"":[""Carnes Preparadas""]}","[""Carnes Preparadas""]",,https://riba.app/imgrs/THUMBS%20500X500/50974.JPG,0,0,"[""95""]",2.389.000,2026-05-11 15:30:52
21758100000,RABITO DE CERDO AHUMADO,RABITO DE CERDO AHUMADO,RABITO DE CERDO AHUMADO,insert,1,https://riba.app/imgrs/THUMBS%20500X500/23914.JPG,tabs/detalle-producto/23914,696.000,696.000,696.000,USD,1,,"{""MARCA"":[""RIMITH""],""CATEGORIA"":[""Carnes""]}","[""Carnes""]",,https://riba.app/imgrs/THUMBS%20500X500/23914.JPG,0,0,"[""90""]",696.000,2026-05-11 15:30:52
21759000000,SMOKEDTURKEYBREASTMESQUITE,SMOKEDTURKEYBREASTMESQUITE,SMOKEDTURKEYBREASTMESQUITE,insert,1,https://riba.app/imgrs/THUMBS%20500X500/47976.JPG,tabs/detalle-producto/47976,2.569.000,2.569.000,2.569.000,USD,1,,"{""MARCA"":[""DIETZ & WATSON""],""CATEGORIA"":[""Embutidos""]}","[""Embutidos""]",,https://riba.app/imgrs/THUMBS%20500X500/47976.JPG,0,0,"[""89""]",2.569.000,2026-05-11 15:30:52
21760200000,JAMON COCIDO RIMITH PIEZA,JAMON COCIDO RIMITH PIEZA,JAMON COCIDO RIMITH PIEZA,insert,1,https://riba.app/imgrs/THUMBS%20500X500/256454.JPG,tabs/detalle-producto/256454,855.000,855.000,855.000,USD,1,,"{""MARCA"":[""RIMITH""],""CATEGORIA"":[""Embutidos""]}","[""Embutidos""]",,https://riba.app/imgrs/THUMBS%20500X500/256454.JPG,0,0,"[""89""]",855.000,2026-05-11 15:30:52
21760600000,PALETA DESHUESADA JOSELITO PRECIO POR KILOGRAMO,PALETA DESHUESADA JOSELITO PRECIO POR KILOGRAMO,PALETA DESHUESADA JOSELITO PRECIO POR KILOGRAMO,insert,1,https://riba.app/imgrs/THUMBS%20500X500/293174.JPG,tabs/detalle-producto/293174,9.995.000,9.995.000,9.995.000,USD,1,,"{""MARCA"":[""JOSELITO ""],""CATEGORIA"":[""Embutidos""]}","[""Embutidos""]",,https://riba.app/imgrs/THUMBS%20500X500/293174.JPG,0,0,"[""89""]",9.995.000,2026-05-11 15:30:52
21761200000,PECHUGA PAVO ASADA ENTERA PRECIO POR KILOGRAMO,PECHUGA PAVO ASADA ENTERA PRECIO POR KILOGRAMO,PECHUGA PAVO ASADA ENTERA PRECIO POR KILOGRAMO,insert,1,https://riba.app/imgrs/THUMBS%20500X500/55557.JPG,tabs/detalle-producto/55557,1.850.000,1.850.000,1.850.000,USD,1,,"{""MARCA"":[""RIMITH""],""CATEGORIA"":[""Carnes""]}","[""Carnes""]",,https://riba.app/imgrs/THUMBS%20500X500/55557.JPG,0,0,"[""90""]",1.850.000,2026-05-11 15:30:52
21761400000,ECKRICH SPICY PINEAPPLE JAM,ECKRICH SPICY PINEAPPLE JAM,ECKRICH SPICY PINEAPPLE JAM,insert,1,https://riba.app/imgrs/THUMBS%20500X500/57775.JPG,tabs/detalle-producto/57775,1.335.000,1.335.000,1.335.000,USD,1,,"{""MARCA"":[""ECKRICH""],""CATEGORIA"":[""Embutidos""]}","[""Embutidos""]",,https://riba.app/imgrs/THUMBS%20500X500/57775.JPG,0,0,"[""89""]",1.335.000,2026-05-11 15:30:52
21761500000,KMSTMR HICKORY SMOKED TURKEY,KMSTMR HICKORY SMOKED TURKEY,KMSTMR HICKORY SMOKED TURKEY,insert,1,https://riba.app/imgrs/THUMBS%20500X500/294088.JPG,tabs/detalle-producto/294088,2.237.000,2.237.000,2.237.000,USD,1,,"{""MARCA"":[""KRETSCHMAR""],""CATEGORIA"":[""Embutidos""]}","[""Embutidos""]",,https://riba.app/imgrs/THUMBS%20500X500/294088.JPG,0,0,"[""89""]",2.237.000,2026-05-11 15:30:52
21761800000,CITTERIO MORTADELA W/PISTACHO,CITTERIO MORTADELA W/PISTACHO,CITTERIO MORTADELA W/PISTACHO,insert,1,https://riba.app/imgrs/THUMBS%20500X500/57758.JPG,tabs/detalle-producto/57758,1.370.000,1.370.000,1.370.000,USD,1,,"{""MARCA"":[""CITTERIO""],""CATEGORIA"":[""Embutidos""]}","[""Embutidos""]",,https://riba.app/imgrs/THUMBS%20500X500/57758.JPG,0,0,"[""89""]",1.370.000,2026-05-11 15:30:52
21762000000,FRANK AHUMADA ,FRANK AHUMADA ,FRANK AHUMADA ,insert,1,https://riba.app/imgrs/THUMBS%20500X500/23842.JPG,tabs/detalle-producto/23842,649.000,649.000,649.000,USD,1,,"{""MARCA"":[""RIMITH""],""CATEGORIA"":[""Embutidos""]}","[""Embutidos""]",,https://riba.app/imgrs/THUMBS%20500X500/23842.JPG,0,0,"[""89""]",649.000,2026-05-11 15:30:52
21762300000,ECKRICH HAWAIIAN HAM,ECKRICH HAWAIIAN HAM,ECKRICH HAWAIIAN HAM,insert,1,https://riba.app/imgrs/THUMBS%20500X500/61061.JPG,tabs/detalle-producto/61061,2.165.000,2.165.000,2.165.000,USD,1,,"{""MARCA"":[""ECKRICH""],""CATEGORIA"":[""Embutidos""]}","[""Embutidos""]",,https://riba.app/imgrs/THUMBS%20500X500/61061.JPG,0,0,"[""89""]",2.165.000,2026-05-11 15:30:52
21762400000,CITTERIO ROSMARINO BULK,CITTERIO ROSMARINO BULK,CITTERIO ROSMARINO BULK,insert,1,https://riba.app/imgrs/THUMBS%20500X500/61062.JPG,tabs/detalle-producto/61062,2.420.000,2.420.000,2.420.000,USD,1,,"{""MARCA"":[""CITTERIO""],""CATEGORIA"":[""Embutidos""]}","[""Embutidos""]",,https://riba.app/imgrs/THUMBS%20500X500/61062.JPG,0,0,"[""89""]",2.420.000,2026-05-11 15:30:52
21763100000,CITTERIO COTTO DELI STYLE,CITTERIO COTTO DELI STYLE,CITTERIO COTTO DELI STYLE,insert,1,https://riba.app/imgrs/THUMBS%20500X500/62630.JPG,tabs/detalle-producto/62630,1.850.000,1.850.000,1.850.000,USD,1,,"{""MARCA"":[""CITTERIO""],""CATEGORIA"":[""Embutidos""]}","[""Embutidos""]",,https://riba.app/imgrs/THUMBS%20500X500/62630.JPG,0,0,"[""89""]",1.850.000,2026-05-11 15:30:52
21763500000,PROSCIUTTO SIN HUESO,PROSCIUTTO SIN HUESO,PROSCIUTTO SIN HUESO,insert,1,https://riba.app/imgrs/THUMBS%20500X500/59965.JPG,tabs/detalle-producto/59965,2.499.000,2.499.000,2.499.000,USD,1,,"{""MARCA"":[""CITTERIO""],""CATEGORIA"":[""Embutidos""]}","[""Embutidos""]",,https://riba.app/imgrs/THUMBS%20500X500/59965.JPG,0,0,"[""89""]",2.499.000,2026-05-11 15:30:52
21763800000,JAMON DE PIERNA AHUMADO,JAMON DE PIERNA AHUMADO,JAMON DE PIERNA AHUMADO,insert,1,https://riba.app/imgrs/THUMBS%20500X500/60253.JPG,tabs/detalle-producto/60253,2.034.000,2.034.000,2.034.000,USD,1,,"{""MARCA"":[""RIMITH""],""CATEGORIA"":[""Embutidos""]}","[""Embutidos""]",,https://riba.app/imgrs/THUMBS%20500X500/60253.JPG,0,0,"[""89""]",2.034.000,2026-05-11 15:30:52
21764900000,JAMON CURADO EN MIEL,JAMON CURADO EN MIEL,JAMON CURADO EN MIEL,insert,1,https://riba.app/imgrs/THUMBS%20500X500/65319.JPG,tabs/detalle-producto/65319,2.205.000,2.205.000,2.205.000,USD,1,,"{""MARCA"":[""RIMITH""],""CATEGORIA"":[""Embutidos""]}","[""Embutidos""]",,https://riba.app/imgrs/THUMBS%20500X500/65319.JPG,0,0,"[""89""]",2.205.000,2026-05-11 15:30:52
21765200000,GENOA SALAMI PIEZA,GENOA SALAMI PIEZA,GENOA SALAMI PIEZA,insert,1,https://riba.app/imgrs/THUMBS%20500X500/258449.JPG,tabs/detalle-producto/258449,1.950.000,1.950.000,1.950.000,USD,1,,"{""MARCA"":[""KRETSCHMAR""],""CATEGORIA"":[""Embutidos""]}","[""Embutidos""]",,https://riba.app/imgrs/THUMBS%20500X500/258449.JPG,0,0,"[""89""]",1.950.000,2026-05-11 15:30:52
21765300000,HARD SALAMI KRETSCHMAR,HARD SALAMI KRETSCHMAR,HARD SALAMI KRETSCHMAR,insert,1,https://riba.app/imgrs/THUMBS%20500X500/258450.JPG,tabs/detalle-producto/258450,1.928.000,1.928.000,1.928.000,USD,1,,"{""MARCA"":[""KRETSCHMAR""],""CATEGORIA"":[""Embutidos""]}","[""Embutidos""]",,https://riba.app/imgrs/THUMBS%20500X500/258450.JPG,0,0,"[""89""]",1.928.000,2026-05-11 15:30:52
21766100000,JAMON DE PIERNA COCIDO 4X4 KG,JAMON DE PIERNA COCIDO 4X4 KG,JAMON DE PIERNA COCIDO 4X4 KG,insert,1,https://riba.app/imgrs/THUMBS%20500X500/65320.JPG,tabs/detalle-producto/65320,1.612.000,1.612.000,1.612.000,USD,1,,"{""MARCA"":[""RIMITH""],""CATEGORIA"":[""Embutidos""]}","[""Embutidos""]",,https://riba.app/imgrs/THUMBS%20500X500/65320.JPG,0,0,"[""89""]",1.612.000,2026-05-11 15:30:52
21769500000,BB TURKEY HAM SMOKED,BB TURKEY HAM SMOKED,BB TURKEY HAM SMOKED,insert,1,https://riba.app/imgrs/THUMBS%20500X500/75057.JPG,tabs/detalle-producto/75057,1.723.000,1.723.000,1.723.000,USD,1,,"{""MARCA"":[""BUTTERBALL FRIO""],""CATEGORIA"":[""Embutidos""]}","[""Embutidos""]",,https://riba.app/imgrs/THUMBS%20500X500/75057.JPG,0,0,"[""89""]",1.723.000,2026-05-11 15:30:52
21770600000,TURKEYBREASTGOURMETNO SALT ADD,TURKEYBREASTGOURMETNO SALT ADD,TURKEYBREASTGOURMETNO SALT ADD,insert,1,https://riba.app/imgrs/THUMBS%20500X500/48393.JPG,tabs/detalle-producto/48393,2.595.000,2.595.000,2.595.000,USD,1,,"{""MARCA"":[""DIETZ & WATSON""],""CATEGORIA"":[""Embutidos""]}","[""Embutidos""]",,https://riba.app/imgrs/THUMBS%20500X500/48393.JPG,0,0,"[""89""]",2.595.000,2026-05-11 15:30:52
21771500000,COSTILLITA DE CERDO AHUMADAS,COSTILLITA DE CERDO AHUMADAS,COSTILLITA DE CERDO AHUMADAS,insert,1,https://riba.app/imgrs/THUMBS%20500X500/76936.JPG,tabs/detalle-producto/76936,719.000,719.000,719.000,USD,1,,"{""MARCA"":[""RIMITH""],""CATEGORIA"":[""Carnes""]}","[""Carnes""]",,https://riba.app/imgrs/THUMBS%20500X500/76936.JPG,0,0,"[""90""]",719.000,2026-05-11 15:30:52
21772000000,TURKEYBREAST CAJUN,TURKEYBREAST CAJUN,TURKEYBREAST CAJUN,insert,1,https://riba.app/imgrs/THUMBS%20500X500/77036.JPG,tabs/detalle-producto/77036,2.595.000,2.595.000,2.595.000,USD,1,,"{""MARCA"":[""DIETZ & WATSON""],""CATEGORIA"":[""Embutidos""]}","[""Embutidos""]",,https://riba.app/imgrs/THUMBS%20500X500/77036.JPG,0,0,"[""89""]",2.595.000,2026-05-11 15:30:52
21773200000,PANCETTA FIORUCCI,PANCETTA FIORUCCI,PANCETTA FIORUCCI,insert,1,https://riba.app/imgrs/THUMBS%20500X500/79233.JPG,tabs/detalle-producto/79233,3.378.000,3.378.000,3.378.000,USD,1,,"{""MARCA"":[""FIORUCCI""],""CATEGORIA"":[""Embutidos""]}","[""Embutidos""]",,https://riba.app/imgrs/THUMBS%20500X500/79233.JPG,0,0,"[""89""]",3.378.000,2026-05-11 15:30:52
21773400000,JAMON DE PAVO,JAMON DE PAVO,JAMON DE PAVO,insert,1,https://riba.app/imgrs/THUMBS%20500X500/64924.JPG,tabs/detalle-producto/64924,1.127.000,1.127.000,1.127.000,USD,1,,"{""MARCA"":[""RIMITH""],""CATEGORIA"":[""Embutidos""]}","[""Embutidos""]",,https://riba.app/imgrs/THUMBS%20500X500/64924.JPG,0,0,"[""89""]",1.127.000,2026-05-11 15:30:52
21773600000,JAMON DE PAVO EN MIEL,JAMON DE PAVO EN MIEL,JAMON DE PAVO EN MIEL,insert,1,https://riba.app/imgrs/THUMBS%20500X500/68236.JPG,tabs/detalle-producto/68236,1.428.000,1.428.000,1.428.000,USD,1,,"{""MARCA"":[""RIMITH""],""CATEGORIA"":[""Embutidos""]}","[""Embutidos""]",,https://riba.app/imgrs/THUMBS%20500X500/68236.JPG,0,0,"[""89""]",1.428.000,2026-05-11 15:30:52
21773700000,PECHUGA DE PAVO FINAS HIERBAS,PECHUGA DE PAVO FINAS HIERBAS,PECHUGA DE PAVO FINAS HIERBAS,insert,1,https://riba.app/imgrs/THUMBS%20500X500/69988.JPG,tabs/detalle-producto/69988,2.050.000,2.050.000,2.050.000,USD,1,,"{""MARCA"":[""RIMITH""],""CATEGORIA"":[""Embutidos""]}","[""Embutidos""]",,https://riba.app/imgrs/THUMBS%20500X500/69988.JPG,0,0,"[""89""]",2.050.000,2026-05-11 15:30:52
21774100000,ROLLO PECHUGA DE PAVO,ROLLO PECHUGA DE PAVO,ROLLO PECHUGA DE PAVO,insert,1,https://riba.app/imgrs/THUMBS%20500X500/70793.JPG,tabs/detalle-producto/70793,2.146.000,2.146.000,2.146.000,USD,1,,"{""MARCA"":[""RIMITH""],""CATEGORIA"":[""Embutidos""]}","[""Embutidos""]",,https://riba.app/imgrs/THUMBS%20500X500/70793.JPG,0,0,"[""89""]",2.146.000,2026-05-11 15:30:52
21774500000,PASTRAMI DE PAVO ,PASTRAMI DE PAVO ,PASTRAMI DE PAVO ,insert,1,https://riba.app/imgrs/THUMBS%20500X500/81043.JPG,tabs/detalle-producto/81043,1.595.000,1.595.000,1.595.000,USD,1,,"{""MARCA"":[""RIMITH""],""CATEGORIA"":[""Embutidos""]}","[""Embutidos""]",,https://riba.app/imgrs/THUMBS%20500X500/81043.JPG,0,0,"[""89""]",1.595.000,2026-05-11 15:30:52
21774600000,PECHUGA DE PAVO ASADA AL HORNO,PECHUGA DE PAVO ASADA AL HORNO,PECHUGA DE PAVO ASADA AL HORNO,insert,1,https://riba.app/imgrs/THUMBS%20500X500/81860.JPG,tabs/detalle-producto/81860,2.443.000,2.443.000,2.443.000,USD,1,,"{""MARCA"":[""RIMITH""],""CATEGORIA"":[""Embutidos""]}","[""Embutidos""]",,https://riba.app/imgrs/THUMBS%20500X500/81860.JPG,0,0,"[""89""]",2.443.000,2026-05-11 15:30:52
21775200000,BB TURKEY PASTRAMI,BB TURKEY PASTRAMI,BB TURKEY PASTRAMI,insert,1,https://riba.app/imgrs/THUMBS%20500X500/82830.JPG,tabs/detalle-producto/82830,1.734.000,1.734.000,1.734.000,USD,1,,"{""MARCA"":[""BUTTERBALL FRIO""],""CATEGORIA"":[""Embutidos""]}","[""Embutidos""]",,https://riba.app/imgrs/THUMBS%20500X500/82830.JPG,0,0,"[""89""]",1.734.000,2026-05-11 15:30:52
21775900000,OFF THE BONE TURKEY BREAST,OFF THE BONE TURKEY BREAST,OFF THE BONE TURKEY BREAST,insert,1,https://riba.app/imgrs/THUMBS%20500X500/83322.JPG,tabs/detalle-producto/83322,2.595.000,2.595.000,2.595.000,USD,1,,"{""MARCA"":[""DIETZ & WATSON""],""CATEGORIA"":[""Embutidos""]}","[""Embutidos""]",,https://riba.app/imgrs/THUMBS%20500X500/83322.JPG,0,0,"[""89""]",2.595.000,2026-05-11 15:30:52
21777100000,PASTRAMI DE CERDO,PASTRAMI DE CERDO,PASTRAMI DE CERDO,insert,1,https://riba.app/imgrs/THUMBS%20500X500/263418.JPG,tabs/detalle-producto/263418,2.333.000,2.333.000,2.333.000,USD,1,,"{""MARCA"":[""RIMITH""],""CATEGORIA"":[""Embutidos""]}","[""Embutidos""]",,https://riba.app/imgrs/THUMBS%20500X500/263418.JPG,0,0,"[""89""]",2.333.000,2026-05-11 15:30:52
21777300000,PECHUGA AHUMADA LBS,PECHUGA AHUMADA LBS,PECHUGA AHUMADA LBS,insert,1,https://riba.app/imgrs/THUMBS%20500X500/106270.JPG,tabs/detalle-producto/106270,1.108.000,1.108.000,1.108.000,USD,1,,"{""MARCA"":[""TOLEDANO""],""CATEGORIA"":[""Embutidos""]}","[""Embutidos""]",,https://riba.app/imgrs/THUMBS%20500X500/106270.JPG,0,0,"[""89""]",1.108.000,2026-05-11 15:30:52
21777900000,TURKEYBREASTBACONLOVERS,TURKEYBREASTBACONLOVERS,TURKEYBREASTBACONLOVERS,insert,1,https://riba.app/imgrs/THUMBS%20500X500/263899.JPG,tabs/detalle-producto/263899,2.595.000,2.595.000,2.595.000,USD,1,,"{""MARCA"":[""DIETZ & WATSON""],""CATEGORIA"":[""Embutidos""]}","[""Embutidos""]",,https://riba.app/imgrs/THUMBS%20500X500/263899.JPG,0,0,"[""89""]",2.595.000,2026-05-11 15:30:52
21778500000,PAVO CON TRUFA LEGADO,PAVO CON TRUFA LEGADO,PAVO CON TRUFA LEGADO,insert,1,https://riba.app/imgrs/THUMBS%20500X500/263902.JPG,tabs/detalle-producto/263902,2.250.000,2.250.000,2.250.000,USD,1,,"{""MARCA"":[""LEGADO IBERICO""],""CATEGORIA"":[""Embutidos""]}","[""Embutidos""]",,https://riba.app/imgrs/THUMBS%20500X500/263902.JPG,0,0,"[""89""]",2.250.000,2026-05-11 15:30:52
21778600000,PALETA IBERICA ASADA LEGADO PRECIO POR KILOGRAMO,PALETA IBERICA ASADA LEGADO PRECIO POR KILOGRAMO,PALETA IBERICA ASADA LEGADO PRECIO POR KILOGRAMO,insert,1,https://riba.app/imgrs/THUMBS%20500X500/263903.JPG,tabs/detalle-producto/263903,2.750.000,2.750.000,2.750.000,USD,1,,"{""MARCA"":[""LEGADO IBERICO""],""CATEGORIA"":[""Embutidos""]}","[""Embutidos""]",,https://riba.app/imgrs/THUMBS%20500X500/263903.JPG,0,0,"[""89""]",2.750.000,2026-05-11 15:30:52
21778900000,MORTADELA IBERICA LEGADO,MORTADELA IBERICA LEGADO,MORTADELA IBERICA LEGADO,insert,1,https://riba.app/imgrs/THUMBS%20500X500/263707.JPG,tabs/detalle-producto/263707,1.133.000,1.133.000,1.133.000,USD,1,,"{""MARCA"":[""LEGADO IBERICO""],""CATEGORIA"":[""Embutidos""]}","[""Embutidos""]",,https://riba.app/imgrs/THUMBS%20500X500/263707.JPG,0,0,"[""89""]",1.133.000,2026-05-11 15:30:52
21779600000,JAMON EL TORO BAJO SODIO PRECIO POR KILOGRAMO,JAMON EL TORO BAJO SODIO PRECIO POR KILOGRAMO,JAMON EL TORO BAJO SODIO PRECIO POR KILOGRAMO,insert,1,https://riba.app/imgrs/THUMBS%20500X500/342617.JPG,tabs/detalle-producto/342617,1.395.000,1.395.000,1.395.000,USD,1,,"{""MARCA"":[""EL TORO""],""CATEGORIA"":[""Embutidos""]}","[""Embutidos""]",,https://riba.app/imgrs/THUMBS%20500X500/342617.JPG,0,0,"[""89""]",1.395.000,2026-05-11 15:30:52
21783700000,CREMNLLI PROSCIUTTO COTTO,CREMNLLI PROSCIUTTO COTTO,CREMNLLI PROSCIUTTO COTTO,insert,1,https://riba.app/imgrs/THUMBS%20500X500/112794.JPG,tabs/detalle-producto/112794,2.867.000,2.867.000,2.867.000,USD,1,,"{""MARCA"":[""CREMINELLI""],""CATEGORIA"":[""Embutidos""]}","[""Embutidos""]",,https://riba.app/imgrs/THUMBS%20500X500/112794.JPG,0,0,"[""89""]",2.867.000,2026-05-11 15:30:52
21784500000,CANADIAN BACON CON MIEL  ,CANADIAN BACON CON MIEL  ,CANADIAN BACON CON MIEL  ,insert,1,https://riba.app/imgrs/THUMBS%20500X500/116430.JPG,tabs/detalle-producto/116430,2.281.000,2.281.000,2.281.000,USD,1,,"{""MARCA"":[""RIMITH""],""CATEGORIA"":[""Embutidos""]}","[""Embutidos""]",,https://riba.app/imgrs/THUMBS%20500X500/116430.JPG,0,0,"[""89""]",2.281.000,2026-05-11 15:30:52
21786000000,DW BACOM CANADIAN ,DW BACOM CANADIAN ,DW BACOM CANADIAN ,insert,1,https://riba.app/imgrs/THUMBS%20500X500/271445.JPG,tabs/detalle-producto/271445,2.335.000,2.335.000,2.335.000,USD,1,,"{""MARCA"":[""DIETZ & WATSON""],""CATEGORIA"":[""Embutidos""]}","[""Embutidos""]",,https://riba.app/imgrs/THUMBS%20500X500/271445.JPG,0,0,"[""89""]",2.335.000,2026-05-11 15:30:52
21786400000,CHORIZO SALAMI AL PIMENTON,CHORIZO SALAMI AL PIMENTON,CHORIZO SALAMI AL PIMENTON,insert,1,https://riba.app/imgrs/THUMBS%20500X500/267715.JPG,tabs/detalle-producto/267715,2.776.000,2.776.000,2.776.000,USD,1,,"{""MARCA"":[""CASAPONSA""],""CATEGORIA"":[""Embutidos""]}","[""Embutidos""]",,https://riba.app/imgrs/THUMBS%20500X500/267715.JPG,0,0,"[""89""]",2.776.000,2026-05-11 15:30:52
21786700000,SALAMI PIMIENTA VERDE CHAPATA,SALAMI PIMIENTA VERDE CHAPATA,SALAMI PIMIENTA VERDE CHAPATA,insert,1,https://riba.app/imgrs/THUMBS%20500X500/267708.JPG,tabs/detalle-producto/267708,2.529.000,2.529.000,2.529.000,USD,1,,"{""MARCA"":[""CASAPONSA""],""CATEGORIA"":[""Embutidos""]}","[""Embutidos""]",,https://riba.app/imgrs/THUMBS%20500X500/267708.JPG,0,0,"[""89""]",2.529.000,2026-05-11 15:30:52
21786800000,SALAMI CON QUESO CHAPATA,SALAMI CON QUESO CHAPATA,SALAMI CON QUESO CHAPATA,insert,1,https://riba.app/imgrs/THUMBS%20500X500/267709.JPG,tabs/detalle-producto/267709,2.662.000,2.662.000,2.662.000,USD,1,,"{""MARCA"":[""CASAPONSA""],""CATEGORIA"":[""Embutidos""]}","[""Embutidos""]",,https://riba.app/imgrs/THUMBS%20500X500/267709.JPG,0,0,"[""89""]",2.662.000,2026-05-11 15:30:52
21787300000,SALCHICHON PIMIENTA VERD CHPTA,SALCHICHON PIMIENTA VERD CHPTA,SALCHICHON PIMIENTA VERD CHPTA,insert,1,https://riba.app/imgrs/THUMBS%20500X500/267701.JPG,tabs/detalle-producto/267701,3.003.000,3.003.000,3.003.000,USD,1,,"{""MARCA"":[""CASAPONSA""],""CATEGORIA"":[""Embutidos""]}","[""Embutidos""]",,https://riba.app/imgrs/THUMBS%20500X500/267701.JPG,0,0,"[""89""]",3.003.000,2026-05-11 15:30:52
21787500000,SALCHICHON FINAS HIERBAS TUNEL,SALCHICHON FINAS HIERBAS TUNEL,SALCHICHON FINAS HIERBAS TUNEL,insert,1,https://riba.app/imgrs/THUMBS%20500X500/267707.JPG,tabs/detalle-producto/267707,2.385.000,2.385.000,2.385.000,USD,1,,"{""MARCA"":[""CASAPONSA""],""CATEGORIA"":[""Embutidos""]}","[""Embutidos""]",,https://riba.app/imgrs/THUMBS%20500X500/267707.JPG,0,0,"[""89""]",2.385.000,2026-05-11 15:30:52
21787700000,CHORIZO CON PIMENTON TUNEL,CHORIZO CON PIMENTON TUNEL,CHORIZO CON PIMENTON TUNEL,insert,1,https://riba.app/imgrs/THUMBS%20500X500/267720.JPG,tabs/detalle-producto/267720,2.895.000,2.895.000,2.895.000,USD,1,,"{""MARCA"":[""CASAPONSA""],""CATEGORIA"":[""Embutidos""]}","[""Embutidos""]",,https://riba.app/imgrs/THUMBS%20500X500/267720.JPG,0,0,"[""89""]",2.895.000,2026-05-11 15:30:52
21787800000,CHORIZO PAMPLONA,CHORIZO PAMPLONA,CHORIZO PAMPLONA,insert,1,https://riba.app/imgrs/THUMBS%20500X500/267717.JPG,tabs/detalle-producto/267717,1.900.000,1.900.000,1.900.000,USD,1,,"{""MARCA"":[""CASAPONSA""],""CATEGORIA"":[""Embutidos""]}","[""Embutidos""]",,https://riba.app/imgrs/THUMBS%20500X500/267717.JPG,0,0,"[""89""]",1.900.000,2026-05-11 15:30:52
21788000000,SALAMI FINAS HIERBAS TUNEL,SALAMI FINAS HIERBAS TUNEL,SALAMI FINAS HIERBAS TUNEL,insert,1,https://riba.app/imgrs/THUMBS%20500X500/267710.JPG,tabs/detalle-producto/267710,2.036.000,2.036.000,2.036.000,USD,1,,"{""MARCA"":[""CASAPONSA""],""CATEGORIA"":[""Embutidos""]}","[""Embutidos""]",,https://riba.app/imgrs/THUMBS%20500X500/267710.JPG,0,0,"[""89""]",2.036.000,2026-05-11 15:30:52
21788200000,SALAMI CON ACEITUNAS TUNEL,SALAMI CON ACEITUNAS TUNEL,SALAMI CON ACEITUNAS TUNEL,insert,1,https://riba.app/imgrs/THUMBS%20500X500/267712.JPG,tabs/detalle-producto/267712,1.999.000,1.999.000,1.999.000,USD,1,,"{""MARCA"":[""CASAPONSA""],""CATEGORIA"":[""Embutidos""]}","[""Embutidos""]",,https://riba.app/imgrs/THUMBS%20500X500/267712.JPG,0,0,"[""89""]",1.999.000,2026-05-11 15:30:52
21788600000,CHORIZO CASAPONSA,CHORIZO CASAPONSA,CHORIZO CASAPONSA,insert,1,https://riba.app/imgrs/THUMBS%20500X500/267718.JPG,tabs/detalle-producto/267718,2.176.000,2.176.000,2.176.000,USD,1,,"{""MARCA"":[""CASAPONSA""],""CATEGORIA"":[""Embutidos""]}","[""Embutidos""]",,https://riba.app/imgrs/THUMBS%20500X500/267718.JPG,0,0,"[""89""]",2.176.000,2026-05-11 15:30:52
21788800000,PAVO OVEN ROASTED PIEZA,PAVO OVEN ROASTED PIEZA,PAVO OVEN ROASTED PIEZA,insert,1,https://riba.app/imgrs/THUMBS%20500X500/272121.JPG,tabs/detalle-producto/272121,1.965.000,1.965.000,1.965.000,USD,1,,"{""MARCA"":[""RIMITH""],""CATEGORIA"":[""Embutidos""]}","[""Embutidos""]",,https://riba.app/imgrs/THUMBS%20500X500/272121.JPG,0,0,"[""89""]",1.965.000,2026-05-11 15:30:52
21791000000,DW BRSOKET,DW BRSOKET,DW BRSOKET,insert,1,https://riba.app/imgrs/THUMBS%20500X500/264577.JPG,tabs/detalle-producto/264577,3.048.000,3.048.000,3.048.000,USD,1,,"{""MARCA"":[""DIETZ & WATSON""],""CATEGORIA"":[""Embutidos""]}","[""Embutidos""]",,https://riba.app/imgrs/THUMBS%20500X500/264577.JPG,0,0,"[""89""]",3.048.000,2026-05-11 15:30:52
21791200000,CREMNLLI UNCURED PEPPERONI,CREMNLLI UNCURED PEPPERONI,CREMNLLI UNCURED PEPPERONI,insert,1,https://riba.app/imgrs/THUMBS%20500X500/278553.JPG,tabs/detalle-producto/278553,2.750.000,2.750.000,2.750.000,USD,1,,"{""MARCA"":[""CREMINELLI""],""CATEGORIA"":[""Embutidos""]}","[""Embutidos""]",,https://riba.app/imgrs/THUMBS%20500X500/278553.JPG,0,0,"[""89""]",2.750.000,2026-05-11 15:30:52
21793800000,KRETCHMR LOW SODIUM COOKED,KRETCHMR LOW SODIUM COOKED,KRETCHMR LOW SODIUM COOKED,insert,1,https://riba.app/imgrs/THUMBS%20500X500/281342.JPG,tabs/detalle-producto/281342,1.909.000,1.909.000,1.909.000,USD,1,,"{""MARCA"":[""KRETSCHMAR""],""CATEGORIA"":[""Embutidos""]}","[""Embutidos""]",,https://riba.app/imgrs/THUMBS%20500X500/281342.JPG,0,0,"[""89""]",1.909.000,2026-05-11 15:30:52
21795900000,KRETSCHMAR LOW SOD OVEN ROAST,KRETSCHMAR LOW SOD OVEN ROAST,KRETSCHMAR LOW SOD OVEN ROAST,insert,1,https://riba.app/imgrs/THUMBS%20500X500/282225.JPG,tabs/detalle-producto/282225,2.530.000,2.530.000,2.530.000,USD,1,,"{""MARCA"":[""KRETSCHMAR""],""CATEGORIA"":[""Embutidos""]}","[""Embutidos""]",,https://riba.app/imgrs/THUMBS%20500X500/282225.JPG,0,0,"[""89""]",2.530.000,2026-05-11 15:30:52
21796100000,KRETSCHMAR HONEY HAM,KRETSCHMAR HONEY HAM,KRETSCHMAR HONEY HAM,insert,1,https://riba.app/imgrs/THUMBS%20500X500/283902.JPG,tabs/detalle-producto/283902,1.935.000,1.935.000,1.935.000,USD,1,,"{""MARCA"":[""KRETSCHMAR""],""CATEGORIA"":[""Embutidos""]}","[""Embutidos""]",,https://riba.app/imgrs/THUMBS%20500X500/283902.JPG,0,0,"[""89""]",1.935.000,2026-05-11 15:30:52
21797300000,PECHUGA DE POLLO ASADA PREMIUM,PECHUGA DE POLLO ASADA PREMIUM,PECHUGA DE POLLO ASADA PREMIUM,insert,1,https://riba.app/imgrs/THUMBS%20500X500/286013.JPG,tabs/detalle-producto/286013,1.441.000,1.441.000,1.441.000,USD,1,,"{""MARCA"":[""RIMITH""],""CATEGORIA"":[""Embutidos""]}","[""Embutidos""]",,https://riba.app/imgrs/THUMBS%20500X500/286013.JPG,0,0,"[""89""]",1.441.000,2026-05-11 15:30:52
21797400000,PECHUGA DE POLLO CRIOLLA PREMI,PECHUGA DE POLLO CRIOLLA PREMI,PECHUGA DE POLLO CRIOLLA PREMI,insert,1,https://riba.app/imgrs/THUMBS%20500X500/286014.JPG,tabs/detalle-producto/286014,1.340.000,1.340.000,1.340.000,USD,1,,"{""MARCA"":[""RIMITH""],""CATEGORIA"":[""Embutidos""]}","[""Embutidos""]",,https://riba.app/imgrs/THUMBS%20500X500/286014.JPG,0,0,"[""89""]",1.340.000,2026-05-11 15:30:52
21798700000,HONEY MESQUITE SMKD TURKEY ,HONEY MESQUITE SMKD TURKEY ,HONEY MESQUITE SMKD TURKEY ,insert,1,https://riba.app/imgrs/THUMBS%20500X500/149802.JPG,tabs/detalle-producto/149802,2.569.000,2.569.000,2.569.000,USD,1,,"{""MARCA"":[""DIETZ & WATSON""],""CATEGORIA"":[""Embutidos""]}","[""Embutidos""]",,https://riba.app/imgrs/THUMBS%20500X500/149802.JPG,0,0,"[""89""]",2.569.000,2026-05-11 15:30:52
2265524120,BB SMOKED TURKEY 16OZ,BB SMOKED TURKEY 16OZ,BB SMOKED TURKEY 16OZ,insert,1,https://riba.app/imgrs/THUMBS%20500X500/172882.JPG,tabs/detalle-producto/172882,866.000,866.000,866.000,USD,1,,"{""MARCA"":[""BUTTERBALL FRIO""],""CATEGORIA"":[""Embutidos""]}","[""Embutidos""]",,https://riba.app/imgrs/THUMBS%20500X500/172882.JPG,0,0,"[""89""]",866.000,2026-05-11 15:30:52
2265524121,BB OVEN ROASTED TKY 16OZ,BB OVEN ROASTED TKY 16OZ,BB OVEN ROASTED TKY 16OZ,insert,1,https://riba.app/imgrs/THUMBS%20500X500/172883.JPG,tabs/detalle-producto/172883,866.000,866.000,866.000,USD,1,,"{""MARCA"":[""BUTTERBALL FRIO""],""CATEGORIA"":[""Embutidos""]}","[""Embutidos""]",,https://riba.app/imgrs/THUMBS%20500X500/172883.JPG,0,0,"[""89""]",866.000,2026-05-11 15:30:52
2265524126,BB HONEY ROAST TKY 16OZ,BB HONEY ROAST TKY 16OZ,BB HONEY ROAST TKY 16OZ,insert,1,https://riba.app/imgrs/THUMBS%20500X500/172885.JPG,tabs/detalle-producto/172885,866.000,866.000,866.000,USD,1,,"{""MARCA"":[""BUTTERBALL FRIO""],""CATEGORIA"":[""Embutidos""]}","[""Embutidos""]",,https://riba.app/imgrs/THUMBS%20500X500/172885.JPG,0,0,"[""89""]",866.000,2026-05-11 15:30:52
2265526612,BONELESS TURKEY ROAST MIX,BONELESS TURKEY ROAST MIX,BONELESS TURKEY ROAST MIX,insert,1,https://riba.app/imgrs/THUMBS%20500X500/284354.JPG,tabs/detalle-producto/284354,1.450.000,1.450.000,1.450.000,USD,1,,"{""MARCA"":[""BUTTERBALL PAVO ""],""CATEGORIA"":[""Carnes""]}","[""Carnes""]",,https://riba.app/imgrs/THUMBS%20500X500/284354.JPG,0,0,"[""90""]",1.450.000,2026-05-11 15:30:52
2265527487,PECHUGA DE PAVO DESHUESADA,PECHUGA DE PAVO DESHUESADA,PECHUGA DE PAVO DESHUESADA,insert,1,https://riba.app/imgrs/THUMBS%20500X500/279402.JPG,tabs/detalle-producto/279402,1.385.000,1.385.000,1.385.000,USD,1,,"{""MARCA"":[""BUTTERBALL PAVO ""],""CATEGORIA"":[""Carnes""]}","[""Carnes""]",,https://riba.app/imgrs/THUMBS%20500X500/279402.JPG,0,0,"[""90""]",1.385.000,2026-05-11 15:30:52
2265530044,BUTTERBALL LOWER SOD BACON,BUTTERBALL LOWER SOD BACON,BUTTERBALL LOWER SOD BACON,insert,1,https://riba.app/imgrs/THUMBS%20500X500/315635.JPG,tabs/detalle-producto/315635,606.000,606.000,606.000,USD,1,,"{""MARCA"":[""BUTTERBALL""],""CATEGORIA"":[""Embutidos""]}","[""Embutidos""]",,https://riba.app/imgrs/THUMBS%20500X500/315635.JPG,0,0,"[""89""]",606.000,2026-05-11 15:30:52
2265530301,BB TURKEY BACON ORIGINAL,BB TURKEY BACON ORIGINAL,BB TURKEY BACON ORIGINAL,insert,1,https://riba.app/imgrs/THUMBS%20500X500/165944.JPG,tabs/detalle-producto/165944,540.000,540.000,540.000,USD,1,,"{""MARCA"":[""BUTTERBALL FRIO""],""CATEGORIA"":[""Embutidos""]}","[""Embutidos""]",,https://riba.app/imgrs/THUMBS%20500X500/165944.JPG,0,0,"[""89""]",540.000,2026-05-11 15:30:52
2265530311,BB TURKEY BOLOGNA 16OZ,BB TURKEY BOLOGNA 16OZ,BB TURKEY BOLOGNA 16OZ,insert,1,https://riba.app/imgrs/THUMBS%20500X500/143021.JPG,tabs/detalle-producto/143021,631.000,631.000,631.000,USD,1,,"{""MARCA"":[""BUTTERBALL FRIO""],""CATEGORIA"":[""Embutidos""]}","[""Embutidos""]",,https://riba.app/imgrs/THUMBS%20500X500/143021.JPG,0,0,"[""89""]",631.000,2026-05-11 15:30:52
2265530604,BB TURKEY POLSKA KIELBASA,BB TURKEY POLSKA KIELBASA,BB TURKEY POLSKA KIELBASA,insert,1,https://riba.app/imgrs/THUMBS%20500X500/178127.JPG,tabs/detalle-producto/178127,664.000,664.000,664.000,USD,1,,"{""MARCA"":[""BUTTERBALL FRIO""],""CATEGORIA"":[""Embutidos""]}","[""Embutidos""]",,https://riba.app/imgrs/THUMBS%20500X500/178127.JPG,0,0,"[""89""]",664.000,2026-05-11 15:30:52
2265530605,BB TURKEY SMOKED SAUSAGE,BB TURKEY SMOKED SAUSAGE,BB TURKEY SMOKED SAUSAGE,insert,1,https://riba.app/imgrs/THUMBS%20500X500/165946.JPG,tabs/detalle-producto/165946,664.000,664.000,664.000,USD,1,,"{""MARCA"":[""BUTTERBALL FRIO""],""CATEGORIA"":[""Embutidos""]}","[""Embutidos""]",,https://riba.app/imgrs/THUMBS%20500X500/165946.JPG,0,0,"[""89""]",664.000,2026-05-11 15:30:52
2265530630,BB NAT TURKEY BREAKFAST SAUSAG,BB NAT TURKEY BREAKFAST SAUSAG,BB NAT TURKEY BREAKFAST SAUSAG,insert,1,https://riba.app/imgrs/THUMBS%20500X500/291289.JPG,tabs/detalle-producto/291289,650.000,650.000,650.000,USD,1,,"{""MARCA"":[""BUTTERBALL""],""CATEGORIA"":[""Embutidos""]}","[""Embutidos""]",,https://riba.app/imgrs/THUMBS%20500X500/291289.JPG,0,0,"[""89""]",650.000,2026-05-11 15:30:52
2265530631,BB NAT BKFT SAUSAG LINK,BB NAT BKFT SAUSAG LINK,BB NAT BKFT SAUSAG LINK,insert,1,https://riba.app/imgrs/THUMBS%20500X500/269584.JPG,tabs/detalle-producto/269584,650.000,650.000,650.000,USD,1,,"{""MARCA"":[""BUTTERBALL FRIO""],""CATEGORIA"":[""Embutidos""]}","[""Embutidos""]",,https://riba.app/imgrs/THUMBS%20500X500/269584.JPG,0,0,"[""89""]",650.000,2026-05-11 15:30:52
2265530646,BUTTERBALL TURKEY SAUSAGE ,BUTTERBALL TURKEY SAUSAGE ,BUTTERBALL TURKEY SAUSAGE ,insert,1,https://riba.app/imgrs/THUMBS%20500X500/359403.JPG,tabs/detalle-producto/359403,615.000,615.000,615.000,USD,1,,"{""MARCA"":[""BUTTERBALL""],""CATEGORIA"":[""Embutidos""]}","[""Embutidos""]",,https://riba.app/imgrs/THUMBS%20500X500/359403.JPG,0,0,"[""89""]",615.000,2026-05-11 15:30:52
2265530647,BUTERBALL TURKEY SAUSAGE,BUTERBALL TURKEY SAUSAGE,BUTERBALL TURKEY SAUSAGE,insert,1,https://riba.app/imgrs/THUMBS%20500X500/357046.JPG,tabs/detalle-producto/357046,565.000,565.000,565.000,USD,1,,"{""MARCA"":[""BUTTERBALL""],""CATEGORIA"":[""Embutidos""]}","[""Embutidos""]",,https://riba.app/imgrs/THUMBS%20500X500/357046.JPG,0,0,"[""89""]",565.000,2026-05-11 15:30:52
2265560066,BUTTERBALL HOT DOG TURKEY,BUTTERBALL HOT DOG TURKEY,BUTTERBALL HOT DOG TURKEY,insert,1,https://riba.app/imgrs/THUMBS%20500X500/332342.JPG,tabs/detalle-producto/332342,397.000,397.000,397.000,USD,1,,"{""MARCA"":[""BUTTERBALL""],""CATEGORIA"":[""Embutidos""]}","[""Embutidos""]",,https://riba.app/imgrs/THUMBS%20500X500/332342.JPG,0,0,"[""89""]",397.000,2026-05-11 15:30:52
2265560110,BB TURKEY ROTISSERIE TENDERLOI,BB TURKEY ROTISSERIE TENDERLOI,BB TURKEY ROTISSERIE TENDERLOI,insert,1,https://riba.app/imgrs/THUMBS%20500X500/351198.JPG,tabs/detalle-producto/351198,1.395.000,1.395.000,1.395.000,USD,1,,"{""MARCA"":[""BUTTERBALL""],""CATEGORIA"":[""Carnes Preparadas""]}","[""Carnes Preparadas""]",,https://riba.app/imgrs/THUMBS%20500X500/351198.JPG,0,0,"[""95""]",1.395.000,2026-05-11 15:30:52
2265560111,BB NATURAL TURKEY TENDERLOIN ,BB NATURAL TURKEY TENDERLOIN ,BB NATURAL TURKEY TENDERLOIN ,insert,1,https://riba.app/imgrs/THUMBS%20500X500/351199.JPG,tabs/detalle-producto/351199,1.225.000,1.225.000,1.225.000,USD,1,,"{""MARCA"":[""BUTTERBALL""],""CATEGORIA"":[""Carnes Preparadas""]}","[""Carnes Preparadas""]",,https://riba.app/imgrs/THUMBS%20500X500/351199.JPG,0,0,"[""95""]",1.225.000,2026-05-11 15:30:52
2265570183,BB GROUND TKY CHUB ,BB GROUND TKY CHUB ,BB GROUND TKY CHUB ,insert,1,https://riba.app/imgrs/THUMBS%20500X500/269581.JPG,tabs/detalle-producto/269581,533.000,533.000,533.000,USD,1,,"{""MARCA"":[""BUTTERBALL FRIO""],""CATEGORIA"":[""Hamburguesas""]}","[""Hamburguesas""]",,https://riba.app/imgrs/THUMBS%20500X500/269581.JPG,0,0,"[""94""]",533.000,2026-05-11 15:30:52
2265570186,BUTTERBALL BREAKFAST SAUSAGE ,BUTTERBALL BREAKFAST SAUSAGE ,BUTTERBALL BREAKFAST SAUSAGE ,insert,1,https://riba.app/imgrs/THUMBS%20500X500/315939.JPG,tabs/detalle-producto/315939,533.000,533.000,533.000,USD,1,,"{""MARCA"":[""BUTTERBALL""],""CATEGORIA"":[""Carnes""]}","[""Carnes""]",,https://riba.app/imgrs/THUMBS%20500X500/315939.JPG,0,0,"[""90""]",533.000,2026-05-11 15:30:52
2265571598,BUTTERBALL FLEX PACK,BUTTERBALL FLEX PACK,BUTTERBALL FLEX PACK,insert,1,https://riba.app/imgrs/THUMBS%20500X500/322982.JPG,tabs/detalle-producto/322982,1.820.000,1.820.000,1.820.000,USD,1,,"{""MARCA"":[""BUTTERBALL""],""CATEGORIA"":[""Embutidos""]}","[""Embutidos""]",,https://riba.app/imgrs/THUMBS%20500X500/322982.JPG,0,0,"[""89""]",1.820.000,2026-05-11 15:30:52
2265572160,BUTTERBALL TACO SEASONED,BUTTERBALL TACO SEASONED,BUTTERBALL TACO SEASONED,insert,1,https://riba.app/imgrs/THUMBS%20500X500/315940.JPG,tabs/detalle-producto/315940,580.000,580.000,580.000,USD,1,,"{""MARCA"":[""BUTTERBALL""],""CATEGORIA"":[""Carnes""]}","[""Carnes""]",,https://riba.app/imgrs/THUMBS%20500X500/315940.JPG,0,0,"[""90""]",580.000,2026-05-11 15:30:52
2265572398,TURKEY BURGER CLUB FZN,TURKEY BURGER CLUB FZN,TURKEY BURGER CLUB FZN,insert,1,https://riba.app/imgrs/THUMBS%20500X500/193995.JPG,tabs/detalle-producto/193995,1.738.000,1.738.000,1.738.000,USD,1,,"{""MARCA"":[""BUTTERBALL FRIO""],""CATEGORIA"":[""Hamburguesas""]}","[""Hamburguesas""]",,https://riba.app/imgrs/THUMBS%20500X500/193995.JPG,0,0,"[""94""]",1.738.000,2026-05-11 15:30:52
2265572402,BB SWEET ONION TKY BURGER,BB SWEET ONION TKY BURGER,BB SWEET ONION TKY BURGER,insert,1,https://riba.app/imgrs/THUMBS%20500X500/269582.JPG,tabs/detalle-producto/269582,1.738.000,1.738.000,1.738.000,USD,1,,"{""MARCA"":[""BUTTERBALL FRIO""],""CATEGORIA"":[""Hamburguesas""]}","[""Hamburguesas""]",,https://riba.app/imgrs/THUMBS%20500X500/269582.JPG,0,0,"[""94""]",1.738.000,2026-05-11 15:30:52
2265572403,BUTTERBALL TURKEY BURGER SEASO,BUTTERBALL TURKEY BURGER SEASO,BUTTERBALL TURKEY BURGER SEASO,insert,1,https://riba.app/imgrs/THUMBS%20500X500/315938.JPG,tabs/detalle-producto/315938,3.068.000,3.068.000,3.068.000,USD,1,,"{""MARCA"":[""BUTTERBALL""],""CATEGORIA"":[""Hamburguesas""]}","[""Hamburguesas""]",,https://riba.app/imgrs/THUMBS%20500X500/315938.JPG,0,0,"[""94""]",3.068.000,2026-05-11 15:30:52
2265572415,TUKEY BURGER WHITE ,TUKEY BURGER WHITE ,TUKEY BURGER WHITE ,insert,1,https://riba.app/imgrs/THUMBS%20500X500/315937.JPG,tabs/detalle-producto/315937,1.501.000,1.501.000,1.501.000,USD,1,,"{""MARCA"":[""BUTTERBALL""],""CATEGORIA"":[""Hamburguesas""]}","[""Hamburguesas""]",,https://riba.app/imgrs/THUMBS%20500X500/315937.JPG,0,0,"[""94""]",1.501.000,2026-05-11 15:30:52
2370004300,TYSON CORNISH TWIN PACK,TYSON CORNISH TWIN PACK,TYSON CORNISH TWIN PACK,insert,1,https://riba.app/imgrs/THUMBS%20500X500/241486.JPG,tabs/detalle-producto/241486,1.570.000,1.570.000,1.570.000,USD,1,,"{""MARCA"":[""TYSON""],""CATEGORIA"":[""Carnes""]}","[""Carnes""]",,https://riba.app/imgrs/THUMBS%20500X500/241486.JPG,0,0,"[""90""]",1.570.000,2026-05-11 15:30:52
2370004653,TYSON ANYITIZERS BUFFALO HOT ,TYSON ANYITIZERS BUFFALO HOT ,TYSON ANYITIZERS BUFFALO HOT ,insert,1,https://riba.app/imgrs/THUMBS%20500X500/263209.JPG,tabs/detalle-producto/263209,1.445.000,1.445.000,1.445.000,USD,1,,"{""MARCA"":[""TYSON""],""CATEGORIA"":[""Carnes Preparadas""]}","[""Carnes Preparadas""]",,https://riba.app/imgrs/THUMBS%20500X500/263209.JPG,0,0,"[""95""]",1.445.000,2026-05-11 15:30:52
2462700428,MIAMI BEEF 100% PURE BE PATTIE,MIAMI BEEF 100% PURE BE PATTIE,MIAMI BEEF 100% PURE BE PATTIE,insert,1,https://riba.app/imgrs/THUMBS%20500X500/282243.JPG,tabs/detalle-producto/282243,1.171.000,1.171.000,1.171.000,USD,1,,"{""MARCA"":[""MIAMI BEEF""],""CATEGORIA"":[""Hamburguesas""]}","[""Hamburguesas""]",,https://riba.app/imgrs/THUMBS%20500X500/282243.JPG,0,0,"[""94""]",1.171.000,2026-05-11 15:30:52
2462700461,FREEGRAZE KOBE BEEF BRICK 1LB,FREEGRAZE KOBE BEEF BRICK 1LB,FREEGRAZE KOBE BEEF BRICK 1LB,insert,1,https://riba.app/imgrs/THUMBS%20500X500/282240.JPG,tabs/detalle-producto/282240,1.171.000,1.171.000,1.171.000,USD,1,,"{""MARCA"":[""FREE GRAZE""],""CATEGORIA"":[""Carnes""]}","[""Carnes""]",,https://riba.app/imgrs/THUMBS%20500X500/282240.JPG,0,0,"[""90""]",1.171.000,2026-05-11 15:30:52
2462700491,FREEGRAZE GRASS FED BEEF BRICK,FREEGRAZE GRASS FED BEEF BRICK,FREEGRAZE GRASS FED BEEF BRICK,insert,1,https://riba.app/imgrs/THUMBS%20500X500/282241.JPG,tabs/detalle-producto/282241,932.000,932.000,932.000,USD,1,,"{""MARCA"":[""FREE GRAZE""],""CATEGORIA"":[""Carnes""]}","[""Carnes""]",,https://riba.app/imgrs/THUMBS%20500X500/282241.JPG,0,0,"[""90""]",932.000,2026-05-11 15:30:52
2462711491,FREZWE GRACE WAGYU BLEND BURGE,FREZWE GRACE WAGYU BLEND BURGE,FREZWE GRACE WAGYU BLEND BURGE,insert,1,https://riba.app/imgrs/THUMBS%20500X500/327654.JPG,tabs/detalle-producto/327654,2.545.000,2.545.000,2.545.000,USD,1,,"{""MARCA"":[""FREE GRAZE""],""CATEGORIA"":[""Hamburguesas""]}","[""Hamburguesas""]",,https://riba.app/imgrs/THUMBS%20500X500/327654.JPG,0,0,"[""94""]",2.545.000,2026-05-11 15:30:52
2462713061,MIAMI BEEF 100% PURE BEEF,MIAMI BEEF 100% PURE BEEF,MIAMI BEEF 100% PURE BEEF,insert,1,https://riba.app/imgrs/THUMBS%20500X500/282244.JPG,tabs/detalle-producto/282244,2.742.000,2.742.000,2.742.000,USD,1,,"{""MARCA"":[""MIAMI BEEF""],""CATEGORIA"":[""Hamburguesas""]}","[""Hamburguesas""]",,https://riba.app/imgrs/THUMBS%20500X500/282244.JPG,0,0,"[""94""]",2.742.000,2026-05-11 15:30:52
2462713062,MIAMI BEEF ANGUS BEEF PATTIES,MIAMI BEEF ANGUS BEEF PATTIES,MIAMI BEEF ANGUS BEEF PATTIES,insert,1,https://riba.app/imgrs/THUMBS%20500X500/282245.JPG,tabs/detalle-producto/282245,3.199.000,3.199.000,3.199.000,USD,1,,"{""MARCA"":[""MIAMI BEEF""],""CATEGORIA"":[""Hamburguesas""]}","[""Hamburguesas""]",,https://riba.app/imgrs/THUMBS%20500X500/282245.JPG,0,0,"[""94""]",3.199.000,2026-05-11 15:30:52
2531700556,APPLEGATE GF CHICKEN NUGGET,APPLEGATE GF CHICKEN NUGGET,APPLEGATE GF CHICKEN NUGGET,insert,1,https://riba.app/imgrs/THUMBS%20500X500/239190.JPG,tabs/detalle-producto/239190,1.100.000,1.100.000,1.100.000,USD,1,,"{""MARCA"":[""APPLEGATE""],""CATEGORIA"":[""Carnes Preparadas""]}","[""Carnes Preparadas""]",,https://riba.app/imgrs/THUMBS%20500X500/239190.JPG,0,0,"[""95""]",1.100.000,2026-05-11 15:30:52
2531700591,APPLEGATE CHIKEN &MAPLE  PATTY,APPLEGATE CHIKEN &MAPLE  PATTY,APPLEGATE CHIKEN &MAPLE  PATTY,insert,1,https://riba.app/imgrs/THUMBS%20500X500/239191.JPG,tabs/detalle-producto/239191,783.000,783.000,783.000,USD,1,,"{""MARCA"":[""APPLEGATE""],""CATEGORIA"":[""Embutidos""]}","[""Embutidos""]",,https://riba.app/imgrs/THUMBS%20500X500/239191.JPG,0,0,"[""89""]",783.000,2026-05-11 15:30:52
2531700696,BRKFST SAUSAGE CHICKEN & MAPLE,BRKFST SAUSAGE CHICKEN & MAPLE,BRKFST SAUSAGE CHICKEN & MAPLE,insert,1,https://riba.app/imgrs/THUMBS%20500X500/206512.JPG,tabs/detalle-producto/206512,909.000,909.000,909.000,USD,1,,"{""MARCA"":[""APPLEGATE""],""CATEGORIA"":[""Embutidos""]}","[""Embutidos""]",,https://riba.app/imgrs/THUMBS%20500X500/206512.JPG,0,0,"[""89""]",909.000,2026-05-11 15:30:52
2531705519,AG GF CHICKEN NUGGET FAM,AG GF CHICKEN NUGGET FAM,AG GF CHICKEN NUGGET FAM,insert,1,https://riba.app/imgrs/THUMBS%20500X500/304493.JPG,tabs/detalle-producto/304493,2.000.000,2.000.000,2.000.000,USD,1,,"{""MARCA"":[""APPLEGATE""],""CATEGORIA"":[""Carnes Preparadas""]}","[""Carnes Preparadas""]",,https://riba.app/imgrs/THUMBS%20500X500/304493.JPG,0,0,"[""95""]",2.000.000,2026-05-11 15:30:52
2531789400,CHICKEN &HERB BREAKFAST SAUSE ,CHICKEN &HERB BREAKFAST SAUSE ,CHICKEN &HERB BREAKFAST SAUSE ,insert,1,https://riba.app/imgrs/THUMBS%20500X500/309313.JPG,tabs/detalle-producto/309313,783.000,783.000,783.000,USD,1,,"{""MARCA"":[""APPLEGATE""],""CATEGORIA"":[""Embutidos""]}","[""Embutidos""]",,https://riba.app/imgrs/THUMBS%20500X500/309313.JPG,0,0,"[""89""]",783.000,2026-05-11 15:30:52
2540310,C#63 SAUS,C#63 SAUS,C#63 SAUS,insert,1,https://riba.app/imgrs/THUMBS%20500X500/326191.JPG,tabs/detalle-producto/326191,550.000,550.000,550.000,USD,1,,"{""MARCA"":[""RIMITH""],""CATEGORIA"":[""Carnes Preparadas""]}","[""Carnes Preparadas""]",,https://riba.app/imgrs/THUMBS%20500X500/326191.JPG,0,0,"[""95""]",550.000,2026-05-11 15:30:52
2558300422,TUFURKY DELI SLICES PEPPERED,TUFURKY DELI SLICES PEPPERED,TUFURKY DELI SLICES PEPPERED,insert,1,https://riba.app/imgrs/THUMBS%20500X500/262749.JPG,tabs/detalle-producto/262749,685.000,685.000,685.000,USD,1,,"{""MARCA"":[""TOFURKY""],""CATEGORIA"":[""Dietas Especiales""]}","[""Dietas Especiales""]",,https://riba.app/imgrs/THUMBS%20500X500/262749.JPG,0,0,"[""93""]",685.000,2026-05-11 15:30:52
2558300525,SLOW ROASTD CHICKN THAI BASIL,SLOW ROASTD CHICKN THAI BASIL,SLOW ROASTD CHICKN THAI BASIL,insert,1,https://riba.app/imgrs/THUMBS%20500X500/241856.JPG,tabs/detalle-producto/241856,865.000,865.000,865.000,USD,1,,"{""MARCA"":[""TOFURKY""],""CATEGORIA"":[""Dietas Especiales""]}","[""Dietas Especiales""]",,https://riba.app/imgrs/THUMBS%20500X500/241856.JPG,0,0,"[""93""]",865.000,2026-05-11 15:30:52
2558300603,TUFURKY KIELBASA,TUFURKY KIELBASA,TUFURKY KIELBASA,insert,1,https://riba.app/imgrs/THUMBS%20500X500/226831.JPG,tabs/detalle-producto/226831,1.180.000,1.180.000,1.180.000,USD,1,,"{""MARCA"":[""TOFURKY""],""CATEGORIA"":[""Dietas Especiales""]}","[""Dietas Especiales""]",,https://riba.app/imgrs/THUMBS%20500X500/226831.JPG,0,0,"[""93""]",1.180.000,2026-05-11 15:30:52
2700025864,SALCHICHAS DE POLLO,SALCHICHAS DE POLLO,SALCHICHAS DE POLLO,insert,1,https://riba.app/imgrs/THUMBS%20500X500/145824.JPG,tabs/detalle-producto/145824,146.000,146.000,146.000,USD,1,,"{""MARCA"":[""BANQUET""],""CATEGORIA"":[""Conservas""]}","[""Conservas""]",,https://riba.app/imgrs/THUMBS%20500X500/145824.JPG,0,0,"[""88""]",146.000,2026-05-11 15:30:52
275280,CHORIZO VELA DE BELLOTA,CHORIZO VELA DE BELLOTA,CHORIZO VELA DE BELLOTA,insert,1,https://riba.app/imgrs/THUMBS%20500X500/275280.JPG,tabs/detalle-producto/275280,2.560.000,2.560.000,2.560.000,USD,1,,"{""MARCA"":[""CARRASCO""],""CATEGORIA"":[""Embutidos""]}","[""Embutidos""]",,https://riba.app/imgrs/THUMBS%20500X500/275280.JPG,0,0,"[""89""]",2.560.000,2026-05-11 15:30:52
275283,SALCHICHON IBERICO BELLOTA,SALCHICHON IBERICO BELLOTA,SALCHICHON IBERICO BELLOTA,insert,1,https://riba.app/imgrs/THUMBS%20500X500/275283.JPG,tabs/detalle-producto/275283,1.113.000,1.113.000,1.113.000,USD,1,,"{""MARCA"":[""CARRASCO""],""CATEGORIA"":[""Embutidos""]}","[""Embutidos""]",,https://riba.app/imgrs/THUMBS%20500X500/275283.JPG,0,0,"[""89""]",1.113.000,2026-05-11 15:30:52
275284,CHORIZO IBERICO BELLOTA,CHORIZO IBERICO BELLOTA,CHORIZO IBERICO BELLOTA,insert,1,https://riba.app/imgrs/THUMBS%20500X500/275284.JPG,tabs/detalle-producto/275284,1.113.000,1.113.000,1.113.000,USD,1,,"{""MARCA"":[""CARRASCO""],""CATEGORIA"":[""Embutidos""]}","[""Embutidos""]",,https://riba.app/imgrs/THUMBS%20500X500/275284.JPG,0,0,"[""89""]",1.113.000,2026-05-11 15:30:52
275285,LOMO IBERICO DE BELLOTA,LOMO IBERICO DE BELLOTA,LOMO IBERICO DE BELLOTA,insert,1,https://riba.app/imgrs/THUMBS%20500X500/275285.JPG,tabs/detalle-producto/275285,1.676.000,1.676.000,1.676.000,USD,1,,"{""MARCA"":[""CARRASCO""],""CATEGORIA"":[""Embutidos""]}","[""Embutidos""]",,https://riba.app/imgrs/THUMBS%20500X500/275285.JPG,0,0,"[""89""]",1.676.000,2026-05-11 15:30:52
2781500070,ARMOUR MEATBALLS ORIG,ARMOUR MEATBALLS ORIG,ARMOUR MEATBALLS ORIG,insert,1,https://riba.app/imgrs/THUMBS%20500X500/280123.JPG,tabs/detalle-producto/280123,570.000,570.000,570.000,USD,1,,"{""MARCA"":[""ARMOUR""],""CATEGORIA"":[""Carnes Preparadas""]}","[""Carnes Preparadas""]",,https://riba.app/imgrs/THUMBS%20500X500/280123.JPG,0,0,"[""95""]",570.000,2026-05-11 15:30:52
2781500111,ECKRICH SMOKED SAUSGE SKINLESS,ECKRICH SMOKED SAUSGE SKINLESS,ECKRICH SMOKED SAUSGE SKINLESS,insert,1,https://riba.app/imgrs/THUMBS%20500X500/280141.JPG,tabs/detalle-producto/280141,595.000,595.000,595.000,USD,1,,"{""MARCA"":[""ECKRICH""],""CATEGORIA"":[""Embutidos""]}","[""Embutidos""]",,https://riba.app/imgrs/THUMBS%20500X500/280141.JPG,0,0,"[""89""]",595.000,2026-05-11 15:30:52
2781500245,ECKRICH LIL SMOKES BEEF,ECKRICH LIL SMOKES BEEF,ECKRICH LIL SMOKES BEEF,insert,1,https://riba.app/imgrs/THUMBS%20500X500/280115.JPG,tabs/detalle-producto/280115,697.000,697.000,697.000,USD,1,,"{""MARCA"":[""ECKRICH""],""CATEGORIA"":[""Embutidos""]}","[""Embutidos""]",,https://riba.app/imgrs/THUMBS%20500X500/280115.JPG,0,0,"[""89""]",697.000,2026-05-11 15:30:52
2781500246,ECKRICH LIL SMOKIES CHEEDAR,ECKRICH LIL SMOKIES CHEEDAR,ECKRICH LIL SMOKIES CHEEDAR,insert,1,https://riba.app/imgrs/THUMBS%20500X500/280144.JPG,tabs/detalle-producto/280144,570.000,570.000,570.000,USD,1,,"{""MARCA"":[""ECKRICH""],""CATEGORIA"":[""Embutidos""]}","[""Embutidos""]",,https://riba.app/imgrs/THUMBS%20500X500/280144.JPG,0,0,"[""89""]",570.000,2026-05-11 15:30:52
2781500247,ECKRICH LIL SMOKIES COCKTAIL,ECKRICH LIL SMOKIES COCKTAIL,ECKRICH LIL SMOKIES COCKTAIL,insert,1,https://riba.app/imgrs/THUMBS%20500X500/309448.JPG,tabs/detalle-producto/309448,1.252.000,1.252.000,1.252.000,USD,1,,"{""MARCA"":[""ECKRICH""],""CATEGORIA"":[""Embutidos""]}","[""Embutidos""]",,https://riba.app/imgrs/THUMBS%20500X500/309448.JPG,0,0,"[""89""]",1.252.000,2026-05-11 15:30:52
2781517966,ARMOUR TRKY OVEAN ROASTED ,ARMOUR TRKY OVEAN ROASTED ,ARMOUR TRKY OVEAN ROASTED ,insert,1,https://riba.app/imgrs/THUMBS%20500X500/325519.JPG,tabs/detalle-producto/325519,565.000,565.000,565.000,USD,1,,"{""MARCA"":[""ARMOUR""],""CATEGORIA"":[""Embutidos""]}","[""Embutidos""]",,https://riba.app/imgrs/THUMBS%20500X500/325519.JPG,0,0,"[""89""]",565.000,2026-05-11 15:30:52
2781517969,ARMOUR BLACKFOREST ,ARMOUR BLACKFOREST ,ARMOUR BLACKFOREST ,insert,1,https://riba.app/imgrs/THUMBS%20500X500/325522.JPG,tabs/detalle-producto/325522,565.000,565.000,565.000,USD,1,,"{""MARCA"":[""ARMOUR""],""CATEGORIA"":[""Embutidos""]}","[""Embutidos""]",,https://riba.app/imgrs/THUMBS%20500X500/325522.JPG,0,0,"[""89""]",565.000,2026-05-11 15:30:52
2781530042,ECKRICH SSGE NATURAL CASING,ECKRICH SSGE NATURAL CASING,ECKRICH SSGE NATURAL CASING,insert,1,https://riba.app/imgrs/THUMBS%20500X500/280142.JPG,tabs/detalle-producto/280142,595.000,595.000,595.000,USD,1,,"{""MARCA"":[""ECKRICH""],""CATEGORIA"":[""Embutidos""]}","[""Embutidos""]",,https://riba.app/imgrs/THUMBS%20500X500/280142.JPG,0,0,"[""89""]",595.000,2026-05-11 15:30:52
2781530043,ECKRICH POLSKA KIELBASA NAT CA,ECKRICH POLSKA KIELBASA NAT CA,ECKRICH POLSKA KIELBASA NAT CA,insert,1,https://riba.app/imgrs/THUMBS%20500X500/308933.JPG,tabs/detalle-producto/308933,595.000,595.000,595.000,USD,1,,"{""MARCA"":[""ECKRICH""],""CATEGORIA"":[""Embutidos""]}","[""Embutidos""]",,https://riba.app/imgrs/THUMBS%20500X500/308933.JPG,0,0,"[""89""]",595.000,2026-05-11 15:30:52
2781530050,ECKRIC POLSKA KIELBASA SAUSAGE,ECKRIC POLSKA KIELBASA SAUSAGE,ECKRIC POLSKA KIELBASA SAUSAGE,insert,1,https://riba.app/imgrs/THUMBS%20500X500/233429.JPG,tabs/detalle-producto/233429,595.000,595.000,595.000,USD,1,,"{""MARCA"":[""ECKRICH""],""CATEGORIA"":[""Embutidos""]}","[""Embutidos""]",,https://riba.app/imgrs/THUMBS%20500X500/233429.JPG,0,0,"[""89""]",595.000,2026-05-11 15:30:52
2781530051,ECKRH SMOKED TURKEY SAUSAGE,ECKRH SMOKED TURKEY SAUSAGE,ECKRH SMOKED TURKEY SAUSAGE,insert,1,https://riba.app/imgrs/THUMBS%20500X500/233430.JPG,tabs/detalle-producto/233430,595.000,595.000,595.000,USD,1,,"{""MARCA"":[""ECKRICH""],""CATEGORIA"":[""Embutidos""]}","[""Embutidos""]",,https://riba.app/imgrs/THUMBS%20500X500/233430.JPG,0,0,"[""89""]",595.000,2026-05-11 15:30:52
2781530053,ECKRICH SMK SSGE SKINLESS,ECKRICH SMK SSGE SKINLESS,ECKRICH SMK SSGE SKINLESS,insert,1,https://riba.app/imgrs/THUMBS%20500X500/280143.JPG,tabs/detalle-producto/280143,595.000,595.000,595.000,USD,1,,"{""MARCA"":[""ECKRICH""],""CATEGORIA"":[""Embutidos""]}","[""Embutidos""]",,https://riba.app/imgrs/THUMBS%20500X500/280143.JPG,0,0,"[""89""]",595.000,2026-05-11 15:30:52
2781530100,ECKRICH LIL SMKD COCKTAIL SSG,ECKRICH LIL SMKD COCKTAIL SSG,ECKRICH LIL SMKD COCKTAIL SSG,insert,1,https://riba.app/imgrs/THUMBS%20500X500/312574.JPG,tabs/detalle-producto/312574,595.000,595.000,595.000,USD,1,,"{""MARCA"":[""ECKRICH""],""CATEGORIA"":[""Embutidos""]}","[""Embutidos""]",,https://riba.app/imgrs/THUMBS%20500X500/312574.JPG,0,0,"[""89""]",595.000,2026-05-11 15:30:52
2781541100,MARGHERITA HARD SALAMI ,MARGHERITA HARD SALAMI ,MARGHERITA HARD SALAMI ,insert,1,https://riba.app/imgrs/THUMBS%20500X500/227372.JPG,tabs/detalle-producto/227372,575.000,575.000,575.000,USD,1,,"{""MARCA"":[""MARGHERITA""],""CATEGORIA"":[""Embutidos""]}","[""Embutidos""]",,https://riba.app/imgrs/THUMBS%20500X500/227372.JPG,0,0,"[""89""]",575.000,2026-05-11 15:30:52
2781541103,MARGHERITA GENOA SALAMI ,MARGHERITA GENOA SALAMI ,MARGHERITA GENOA SALAMI ,insert,1,https://riba.app/imgrs/THUMBS%20500X500/227373.JPG,tabs/detalle-producto/227373,575.000,575.000,575.000,USD,1,,"{""MARCA"":[""MARGHERITA""],""CATEGORIA"":[""Embutidos""]}","[""Embutidos""]",,https://riba.app/imgrs/THUMBS%20500X500/227373.JPG,0,0,"[""89""]",575.000,2026-05-11 15:30:52
2898910082,MORNINGSTAR GRILLERS 12 9,MORNINGSTAR GRILLERS 12 9,MORNINGSTAR GRILLERS 12 9,insert,1,https://riba.app/imgrs/THUMBS%20500X500/47472.JPG,tabs/detalle-producto/47472,697.000,697.000,697.000,USD,1,,"{""MARCA"":[""MORNING STAR FARM""],""CATEGORIA"":[""Dietas Especiales""]}","[""Dietas Especiales""]",,https://riba.app/imgrs/THUMBS%20500X500/47472.JPG,0,0,"[""93""]",697.000,2026-05-11 15:30:52
2898910084,MORNING STAR GRILLES BURGER CR,MORNING STAR GRILLES BURGER CR,MORNING STAR GRILLES BURGER CR,insert,1,https://riba.app/imgrs/THUMBS%20500X500/146003.JPG,tabs/detalle-producto/146003,697.000,697.000,697.000,USD,1,,"{""MARCA"":[""MORNING STAR FARM""],""CATEGORIA"":[""Dietas Especiales""]}","[""Dietas Especiales""]",,https://riba.app/imgrs/THUMBS%20500X500/146003.JPG,0,0,"[""93""]",697.000,2026-05-11 15:30:52
2898910253,MORNING STAR CHORIZO CRUMBLES,MORNING STAR CHORIZO CRUMBLES,MORNING STAR CHORIZO CRUMBLES,insert,1,https://riba.app/imgrs/THUMBS%20500X500/313959.JPG,tabs/detalle-producto/313959,637.000,637.000,637.000,USD,1,,"{""MARCA"":[""MORNING STAR FARM""],""CATEGORIA"":[""Dietas Especiales""]}","[""Dietas Especiales""]",,https://riba.app/imgrs/THUMBS%20500X500/313959.JPG,0,0,"[""93""]",637.000,2026-05-11 15:30:52
2898943780,MSTAR MAPLE SAUSAGE PATTIES,MSTAR MAPLE SAUSAGE PATTIES,MSTAR MAPLE SAUSAGE PATTIES,insert,1,https://riba.app/imgrs/THUMBS%20500X500/205425.JPG,tabs/detalle-producto/205425,665.000,665.000,665.000,USD,1,,"{""MARCA"":[""MORNING STAR FARM""],""CATEGORIA"":[""Dietas Especiales""]}","[""Dietas Especiales""]",,https://riba.app/imgrs/THUMBS%20500X500/205425.JPG,0,0,"[""93""]",665.000,2026-05-11 15:30:52
2898997580,MORNSTAR GARDEN VEGGIE PATTIES,MORNSTAR GARDEN VEGGIE PATTIES,MORNSTAR GARDEN VEGGIE PATTIES,insert,1,https://riba.app/imgrs/THUMBS%20500X500/47477.JPG,tabs/detalle-producto/47477,697.000,697.000,697.000,USD,1,,"{""MARCA"":[""MORNING STAR FARM""],""CATEGORIA"":[""Dietas Especiales""]}","[""Dietas Especiales""]",,https://riba.app/imgrs/THUMBS%20500X500/47477.JPG,0,0,"[""93""]",697.000,2026-05-11 15:30:52
3100018454,BANQUET BS MAPLE LINK,BANQUET BS MAPLE LINK,BANQUET BS MAPLE LINK,insert,1,https://riba.app/imgrs/THUMBS%20500X500/188717.JPG,tabs/detalle-producto/188717,315.000,315.000,315.000,USD,1,,"{""MARCA"":[""BANQUET""],""CATEGORIA"":[""Embutidos""]}","[""Embutidos""]",,https://riba.app/imgrs/THUMBS%20500X500/188717.JPG,0,0,"[""89""]",315.000,2026-05-11 15:30:52
3100018462,BANQUET BS TURKEY LINK,BANQUET BS TURKEY LINK,BANQUET BS TURKEY LINK,insert,1,https://riba.app/imgrs/THUMBS%20500X500/188718.JPG,tabs/detalle-producto/188718,315.000,315.000,315.000,USD,1,,"{""MARCA"":[""BANQUET""],""CATEGORIA"":[""Embutidos""]}","[""Embutidos""]",,https://riba.app/imgrs/THUMBS%20500X500/188718.JPG,0,0,"[""89""]",315.000,2026-05-11 15:30:52
3100018464,BANQUET BROWN N SERVE ORIGINAL,BANQUET BROWN N SERVE ORIGINAL,BANQUET BROWN N SERVE ORIGINAL,insert,1,https://riba.app/imgrs/THUMBS%20500X500/202584.JPG,tabs/detalle-producto/202584,469.000,469.000,469.000,USD,1,,"{""MARCA"":[""BANQUET""],""CATEGORIA"":[""Embutidos""]}","[""Embutidos""]",,https://riba.app/imgrs/THUMBS%20500X500/202584.JPG,0,0,"[""89""]",469.000,2026-05-11 15:30:52
3100026711,BANQUET BS COUNTRY RECIPE,BANQUET BS COUNTRY RECIPE,BANQUET BS COUNTRY RECIPE,insert,1,https://riba.app/imgrs/THUMBS%20500X500/188719.JPG,tabs/detalle-producto/188719,315.000,315.000,315.000,USD,1,,"{""MARCA"":[""BANQUET""],""CATEGORIA"":[""Embutidos""]}","[""Embutidos""]",,https://riba.app/imgrs/THUMBS%20500X500/188719.JPG,0,0,"[""89""]",315.000,2026-05-11 15:30:52
3100030474,BANQUET TURKEY PATTIES,BANQUET TURKEY PATTIES,BANQUET TURKEY PATTIES,insert,1,https://riba.app/imgrs/THUMBS%20500X500/188720.JPG,tabs/detalle-producto/188720,315.000,315.000,315.000,USD,1,,"{""MARCA"":[""BANQUET""],""CATEGORIA"":[""Hamburguesas""]}","[""Hamburguesas""]",,https://riba.app/imgrs/THUMBS%20500X500/188720.JPG,0,0,"[""94""]",315.000,2026-05-11 15:30:52
3100030744,BANQUET ORIGINAL SAUSAGE LINKS,BANQUET ORIGINAL SAUSAGE LINKS,BANQUET ORIGINAL SAUSAGE LINKS,insert,1,https://riba.app/imgrs/THUMBS%20500X500/188721.JPG,tabs/detalle-producto/188721,315.000,315.000,315.000,USD,1,,"{""MARCA"":[""BANQUET""],""CATEGORIA"":[""Embutidos""]}","[""Embutidos""]",,https://riba.app/imgrs/THUMBS%20500X500/188721.JPG,0,0,"[""89""]",315.000,2026-05-11 15:30:52
3150610523,BEEF FRANKS ANGUS ,BEEF FRANKS ANGUS ,BEEF FRANKS ANGUS ,insert,1,https://riba.app/imgrs/THUMBS%20500X500/329212.JPG,tabs/detalle-producto/329212,799.000,799.000,799.000,USD,1,,"{""MARCA"":[""DIETZ & WATSON""],""CATEGORIA"":[""Embutidos""]}","[""Embutidos""]",,https://riba.app/imgrs/THUMBS%20500X500/329212.JPG,0,0,"[""89""]",799.000,2026-05-11 15:30:52
3150610612,DIETZ BEEF & PORK BACON CHEDDA,DIETZ BEEF & PORK BACON CHEDDA,DIETZ BEEF & PORK BACON CHEDDA,insert,1,https://riba.app/imgrs/THUMBS%20500X500/345181.JPG,tabs/detalle-producto/345181,859.000,859.000,859.000,USD,1,,"{""MARCA"":[""DIETZ & WATSON""],""CATEGORIA"":[""Embutidos""]}","[""Embutidos""]",,https://riba.app/imgrs/THUMBS%20500X500/345181.JPG,0,0,"[""89""]",859.000,2026-05-11 15:30:52
3150620319,DW BUFFALO STYLE CHICKN SAUSAG,DW BUFFALO STYLE CHICKN SAUSAG,DW BUFFALO STYLE CHICKN SAUSAG,insert,1,https://riba.app/imgrs/THUMBS%20500X500/342990.JPG,tabs/detalle-producto/342990,657.000,657.000,657.000,USD,1,,"{""MARCA"":[""DIETZ & WATSON""],""CATEGORIA"":[""Embutidos""]}","[""Embutidos""]",,https://riba.app/imgrs/THUMBS%20500X500/342990.JPG,0,0,"[""89""]",657.000,2026-05-11 15:30:52
3150620357,DW ITALIAN STYLE CHICKN SAUSAG,DW ITALIAN STYLE CHICKN SAUSAG,DW ITALIAN STYLE CHICKN SAUSAG,insert,1,https://riba.app/imgrs/THUMBS%20500X500/342988.JPG,tabs/detalle-producto/342988,657.000,657.000,657.000,USD,1,,"{""MARCA"":[""DIETZ & WATSON""],""CATEGORIA"":[""Embutidos""]}","[""Embutidos""]",,https://riba.app/imgrs/THUMBS%20500X500/342988.JPG,0,0,"[""89""]",657.000,2026-05-11 15:30:52
3150620377,DW CHICKN SAUSGE ASIAGO SPINCH,DW CHICKN SAUSGE ASIAGO SPINCH,DW CHICKN SAUSGE ASIAGO SPINCH,insert,1,https://riba.app/imgrs/THUMBS%20500X500/341542.JPG,tabs/detalle-producto/341542,657.000,657.000,657.000,USD,1,,"{""MARCA"":[""DIETZ & WATSON""],""CATEGORIA"":[""Embutidos""]}","[""Embutidos""]",,https://riba.app/imgrs/THUMBS%20500X500/341542.JPG,0,0,"[""89""]",657.000,2026-05-11 15:30:52
3150620380,DW CHICKEN SAUSAGE CAJUN STYLE,DW CHICKEN SAUSAGE CAJUN STYLE,DW CHICKEN SAUSAGE CAJUN STYLE,insert,1,https://riba.app/imgrs/THUMBS%20500X500/341544.JPG,tabs/detalle-producto/341544,657.000,657.000,657.000,USD,1,,"{""MARCA"":[""DIETZ & WATSON""],""CATEGORIA"":[""Embutidos""]}","[""Embutidos""]",,https://riba.app/imgrs/THUMBS%20500X500/341544.JPG,0,0,"[""89""]",657.000,2026-05-11 15:30:52
3150622921,SALAMI REBANADO DIETZ WATSON,SALAMI REBANADO DIETZ WATSON,SALAMI REBANADO DIETZ WATSON,insert,1,https://riba.app/imgrs/THUMBS%20500X500/299492.JPG,tabs/detalle-producto/299492,420.000,420.000,420.000,USD,1,,"{""MARCA"":[""DIETZ & WATSON""],""CATEGORIA"":[""Embutidos""]}","[""Embutidos""]",,https://riba.app/imgrs/THUMBS%20500X500/299492.JPG,0,0,"[""89""]",420.000,2026-05-11 15:30:52
3150623002,DW MEAT BITES SMOKED SAUSAGE,DW MEAT BITES SMOKED SAUSAGE,DW MEAT BITES SMOKED SAUSAGE,insert,1,https://riba.app/imgrs/THUMBS%20500X500/352991.JPG,tabs/detalle-producto/352991,205.000,205.000,205.000,USD,1,,"{""MARCA"":[""DIETZ & WATSON""],""CATEGORIA"":[""Embutidos""]}","[""Embutidos""]",,https://riba.app/imgrs/THUMBS%20500X500/352991.JPG,0,0,"[""89""]",205.000,2026-05-11 15:30:52
3150623032,DW SMOKED TURKEY SAUSAGE,DW SMOKED TURKEY SAUSAGE,DW SMOKED TURKEY SAUSAGE,insert,1,https://riba.app/imgrs/THUMBS%20500X500/352993.JPG,tabs/detalle-producto/352993,220.000,220.000,220.000,USD,1,,"{""MARCA"":[""DIETZ & WATSON""],""CATEGORIA"":[""Embutidos""]}","[""Embutidos""]",,https://riba.app/imgrs/THUMBS%20500X500/352993.JPG,0,0,"[""89""]",220.000,2026-05-11 15:30:52
3150623052,DW MEAT BITES PEPPERONI,DW MEAT BITES PEPPERONI,DW MEAT BITES PEPPERONI,insert,1,https://riba.app/imgrs/THUMBS%20500X500/352992.JPG,tabs/detalle-producto/352992,205.000,205.000,205.000,USD,1,,"{""MARCA"":[""DIETZ & WATSON""],""CATEGORIA"":[""Embutidos""]}","[""Embutidos""]",,https://riba.app/imgrs/THUMBS%20500X500/352992.JPG,0,0,"[""89""]",205.000,2026-05-11 15:30:52
3150630909,DW HAM TAVERN IMPORTED ,DW HAM TAVERN IMPORTED ,DW HAM TAVERN IMPORTED ,insert,1,https://riba.app/imgrs/THUMBS%20500X500/329221.JPG,tabs/detalle-producto/329221,645.000,645.000,645.000,USD,1,,"{""MARCA"":[""DIETZ & WATSON""],""CATEGORIA"":[""Embutidos""]}","[""Embutidos""]",,https://riba.app/imgrs/THUMBS%20500X500/329221.JPG,0,0,"[""89""]",645.000,2026-05-11 15:30:52
3150631009,DW UNCURED BF SMOKED HAM ,DW UNCURED BF SMOKED HAM ,DW UNCURED BF SMOKED HAM ,insert,1,https://riba.app/imgrs/THUMBS%20500X500/329223.JPG,tabs/detalle-producto/329223,645.000,645.000,645.000,USD,1,,"{""MARCA"":[""DIETZ & WATSON""],""CATEGORIA"":[""Embutidos""]}","[""Embutidos""]",,https://riba.app/imgrs/THUMBS%20500X500/329223.JPG,0,0,"[""89""]",645.000,2026-05-11 15:30:52
3150631109,DW COOKED HAM ,DW COOKED HAM ,DW COOKED HAM ,insert,1,https://riba.app/imgrs/THUMBS%20500X500/329222.JPG,tabs/detalle-producto/329222,645.000,645.000,645.000,USD,1,,"{""MARCA"":[""DIETZ & WATSON""],""CATEGORIA"":[""Embutidos""]}","[""Embutidos""]",,https://riba.app/imgrs/THUMBS%20500X500/329222.JPG,0,0,"[""89""]",645.000,2026-05-11 15:30:52
3150631309,UNCURED HAM VA BKED,UNCURED HAM VA BKED,UNCURED HAM VA BKED,insert,1,https://riba.app/imgrs/THUMBS%20500X500/329224.JPG,tabs/detalle-producto/329224,645.000,645.000,645.000,USD,1,,"{""MARCA"":[""DIETZ & WATSON""],""CATEGORIA"":[""Embutidos""]}","[""Embutidos""]",,https://riba.app/imgrs/THUMBS%20500X500/329224.JPG,0,0,"[""89""]",645.000,2026-05-11 15:30:52
3150633009,DW TRKY BRST  BRW ,DW TRKY BRST  BRW ,DW TRKY BRST  BRW ,insert,1,https://riba.app/imgrs/THUMBS%20500X500/329226.JPG,tabs/detalle-producto/329226,697.000,697.000,697.000,USD,1,,"{""MARCA"":[""DIETZ & WATSON""],""CATEGORIA"":[""Embutidos""]}","[""Embutidos""]",,https://riba.app/imgrs/THUMBS%20500X500/329226.JPG,0,0,"[""89""]",697.000,2026-05-11 15:30:52
3150633309,DW SMOKE TURKEY SLICES ,DW SMOKE TURKEY SLICES ,DW SMOKE TURKEY SLICES ,insert,1,https://riba.app/imgrs/THUMBS%20500X500/329244.JPG,tabs/detalle-producto/329244,697.000,697.000,697.000,USD,1,,"{""MARCA"":[""DIETZ & WATSON""],""CATEGORIA"":[""Embutidos""]}","[""Embutidos""]",,https://riba.app/imgrs/THUMBS%20500X500/329244.JPG,0,0,"[""89""]",697.000,2026-05-11 15:30:52
3150633909,GENOA SALMI ,GENOA SALMI ,GENOA SALMI ,insert,1,https://riba.app/imgrs/THUMBS%20500X500/329250.JPG,tabs/detalle-producto/329250,460.000,460.000,460.000,USD,1,,"{""MARCA"":[""DIETZ & WATSON""],""CATEGORIA"":[""Embutidos""]}","[""Embutidos""]",,https://riba.app/imgrs/THUMBS%20500X500/329250.JPG,0,0,"[""89""]",460.000,2026-05-11 15:30:52
3150634012,MORTADELLA SLICED ,MORTADELLA SLICED ,MORTADELLA SLICED ,insert,1,https://riba.app/imgrs/THUMBS%20500X500/329251.JPG,tabs/detalle-producto/329251,433.000,433.000,433.000,USD,1,,"{""MARCA"":[""DIETZ & WATSON""],""CATEGORIA"":[""Embutidos""]}","[""Embutidos""]",,https://riba.app/imgrs/THUMBS%20500X500/329251.JPG,0,0,"[""89""]",433.000,2026-05-11 15:30:52
3150634212,SOPRESSATA SLICED ,SOPRESSATA SLICED ,SOPRESSATA SLICED ,insert,1,https://riba.app/imgrs/THUMBS%20500X500/329252.JPG,tabs/detalle-producto/329252,458.000,458.000,458.000,USD,1,,"{""MARCA"":[""DIETZ & WATSON""],""CATEGORIA"":[""Embutidos""]}","[""Embutidos""]",,https://riba.app/imgrs/THUMBS%20500X500/329252.JPG,0,0,"[""89""]",458.000,2026-05-11 15:30:52
3150634312,SALAMI GENOA REBANADO DIETZ WA,SALAMI GENOA REBANADO DIETZ WA,SALAMI GENOA REBANADO DIETZ WA,insert,1,https://riba.app/imgrs/THUMBS%20500X500/299497.JPG,tabs/detalle-producto/299497,458.000,458.000,458.000,USD,1,,"{""MARCA"":[""DIETZ & WATSON""],""CATEGORIA"":[""Embutidos""]}","[""Embutidos""]",,https://riba.app/imgrs/THUMBS%20500X500/299497.JPG,0,0,"[""89""]",458.000,2026-05-11 15:30:52
3150652810,ANGUS RST BF PRE-SL ABF,ANGUS RST BF PRE-SL ABF,ANGUS RST BF PRE-SL ABF,insert,1,https://riba.app/imgrs/THUMBS%20500X500/329262.JPG,tabs/detalle-producto/329262,891.000,891.000,891.000,USD,1,,"{""MARCA"":[""DIETZ & WATSON""],""CATEGORIA"":[""Embutidos""]}","[""Embutidos""]",,https://riba.app/imgrs/THUMBS%20500X500/329262.JPG,0,0,"[""89""]",891.000,2026-05-11 15:30:52
3150655522,HAM STK LOW SALT ,HAM STK LOW SALT ,HAM STK LOW SALT ,insert,1,https://riba.app/imgrs/THUMBS%20500X500/329265.JPG,tabs/detalle-producto/329265,615.000,615.000,615.000,USD,1,,"{""MARCA"":[""DIETZ & WATSON""],""CATEGORIA"":[""Embutidos""]}","[""Embutidos""]",,https://riba.app/imgrs/THUMBS%20500X500/329265.JPG,0,0,"[""89""]",615.000,2026-05-11 15:30:52
3150659309,JAMON MIEL REBANADO DIETZ WATS,JAMON MIEL REBANADO DIETZ WATS,JAMON MIEL REBANADO DIETZ WATS,insert,1,https://riba.app/imgrs/THUMBS%20500X500/299491.JPG,tabs/detalle-producto/299491,510.000,510.000,510.000,USD,1,,"{""MARCA"":[""DIETZ & WATSON""],""CATEGORIA"":[""Embutidos""]}","[""Embutidos""]",,https://riba.app/imgrs/THUMBS%20500X500/299491.JPG,0,0,"[""89""]",510.000,2026-05-11 15:30:52
3150660616,SALAME GENOA PARTY ,SALAME GENOA PARTY ,SALAME GENOA PARTY ,insert,1,https://riba.app/imgrs/THUMBS%20500X500/329269.JPG,tabs/detalle-producto/329269,687.000,687.000,687.000,USD,1,,"{""MARCA"":[""DIETZ & WATSON""],""CATEGORIA"":[""Embutidos""]}","[""Embutidos""]",,https://riba.app/imgrs/THUMBS%20500X500/329269.JPG,0,0,"[""89""]",687.000,2026-05-11 15:30:52
3150661660,CHICKEN BREAST SLICED ,CHICKEN BREAST SLICED ,CHICKEN BREAST SLICED ,insert,1,https://riba.app/imgrs/THUMBS%20500X500/329271.JPG,tabs/detalle-producto/329271,494.000,494.000,494.000,USD,1,,"{""MARCA"":[""DIETZ & WATSON""],""CATEGORIA"":[""Embutidos""]}","[""Embutidos""]",,https://riba.app/imgrs/THUMBS%20500X500/329271.JPG,0,0,"[""89""]",494.000,2026-05-11 15:30:52
3150662911,DIETZ&WATSON TRKY BRST PEPPERE,DIETZ&WATSON TRKY BRST PEPPERE,DIETZ&WATSON TRKY BRST PEPPERE,insert,1,https://riba.app/imgrs/THUMBS%20500X500/323905.JPG,tabs/detalle-producto/323905,697.000,697.000,697.000,USD,1,,"{""MARCA"":[""DIETZ & WATSON""],""CATEGORIA"":[""Embutidos""]}","[""Embutidos""]",,https://riba.app/imgrs/THUMBS%20500X500/323905.JPG,0,0,"[""89""]",697.000,2026-05-11 15:30:52
3150668949,GENOA MEDALLONS,GENOA MEDALLONS,GENOA MEDALLONS,insert,1,https://riba.app/imgrs/THUMBS%20500X500/329280.JPG,tabs/detalle-producto/329280,458.000,458.000,458.000,USD,1,,"{""MARCA"":[""DIETZ & WATSON""],""CATEGORIA"":[""Embutidos""]}","[""Embutidos""]",,https://riba.app/imgrs/THUMBS%20500X500/329280.JPG,0,0,"[""89""]",458.000,2026-05-11 15:30:52
3150668952,TRUFFLE MEDALLOINS ,TRUFFLE MEDALLOINS ,TRUFFLE MEDALLOINS ,insert,1,https://riba.app/imgrs/THUMBS%20500X500/329281.JPG,tabs/detalle-producto/329281,458.000,458.000,458.000,USD,1,,"{""MARCA"":[""DIETZ & WATSON""],""CATEGORIA"":[""Embutidos""]}","[""Embutidos""]",,https://riba.app/imgrs/THUMBS%20500X500/329281.JPG,0,0,"[""89""]",458.000,2026-05-11 15:30:52
3150695014,DW VINO ROSSO ITALIAN SALAME ,DW VINO ROSSO ITALIAN SALAME ,DW VINO ROSSO ITALIAN SALAME ,insert,1,https://riba.app/imgrs/THUMBS%20500X500/352994.JPG,tabs/detalle-producto/352994,674.000,674.000,674.000,USD,1,,"{""MARCA"":[""DIETZ & WATSON""],""CATEGORIA"":[""Embutidos""]}","[""Embutidos""]",,https://riba.app/imgrs/THUMBS%20500X500/352994.JPG,0,0,"[""89""]",674.000,2026-05-11 15:30:52
3188601001,QUIJOTE GROUND CHORIZO,QUIJOTE GROUND CHORIZO,QUIJOTE GROUND CHORIZO,insert,1,https://riba.app/imgrs/THUMBS%20500X500/358780.JPG,tabs/detalle-producto/358780,940.000,940.000,940.000,USD,1,,"{""MARCA"":[""QUIJOTE (EMBUTIDO)""],""CATEGORIA"":[""Embutidos""]}","[""Embutidos""]",,https://riba.app/imgrs/THUMBS%20500X500/358780.JPG,0,0,"[""89""]",940.000,2026-05-11 15:30:52
3188601002,CHORIZO QUIJOTE CASERO 2 5 OZ,CHORIZO QUIJOTE CASERO 2 5 OZ,CHORIZO QUIJOTE CASERO 2 5 OZ,insert,1,https://riba.app/imgrs/THUMBS%20500X500/50869.JPG,tabs/detalle-producto/50869,315.000,315.000,315.000,USD,1,,"{""MARCA"":[""QUIJOTE (EMBUTIDO)""],""CATEGORIA"":[""Embutidos""]}","[""Embutidos""]",,https://riba.app/imgrs/THUMBS%20500X500/50869.JPG,0,0,"[""89""]",315.000,2026-05-11 15:30:52
3188601004,CHORIZO QUIJOTE CASERO 5 5OZ,CHORIZO QUIJOTE CASERO 5 5OZ,CHORIZO QUIJOTE CASERO 5 5OZ,insert,1,https://riba.app/imgrs/THUMBS%20500X500/50870.JPG,tabs/detalle-producto/50870,625.000,625.000,625.000,USD,1,,"{""MARCA"":[""QUIJOTE (EMBUTIDO)""],""CATEGORIA"":[""Embutidos""]}","[""Embutidos""]",,https://riba.app/imgrs/THUMBS%20500X500/50870.JPG,0,0,"[""89""]",625.000,2026-05-11 15:30:52
3188601009,QUIJOTE CHORIZO SARTA,QUIJOTE CHORIZO SARTA,QUIJOTE CHORIZO SARTA,insert,1,https://riba.app/imgrs/THUMBS%20500X500/358776.JPG,tabs/detalle-producto/358776,840.000,840.000,840.000,USD,1,,"{""MARCA"":[""QUIJOTE (EMBUTIDO)""],""CATEGORIA"":[""Embutidos""]}","[""Embutidos""]",,https://riba.app/imgrs/THUMBS%20500X500/358776.JPG,0,0,"[""89""]",840.000,2026-05-11 15:30:52
3188602001,CHORIZO SUPERIOR 11 OZ,CHORIZO SUPERIOR 11 OZ,CHORIZO SUPERIOR 11 OZ,insert,1,https://riba.app/imgrs/THUMBS%20500X500/50874.JPG,tabs/detalle-producto/50874,1.236.000,1.236.000,1.236.000,USD,1,,"{""MARCA"":[""QUIJOTE (EMBUTIDO)""],""CATEGORIA"":[""Embutidos""]}","[""Embutidos""]",,https://riba.app/imgrs/THUMBS%20500X500/50874.JPG,0,0,"[""89""]",1.236.000,2026-05-11 15:30:52
3188602006,CHORIZO CANTIMPALO 16 OZ ,CHORIZO CANTIMPALO 16 OZ ,CHORIZO CANTIMPALO 16 OZ ,insert,1,https://riba.app/imgrs/THUMBS%20500X500/141237.JPG,tabs/detalle-producto/141237,1.405.000,1.405.000,1.405.000,USD,1,,"{""MARCA"":[""QUIJOTE (EMBUTIDO)""],""CATEGORIA"":[""Embutidos""]}","[""Embutidos""]",,https://riba.app/imgrs/THUMBS%20500X500/141237.JPG,0,0,"[""89""]",1.405.000,2026-05-11 15:30:52
3188604000,CHISTORRA QUIJOTE 7 5 OZ,CHISTORRA QUIJOTE 7 5 OZ,CHISTORRA QUIJOTE 7 5 OZ,insert,1,https://riba.app/imgrs/THUMBS%20500X500/50879.JPG,tabs/detalle-producto/50879,690.000,690.000,690.000,USD,1,,"{""MARCA"":[""QUIJOTE (EMBUTIDO)""],""CATEGORIA"":[""Embutidos""]}","[""Embutidos""]",,https://riba.app/imgrs/THUMBS%20500X500/50879.JPG,0,0,"[""89""]",690.000,2026-05-11 15:30:52
3188605001,QUIJOTE LONGANIZA BBQ & GRILL,QUIJOTE LONGANIZA BBQ & GRILL,QUIJOTE LONGANIZA BBQ & GRILL,insert,1,https://riba.app/imgrs/THUMBS%20500X500/358779.JPG,tabs/detalle-producto/358779,865.000,865.000,865.000,USD,1,,"{""MARCA"":[""QUIJOTE (EMBUTIDO)""],""CATEGORIA"":[""Embutidos""]}","[""Embutidos""]",,https://riba.app/imgrs/THUMBS%20500X500/358779.JPG,0,0,"[""89""]",865.000,2026-05-11 15:30:52
3188605007,QUIJOTE CHORIZO ARGENTINO,QUIJOTE CHORIZO ARGENTINO,QUIJOTE CHORIZO ARGENTINO,insert,1,https://riba.app/imgrs/THUMBS%20500X500/358778.JPG,tabs/detalle-producto/358778,865.000,865.000,865.000,USD,1,,"{""MARCA"":[""QUIJOTE (EMBUTIDO)""],""CATEGORIA"":[""Embutidos""]}","[""Embutidos""]",,https://riba.app/imgrs/THUMBS%20500X500/358778.JPG,0,0,"[""89""]",865.000,2026-05-11 15:30:52
3188605016,QUIJOTE CHORIZOS CASEROS,QUIJOTE CHORIZOS CASEROS,QUIJOTE CHORIZOS CASEROS,insert,1,https://riba.app/imgrs/THUMBS%20500X500/358775.JPG,tabs/detalle-producto/358775,2.375.000,2.375.000,2.375.000,USD,1,,"{""MARCA"":[""QUIJOTE (EMBUTIDO)""],""CATEGORIA"":[""Embutidos""]}","[""Embutidos""]",,https://riba.app/imgrs/THUMBS%20500X500/358775.JPG,0,0,"[""89""]",2.375.000,2026-05-11 15:30:52
3390000030,PORK SAUSAGE LING MAPLE ,PORK SAUSAGE LING MAPLE ,PORK SAUSAGE LING MAPLE ,insert,1,https://riba.app/imgrs/THUMBS%20500X500/187025.JPG,tabs/detalle-producto/187025,436.000,436.000,436.000,USD,1,,"{""MARCA"":[""JONES DAIRY FARM""],""CATEGORIA"":[""Embutidos""]}","[""Embutidos""]",,https://riba.app/imgrs/THUMBS%20500X500/187025.JPG,0,0,"[""89""]",436.000,2026-05-11 15:30:52
3390000033,PORK SAUSAGE LINK MILD,PORK SAUSAGE LINK MILD,PORK SAUSAGE LINK MILD,insert,1,https://riba.app/imgrs/THUMBS%20500X500/187024.JPG,tabs/detalle-producto/187024,436.000,436.000,436.000,USD,1,,"{""MARCA"":[""JONES DAIRY FARM""],""CATEGORIA"":[""Embutidos""]}","[""Embutidos""]",,https://riba.app/imgrs/THUMBS%20500X500/187024.JPG,0,0,"[""89""]",436.000,2026-05-11 15:30:52
3390000037,PORK SAUSAGE PATTY ,PORK SAUSAGE PATTY ,PORK SAUSAGE PATTY ,insert,1,https://riba.app/imgrs/THUMBS%20500X500/187027.JPG,tabs/detalle-producto/187027,436.000,436.000,436.000,USD,1,,"{""MARCA"":[""JONES DAIRY FARM""],""CATEGORIA"":[""Hamburguesas""]}","[""Hamburguesas""]",,https://riba.app/imgrs/THUMBS%20500X500/187027.JPG,0,0,"[""94""]",436.000,2026-05-11 15:30:52
3390000085,JONES CANADIAN BACON CENTR CUT,JONES CANADIAN BACON CENTR CUT,JONES CANADIAN BACON CENTR CUT,insert,1,https://riba.app/imgrs/THUMBS%20500X500/167868.JPG,tabs/detalle-producto/167868,575.000,575.000,575.000,USD,1,,"{""MARCA"":[""JONES DAIRY FARM""],""CATEGORIA"":[""Embutidos""]}","[""Embutidos""]",,https://riba.app/imgrs/THUMBS%20500X500/167868.JPG,0,0,"[""89""]",575.000,2026-05-11 15:30:52
3503200596,CITTERIO UNCURED JOWL BACON,CITTERIO UNCURED JOWL BACON,CITTERIO UNCURED JOWL BACON,insert,1,https://riba.app/imgrs/THUMBS%20500X500/339717.JPG,tabs/detalle-producto/339717,835.000,835.000,835.000,USD,1,,"{""MARCA"":[""CITTERIO""],""CATEGORIA"":[""Embutidos""]}","[""Embutidos""]",,https://riba.app/imgrs/THUMBS%20500X500/339717.JPG,0,0,"[""89""]",835.000,2026-05-11 15:30:52
3503211730,CITTERIO PROSCUITTO ,CITTERIO PROSCUITTO ,CITTERIO PROSCUITTO ,insert,1,https://riba.app/imgrs/THUMBS%20500X500/188187.JPG,tabs/detalle-producto/188187,667.000,667.000,667.000,USD,1,,"{""MARCA"":[""CITTERIO""],""CATEGORIA"":[""Embutidos""]}","[""Embutidos""]",,https://riba.app/imgrs/THUMBS%20500X500/188187.JPG,0,0,"[""89""]",667.000,2026-05-11 15:30:52
3503222504,BRESAOLA CITTERIO FRESCO,BRESAOLA CITTERIO FRESCO,BRESAOLA CITTERIO FRESCO,insert,1,https://riba.app/imgrs/THUMBS%20500X500/239112.JPG,tabs/detalle-producto/239112,820.000,820.000,820.000,USD,1,,"{""MARCA"":[""CITTERIO""],""CATEGORIA"":[""Embutidos""]}","[""Embutidos""]",,https://riba.app/imgrs/THUMBS%20500X500/239112.JPG,0,0,"[""89""]",820.000,2026-05-11 15:30:52
3503223504,CITTERIO UNCURED PANCETTA,CITTERIO UNCURED PANCETTA,CITTERIO UNCURED PANCETTA,insert,1,https://riba.app/imgrs/THUMBS%20500X500/349849.JPG,tabs/detalle-producto/349849,475.000,475.000,475.000,USD,1,,"{""MARCA"":[""CITTERIO""],""CATEGORIA"":[""Embutidos""]}","[""Embutidos""]",,https://riba.app/imgrs/THUMBS%20500X500/349849.JPG,0,0,"[""89""]",475.000,2026-05-11 15:30:52
3503224735,CITTERIO SORPRESSATA,CITTERIO SORPRESSATA,CITTERIO SORPRESSATA,insert,1,https://riba.app/imgrs/THUMBS%20500X500/279708.JPG,tabs/detalle-producto/279708,490.000,490.000,490.000,USD,1,,"{""MARCA"":[""CITTERIO""],""CATEGORIA"":[""Embutidos""]}","[""Embutidos""]",,https://riba.app/imgrs/THUMBS%20500X500/279708.JPG,0,0,"[""89""]",490.000,2026-05-11 15:30:52
3503227007,CITERI ABRUZ MILD SALAM ALL NA,CITERI ABRUZ MILD SALAM ALL NA,CITERI ABRUZ MILD SALAM ALL NA,insert,1,https://riba.app/imgrs/THUMBS%20500X500/327183.JPG,tabs/detalle-producto/327183,1.040.000,1.040.000,1.040.000,USD,1,,"{""MARCA"":[""CITTERIO""],""CATEGORIA"":[""Embutidos""]}","[""Embutidos""]",,https://riba.app/imgrs/THUMBS%20500X500/327183.JPG,0,0,"[""89""]",1.040.000,2026-05-11 15:30:52
3503232109,CITTRIO HOT SALA ALL NATURAL,CITTRIO HOT SALA ALL NATURAL,CITTRIO HOT SALA ALL NATURAL,insert,1,https://riba.app/imgrs/THUMBS%20500X500/327180.JPG,tabs/detalle-producto/327180,745.000,745.000,745.000,USD,1,,"{""MARCA"":[""CITTERIO""],""CATEGORIA"":[""Embutidos""]}","[""Embutidos""]",,https://riba.app/imgrs/THUMBS%20500X500/327180.JPG,0,0,"[""89""]",745.000,2026-05-11 15:30:52
3503263112,CITTERIO SALAME FONTINA ROLLIN,CITTERIO SALAME FONTINA ROLLIN,CITTERIO SALAME FONTINA ROLLIN,insert,1,https://riba.app/imgrs/THUMBS%20500X500/339718.JPG,tabs/detalle-producto/339718,337.000,337.000,337.000,USD,1,,"{""MARCA"":[""CITTERIO""],""CATEGORIA"":[""Embutidos""]}","[""Embutidos""]",,https://riba.app/imgrs/THUMBS%20500X500/339718.JPG,0,0,"[""89""]",337.000,2026-05-11 15:30:52
3503267502,CITTERIO ITA STYL SALAME STICK,CITTERIO ITA STYL SALAME STICK,CITTERIO ITA STYL SALAME STICK,insert,1,https://riba.app/imgrs/THUMBS%20500X500/336132.JPG,tabs/detalle-producto/336132,286.000,286.000,286.000,USD,1,,"{""MARCA"":[""CITTERIO""],""CATEGORIA"":[""Embutidos""]}","[""Embutidos""]",,https://riba.app/imgrs/THUMBS%20500X500/336132.JPG,0,0,"[""89""]",286.000,2026-05-11 15:30:52
3503270903,CITTERIO IMPORTED SL PARMA,CITTERIO IMPORTED SL PARMA,CITTERIO IMPORTED SL PARMA,insert,1,https://riba.app/imgrs/THUMBS%20500X500/197390.JPG,tabs/detalle-producto/197390,764.000,764.000,764.000,USD,1,,"{""MARCA"":[""CITTERIO""],""CATEGORIA"":[""Embutidos""]}","[""Embutidos""]",,https://riba.app/imgrs/THUMBS%20500X500/197390.JPG,0,0,"[""89""]",764.000,2026-05-11 15:30:52
3503271700,CITERIO SMOKED PROSCUITO FRESC,CITERIO SMOKED PROSCUITO FRESC,CITERIO SMOKED PROSCUITO FRESC,insert,1,https://riba.app/imgrs/THUMBS%20500X500/327182.JPG,tabs/detalle-producto/327182,820.000,820.000,820.000,USD,1,,"{""MARCA"":[""CITTERIO""],""CATEGORIA"":[""Embutidos""]}","[""Embutidos""]",,https://riba.app/imgrs/THUMBS%20500X500/327182.JPG,0,0,"[""89""]",820.000,2026-05-11 15:30:52
3503273700,CITTERIO GENOA PROVOLONE,CITTERIO GENOA PROVOLONE,CITTERIO GENOA PROVOLONE,insert,1,https://riba.app/imgrs/THUMBS%20500X500/188188.JPG,tabs/detalle-producto/188188,655.000,655.000,655.000,USD,1,,"{""MARCA"":[""CITTERIO""],""CATEGORIA"":[""Embutidos""]}","[""Embutidos""]",,https://riba.app/imgrs/THUMBS%20500X500/188188.JPG,0,0,"[""89""]",655.000,2026-05-11 15:30:52
3503273806,CITTERIO SOPR/PROS/GENOA SLME,CITTERIO SOPR/PROS/GENOA SLME,CITTERIO SOPR/PROS/GENOA SLME,insert,1,https://riba.app/imgrs/THUMBS%20500X500/312913.JPG,tabs/detalle-producto/312913,751.000,751.000,751.000,USD,1,,"{""MARCA"":[""CITTERIO""],""CATEGORIA"":[""Embutidos""]}","[""Embutidos""]",,https://riba.app/imgrs/THUMBS%20500X500/312913.JPG,0,0,"[""89""]",751.000,2026-05-11 15:30:52
3503273906,CITTERIO SORPRESSATA / ASIAGO,CITTERIO SORPRESSATA / ASIAGO,CITTERIO SORPRESSATA / ASIAGO,insert,1,https://riba.app/imgrs/THUMBS%20500X500/278957.JPG,tabs/detalle-producto/278957,741.000,741.000,741.000,USD,1,,"{""MARCA"":[""CITTERIO""],""CATEGORIA"":[""Embutidos""]}","[""Embutidos""]",,https://riba.app/imgrs/THUMBS%20500X500/278957.JPG,0,0,"[""89""]",741.000,2026-05-11 15:30:52
3503274804,CITTERIO GENOA SALAME,CITTERIO GENOA SALAME,CITTERIO GENOA SALAME,insert,1,https://riba.app/imgrs/THUMBS%20500X500/357432.JPG,tabs/detalle-producto/357432,380.000,380.000,380.000,USD,1,,"{""MARCA"":[""CITTERIO""],""CATEGORIA"":[""Embutidos""]}","[""Embutidos""]",,https://riba.app/imgrs/THUMBS%20500X500/357432.JPG,0,0,"[""89""]",380.000,2026-05-11 15:30:52
3503275603,CITTERIO GENOA SALAME PROV,CITTERIO GENOA SALAME PROV,CITTERIO GENOA SALAME PROV,insert,1,https://riba.app/imgrs/THUMBS%20500X500/331416.JPG,tabs/detalle-producto/331416,408.000,408.000,408.000,USD,1,,"{""MARCA"":[""CITTERIO""],""CATEGORIA"":[""Embutidos""]}","[""Embutidos""]",,https://riba.app/imgrs/THUMBS%20500X500/331416.JPG,0,0,"[""89""]",408.000,2026-05-11 15:30:52
3503277603,CITTERIO SOPRESATA SALME PRONT,CITTERIO SOPRESATA SALME PRONT,CITTERIO SOPRESATA SALME PRONT,insert,1,https://riba.app/imgrs/THUMBS%20500X500/197393.JPG,tabs/detalle-producto/197393,408.000,408.000,408.000,USD,1,,"{""MARCA"":[""CITTERIO""],""CATEGORIA"":[""Embutidos""]}","[""Embutidos""]",,https://riba.app/imgrs/THUMBS%20500X500/197393.JPG,0,0,"[""89""]",408.000,2026-05-11 15:30:52
3503277703,SALAME NAPOLI CITTERIO ,SALAME NAPOLI CITTERIO ,SALAME NAPOLI CITTERIO ,insert,1,https://riba.app/imgrs/THUMBS%20500X500/239117.JPG,tabs/detalle-producto/239117,408.000,408.000,408.000,USD,1,,"{""MARCA"":[""CITTERIO""],""CATEGORIA"":[""Embutidos""]}","[""Embutidos""]",,https://riba.app/imgrs/THUMBS%20500X500/239117.JPG,0,0,"[""89""]",408.000,2026-05-11 15:30:52
3503277803,CITERIO GENOA SALAMI PRONTI ,CITERIO GENOA SALAMI PRONTI ,CITERIO GENOA SALAMI PRONTI ,insert,1,https://riba.app/imgrs/THUMBS%20500X500/197392.JPG,tabs/detalle-producto/197392,408.000,408.000,408.000,USD,1,,"{""MARCA"":[""CITTERIO""],""CATEGORIA"":[""Embutidos""]}","[""Embutidos""]",,https://riba.app/imgrs/THUMBS%20500X500/197392.JPG,0,0,"[""89""]",408.000,2026-05-11 15:30:52
3503277903,SALAME DI VINO ROSSO CITTERIO,SALAME DI VINO ROSSO CITTERIO,SALAME DI VINO ROSSO CITTERIO,insert,1,https://riba.app/imgrs/THUMBS%20500X500/239119.JPG,tabs/detalle-producto/239119,408.000,408.000,408.000,USD,1,,"{""MARCA"":[""CITTERIO""],""CATEGORIA"":[""Embutidos""]}","[""Embutidos""]",,https://riba.app/imgrs/THUMBS%20500X500/239119.JPG,0,0,"[""89""]",408.000,2026-05-11 15:30:52
3503282012,CITTERIO PROSC MOZZ ROLLINO,CITTERIO PROSC MOZZ ROLLINO,CITTERIO PROSC MOZZ ROLLINO,insert,1,https://riba.app/imgrs/THUMBS%20500X500/331417.JPG,tabs/detalle-producto/331417,420.000,420.000,420.000,USD,1,,"{""MARCA"":[""CITTERIO""],""CATEGORIA"":[""Embutidos""]}","[""Embutidos""]",,https://riba.app/imgrs/THUMBS%20500X500/331417.JPG,0,0,"[""89""]",420.000,2026-05-11 15:30:52
3680036786,FULL CIRCLE CHICKN TERIYAKI,FULL CIRCLE CHICKN TERIYAKI,FULL CIRCLE CHICKN TERIYAKI,insert,1,https://riba.app/imgrs/THUMBS%20500X500/359012.JPG,tabs/detalle-producto/359012,580.000,580.000,580.000,USD,1,,"{""MARCA"":[""FULL CIRCLE""],""CATEGORIA"":[""Carnes Preparadas""]}","[""Carnes Preparadas""]",,https://riba.app/imgrs/THUMBS%20500X500/359012.JPG,0,0,"[""95""]",580.000,2026-05-11 15:30:52
3680046738,CRAVN SKILLET DINNER CHICKEN ,CRAVN SKILLET DINNER CHICKEN ,CRAVN SKILLET DINNER CHICKEN ,insert,1,https://riba.app/imgrs/THUMBS%20500X500/359024.JPG,tabs/detalle-producto/359024,924.000,924.000,924.000,USD,1,,"{""MARCA"":[""CRAV´N""],""CATEGORIA"":[""Carnes Preparadas""]}","[""Carnes Preparadas""]",,https://riba.app/imgrs/THUMBS%20500X500/359024.JPG,0,0,"[""95""]",924.000,2026-05-11 15:30:52
3680046945,CRAVN MANDARIN ORANGE CHICKEN,CRAVN MANDARIN ORANGE CHICKEN,CRAVN MANDARIN ORANGE CHICKEN,insert,1,https://riba.app/imgrs/THUMBS%20500X500/359111.JPG,tabs/detalle-producto/359111,1.080.000,1.080.000,1.080.000,USD,1,,"{""MARCA"":[""CRAV´N""],""CATEGORIA"":[""Carnes Preparadas""]}","[""Carnes Preparadas""]",,https://riba.app/imgrs/THUMBS%20500X500/359111.JPG,0,0,"[""95""]",1.080.000,2026-05-11 15:30:52
3760011544,JAMONILLA MENOS SODIO,JAMONILLA MENOS SODIO,JAMONILLA MENOS SODIO,insert,1,https://riba.app/imgrs/THUMBS%20500X500/23386.JPG,tabs/detalle-producto/23386,437.000,437.000,437.000,USD,1,,"{""MARCA"":[""SPAM""],""CATEGORIA"":[""Conservas""]}","[""Conservas""]",,https://riba.app/imgrs/THUMBS%20500X500/23386.JPG,0,0,"[""88""]",437.000,2026-05-11 15:30:52
3760013872,JAMONILLA DE CERDO HORNEADA,JAMONILLA DE CERDO HORNEADA,JAMONILLA DE CERDO HORNEADA,insert,1,https://riba.app/imgrs/THUMBS%20500X500/23192.JPG,tabs/detalle-producto/23192,433.000,433.000,433.000,USD,1,,"{""MARCA"":[""SPAM""],""CATEGORIA"":[""Conservas""]}","[""Conservas""]",,https://riba.app/imgrs/THUMBS%20500X500/23192.JPG,0,0,"[""88""]",433.000,2026-05-11 15:30:52
3760015503,JAMONILLA DE POLLO & CERDO,JAMONILLA DE POLLO & CERDO,JAMONILLA DE POLLO & CERDO,insert,1,https://riba.app/imgrs/THUMBS%20500X500/33618.JPG,tabs/detalle-producto/33618,371.000,371.000,371.000,USD,1,,"{""MARCA"":[""BLACK LABEL""],""CATEGORIA"":[""Conservas""]}","[""Conservas""]",,https://riba.app/imgrs/THUMBS%20500X500/33618.JPG,0,0,"[""88""]",371.000,2026-05-11 15:30:52
3760016095,HORMEL FULLY COOKED BACON,HORMEL FULLY COOKED BACON,HORMEL FULLY COOKED BACON,insert,1,https://riba.app/imgrs/THUMBS%20500X500/248540.JPG,tabs/detalle-producto/248540,618.000,618.000,618.000,USD,1,,"{""MARCA"":[""HORMEL""],""CATEGORIA"":[""Embutidos""]}","[""Embutidos""]",,https://riba.app/imgrs/THUMBS%20500X500/248540.JPG,0,0,"[""89""]",618.000,2026-05-11 15:30:52
3760016213,JAMONADA DE CERDO & POLLO,JAMONADA DE CERDO & POLLO,JAMONADA DE CERDO & POLLO,insert,1,https://riba.app/imgrs/THUMBS%20500X500/33613.JPG,tabs/detalle-producto/33613,254.000,254.000,254.000,USD,1,,"{""MARCA"":[""BLACK LABEL""],""CATEGORIA"":[""Conservas""]}","[""Conservas""]",,https://riba.app/imgrs/THUMBS%20500X500/33613.JPG,0,0,"[""88""]",254.000,2026-05-11 15:30:52
3760016901,BREAST OF CHICK WATER NO SALT,BREAST OF CHICK WATER NO SALT,BREAST OF CHICK WATER NO SALT,insert,1,https://riba.app/imgrs/THUMBS%20500X500/119505.JPG,tabs/detalle-producto/119505,307.000,307.000,307.000,USD,1,,"{""MARCA"":[""HORMEL""],""CATEGORIA"":[""Conservas""]}","[""Conservas""]",,https://riba.app/imgrs/THUMBS%20500X500/119505.JPG,0,0,"[""88""]",307.000,2026-05-11 15:30:52
3760021670,JAMONILLA  AHUMADO ,JAMONILLA  AHUMADO ,JAMONILLA  AHUMADO ,insert,1,https://riba.app/imgrs/THUMBS%20500X500/23378.JPG,tabs/detalle-producto/23378,437.000,437.000,437.000,USD,1,,"{""MARCA"":[""SPAM""],""CATEGORIA"":[""Conservas""]}","[""Conservas""]",,https://riba.app/imgrs/THUMBS%20500X500/23378.JPG,0,0,"[""88""]",437.000,2026-05-11 15:30:52
3760023221,HAM BLACK LABEL 3 LBS,HAM BLACK LABEL 3 LBS,HAM BLACK LABEL 3 LBS,insert,1,https://riba.app/imgrs/THUMBS%20500X500/47917.JPG,tabs/detalle-producto/47917,2.603.000,2.603.000,2.603.000,USD,1,,"{""MARCA"":[""HORMEL""],""CATEGORIA"":[""Embutidos""]}","[""Embutidos""]",,https://riba.app/imgrs/THUMBS%20500X500/47917.JPG,0,0,"[""89""]",2.603.000,2026-05-11 15:30:52
3760026030,HORMEL HONEY DELI HAM,HORMEL HONEY DELI HAM,HORMEL HONEY DELI HAM,insert,1,https://riba.app/imgrs/THUMBS%20500X500/213185.JPG,tabs/detalle-producto/213185,624.000,624.000,624.000,USD,1,,"{""MARCA"":[""HORMEL""],""CATEGORIA"":[""Embutidos""]}","[""Embutidos""]",,https://riba.app/imgrs/THUMBS%20500X500/213185.JPG,0,0,"[""89""]",624.000,2026-05-11 15:30:52
3760026701,HORMEL SMOKED HAM,HORMEL SMOKED HAM,HORMEL SMOKED HAM,insert,1,https://riba.app/imgrs/THUMBS%20500X500/938.JPG,tabs/detalle-producto/938,282.000,282.000,282.000,USD,1,,"{""MARCA"":[""HORMEL""],""CATEGORIA"":[""Conservas""]}","[""Conservas""]",,https://riba.app/imgrs/THUMBS%20500X500/938.JPG,0,0,"[""88""]",282.000,2026-05-11 15:30:52
3760032118,HORMEL WHIT & DRK CHICKEN,HORMEL WHIT & DRK CHICKEN,HORMEL WHIT & DRK CHICKEN,insert,1,https://riba.app/imgrs/THUMBS%20500X500/918.JPG,tabs/detalle-producto/918,268.000,268.000,268.000,USD,1,,"{""MARCA"":[""HORMEL""],""CATEGORIA"":[""Conservas""]}","[""Conservas""]",,https://riba.app/imgrs/THUMBS%20500X500/918.JPG,0,0,"[""88""]",268.000,2026-05-11 15:30:52
3760033658,JAMONILLA DE CERDO & TOCINO,JAMONILLA DE CERDO & TOCINO,JAMONILLA DE CERDO & TOCINO,insert,1,https://riba.app/imgrs/THUMBS%20500X500/124424.JPG,tabs/detalle-producto/124424,437.000,437.000,437.000,USD,1,,"{""MARCA"":[""HORMEL""],""CATEGORIA"":[""Conservas""]}","[""Conservas""]",,https://riba.app/imgrs/THUMBS%20500X500/124424.JPG,0,0,"[""88""]",437.000,2026-05-11 15:30:52
3760035160,TOCINO BLACK LABEL ORIGINAL 16,TOCINO BLACK LABEL ORIGINAL 16,TOCINO BLACK LABEL ORIGINAL 16,insert,1,https://riba.app/imgrs/THUMBS%20500X500/4731.JPG,tabs/detalle-producto/4731,1.073.000,1.073.000,1.073.000,USD,1,,"{""MARCA"":[""HORMEL""],""CATEGORIA"":[""Embutidos""]}","[""Embutidos""]",,https://riba.app/imgrs/THUMBS%20500X500/4731.JPG,0,0,"[""89""]",1.073.000,2026-05-11 15:30:52
3760036974,HORMEL CHICKEN BREAST,HORMEL CHICKEN BREAST,HORMEL CHICKEN BREAST,insert,1,https://riba.app/imgrs/THUMBS%20500X500/188709.JPG,tabs/detalle-producto/188709,550.000,550.000,550.000,USD,1,,"{""MARCA"":[""HORMEL""],""CATEGORIA"":[""Conservas""]}","[""Conservas""]",,https://riba.app/imgrs/THUMBS%20500X500/188709.JPG,0,0,"[""88""]",550.000,2026-05-11 15:30:52
3760040070,JAMONILLA DIETA DE POLLO CERDO,JAMONILLA DIETA DE POLLO CERDO,JAMONILLA DIETA DE POLLO CERDO,insert,1,https://riba.app/imgrs/THUMBS%20500X500/81344.JPG,tabs/detalle-producto/81344,437.000,437.000,437.000,USD,1,,"{""MARCA"":[""SPAM""],""CATEGORIA"":[""Conservas""]}","[""Conservas""]",,https://riba.app/imgrs/THUMBS%20500X500/81344.JPG,0,0,"[""88""]",437.000,2026-05-11 15:30:52
3810100153,DRY SALAMI NUGGETS BUSSSETO,DRY SALAMI NUGGETS BUSSSETO,DRY SALAMI NUGGETS BUSSSETO,insert,1,https://riba.app/imgrs/THUMBS%20500X500/237313.JPG,tabs/detalle-producto/237313,640.000,640.000,640.000,USD,1,,"{""MARCA"":[""BUSSETO""],""CATEGORIA"":[""Embutidos""]}","[""Embutidos""]",,https://riba.app/imgrs/THUMBS%20500X500/237313.JPG,0,0,"[""89""]",640.000,2026-05-11 15:30:52
3861636037,MARGHERITA PEPPERONI SINGLE ST,MARGHERITA PEPPERONI SINGLE ST,MARGHERITA PEPPERONI SINGLE ST,insert,1,https://riba.app/imgrs/THUMBS%20500X500/312576.JPG,tabs/detalle-producto/312576,621.000,621.000,621.000,USD,1,,"{""MARCA"":[""MARGHERITA""],""CATEGORIA"":[""Embutidos""]}","[""Embutidos""]",,https://riba.app/imgrs/THUMBS%20500X500/312576.JPG,0,0,"[""89""]",621.000,2026-05-11 15:30:52
3861637840,MARGHERITA PEPPERONI,MARGHERITA PEPPERONI,MARGHERITA PEPPERONI,insert,1,https://riba.app/imgrs/THUMBS%20500X500/227366.JPG,tabs/detalle-producto/227366,585.000,585.000,585.000,USD,1,,"{""MARCA"":[""MARGHERITA""],""CATEGORIA"":[""Embutidos""]}","[""Embutidos""]",,https://riba.app/imgrs/THUMBS%20500X500/227366.JPG,0,0,"[""89""]",585.000,2026-05-11 15:30:52
3861638768,MARGHERITA PEPERONE  POUCH ,MARGHERITA PEPERONE  POUCH ,MARGHERITA PEPERONE  POUCH ,insert,1,https://riba.app/imgrs/THUMBS%20500X500/78146.JPG,tabs/detalle-producto/78146,395.000,395.000,395.000,USD,1,,"{""MARCA"":[""ECKRICH""],""CATEGORIA"":[""Embutidos""]}","[""Embutidos""]",,https://riba.app/imgrs/THUMBS%20500X500/78146.JPG,0,0,"[""89""]",395.000,2026-05-11 15:30:52
3861690001,MARGHERITA HARD SALAMI SLICED,MARGHERITA HARD SALAMI SLICED,MARGHERITA HARD SALAMI SLICED,insert,1,https://riba.app/imgrs/THUMBS%20500X500/306717.JPG,tabs/detalle-producto/306717,901.000,901.000,901.000,USD,1,,"{""MARCA"":[""MARGHERITA""],""CATEGORIA"":[""Embutidos""]}","[""Embutidos""]",,https://riba.app/imgrs/THUMBS%20500X500/306717.JPG,0,0,"[""89""]",901.000,2026-05-11 15:30:52
3900008568,LIBBYS CORNED BEEF HASH 15 OZ,LIBBYS CORNED BEEF HASH 15 OZ,LIBBYS CORNED BEEF HASH 15 OZ,insert,1,https://riba.app/imgrs/THUMBS%20500X500/44512.JPG,tabs/detalle-producto/44512,499.000,499.000,499.000,USD,1,,"{""MARCA"":[""LIBBY S""],""CATEGORIA"":[""Conservas""]}","[""Conservas""]",,https://riba.app/imgrs/THUMBS%20500X500/44512.JPG,0,0,"[""88""]",499.000,2026-05-11 15:30:52
3900008669,CHICKEN VIENNA SAUSAGE ,CHICKEN VIENNA SAUSAGE ,CHICKEN VIENNA SAUSAGE ,insert,1,https://riba.app/imgrs/THUMBS%20500X500/205330.JPG,tabs/detalle-producto/205330,165.000,165.000,165.000,USD,1,,"{""MARCA"":[""LIBBY S""],""CATEGORIA"":[""Conservas""]}","[""Conservas""]",,https://riba.app/imgrs/THUMBS%20500X500/205330.JPG,0,0,"[""88""]",165.000,2026-05-11 15:30:52
3907304226,KRETSCHMAR PEPPERONI PRESLICED,KRETSCHMAR PEPPERONI PRESLICED,KRETSCHMAR PEPPERONI PRESLICED,insert,1,https://riba.app/imgrs/THUMBS%20500X500/290617.JPG,tabs/detalle-producto/290617,453.000,453.000,453.000,USD,1,,"{""MARCA"":[""KRETSCHMAR""],""CATEGORIA"":[""Embutidos""]}","[""Embutidos""]",,https://riba.app/imgrs/THUMBS%20500X500/290617.JPG,0,0,"[""89""]",453.000,2026-05-11 15:30:52
3907304227,KRETSCHMAR GENOA SALAMI,KRETSCHMAR GENOA SALAMI,KRETSCHMAR GENOA SALAMI,insert,1,https://riba.app/imgrs/THUMBS%20500X500/290616.JPG,tabs/detalle-producto/290616,453.000,453.000,453.000,USD,1,,"{""MARCA"":[""KRETSCHMAR""],""CATEGORIA"":[""Embutidos""]}","[""Embutidos""]",,https://riba.app/imgrs/THUMBS%20500X500/290616.JPG,0,0,"[""89""]",453.000,2026-05-11 15:30:52
3907304257,KRETSCHMAR HONEY TURKEY,KRETSCHMAR HONEY TURKEY,KRETSCHMAR HONEY TURKEY,insert,1,https://riba.app/imgrs/THUMBS%20500X500/290619.JPG,tabs/detalle-producto/290619,749.000,749.000,749.000,USD,1,,"{""MARCA"":[""KRETSCHMAR""],""CATEGORIA"":[""Embutidos""]}","[""Embutidos""]",,https://riba.app/imgrs/THUMBS%20500X500/290619.JPG,0,0,"[""89""]",749.000,2026-05-11 15:30:52
3907308133,KRETSHCMAR TURKEY BREAST SLICE,KRETSHCMAR TURKEY BREAST SLICE,KRETSHCMAR TURKEY BREAST SLICE,insert,1,https://riba.app/imgrs/THUMBS%20500X500/290613.JPG,tabs/detalle-producto/290613,686.000,686.000,686.000,USD,1,,"{""MARCA"":[""KRETSCHMAR""],""CATEGORIA"":[""Embutidos""]}","[""Embutidos""]",,https://riba.app/imgrs/THUMBS%20500X500/290613.JPG,0,0,"[""89""]",686.000,2026-05-11 15:30:52
4222281230,JENNIE-O JUMBO TURKEY FRANKS,JENNIE-O JUMBO TURKEY FRANKS,JENNIE-O JUMBO TURKEY FRANKS,insert,1,https://riba.app/imgrs/THUMBS%20500X500/47951.JPG,tabs/detalle-producto/47951,1.233.000,1.233.000,1.233.000,USD,1,,"{""MARCA"":[""JENNIE-O""],""CATEGORIA"":[""Embutidos""]}","[""Embutidos""]",,https://riba.app/imgrs/THUMBS%20500X500/47951.JPG,0,0,"[""89""]",1.233.000,2026-05-11 15:30:52
4227200010,CALIFORNIA VEGGIE BURGER 10 OZ,CALIFORNIA VEGGIE BURGER 10 OZ,CALIFORNIA VEGGIE BURGER 10 OZ,insert,1,https://riba.app/imgrs/THUMBS%20500X500/51111.JPG,tabs/detalle-producto/51111,962.000,962.000,962.000,USD,1,,"{""MARCA"":[""AMY S""],""CATEGORIA"":[""Dietas Especiales""]}","[""Dietas Especiales""]",,https://riba.app/imgrs/THUMBS%20500X500/51111.JPG,0,0,"[""93""]",962.000,2026-05-11 15:30:52
4345403050,TEMPEH OG2 SOY ORIGINAL,TEMPEH OG2 SOY ORIGINAL,TEMPEH OG2 SOY ORIGINAL,insert,1,https://riba.app/imgrs/THUMBS%20500X500/262748.JPG,tabs/detalle-producto/262748,673.000,673.000,673.000,USD,1,,"{""MARCA"":[""LIGHTLIFE""],""CATEGORIA"":[""Dietas Especiales""]}","[""Dietas Especiales""]",,https://riba.app/imgrs/THUMBS%20500X500/262748.JPG,0,0,"[""93""]",673.000,2026-05-11 15:30:52
4345407050,TEMPEH OG2 3 GRAIN,TEMPEH OG2 3 GRAIN,TEMPEH OG2 3 GRAIN,insert,1,https://riba.app/imgrs/THUMBS%20500X500/262747.JPG,tabs/detalle-producto/262747,673.000,673.000,673.000,USD,1,,"{""MARCA"":[""LIGHTLIFE""],""CATEGORIA"":[""Dietas Especiales""]}","[""Dietas Especiales""]",,https://riba.app/imgrs/THUMBS%20500X500/262747.JPG,0,0,"[""93""]",673.000,2026-05-11 15:30:52
4345410012,SMART DELI JUMBOS,SMART DELI JUMBOS,SMART DELI JUMBOS,insert,1,https://riba.app/imgrs/THUMBS%20500X500/50723.JPG,tabs/detalle-producto/50723,835.000,835.000,835.000,USD,1,,"{""MARCA"":[""LIGHTLIFE""],""CATEGORIA"":[""Dietas Especiales""]}","[""Dietas Especiales""]",,https://riba.app/imgrs/THUMBS%20500X500/50723.JPG,0,0,"[""93""]",835.000,2026-05-11 15:30:52
4345410015,SMART GROUND ORIGINAL,SMART GROUND ORIGINAL,SMART GROUND ORIGINAL,insert,1,https://riba.app/imgrs/THUMBS%20500X500/68303.JPG,tabs/detalle-producto/68303,844.000,844.000,844.000,USD,1,,"{""MARCA"":[""LIGHTLIFE""],""CATEGORIA"":[""Dietas Especiales""]}","[""Dietas Especiales""]",,https://riba.app/imgrs/THUMBS%20500X500/68303.JPG,0,0,"[""93""]",844.000,2026-05-11 15:30:52
4345410080,SMART DOGS FAT FREE FRANKS,SMART DOGS FAT FREE FRANKS,SMART DOGS FAT FREE FRANKS,insert,1,https://riba.app/imgrs/THUMBS%20500X500/50730.JPG,tabs/detalle-producto/50730,790.000,790.000,790.000,USD,1,,"{""MARCA"":[""LIGHTLIFE""],""CATEGORIA"":[""Dietas Especiales""]}","[""Dietas Especiales""]",,https://riba.app/imgrs/THUMBS%20500X500/50730.JPG,0,0,"[""93""]",790.000,2026-05-11 15:30:52
4345410104,SMART BACON,SMART BACON,SMART BACON,insert,1,https://riba.app/imgrs/THUMBS%20500X500/68297.JPG,tabs/detalle-producto/68297,780.000,780.000,780.000,USD,1,,"{""MARCA"":[""LIGHTLIFE""],""CATEGORIA"":[""Dietas Especiales""]}","[""Dietas Especiales""]",,https://riba.app/imgrs/THUMBS%20500X500/68297.JPG,0,0,"[""93""]",780.000,2026-05-11 15:30:52
4345440010,GIMME LEAN SAUSAGE STYLE,GIMME LEAN SAUSAGE STYLE,GIMME LEAN SAUSAGE STYLE,insert,1,https://riba.app/imgrs/THUMBS%20500X500/68302.JPG,tabs/detalle-producto/68302,691.000,691.000,691.000,USD,1,,"{""MARCA"":[""LIGHTLIFE""],""CATEGORIA"":[""Dietas Especiales""]}","[""Dietas Especiales""]",,https://riba.app/imgrs/THUMBS%20500X500/68302.JPG,0,0,"[""93""]",691.000,2026-05-11 15:30:52
4450034122,HILLSHIRE POLSKA KIELBASA,HILLSHIRE POLSKA KIELBASA,HILLSHIRE POLSKA KIELBASA,insert,1,https://riba.app/imgrs/THUMBS%20500X500/215572.JPG,tabs/detalle-producto/215572,825.000,825.000,825.000,USD,1,,"{""MARCA"":[""HILLSHIRE FARM""],""CATEGORIA"":[""Embutidos""]}","[""Embutidos""]",,https://riba.app/imgrs/THUMBS%20500X500/215572.JPG,0,0,"[""89""]",825.000,2026-05-11 15:30:52
4470000004,OM BUN MEAT WIENER,OM BUN MEAT WIENER,OM BUN MEAT WIENER,insert,1,https://riba.app/imgrs/THUMBS%20500X500/233019.JPG,tabs/detalle-producto/233019,620.000,620.000,620.000,USD,1,,"{""MARCA"":[""OSCAR MAYER""],""CATEGORIA"":[""Embutidos""]}","[""Embutidos""]",,https://riba.app/imgrs/THUMBS%20500X500/233019.JPG,0,0,"[""89""]",620.000,2026-05-11 15:30:52
4470000053,CLASSIC CHEESE DOGS CHICK TURK,CLASSIC CHEESE DOGS CHICK TURK,CLASSIC CHEESE DOGS CHICK TURK,insert,1,https://riba.app/imgrs/THUMBS%20500X500/214415.JPG,tabs/detalle-producto/214415,895.000,895.000,895.000,USD,1,,"{""MARCA"":[""OSCAR MAYER""],""CATEGORIA"":[""Embutidos""]}","[""Embutidos""]",,https://riba.app/imgrs/THUMBS%20500X500/214415.JPG,0,0,"[""89""]",895.000,2026-05-11 15:30:52
4470000063,OM  MEAT WIENERS ,OM  MEAT WIENERS ,OM  MEAT WIENERS ,insert,1,https://riba.app/imgrs/THUMBS%20500X500/47905.JPG,tabs/detalle-producto/47905,620.000,620.000,620.000,USD,1,,"{""MARCA"":[""OSCAR MAYER""],""CATEGORIA"":[""Embutidos""]}","[""Embutidos""]",,https://riba.app/imgrs/THUMBS%20500X500/47905.JPG,0,0,"[""89""]",620.000,2026-05-11 15:30:52
4470000210,JUMBO WIENER TURKEY PORK,JUMBO WIENER TURKEY PORK,JUMBO WIENER TURKEY PORK,insert,1,https://riba.app/imgrs/THUMBS%20500X500/213447.JPG,tabs/detalle-producto/213447,550.000,550.000,550.000,USD,1,,"{""MARCA"":[""OSCAR MAYER""],""CATEGORIA"":[""Embutidos""]}","[""Embutidos""]",,https://riba.app/imgrs/THUMBS%20500X500/213447.JPG,0,0,"[""89""]",550.000,2026-05-11 15:30:52
4470000744,OM SELECT TURKEY FRANKS,OM SELECT TURKEY FRANKS,OM SELECT TURKEY FRANKS,insert,1,https://riba.app/imgrs/THUMBS%20500X500/216364.JPG,tabs/detalle-producto/216364,985.000,985.000,985.000,USD,1,,"{""MARCA"":[""OSCAR MAYER""],""CATEGORIA"":[""Embutidos""]}","[""Embutidos""]",,https://riba.app/imgrs/THUMBS%20500X500/216364.JPG,0,0,"[""89""]",985.000,2026-05-11 15:30:52
4470000783,OM SMOKED UNCURED SAUSAGE,OM SMOKED UNCURED SAUSAGE,OM SMOKED UNCURED SAUSAGE,insert,1,https://riba.app/imgrs/THUMBS%20500X500/342912.JPG,tabs/detalle-producto/342912,620.000,620.000,620.000,USD,1,,"{""MARCA"":[""OSCAR MAYER""],""CATEGORIA"":[""Conservas""]}","[""Conservas""]",,https://riba.app/imgrs/THUMBS%20500X500/342912.JPG,0,0,"[""88""]",620.000,2026-05-11 15:30:52
4470000988,COTTO SALAMI OSCAR MAYER,COTTO SALAMI OSCAR MAYER,COTTO SALAMI OSCAR MAYER,insert,1,https://riba.app/imgrs/THUMBS%20500X500/214183.JPG,tabs/detalle-producto/214183,535.000,535.000,535.000,USD,1,,"{""MARCA"":[""OSCAR MAYER""],""CATEGORIA"":[""Embutidos""]}","[""Embutidos""]",,https://riba.app/imgrs/THUMBS%20500X500/214183.JPG,0,0,"[""89""]",535.000,2026-05-11 15:30:52
4470000989,OM COTTO SALAMI,OM COTTO SALAMI,OM COTTO SALAMI,insert,1,https://riba.app/imgrs/THUMBS%20500X500/223064.JPG,tabs/detalle-producto/223064,605.000,605.000,605.000,USD,1,,"{""MARCA"":[""OSCAR MAYER""],""CATEGORIA"":[""Embutidos""]}","[""Embutidos""]",,https://riba.app/imgrs/THUMBS%20500X500/223064.JPG,0,0,"[""89""]",605.000,2026-05-11 15:30:52
4470001120,OM BEEF COTTO SALAMI,OM BEEF COTTO SALAMI,OM BEEF COTTO SALAMI,insert,1,https://riba.app/imgrs/THUMBS%20500X500/48190.JPG,tabs/detalle-producto/48190,690.000,690.000,690.000,USD,1,,"{""MARCA"":[""OSCAR MAYER""],""CATEGORIA"":[""Embutidos""]}","[""Embutidos""]",,https://riba.app/imgrs/THUMBS%20500X500/48190.JPG,0,0,"[""89""]",690.000,2026-05-11 15:30:52
4470001988,OSCAR MAYER SLICED BACON,OSCAR MAYER SLICED BACON,OSCAR MAYER SLICED BACON,insert,1,https://riba.app/imgrs/THUMBS%20500X500/47898.JPG,tabs/detalle-producto/47898,1.095.000,1.095.000,1.095.000,USD,1,,"{""MARCA"":[""OSCAR MAYER""],""CATEGORIA"":[""Embutidos""]}","[""Embutidos""]",,https://riba.app/imgrs/THUMBS%20500X500/47898.JPG,0,0,"[""89""]",1.095.000,2026-05-11 15:30:52
4470001991,OM LOW SALT BACON 1992,OM LOW SALT BACON 1992,OM LOW SALT BACON 1992,insert,1,https://riba.app/imgrs/THUMBS%20500X500/47953.JPG,tabs/detalle-producto/47953,1.095.000,1.095.000,1.095.000,USD,1,,"{""MARCA"":[""OSCAR MAYER""],""CATEGORIA"":[""Embutidos""]}","[""Embutidos""]",,https://riba.app/imgrs/THUMBS%20500X500/47953.JPG,0,0,"[""89""]",1.095.000,2026-05-11 15:30:52
4470002268,OSCAR MAYER CENTER CUT BACON,OSCAR MAYER CENTER CUT BACON,OSCAR MAYER CENTER CUT BACON,insert,1,https://riba.app/imgrs/THUMBS%20500X500/68908.JPG,tabs/detalle-producto/68908,1.193.000,1.193.000,1.193.000,USD,1,,"{""MARCA"":[""OSCAR MAYER""],""CATEGORIA"":[""Embutidos""]}","[""Embutidos""]",,https://riba.app/imgrs/THUMBS%20500X500/68908.JPG,0,0,"[""89""]",1.193.000,2026-05-11 15:30:52
4470003039,DELI FRESH SLOW ROASTED ,DELI FRESH SLOW ROASTED ,DELI FRESH SLOW ROASTED ,insert,1,https://riba.app/imgrs/THUMBS%20500X500/207070.JPG,tabs/detalle-producto/207070,997.000,997.000,997.000,USD,1,,"{""MARCA"":[""OSCAR MAYER""],""CATEGORIA"":[""Embutidos""]}","[""Embutidos""]",,https://riba.app/imgrs/THUMBS%20500X500/207070.JPG,0,0,"[""89""]",997.000,2026-05-11 15:30:52
4470003048,OSCAR MAYER SMOKED HAM ,OSCAR MAYER SMOKED HAM ,OSCAR MAYER SMOKED HAM ,insert,1,https://riba.app/imgrs/THUMBS%20500X500/208086.JPG,tabs/detalle-producto/208086,1.046.000,1.046.000,1.046.000,USD,1,,"{""MARCA"":[""OSCAR MAYER""],""CATEGORIA"":[""Embutidos""]}","[""Embutidos""]",,https://riba.app/imgrs/THUMBS%20500X500/208086.JPG,0,0,"[""89""]",1.046.000,2026-05-11 15:30:52
4470003050,OM OVEN ROASTED TURKEY BREAST,OM OVEN ROASTED TURKEY BREAST,OM OVEN ROASTED TURKEY BREAST,insert,1,https://riba.app/imgrs/THUMBS%20500X500/208085.JPG,tabs/detalle-producto/208085,882.000,882.000,882.000,USD,1,,"{""MARCA"":[""OSCAR MAYER""],""CATEGORIA"":[""Embutidos""]}","[""Embutidos""]",,https://riba.app/imgrs/THUMBS%20500X500/208085.JPG,0,0,"[""89""]",882.000,2026-05-11 15:30:52
4470003053,OM SMOKED TURKEY BREAST DELI S,OM SMOKED TURKEY BREAST DELI S,OM SMOKED TURKEY BREAST DELI S,insert,1,https://riba.app/imgrs/THUMBS%20500X500/105489.JPG,tabs/detalle-producto/105489,882.000,882.000,882.000,USD,1,,"{""MARCA"":[""OSCAR MAYER""],""CATEGORIA"":[""Embutidos""]}","[""Embutidos""]",,https://riba.app/imgrs/THUMBS%20500X500/105489.JPG,0,0,"[""89""]",882.000,2026-05-11 15:30:52
4470003054,OM HONEY HAM D FRESH MEATS 9OZ,OM HONEY HAM D FRESH MEATS 9OZ,OM HONEY HAM D FRESH MEATS 9OZ,insert,1,https://riba.app/imgrs/THUMBS%20500X500/148130.JPG,tabs/detalle-producto/148130,1.046.000,1.046.000,1.046.000,USD,1,,"{""MARCA"":[""OSCAR MAYER""],""CATEGORIA"":[""Embutidos""]}","[""Embutidos""]",,https://riba.app/imgrs/THUMBS%20500X500/148130.JPG,0,0,"[""89""]",1.046.000,2026-05-11 15:30:52
4470003070,MESQUITE TURKEY BREAST,MESQUITE TURKEY BREAST,MESQUITE TURKEY BREAST,insert,1,https://riba.app/imgrs/THUMBS%20500X500/213448.JPG,tabs/detalle-producto/213448,882.000,882.000,882.000,USD,1,,"{""MARCA"":[""OSCAR MAYER""],""CATEGORIA"":[""Embutidos""]}","[""Embutidos""]",,https://riba.app/imgrs/THUMBS%20500X500/213448.JPG,0,0,"[""89""]",882.000,2026-05-11 15:30:52
4470003099,OM ROTIS CHICKEN D/F,OM ROTIS CHICKEN D/F,OM ROTIS CHICKEN D/F,insert,1,https://riba.app/imgrs/THUMBS%20500X500/233014.JPG,tabs/detalle-producto/233014,882.000,882.000,882.000,USD,1,,"{""MARCA"":[""OSCAR MAYER""],""CATEGORIA"":[""Embutidos""]}","[""Embutidos""]",,https://riba.app/imgrs/THUMBS%20500X500/233014.JPG,0,0,"[""89""]",882.000,2026-05-11 15:30:52
4470006437,OSCAR MAYER SMKD WHITE TURKEY,OSCAR MAYER SMKD WHITE TURKEY,OSCAR MAYER SMKD WHITE TURKEY,insert,1,https://riba.app/imgrs/THUMBS%20500X500/217680.JPG,tabs/detalle-producto/217680,785.000,785.000,785.000,USD,1,,"{""MARCA"":[""OSCAR MAYER""],""CATEGORIA"":[""Embutidos""]}","[""Embutidos""]",,https://riba.app/imgrs/THUMBS%20500X500/217680.JPG,0,0,"[""89""]",785.000,2026-05-11 15:30:52
4470006441,OM OVEN ROAST WHITE TURKEY,OM OVEN ROAST WHITE TURKEY,OM OVEN ROAST WHITE TURKEY,insert,1,https://riba.app/imgrs/THUMBS%20500X500/216124.JPG,tabs/detalle-producto/216124,785.000,785.000,785.000,USD,1,,"{""MARCA"":[""OSCAR MAYER""],""CATEGORIA"":[""Embutidos""]}","[""Embutidos""]",,https://riba.app/imgrs/THUMBS%20500X500/216124.JPG,0,0,"[""89""]",785.000,2026-05-11 15:30:52
4470007337,OM JUMBO BEEF FRANK,OM JUMBO BEEF FRANK,OM JUMBO BEEF FRANK,insert,1,https://riba.app/imgrs/THUMBS%20500X500/216315.JPG,tabs/detalle-producto/216315,995.000,995.000,995.000,USD,1,,"{""MARCA"":[""OSCAR MAYER""],""CATEGORIA"":[""Embutidos""]}","[""Embutidos""]",,https://riba.app/imgrs/THUMBS%20500X500/216315.JPG,0,0,"[""89""]",995.000,2026-05-11 15:30:52
4470007502,OM BUN LENGTH BEEF FRANK,OM BUN LENGTH BEEF FRANK,OM BUN LENGTH BEEF FRANK,insert,1,https://riba.app/imgrs/THUMBS%20500X500/222741.JPG,tabs/detalle-producto/222741,995.000,995.000,995.000,USD,1,,"{""MARCA"":[""OSCAR MAYER""],""CATEGORIA"":[""Embutidos""]}","[""Embutidos""]",,https://riba.app/imgrs/THUMBS%20500X500/222741.JPG,0,0,"[""89""]",995.000,2026-05-11 15:30:52
4470007505,OSCAR M CLASSIC BEEF UNCURED F,OSCAR M CLASSIC BEEF UNCURED F,OSCAR M CLASSIC BEEF UNCURED F,insert,1,https://riba.app/imgrs/THUMBS%20500X500/270364.JPG,tabs/detalle-producto/270364,995.000,995.000,995.000,USD,1,,"{""MARCA"":[""OSCAR MAYER""],""CATEGORIA"":[""Embutidos""]}","[""Embutidos""]",,https://riba.app/imgrs/THUMBS%20500X500/270364.JPG,0,0,"[""89""]",995.000,2026-05-11 15:30:52
4606,ENCUENTRO AL AJILLO (FAMILIAR),ENCUENTRO AL AJILLO (FAMILIAR),ENCUENTRO AL AJILLO (FAMILIAR),insert,1,https://riba.app/imgrs/THUMBS%20500X500/289960.JPG,tabs/detalle-producto/289960,810.000,810.000,810.000,USD,1,,"{""MARCA"":[""RIMITH""],""CATEGORIA"":[""Carnes Preparadas""]}","[""Carnes Preparadas""]",,https://riba.app/imgrs/THUMBS%20500X500/289960.JPG,0,0,"[""95""]",810.000,2026-05-11 15:30:52
4670409846,TGI CHICKEN WING HONEY BBQ,TGI CHICKEN WING HONEY BBQ,TGI CHICKEN WING HONEY BBQ,insert,1,https://riba.app/imgrs/THUMBS%20500X500/287988.JPG,tabs/detalle-producto/287988,1.849.000,1.849.000,1.849.000,USD,1,,"{""MARCA"":[""FRIDAY S""],""CATEGORIA"":[""Carnes Preparadas""]}","[""Carnes Preparadas""]",,https://riba.app/imgrs/THUMBS%20500X500/287988.JPG,0,0,"[""95""]",1.849.000,2026-05-11 15:30:52
4670461025,FRIDAYS CHEESEBURGER BBQ,FRIDAYS CHEESEBURGER BBQ,FRIDAYS CHEESEBURGER BBQ,insert,1,https://riba.app/imgrs/THUMBS%20500X500/191919.JPG,tabs/detalle-producto/191919,1.251.000,1.251.000,1.251.000,USD,1,,"{""MARCA"":[""FRIDAY S""],""CATEGORIA"":[""Hamburguesas""]}","[""Hamburguesas""]",,https://riba.app/imgrs/THUMBS%20500X500/191919.JPG,0,0,"[""94""]",1.251.000,2026-05-11 15:30:52
4670462075,TGI BONELESS CHIC BITE HONEY,TGI BONELESS CHIC BITE HONEY,TGI BONELESS CHIC BITE HONEY,insert,1,https://riba.app/imgrs/THUMBS%20500X500/287989.JPG,tabs/detalle-producto/287989,1.098.000,1.098.000,1.098.000,USD,1,,"{""MARCA"":[""FRIDAY´S""],""CATEGORIA"":[""Carnes Preparadas""]}","[""Carnes Preparadas""]",,https://riba.app/imgrs/THUMBS%20500X500/287989.JPG,0,0,"[""95""]",1.098.000,2026-05-11 15:30:52
4780000014,ENDIABLADOS DE JAMON,ENDIABLADOS DE JAMON,ENDIABLADOS DE JAMON,insert,1,https://riba.app/imgrs/THUMBS%20500X500/13594.JPG,tabs/detalle-producto/13594,305.000,305.000,305.000,USD,1,,"{""MARCA"":[""UNDERWOOD""],""CATEGORIA"":[""Conservas""]}","[""Conservas""]",,https://riba.app/imgrs/THUMBS%20500X500/13594.JPG,0,0,"[""88""]",305.000,2026-05-11 15:30:52
4780000021,ENDIABLADOS DE POLLO,ENDIABLADOS DE POLLO,ENDIABLADOS DE POLLO,insert,1,https://riba.app/imgrs/THUMBS%20500X500/13592.JPG,tabs/detalle-producto/13592,287.000,287.000,287.000,USD,1,,"{""MARCA"":[""UNDERWOOD""],""CATEGORIA"":[""Conservas""]}","[""Conservas""]",,https://riba.app/imgrs/THUMBS%20500X500/13592.JPG,0,0,"[""88""]",287.000,2026-05-11 15:30:52
5190080744,LOF HONEY GLAZED UNCURED HAM,LOF HONEY GLAZED UNCURED HAM,LOF HONEY GLAZED UNCURED HAM,insert,1,https://riba.app/imgrs/THUMBS%20500X500/348014.JPG,tabs/detalle-producto/348014,889.000,889.000,889.000,USD,1,,"{""MARCA"":[""LAND O´FROST""],""CATEGORIA"":[""Embutidos""]}","[""Embutidos""]",,https://riba.app/imgrs/THUMBS%20500X500/348014.JPG,0,0,"[""89""]",889.000,2026-05-11 15:30:52
5190080745,LOF BLACK FOREST UNCURED HAM,LOF BLACK FOREST UNCURED HAM,LOF BLACK FOREST UNCURED HAM,insert,1,https://riba.app/imgrs/THUMBS%20500X500/348013.JPG,tabs/detalle-producto/348013,889.000,889.000,889.000,USD,1,,"{""MARCA"":[""LAND O´FROST""],""CATEGORIA"":[""Embutidos""]}","[""Embutidos""]",,https://riba.app/imgrs/THUMBS%20500X500/348013.JPG,0,0,"[""89""]",889.000,2026-05-11 15:30:52
5190080746,LOF APPLEWOOD SMOKED TURKEY BR,LOF APPLEWOOD SMOKED TURKEY BR,LOF APPLEWOOD SMOKED TURKEY BR,insert,1,https://riba.app/imgrs/THUMBS%20500X500/348012.JPG,tabs/detalle-producto/348012,727.000,727.000,727.000,USD,1,,"{""MARCA"":[""LAND O´FROST""],""CATEGORIA"":[""Embutidos""]}","[""Embutidos""]",,https://riba.app/imgrs/THUMBS%20500X500/348012.JPG,0,0,"[""89""]",727.000,2026-05-11 15:30:52
5190080747,LOF ROTISSERIE TURKEY BREAST,LOF ROTISSERIE TURKEY BREAST,LOF ROTISSERIE TURKEY BREAST,insert,1,https://riba.app/imgrs/THUMBS%20500X500/348016.JPG,tabs/detalle-producto/348016,727.000,727.000,727.000,USD,1,,"{""MARCA"":[""LAND O´FROST""],""CATEGORIA"":[""Embutidos""]}","[""Embutidos""]",,https://riba.app/imgrs/THUMBS%20500X500/348016.JPG,0,0,"[""89""]",727.000,2026-05-11 15:30:52
5410093110,ARMOUR VIENNA BITES ORIGINAL,ARMOUR VIENNA BITES ORIGINAL,ARMOUR VIENNA BITES ORIGINAL,insert,1,https://riba.app/imgrs/THUMBS%20500X500/180245.JPG,tabs/detalle-producto/180245,265.000,265.000,265.000,USD,1,,"{""MARCA"":[""ARMOUR""],""CATEGORIA"":[""Conservas""]}","[""Conservas""]",,https://riba.app/imgrs/THUMBS%20500X500/180245.JPG,0,0,"[""88""]",265.000,2026-05-11 15:30:52
5410093702,VIENNA SAUSAGE HOY SPICY,VIENNA SAUSAGE HOY SPICY,VIENNA SAUSAGE HOY SPICY,insert,1,https://riba.app/imgrs/THUMBS%20500X500/211197.JPG,tabs/detalle-producto/211197,167.000,167.000,167.000,USD,1,,"{""MARCA"":[""ARMOUR""],""CATEGORIA"":[""Conservas""]}","[""Conservas""]",,https://riba.app/imgrs/THUMBS%20500X500/211197.JPG,0,0,"[""88""]",167.000,2026-05-11 15:30:52
5450010175,ANGUS BEEF FRANKS ORIGINAL,ANGUS BEEF FRANKS ORIGINAL,ANGUS BEEF FRANKS ORIGINAL,insert,1,https://riba.app/imgrs/THUMBS%20500X500/223282.JPG,tabs/detalle-producto/223282,1.002.000,1.002.000,1.002.000,USD,1,,"{""MARCA"":[""BALL PARK""],""CATEGORIA"":[""Embutidos""]}","[""Embutidos""]",,https://riba.app/imgrs/THUMBS%20500X500/223282.JPG,0,0,"[""89""]",1.002.000,2026-05-11 15:30:52
5450019327,BALL PARK BUN SIZE FRANKS,BALL PARK BUN SIZE FRANKS,BALL PARK BUN SIZE FRANKS,insert,1,https://riba.app/imgrs/THUMBS%20500X500/222302.JPG,tabs/detalle-producto/222302,595.000,595.000,595.000,USD,1,,"{""MARCA"":[""BALL PARK""],""CATEGORIA"":[""Embutidos""]}","[""Embutidos""]",,https://riba.app/imgrs/THUMBS%20500X500/222302.JPG,0,0,"[""89""]",595.000,2026-05-11 15:30:52
5450019329,BALL PARK BUN SIZE BEEF FRANK,BALL PARK BUN SIZE BEEF FRANK,BALL PARK BUN SIZE BEEF FRANK,insert,1,https://riba.app/imgrs/THUMBS%20500X500/263506.JPG,tabs/detalle-producto/263506,901.000,901.000,901.000,USD,1,,"{""MARCA"":[""BALL PARK""],""CATEGORIA"":[""Embutidos""]}","[""Embutidos""]",,https://riba.app/imgrs/THUMBS%20500X500/263506.JPG,0,0,"[""89""]",901.000,2026-05-11 15:30:52
5450019352,BALL PARK FRANKS,BALL PARK FRANKS,BALL PARK FRANKS,insert,1,https://riba.app/imgrs/THUMBS%20500X500/222567.JPG,tabs/detalle-producto/222567,595.000,595.000,595.000,USD,1,,"{""MARCA"":[""BALL PARK""],""CATEGORIA"":[""Embutidos""]}","[""Embutidos""]",,https://riba.app/imgrs/THUMBS%20500X500/222567.JPG,0,0,"[""89""]",595.000,2026-05-11 15:30:52
570719614375,TULIP JAMONADA DE POLLO,TULIP JAMONADA DE POLLO,TULIP JAMONADA DE POLLO,insert,1,https://riba.app/imgrs/THUMBS%20500X500/318363.JPG,tabs/detalle-producto/318363,235.000,235.000,235.000,USD,1,,"{""MARCA"":[""TULIP""],""CATEGORIA"":[""Conservas""]}","[""Conservas""]",,https://riba.app/imgrs/THUMBS%20500X500/318363.JPG,0,0,"[""88""]",235.000,2026-05-11 15:30:52
570719616397,JAMONILLA DE CERDO BACON ,JAMONILLA DE CERDO BACON ,JAMONILLA DE CERDO BACON ,insert,1,https://riba.app/imgrs/THUMBS%20500X500/220577.JPG,tabs/detalle-producto/220577,330.000,330.000,330.000,USD,1,,"{""MARCA"":[""TULIP""],""CATEGORIA"":[""Conservas""]}","[""Conservas""]",,https://riba.app/imgrs/THUMBS%20500X500/220577.JPG,0,0,"[""88""]",330.000,2026-05-11 15:30:52
570719618025,TULIP JAMONADA POLLO 340G,TULIP JAMONADA POLLO 340G,TULIP JAMONADA POLLO 340G,insert,1,https://riba.app/imgrs/THUMBS%20500X500/301083.JPG,tabs/detalle-producto/301083,303.000,303.000,303.000,USD,1,,"{""MARCA"":[""TULIP""],""CATEGORIA"":[""Conservas""]}","[""Conservas""]",,https://riba.app/imgrs/THUMBS%20500X500/301083.JPG,0,0,"[""88""]",303.000,2026-05-11 15:30:52
570719618657,PREMIUM JAMONILLA CAN,PREMIUM JAMONILLA CAN,PREMIUM JAMONILLA CAN,insert,1,https://riba.app/imgrs/THUMBS%20500X500/233443.JPG,tabs/detalle-producto/233443,324.000,324.000,324.000,USD,1,,"{""MARCA"":[""TULIP""],""CATEGORIA"":[""Conservas""]}","[""Conservas""]",,https://riba.app/imgrs/THUMBS%20500X500/233443.JPG,0,0,"[""88""]",324.000,2026-05-11 15:30:52
570719629773,JAMONILLA TULIP INGRED NATURAL,JAMONILLA TULIP INGRED NATURAL,JAMONILLA TULIP INGRED NATURAL,insert,1,https://riba.app/imgrs/THUMBS%20500X500/334530.JPG,tabs/detalle-producto/334530,310.000,310.000,310.000,USD,1,,"{""MARCA"":[""TULIP""],""CATEGORIA"":[""Conservas""]}","[""Conservas""]",,https://riba.app/imgrs/THUMBS%20500X500/334530.JPG,0,0,"[""88""]",310.000,2026-05-11 15:30:52
576238506322,JAMONILLA DE CERDO,JAMONILLA DE CERDO,JAMONILLA DE CERDO,insert,1,https://riba.app/imgrs/THUMBS%20500X500/19596.JPG,tabs/detalle-producto/19596,238.000,238.000,238.000,USD,1,,"{""MARCA"":[""TULIP""],""CATEGORIA"":[""Conservas""]}","[""Conservas""]",,https://riba.app/imgrs/THUMBS%20500X500/19596.JPG,0,0,"[""88""]",238.000,2026-05-11 15:30:52
576238506323,JAMONILLA DE CERDO ,JAMONILLA DE CERDO ,JAMONILLA DE CERDO ,insert,1,https://riba.app/imgrs/THUMBS%20500X500/19597.JPG,tabs/detalle-producto/19597,305.000,305.000,305.000,USD,1,,"{""MARCA"":[""TULIP""],""CATEGORIA"":[""Conservas""]}","[""Conservas""]",,https://riba.app/imgrs/THUMBS%20500X500/19597.JPG,0,0,"[""88""]",305.000,2026-05-11 15:30:52
6238525934,TULIP QUICK BITE 125G,TULIP QUICK BITE 125G,TULIP QUICK BITE 125G,insert,1,https://riba.app/imgrs/THUMBS%20500X500/310065.JPG,tabs/detalle-producto/310065,190.000,190.000,190.000,USD,1,,"{""MARCA"":[""TULIP""],""CATEGORIA"":[""Conservas""]}","[""Conservas""]",,https://riba.app/imgrs/THUMBS%20500X500/310065.JPG,0,0,"[""88""]",190.000,2026-05-11 15:30:52
6238528597,SALCHICHAS VIENNA CERDO,SALCHICHAS VIENNA CERDO,SALCHICHAS VIENNA CERDO,insert,1,https://riba.app/imgrs/THUMBS%20500X500/329937.JPG,tabs/detalle-producto/329937,114.000,114.000,114.000,USD,1,,"{""MARCA"":[""TULIP""],""CATEGORIA"":[""Conservas""]}","[""Conservas""]",,https://riba.app/imgrs/THUMBS%20500X500/329937.JPG,0,0,"[""88""]",114.000,2026-05-11 15:30:52
64823059609,PALACIOS CHORIZO IBERICO,PALACIOS CHORIZO IBERICO,PALACIOS CHORIZO IBERICO,insert,1,https://riba.app/imgrs/THUMBS%20500X500/360352.JPG,tabs/detalle-producto/360352,625.000,625.000,625.000,USD,1,,"{""MARCA"":[""PALACIOS""],""CATEGORIA"":[""Embutidos""]}","[""Embutidos""]",,https://riba.app/imgrs/THUMBS%20500X500/360352.JPG,0,0,"[""89""]",625.000,2026-05-11 15:30:52
65853312300,ANGUS BEEF BUTCHER BURGER,ANGUS BEEF BUTCHER BURGER,ANGUS BEEF BUTCHER BURGER,insert,1,https://riba.app/imgrs/THUMBS%20500X500/341095.JPG,tabs/detalle-producto/341095,2.195.000,2.195.000,2.195.000,USD,1,,"{""MARCA"":[""RASTELLI PF""],""CATEGORIA"":[""Hamburguesas""]}","[""Hamburguesas""]",,https://riba.app/imgrs/THUMBS%20500X500/341095.JPG,0,0,"[""94""]",2.195.000,2026-05-11 15:30:52
65853312301,SHORT RIB BEEF BURGER,SHORT RIB BEEF BURGER,SHORT RIB BEEF BURGER,insert,1,https://riba.app/imgrs/THUMBS%20500X500/341090.JPG,tabs/detalle-producto/341090,2.395.000,2.395.000,2.395.000,USD,1,,"{""MARCA"":[""RASTELLI PF""],""CATEGORIA"":[""Hamburguesas""]}","[""Hamburguesas""]",,https://riba.app/imgrs/THUMBS%20500X500/341090.JPG,0,0,"[""94""]",2.395.000,2026-05-11 15:30:52
65853312304,GRASS FED BEEF BUTCHER BURGER,GRASS FED BEEF BUTCHER BURGER,GRASS FED BEEF BUTCHER BURGER,insert,1,https://riba.app/imgrs/THUMBS%20500X500/341098.JPG,tabs/detalle-producto/341098,2.395.000,2.395.000,2.395.000,USD,1,,"{""MARCA"":[""RASTELLI PF""],""CATEGORIA"":[""Hamburguesas""]}","[""Hamburguesas""]",,https://riba.app/imgrs/THUMBS%20500X500/341098.JPG,0,0,"[""94""]",2.395.000,2026-05-11 15:30:52
65853313344,WAGYU BEEF BUTCHER BURGER,WAGYU BEEF BUTCHER BURGER,WAGYU BEEF BUTCHER BURGER,insert,1,https://riba.app/imgrs/THUMBS%20500X500/341096.JPG,tabs/detalle-producto/341096,2.395.000,2.395.000,2.395.000,USD,1,,"{""MARCA"":[""RASTELLI PF""],""CATEGORIA"":[""Hamburguesas""]}","[""Hamburguesas""]",,https://riba.app/imgrs/THUMBS%20500X500/341096.JPG,0,0,"[""94""]",2.395.000,2026-05-11 15:30:52
7010001814,SMOKED SAUSAGE,SMOKED SAUSAGE,SMOKED SAUSAGE,insert,1,https://riba.app/imgrs/THUMBS%20500X500/239156.JPG,tabs/detalle-producto/239156,302.000,302.000,302.000,USD,1,,"{""MARCA"":[""JOHN MORRELL""],""CATEGORIA"":[""Embutidos""]}","[""Embutidos""]",,https://riba.app/imgrs/THUMBS%20500X500/239156.JPG,0,0,"[""89""]",302.000,2026-05-11 15:30:52
7024712304,CLASSIC CUT BACON NAT SMOKED,CLASSIC CUT BACON NAT SMOKED,CLASSIC CUT BACON NAT SMOKED,insert,1,https://riba.app/imgrs/THUMBS%20500X500/214632.JPG,tabs/detalle-producto/214632,910.000,910.000,910.000,USD,1,,"{""MARCA"":[""FARMLAND""],""CATEGORIA"":[""Embutidos""]}","[""Embutidos""]",,https://riba.app/imgrs/THUMBS%20500X500/214632.JPG,0,0,"[""89""]",910.000,2026-05-11 15:30:52
7024712306,FARM THICK SIK PK BACON,FARM THICK SIK PK BACON,FARM THICK SIK PK BACON,insert,1,https://riba.app/imgrs/THUMBS%20500X500/47864.JPG,tabs/detalle-producto/47864,1.360.000,1.360.000,1.360.000,USD,1,,"{""MARCA"":[""FARMLAND""],""CATEGORIA"":[""Embutidos""]}","[""Embutidos""]",,https://riba.app/imgrs/THUMBS%20500X500/47864.JPG,0,0,"[""89""]",1.360.000,2026-05-11 15:30:52
7024712777,FAMRLAND HAM STEAKS,FAMRLAND HAM STEAKS,FAMRLAND HAM STEAKS,insert,1,https://riba.app/imgrs/THUMBS%20500X500/279588.JPG,tabs/detalle-producto/279588,977.000,977.000,977.000,USD,1,,"{""MARCA"":[""FARMLAND""],""CATEGORIA"":[""Embutidos""]}","[""Embutidos""]",,https://riba.app/imgrs/THUMBS%20500X500/279588.JPG,0,0,"[""89""]",977.000,2026-05-11 15:30:52
70405128737,CURLY THAI SWEET PULLED CHCKEN,CURLY THAI SWEET PULLED CHCKEN,CURLY THAI SWEET PULLED CHCKEN,insert,1,https://riba.app/imgrs/THUMBS%20500X500/354328.JPG,tabs/detalle-producto/354328,855.000,855.000,855.000,USD,1,,"{""MARCA"":[""CURLY´S""],""CATEGORIA"":[""Carnes Preparadas""]}","[""Carnes Preparadas""]",,https://riba.app/imgrs/THUMBS%20500X500/354328.JPG,0,0,"[""95""]",855.000,2026-05-11 15:30:52
70405128738,CURLYS KOREAN BBQ PULLED PORK ,CURLYS KOREAN BBQ PULLED PORK ,CURLYS KOREAN BBQ PULLED PORK ,insert,1,https://riba.app/imgrs/THUMBS%20500X500/355260.JPG,tabs/detalle-producto/355260,775.000,775.000,775.000,USD,1,,"{""MARCA"":[""CURLY´S""],""CATEGORIA"":[""Carnes Preparadas""]}","[""Carnes Preparadas""]",,https://riba.app/imgrs/THUMBS%20500X500/355260.JPG,0,0,"[""95""]",775.000,2026-05-11 15:30:52
70405128739,CURLYS CHIMICHURRI PORK CARNIT,CURLYS CHIMICHURRI PORK CARNIT,CURLYS CHIMICHURRI PORK CARNIT,insert,1,https://riba.app/imgrs/THUMBS%20500X500/355261.JPG,tabs/detalle-producto/355261,775.000,775.000,775.000,USD,1,,"{""MARCA"":[""CURLY´S""],""CATEGORIA"":[""Carnes Preparadas""]}","[""Carnes Preparadas""]",,https://riba.app/imgrs/THUMBS%20500X500/355261.JPG,0,0,"[""95""]",775.000,2026-05-11 15:30:52
70405170103,CURLY BARBECUE PULLED PORK,CURLY BARBECUE PULLED PORK,CURLY BARBECUE PULLED PORK,insert,1,https://riba.app/imgrs/THUMBS%20500X500/279599.JPG,tabs/detalle-producto/279599,885.000,885.000,885.000,USD,1,,"{""MARCA"":[""CURLY S""],""CATEGORIA"":[""Carnes Preparadas""]}","[""Carnes Preparadas""]",,https://riba.app/imgrs/THUMBS%20500X500/279599.JPG,0,0,"[""95""]",885.000,2026-05-11 15:30:52
70405170104,CURLY BOLD & SPICY PULLED PORK,CURLY BOLD & SPICY PULLED PORK,CURLY BOLD & SPICY PULLED PORK,insert,1,https://riba.app/imgrs/THUMBS%20500X500/279600.JPG,tabs/detalle-producto/279600,885.000,885.000,885.000,USD,1,,"{""MARCA"":[""CURLY S""],""CATEGORIA"":[""Carnes Preparadas""]}","[""Carnes Preparadas""]",,https://riba.app/imgrs/THUMBS%20500X500/279600.JPG,0,0,"[""95""]",885.000,2026-05-11 15:30:52
70405170203,CURLY BARBACUE PULLED CHICKEN,CURLY BARBACUE PULLED CHICKEN,CURLY BARBACUE PULLED CHICKEN,insert,1,https://riba.app/imgrs/THUMBS%20500X500/279602.JPG,tabs/detalle-producto/279602,885.000,885.000,885.000,USD,1,,"{""MARCA"":[""CURLY S""],""CATEGORIA"":[""Carnes Preparadas""]}","[""Carnes Preparadas""]",,https://riba.app/imgrs/THUMBS%20500X500/279602.JPG,0,0,"[""95""]",885.000,2026-05-11 15:30:52
70405170424,CURLYS BABY BACK PORK RIBS,CURLYS BABY BACK PORK RIBS,CURLYS BABY BACK PORK RIBS,insert,1,https://riba.app/imgrs/THUMBS%20500X500/279598.JPG,tabs/detalle-producto/279598,2.087.000,2.087.000,2.087.000,USD,1,,"{""MARCA"":[""CURLY S""],""CATEGORIA"":[""Carnes Preparadas""]}","[""Carnes Preparadas""]",,https://riba.app/imgrs/THUMBS%20500X500/279598.JPG,0,0,"[""95""]",2.087.000,2026-05-11 15:30:52
70405170510,CURLY SAUCELESS PULLED PORK,CURLY SAUCELESS PULLED PORK,CURLY SAUCELESS PULLED PORK,insert,1,https://riba.app/imgrs/THUMBS%20500X500/279605.JPG,tabs/detalle-producto/279605,995.000,995.000,995.000,USD,1,,"{""MARCA"":[""CURLY S""],""CATEGORIA"":[""Carnes Preparadas""]}","[""Carnes Preparadas""]",,https://riba.app/imgrs/THUMBS%20500X500/279605.JPG,0,0,"[""95""]",995.000,2026-05-11 15:30:52
70463976004,BUBBA TURKEY BURGER,BUBBA TURKEY BURGER,BUBBA TURKEY BURGER,insert,1,https://riba.app/imgrs/THUMBS%20500X500/287973.JPG,tabs/detalle-producto/287973,1.450.000,1.450.000,1.450.000,USD,1,,"{""MARCA"":[""BUBBA BURGER""],""CATEGORIA"":[""Hamburguesas""]}","[""Hamburguesas""]",,https://riba.app/imgrs/THUMBS%20500X500/287973.JPG,0,0,"[""94""]",1.450.000,2026-05-11 15:30:52
7080002252,SMITHFIELD BACN BUTCHERS CUT,SMITHFIELD BACN BUTCHERS CUT,SMITHFIELD BACN BUTCHERS CUT,insert,1,https://riba.app/imgrs/THUMBS%20500X500/279614.JPG,tabs/detalle-producto/279614,940.000,940.000,940.000,USD,1,,"{""MARCA"":[""SMITHFIELD""],""CATEGORIA"":[""Embutidos""]}","[""Embutidos""]",,https://riba.app/imgrs/THUMBS%20500X500/279614.JPG,0,0,"[""89""]",940.000,2026-05-11 15:30:52
7080002310,SMITHFIELD BACON ALL NATURALL,SMITHFIELD BACON ALL NATURALL,SMITHFIELD BACON ALL NATURALL,insert,1,https://riba.app/imgrs/THUMBS%20500X500/279619.JPG,tabs/detalle-producto/279619,784.000,784.000,784.000,USD,1,,"{""MARCA"":[""SMITHFIELD""],""CATEGORIA"":[""Embutidos""]}","[""Embutidos""]",,https://riba.app/imgrs/THUMBS%20500X500/279619.JPG,0,0,"[""89""]",784.000,2026-05-11 15:30:52
7080003719,SMITHFIELD DICED HAM 96% FF ,SMITHFIELD DICED HAM 96% FF ,SMITHFIELD DICED HAM 96% FF ,insert,1,https://riba.app/imgrs/THUMBS%20500X500/279622.JPG,tabs/detalle-producto/279622,638.000,638.000,638.000,USD,1,,"{""MARCA"":[""SMITHFIELD""],""CATEGORIA"":[""Embutidos""]}","[""Embutidos""]",,https://riba.app/imgrs/THUMBS%20500X500/279622.JPG,0,0,"[""89""]",638.000,2026-05-11 15:30:52
7080003722,SMITHFIELD ANYTIME SLICED HAM,SMITHFIELD ANYTIME SLICED HAM,SMITHFIELD ANYTIME SLICED HAM,insert,1,https://riba.app/imgrs/THUMBS%20500X500/234574.JPG,tabs/detalle-producto/234574,883.000,883.000,883.000,USD,1,,"{""MARCA"":[""SMITHFIELD""],""CATEGORIA"":[""Embutidos""]}","[""Embutidos""]",,https://riba.app/imgrs/THUMBS%20500X500/234574.JPG,0,0,"[""89""]",883.000,2026-05-11 15:30:52
7080004032,SMITHFIELD BACON LOWER SODIUM,SMITHFIELD BACON LOWER SODIUM,SMITHFIELD BACON LOWER SODIUM,insert,1,https://riba.app/imgrs/THUMBS%20500X500/279704.JPG,tabs/detalle-producto/279704,940.000,940.000,940.000,USD,1,,"{""MARCA"":[""SMITHFIELD""],""CATEGORIA"":[""Embutidos""]}","[""Embutidos""]",,https://riba.app/imgrs/THUMBS%20500X500/279704.JPG,0,0,"[""89""]",940.000,2026-05-11 15:30:52
7080004118,SMITHFIELD BACON SLCD H SMOKED,SMITHFIELD BACON SLCD H SMOKED,SMITHFIELD BACON SLCD H SMOKED,insert,1,https://riba.app/imgrs/THUMBS%20500X500/144094.JPG,tabs/detalle-producto/144094,940.000,940.000,940.000,USD,1,,"{""MARCA"":[""SMITHFIELD""],""CATEGORIA"":[""Embutidos""]}","[""Embutidos""]",,https://riba.app/imgrs/THUMBS%20500X500/144094.JPG,0,0,"[""89""]",940.000,2026-05-11 15:30:52
7080004125,SMITHFIELD THICK SLICED BACON,SMITHFIELD THICK SLICED BACON,SMITHFIELD THICK SLICED BACON,insert,1,https://riba.app/imgrs/THUMBS%20500X500/145980.JPG,tabs/detalle-producto/145980,940.000,940.000,940.000,USD,1,,"{""MARCA"":[""SMITHFIELD""],""CATEGORIA"":[""Embutidos""]}","[""Embutidos""]",,https://riba.app/imgrs/THUMBS%20500X500/145980.JPG,0,0,"[""89""]",940.000,2026-05-11 15:30:52
7080004126,SMITHFIELD BACN CHERRYWOOD,SMITHFIELD BACN CHERRYWOOD,SMITHFIELD BACN CHERRYWOOD,insert,1,https://riba.app/imgrs/THUMBS%20500X500/279618.JPG,tabs/detalle-producto/279618,795.000,795.000,795.000,USD,1,,"{""MARCA"":[""SMITHFIELD""],""CATEGORIA"":[""Embutidos""]}","[""Embutidos""]",,https://riba.app/imgrs/THUMBS%20500X500/279618.JPG,0,0,"[""89""]",795.000,2026-05-11 15:30:52
7080004146,SMITH FSH BACON NATURAL SMKD,SMITH FSH BACON NATURAL SMKD,SMITH FSH BACON NATURAL SMKD,insert,1,https://riba.app/imgrs/THUMBS%20500X500/174726.JPG,tabs/detalle-producto/174726,795.000,795.000,795.000,USD,1,,"{""MARCA"":[""SMITHFIELD""],""CATEGORIA"":[""Embutidos""]}","[""Embutidos""]",,https://riba.app/imgrs/THUMBS%20500X500/174726.JPG,0,0,"[""89""]",795.000,2026-05-11 15:30:52
7080004170,SMITHFIELD BACON APPLEWOOD SMK,SMITHFIELD BACON APPLEWOOD SMK,SMITHFIELD BACON APPLEWOOD SMK,insert,1,https://riba.app/imgrs/THUMBS%20500X500/290622.JPG,tabs/detalle-producto/290622,1.385.000,1.385.000,1.385.000,USD,1,,"{""MARCA"":[""SMITHFIELD""],""CATEGORIA"":[""Embutidos""]}","[""Embutidos""]",,https://riba.app/imgrs/THUMBS%20500X500/290622.JPG,0,0,"[""89""]",1.385.000,2026-05-11 15:30:52
7080005012,SMITHFIELD POLSKA KIELBASA16OZ,SMITHFIELD POLSKA KIELBASA16OZ,SMITHFIELD POLSKA KIELBASA16OZ,insert,1,https://riba.app/imgrs/THUMBS%20500X500/160317.JPG,tabs/detalle-producto/160317,597.000,597.000,597.000,USD,1,,"{""MARCA"":[""SMITHFIELD""],""CATEGORIA"":[""Embutidos""]}","[""Embutidos""]",,https://riba.app/imgrs/THUMBS%20500X500/160317.JPG,0,0,"[""89""]",597.000,2026-05-11 15:30:52
7080005048,SMITHFIELD SMOKED SAUSAGE,SMITHFIELD SMOKED SAUSAGE,SMITHFIELD SMOKED SAUSAGE,insert,1,https://riba.app/imgrs/THUMBS%20500X500/168267.JPG,tabs/detalle-producto/168267,597.000,597.000,597.000,USD,1,,"{""MARCA"":[""SMITHFIELD""],""CATEGORIA"":[""Embutidos""]}","[""Embutidos""]",,https://riba.app/imgrs/THUMBS%20500X500/168267.JPG,0,0,"[""89""]",597.000,2026-05-11 15:30:52
7080017951,SMITHFIELD ORGN HMTWN LINKS,SMITHFIELD ORGN HMTWN LINKS,SMITHFIELD ORGN HMTWN LINKS,insert,1,https://riba.app/imgrs/THUMBS%20500X500/279893.JPG,tabs/detalle-producto/279893,1.029.000,1.029.000,1.029.000,USD,1,,"{""MARCA"":[""SMITHFIELD""],""CATEGORIA"":[""Embutidos""]}","[""Embutidos""]",,https://riba.app/imgrs/THUMBS%20500X500/279893.JPG,0,0,"[""89""]",1.029.000,2026-05-11 15:30:52
7080017952,SMITHFIELD ORGN HMTWN PATTIES,SMITHFIELD ORGN HMTWN PATTIES,SMITHFIELD ORGN HMTWN PATTIES,insert,1,https://riba.app/imgrs/THUMBS%20500X500/279894.JPG,tabs/detalle-producto/279894,1.029.000,1.029.000,1.029.000,USD,1,,"{""MARCA"":[""SMITHFIELD""],""CATEGORIA"":[""Hamburguesas""]}","[""Hamburguesas""]",,https://riba.app/imgrs/THUMBS%20500X500/279894.JPG,0,0,"[""94""]",1.029.000,2026-05-11 15:30:52
7080018213,CARANDO BRATWURST  SAUSAGE ,CARANDO BRATWURST  SAUSAGE ,CARANDO BRATWURST  SAUSAGE ,insert,1,https://riba.app/imgrs/THUMBS%20500X500/293751.JPG,tabs/detalle-producto/293751,1.103.000,1.103.000,1.103.000,USD,1,,"{""MARCA"":[""SMITHFIELD""],""CATEGORIA"":[""Embutidos""]}","[""Embutidos""]",,https://riba.app/imgrs/THUMBS%20500X500/293751.JPG,0,0,"[""89""]",1.103.000,2026-05-11 15:30:52
7080022211,SMITHFIELD BABY BACK RIBS,SMITHFIELD BABY BACK RIBS,SMITHFIELD BABY BACK RIBS,insert,1,https://riba.app/imgrs/THUMBS%20500X500/304579.JPG,tabs/detalle-producto/304579,2.895.000,2.895.000,2.895.000,USD,1,,"{""MARCA"":[""SMITHFIELD""],""CATEGORIA"":[""Carnes Preparadas""]}","[""Carnes Preparadas""]",,https://riba.app/imgrs/THUMBS%20500X500/304579.JPG,0,0,"[""95""]",2.895.000,2026-05-11 15:30:52
70800226637,SMITHFIELD PORK BBQ LOIN RIBS,SMITHFIELD PORK BBQ LOIN RIBS,SMITHFIELD PORK BBQ LOIN RIBS,insert,1,https://riba.app/imgrs/THUMBS%20500X500/351201.JPG,tabs/detalle-producto/351201,2.725.000,2.725.000,2.725.000,USD,1,,"{""MARCA"":[""SMITHFIELD""],""CATEGORIA"":[""Carnes Preparadas""]}","[""Carnes Preparadas""]",,https://riba.app/imgrs/THUMBS%20500X500/351201.JPG,0,0,"[""95""]",2.725.000,2026-05-11 15:30:52
70800232393,SMITHFIELD SPARERIBS CHIPOTLE,SMITHFIELD SPARERIBS CHIPOTLE,SMITHFIELD SPARERIBS CHIPOTLE,insert,1,https://riba.app/imgrs/THUMBS%20500X500/351200.JPG,tabs/detalle-producto/351200,2.695.000,2.695.000,2.695.000,USD,1,,"{""MARCA"":[""SMITHFIELD""],""CATEGORIA"":[""Carnes Preparadas""]}","[""Carnes Preparadas""]",,https://riba.app/imgrs/THUMBS%20500X500/351200.JPG,0,0,"[""95""]",2.695.000,2026-05-11 15:30:52
70800232409,SMITHFIELD SPARERIBS BBQ,SMITHFIELD SPARERIBS BBQ,SMITHFIELD SPARERIBS BBQ,insert,1,https://riba.app/imgrs/THUMBS%20500X500/351202.JPG,tabs/detalle-producto/351202,3.425.000,3.425.000,3.425.000,USD,1,,"{""MARCA"":[""SMITHFIELD""],""CATEGORIA"":[""Carnes Preparadas""]}","[""Carnes Preparadas""]",,https://riba.app/imgrs/THUMBS%20500X500/351202.JPG,0,0,"[""95""]",3.425.000,2026-05-11 15:30:52
7080023340,SMITHFIELD HONEY HAM THINLY SL,SMITHFIELD HONEY HAM THINLY SL,SMITHFIELD HONEY HAM THINLY SL,insert,1,https://riba.app/imgrs/THUMBS%20500X500/356113.JPG,tabs/detalle-producto/356113,800.000,800.000,800.000,USD,1,,"{""MARCA"":[""SMITHFIELD""],""CATEGORIA"":[""Embutidos""]}","[""Embutidos""]",,https://riba.app/imgrs/THUMBS%20500X500/356113.JPG,0,0,"[""89""]",800.000,2026-05-11 15:30:52
7080023341,SMITHFIELD LINCMEAT THINSLICED,SMITHFIELD LINCMEAT THINSLICED,SMITHFIELD LINCMEAT THINSLICED,insert,1,https://riba.app/imgrs/THUMBS%20500X500/355258.JPG,tabs/detalle-producto/355258,805.000,805.000,805.000,USD,1,,"{""MARCA"":[""SMITHFIELD""],""CATEGORIA"":[""Embutidos""]}","[""Embutidos""]",,https://riba.app/imgrs/THUMBS%20500X500/355258.JPG,0,0,"[""89""]",805.000,2026-05-11 15:30:52
7080041060,SMITHFIELD BACON CHERRYWOOD SM,SMITHFIELD BACON CHERRYWOOD SM,SMITHFIELD BACON CHERRYWOOD SM,insert,1,https://riba.app/imgrs/THUMBS%20500X500/290621.JPG,tabs/detalle-producto/290621,1.405.000,1.405.000,1.405.000,USD,1,,"{""MARCA"":[""SMITHFIELD""],""CATEGORIA"":[""Embutidos""]}","[""Embutidos""]",,https://riba.app/imgrs/THUMBS%20500X500/290621.JPG,0,0,"[""89""]",1.405.000,2026-05-11 15:30:52
7080041061,SMITHFIELD BACON HOMETOWN SMK,SMITHFIELD BACON HOMETOWN SMK,SMITHFIELD BACON HOMETOWN SMK,insert,1,https://riba.app/imgrs/THUMBS%20500X500/290620.JPG,tabs/detalle-producto/290620,1.405.000,1.405.000,1.405.000,USD,1,,"{""MARCA"":[""SMITHFIELD""],""CATEGORIA"":[""Embutidos""]}","[""Embutidos""]",,https://riba.app/imgrs/THUMBS%20500X500/290620.JPG,0,0,"[""89""]",1.405.000,2026-05-11 15:30:52
7080082247,SMITHFIELD SMOKED HAM SLICED,SMITHFIELD SMOKED HAM SLICED,SMITHFIELD SMOKED HAM SLICED,insert,1,https://riba.app/imgrs/THUMBS%20500X500/287516.JPG,tabs/detalle-producto/287516,585.000,585.000,585.000,USD,1,,"{""MARCA"":[""SMITHFIELD""],""CATEGORIA"":[""Embutidos""]}","[""Embutidos""]",,https://riba.app/imgrs/THUMBS%20500X500/287516.JPG,0,0,"[""89""]",585.000,2026-05-11 15:30:52
7080082248,SMITHFIELD HONEY HAM SLICE,SMITHFIELD HONEY HAM SLICE,SMITHFIELD HONEY HAM SLICE,insert,1,https://riba.app/imgrs/THUMBS%20500X500/287517.JPG,tabs/detalle-producto/287517,585.000,585.000,585.000,USD,1,,"{""MARCA"":[""SMITHFIELD""],""CATEGORIA"":[""Embutidos""]}","[""Embutidos""]",,https://riba.app/imgrs/THUMBS%20500X500/287517.JPG,0,0,"[""89""]",585.000,2026-05-11 15:30:52
7080082253,SMTHFLD TURKEY ROASTED SLICED,SMTHFLD TURKEY ROASTED SLICED,SMTHFLD TURKEY ROASTED SLICED,insert,1,https://riba.app/imgrs/THUMBS%20500X500/287518.JPG,tabs/detalle-producto/287518,666.000,666.000,666.000,USD,1,,"{""MARCA"":[""SMITHFIELD""],""CATEGORIA"":[""Embutidos""]}","[""Embutidos""]",,https://riba.app/imgrs/THUMBS%20500X500/287518.JPG,0,0,"[""89""]",666.000,2026-05-11 15:30:52
7080082268,SMITHFLD PFRESH HARD SALAMI ,SMITHFLD PFRESH HARD SALAMI ,SMITHFLD PFRESH HARD SALAMI ,insert,1,https://riba.app/imgrs/THUMBS%20500X500/288007.JPG,tabs/detalle-producto/288007,666.000,666.000,666.000,USD,1,,"{""MARCA"":[""SMITHFIELD""],""CATEGORIA"":[""Embutidos""]}","[""Embutidos""]",,https://riba.app/imgrs/THUMBS%20500X500/288007.JPG,0,0,"[""89""]",666.000,2026-05-11 15:30:52
7080082281,SMITHFIELD ROASTED TURKEY BRST,SMITHFIELD ROASTED TURKEY BRST,SMITHFIELD ROASTED TURKEY BRST,insert,1,https://riba.app/imgrs/THUMBS%20500X500/310339.JPG,tabs/detalle-producto/310339,770.000,770.000,770.000,USD,1,,"{""MARCA"":[""SMITHFIELD""],""CATEGORIA"":[""Embutidos""]}","[""Embutidos""]",,https://riba.app/imgrs/THUMBS%20500X500/310339.JPG,0,0,"[""89""]",770.000,2026-05-11 15:30:52
7080082282,SMITHFIELD SMOKED HAM THINLY ,SMITHFIELD SMOKED HAM THINLY ,SMITHFIELD SMOKED HAM THINLY ,insert,1,https://riba.app/imgrs/THUMBS%20500X500/316520.JPG,tabs/detalle-producto/316520,875.000,875.000,875.000,USD,1,,"{""MARCA"":[""SMITHFIELD""],""CATEGORIA"":[""Embutidos""]}","[""Embutidos""]",,https://riba.app/imgrs/THUMBS%20500X500/316520.JPG,0,0,"[""89""]",875.000,2026-05-11 15:30:52
7080082283,SMITHFIELD HONEY HAM THINKY SL,SMITHFIELD HONEY HAM THINKY SL,SMITHFIELD HONEY HAM THINKY SL,insert,1,https://riba.app/imgrs/THUMBS%20500X500/310335.JPG,tabs/detalle-producto/310335,697.000,697.000,697.000,USD,1,,"{""MARCA"":[""SMITHFIELD""],""CATEGORIA"":[""Embutidos""]}","[""Embutidos""]",,https://riba.app/imgrs/THUMBS%20500X500/310335.JPG,0,0,"[""89""]",697.000,2026-05-11 15:30:52
7161590112,CORNET BEEF,CORNET BEEF,CORNET BEEF,insert,1,https://riba.app/imgrs/THUMBS%20500X500/22634.JPG,tabs/detalle-producto/22634,364.000,364.000,364.000,USD,1,,"{""MARCA"":[""HEREFORD""],""CATEGORIA"":[""Conservas""]}","[""Conservas""]",,https://riba.app/imgrs/THUMBS%20500X500/22634.JPG,0,0,"[""88""]",364.000,2026-05-11 15:30:52
7187154462,OM TURKEY FRANKS LESS FAT,OM TURKEY FRANKS LESS FAT,OM TURKEY FRANKS LESS FAT,insert,1,https://riba.app/imgrs/THUMBS%20500X500/235002.JPG,tabs/detalle-producto/235002,895.000,895.000,895.000,USD,1,,"{""MARCA"":[""OSCAR MAYER""],""CATEGORIA"":[""Embutidos""]}","[""Embutidos""]",,https://riba.app/imgrs/THUMBS%20500X500/235002.JPG,0,0,"[""89""]",895.000,2026-05-11 15:30:52
7187154464,OSCAR MAYER TURKEY FRANKS,OSCAR MAYER TURKEY FRANKS,OSCAR MAYER TURKEY FRANKS,insert,1,https://riba.app/imgrs/THUMBS%20500X500/177609.JPG,tabs/detalle-producto/177609,895.000,895.000,895.000,USD,1,,"{""MARCA"":[""OSCAR MAYER""],""CATEGORIA"":[""Embutidos""]}","[""Embutidos""]",,https://riba.app/imgrs/THUMBS%20500X500/177609.JPG,0,0,"[""89""]",895.000,2026-05-11 15:30:52
72576539222,HAMBURGUESAS DE CORDERO ,HAMBURGUESAS DE CORDERO ,HAMBURGUESAS DE CORDERO ,insert,1,https://riba.app/imgrs/THUMBS%20500X500/336666.JPG,tabs/detalle-producto/336666,1.876.000,1.876.000,1.876.000,USD,1,,"{""MARCA"":[""SAMBU FOODS""],""CATEGORIA"":[""Hamburguesas""]}","[""Hamburguesas""]",,https://riba.app/imgrs/THUMBS%20500X500/336666.JPG,0,0,"[""94""]",1.876.000,2026-05-11 15:30:52
72576539223,SLIDER CARNE DE CORDERO,SLIDER CARNE DE CORDERO,SLIDER CARNE DE CORDERO,insert,1,https://riba.app/imgrs/THUMBS%20500X500/336667.JPG,tabs/detalle-producto/336667,1.876.000,1.876.000,1.876.000,USD,1,,"{""MARCA"":[""SAMBU FOODS""],""CATEGORIA"":[""Hamburguesas""]}","[""Hamburguesas""]",,https://riba.app/imgrs/THUMBS%20500X500/336667.JPG,0,0,"[""94""]",1.876.000,2026-05-11 15:30:52
72576539232,CARNE MOLIDA DE CORDERO,CARNE MOLIDA DE CORDERO,CARNE MOLIDA DE CORDERO,insert,1,https://riba.app/imgrs/THUMBS%20500X500/336665.JPG,tabs/detalle-producto/336665,1.490.000,1.490.000,1.490.000,USD,1,,"{""MARCA"":[""SAMBU FOODS""],""CATEGORIA"":[""Carnes""]}","[""Carnes""]",,https://riba.app/imgrs/THUMBS%20500X500/336665.JPG,0,0,"[""90""]",1.490.000,2026-05-11 15:30:52
72576539235,CHULETA DE CORDERO ,CHULETA DE CORDERO ,CHULETA DE CORDERO ,insert,1,https://riba.app/imgrs/THUMBS%20500X500/353118.JPG,tabs/detalle-producto/353118,1.986.000,1.986.000,1.986.000,USD,1,,"{""MARCA"":[""SAMBU FOODS""],""CATEGORIA"":[""Carnes""]}","[""Carnes""]",,https://riba.app/imgrs/THUMBS%20500X500/353118.JPG,0,0,"[""90""]",1.986.000,2026-05-11 15:30:52
72576539236,T-BONE DE CORDERO ,T-BONE DE CORDERO ,T-BONE DE CORDERO ,insert,1,https://riba.app/imgrs/THUMBS%20500X500/353117.JPG,tabs/detalle-producto/353117,1.986.000,1.986.000,1.986.000,USD,1,,"{""MARCA"":[""SAMBU FOODS""],""CATEGORIA"":[""Carnes""]}","[""Carnes""]",,https://riba.app/imgrs/THUMBS%20500X500/353117.JPG,0,0,"[""90""]",1.986.000,2026-05-11 15:30:52
72576539237,CHORIBURGER DE TRUFA,CHORIBURGER DE TRUFA,CHORIBURGER DE TRUFA,insert,1,https://riba.app/imgrs/THUMBS%20500X500/348893.JPG,tabs/detalle-producto/348893,1.761.000,1.761.000,1.761.000,USD,1,,"{""MARCA"":[""SAMBU FOODS""],""CATEGORIA"":[""Hamburguesas""]}","[""Hamburguesas""]",,https://riba.app/imgrs/THUMBS%20500X500/348893.JPG,0,0,"[""94""]",1.761.000,2026-05-11 15:30:52
72576539238,ALBONDIGA DE TRUFA,ALBONDIGA DE TRUFA,ALBONDIGA DE TRUFA,insert,1,https://riba.app/imgrs/THUMBS%20500X500/348894.JPG,tabs/detalle-producto/348894,1.761.000,1.761.000,1.761.000,USD,1,,"{""MARCA"":[""SAMBU FOODS""],""CATEGORIA"":[""Carnes Preparadas""]}","[""Carnes Preparadas""]",,https://riba.app/imgrs/THUMBS%20500X500/348894.JPG,0,0,"[""95""]",1.761.000,2026-05-11 15:30:52
72679833205,MILANESAS DE POLLO,MILANESAS DE POLLO,MILANESAS DE POLLO,insert,1,https://riba.app/imgrs/THUMBS%20500X500/320425.JPG,tabs/detalle-producto/320425,938.000,938.000,938.000,USD,1,,"{""MARCA"":[""LOS AÑOS LOCOS""],""CATEGORIA"":[""Carnes Preparadas""]}","[""Carnes Preparadas""]",,https://riba.app/imgrs/THUMBS%20500X500/320425.JPG,0,0,"[""95""]",938.000,2026-05-11 15:30:52
72679833208,MILANESAS DE CARNE,MILANESAS DE CARNE,MILANESAS DE CARNE,insert,1,https://riba.app/imgrs/THUMBS%20500X500/320424.JPG,tabs/detalle-producto/320424,1.043.000,1.043.000,1.043.000,USD,1,,"{""MARCA"":[""LOS AÑOS LOCOS""],""CATEGORIA"":[""Carnes Preparadas""]}","[""Carnes Preparadas""]",,https://riba.app/imgrs/THUMBS%20500X500/320424.JPG,0,0,"[""95""]",1.043.000,2026-05-11 15:30:52
7274507612,PERDUE WRAPPED BONLESS FILLETS,PERDUE WRAPPED BONLESS FILLETS,PERDUE WRAPPED BONLESS FILLETS,insert,1,https://riba.app/imgrs/THUMBS%20500X500/344411.JPG,tabs/detalle-producto/344411,1.342.000,1.342.000,1.342.000,USD,1,,"{""MARCA"":[""PERDUE""],""CATEGORIA"":[""Carnes""]}","[""Carnes""]",,https://riba.app/imgrs/THUMBS%20500X500/344411.JPG,0,0,"[""90""]",1.342.000,2026-05-11 15:30:52
7274554614,PERDUE DICED CHICKEN BREAST,PERDUE DICED CHICKEN BREAST,PERDUE DICED CHICKEN BREAST,insert,1,https://riba.app/imgrs/THUMBS%20500X500/344413.JPG,tabs/detalle-producto/344413,1.387.000,1.387.000,1.387.000,USD,1,,"{""MARCA"":[""PERDUE""],""CATEGORIA"":[""Carnes""]}","[""Carnes""]",,https://riba.app/imgrs/THUMBS%20500X500/344413.JPG,0,0,"[""90""]",1.387.000,2026-05-11 15:30:52
7274554618,PERDUE WRAPPED CHICKEN BREAST,PERDUE WRAPPED CHICKEN BREAST,PERDUE WRAPPED CHICKEN BREAST,insert,1,https://riba.app/imgrs/THUMBS%20500X500/344412.JPG,tabs/detalle-producto/344412,1.469.000,1.469.000,1.469.000,USD,1,,"{""MARCA"":[""PERDUE""],""CATEGORIA"":[""Carnes""]}","[""Carnes""]",,https://riba.app/imgrs/THUMBS%20500X500/344412.JPG,0,0,"[""90""]",1.469.000,2026-05-11 15:30:52
7274580377,PERDU SPLY SMRT ORG DINO NUGG ,PERDU SPLY SMRT ORG DINO NUGG ,PERDU SPLY SMRT ORG DINO NUGG ,insert,1,https://riba.app/imgrs/THUMBS%20500X500/211962.JPG,tabs/detalle-producto/211962,1.414.000,1.414.000,1.414.000,USD,1,,"{""MARCA"":[""PERDUE""],""CATEGORIA"":[""Carnes Preparadas""]}","[""Carnes Preparadas""]",,https://riba.app/imgrs/THUMBS%20500X500/211962.JPG,0,0,"[""95""]",1.414.000,2026-05-11 15:30:52
7274580411,PERDU CHICKEN BREAST PATTIES,PERDU CHICKEN BREAST PATTIES,PERDU CHICKEN BREAST PATTIES,insert,1,https://riba.app/imgrs/THUMBS%20500X500/213451.JPG,tabs/detalle-producto/213451,1.044.000,1.044.000,1.044.000,USD,1,,"{""MARCA"":[""PERDUE""],""CATEGORIA"":[""Carnes Preparadas""]}","[""Carnes Preparadas""]",,https://riba.app/imgrs/THUMBS%20500X500/213451.JPG,0,0,"[""95""]",1.044.000,2026-05-11 15:30:52
7274580423,PERDU CHICKEN BREAST NUGGETS,PERDU CHICKEN BREAST NUGGETS,PERDU CHICKEN BREAST NUGGETS,insert,1,https://riba.app/imgrs/THUMBS%20500X500/211959.JPG,tabs/detalle-producto/211959,1.044.000,1.044.000,1.044.000,USD,1,,"{""MARCA"":[""PERDUE""],""CATEGORIA"":[""Carnes Preparadas""]}","[""Carnes Preparadas""]",,https://riba.app/imgrs/THUMBS%20500X500/211959.JPG,0,0,"[""95""]",1.044.000,2026-05-11 15:30:52
7274580431,PERDUE REG CHK TENDER FRZ,PERDUE REG CHK TENDER FRZ,PERDUE REG CHK TENDER FRZ,insert,1,https://riba.app/imgrs/THUMBS%20500X500/325104.JPG,tabs/detalle-producto/325104,1.044.000,1.044.000,1.044.000,USD,1,,"{""MARCA"":[""PERDUE""],""CATEGORIA"":[""Carnes Preparadas""]}","[""Carnes Preparadas""]",,https://riba.app/imgrs/THUMBS%20500X500/325104.JPG,0,0,"[""95""]",1.044.000,2026-05-11 15:30:52
7274580458,PERDUE CHKN LIGHT CHUNK FRZ,PERDUE CHKN LIGHT CHUNK FRZ,PERDUE CHKN LIGHT CHUNK FRZ,insert,1,https://riba.app/imgrs/THUMBS%20500X500/325098.JPG,tabs/detalle-producto/325098,1.414.000,1.414.000,1.414.000,USD,1,,"{""MARCA"":[""PERDUE""],""CATEGORIA"":[""Carnes Preparadas""]}","[""Carnes Preparadas""]",,https://riba.app/imgrs/THUMBS%20500X500/325098.JPG,0,0,"[""95""]",1.414.000,2026-05-11 15:30:52
7274580461,PERDU POP CORN CHICKEN ,PERDU POP CORN CHICKEN ,PERDU POP CORN CHICKEN ,insert,1,https://riba.app/imgrs/THUMBS%20500X500/211961.JPG,tabs/detalle-producto/211961,1.414.000,1.414.000,1.414.000,USD,1,,"{""MARCA"":[""PERDUE""],""CATEGORIA"":[""Carnes Preparadas""]}","[""Carnes Preparadas""]",,https://riba.app/imgrs/THUMBS%20500X500/211961.JPG,0,0,"[""95""]",1.414.000,2026-05-11 15:30:52
7274580478,PERDUE SIMPLE SMRT WHL NUGGETS,PERDUE SIMPLE SMRT WHL NUGGETS,PERDUE SIMPLE SMRT WHL NUGGETS,insert,1,https://riba.app/imgrs/THUMBS%20500X500/325111.JPG,tabs/detalle-producto/325111,1.414.000,1.414.000,1.414.000,USD,1,,"{""MARCA"":[""PERDUE""],""CATEGORIA"":[""Carnes Preparadas""]}","[""Carnes Preparadas""]",,https://riba.app/imgrs/THUMBS%20500X500/325111.JPG,0,0,"[""95""]",1.414.000,2026-05-11 15:30:52
7274580489,BREADED CHICKEN BREAST TENDERS,BREADED CHICKEN BREAST TENDERS,BREADED CHICKEN BREAST TENDERS,insert,1,https://riba.app/imgrs/THUMBS%20500X500/211963.JPG,tabs/detalle-producto/211963,1.414.000,1.414.000,1.414.000,USD,1,,"{""MARCA"":[""PERDUE""],""CATEGORIA"":[""Carnes Preparadas""]}","[""Carnes Preparadas""]",,https://riba.app/imgrs/THUMBS%20500X500/211963.JPG,0,0,"[""95""]",1.414.000,2026-05-11 15:30:52
7274580656,PERDUE SIMPLY SMART ORG NGGTS,PERDUE SIMPLY SMART ORG NGGTS,PERDUE SIMPLY SMART ORG NGGTS,insert,1,https://riba.app/imgrs/THUMBS%20500X500/325107.JPG,tabs/detalle-producto/325107,1.414.000,1.414.000,1.414.000,USD,1,,"{""MARCA"":[""PERDUE""],""CATEGORIA"":[""Carnes Preparadas""]}","[""Carnes Preparadas""]",,https://riba.app/imgrs/THUMBS%20500X500/325107.JPG,0,0,"[""95""]",1.414.000,2026-05-11 15:30:52
7274580700,PERDUE PLUS REGU CHK NGGT VEG ,PERDUE PLUS REGU CHK NGGT VEG ,PERDUE PLUS REGU CHK NGGT VEG ,insert,1,https://riba.app/imgrs/THUMBS%20500X500/325105.JPG,tabs/detalle-producto/325105,1.045.000,1.045.000,1.045.000,USD,1,,"{""MARCA"":[""PERDUE""],""CATEGORIA"":[""Carnes Preparadas""]}","[""Carnes Preparadas""]",,https://riba.app/imgrs/THUMBS%20500X500/325105.JPG,0,0,"[""95""]",1.045.000,2026-05-11 15:30:52
7274581511,PERDUE WINGS HOT N SPICY CRISP,PERDUE WINGS HOT N SPICY CRISP,PERDUE WINGS HOT N SPICY CRISP,insert,1,https://riba.app/imgrs/THUMBS%20500X500/344415.JPG,tabs/detalle-producto/344415,1.595.000,1.595.000,1.595.000,USD,1,,"{""MARCA"":[""PERDUE""],""CATEGORIA"":[""Carnes Preparadas""]}","[""Carnes Preparadas""]",,https://riba.app/imgrs/THUMBS%20500X500/344415.JPG,0,0,"[""95""]",1.595.000,2026-05-11 15:30:52
7274581512,PERDUE ROASTED CRISPY WINGS,PERDUE ROASTED CRISPY WINGS,PERDUE ROASTED CRISPY WINGS,insert,1,https://riba.app/imgrs/THUMBS%20500X500/344417.JPG,tabs/detalle-producto/344417,1.595.000,1.595.000,1.595.000,USD,1,,"{""MARCA"":[""PERDUE""],""CATEGORIA"":[""Carnes Preparadas""]}","[""Carnes Preparadas""]",,https://riba.app/imgrs/THUMBS%20500X500/344417.JPG,0,0,"[""95""]",1.595.000,2026-05-11 15:30:52
7274581513,PERDUE LEMON PEPPER WINGS ,PERDUE LEMON PEPPER WINGS ,PERDUE LEMON PEPPER WINGS ,insert,1,https://riba.app/imgrs/THUMBS%20500X500/344419.JPG,tabs/detalle-producto/344419,1.595.000,1.595.000,1.595.000,USD,1,,"{""MARCA"":[""PERDUE""],""CATEGORIA"":[""Carnes Preparadas""]}","[""Carnes Preparadas""]",,https://riba.app/imgrs/THUMBS%20500X500/344419.JPG,0,0,"[""95""]",1.595.000,2026-05-11 15:30:52
7274582424,PERDUE CHK REGU NUGET FRZ DINO,PERDUE CHK REGU NUGET FRZ DINO,PERDUE CHK REGU NUGET FRZ DINO,insert,1,https://riba.app/imgrs/THUMBS%20500X500/325115.JPG,tabs/detalle-producto/325115,1.044.000,1.044.000,1.044.000,USD,1,,"{""MARCA"":[""PERDUE""],""CATEGORIA"":[""Carnes Preparadas""]}","[""Carnes Preparadas""]",,https://riba.app/imgrs/THUMBS%20500X500/325115.JPG,0,0,"[""95""]",1.044.000,2026-05-11 15:30:52
7354131353,BERETTA RUSTICO SALAMI ,BERETTA RUSTICO SALAMI ,BERETTA RUSTICO SALAMI ,insert,1,https://riba.app/imgrs/THUMBS%20500X500/203024.JPG,tabs/detalle-producto/203024,770.000,770.000,770.000,USD,1,,"{""MARCA"":[""BERETTA""],""CATEGORIA"":[""Embutidos""]}","[""Embutidos""]",,https://riba.app/imgrs/THUMBS%20500X500/203024.JPG,0,0,"[""89""]",770.000,2026-05-11 15:30:52
7354133527,BERETTA SALAMI SELECTION ,BERETTA SALAMI SELECTION ,BERETTA SALAMI SELECTION ,insert,1,https://riba.app/imgrs/THUMBS%20500X500/203018.JPG,tabs/detalle-producto/203018,1.161.000,1.161.000,1.161.000,USD,1,,"{""MARCA"":[""BERETTA""],""CATEGORIA"":[""Embutidos""]}","[""Embutidos""]",,https://riba.app/imgrs/THUMBS%20500X500/203018.JPG,0,0,"[""89""]",1.161.000,2026-05-11 15:30:52
7354136260,BERETTA SALAME AND MOZZATELLA,BERETTA SALAME AND MOZZATELLA,BERETTA SALAME AND MOZZATELLA,insert,1,https://riba.app/imgrs/THUMBS%20500X500/318465.JPG,tabs/detalle-producto/318465,275.000,275.000,275.000,USD,1,,"{""MARCA"":[""BERETTA""],""CATEGORIA"":[""Embutidos""]}","[""Embutidos""]",,https://riba.app/imgrs/THUMBS%20500X500/318465.JPG,0,0,"[""89""]",275.000,2026-05-11 15:30:52
7354136426,BERETTA MILANO Y PROVOLONE,BERETTA MILANO Y PROVOLONE,BERETTA MILANO Y PROVOLONE,insert,1,https://riba.app/imgrs/THUMBS%20500X500/318467.JPG,tabs/detalle-producto/318467,425.000,425.000,425.000,USD,1,,"{""MARCA"":[""BERETTA""],""CATEGORIA"":[""Embutidos""]}","[""Embutidos""]",,https://riba.app/imgrs/THUMBS%20500X500/318467.JPG,0,0,"[""89""]",425.000,2026-05-11 15:30:52
7354136526,BERETTA MILANO Y FONTINA,BERETTA MILANO Y FONTINA,BERETTA MILANO Y FONTINA,insert,1,https://riba.app/imgrs/THUMBS%20500X500/318468.JPG,tabs/detalle-producto/318468,425.000,425.000,425.000,USD,1,,"{""MARCA"":[""BERETTA""],""CATEGORIA"":[""Embutidos""]}","[""Embutidos""]",,https://riba.app/imgrs/THUMBS%20500X500/318468.JPG,0,0,"[""89""]",425.000,2026-05-11 15:30:52
7354179027,BERETTA ARTISAN CHARCUTERIA TR,BERETTA ARTISAN CHARCUTERIA TR,BERETTA ARTISAN CHARCUTERIA TR,insert,1,https://riba.app/imgrs/THUMBS%20500X500/318469.JPG,tabs/detalle-producto/318469,1.451.000,1.451.000,1.451.000,USD,1,,"{""MARCA"":[""BERETTA""],""CATEGORIA"":[""Embutidos""]}","[""Embutidos""]",,https://riba.app/imgrs/THUMBS%20500X500/318469.JPG,0,0,"[""89""]",1.451.000,2026-05-11 15:30:52
7354179127,BERETTA ATSN CHARCUTERIE PLATT,BERETTA ATSN CHARCUTERIE PLATT,BERETTA ATSN CHARCUTERIE PLATT,insert,1,https://riba.app/imgrs/THUMBS%20500X500/318470.JPG,tabs/detalle-producto/318470,1.451.000,1.451.000,1.451.000,USD,1,,"{""MARCA"":[""BERETTA""],""CATEGORIA"":[""Embutidos""]}","[""Embutidos""]",,https://riba.app/imgrs/THUMBS%20500X500/318470.JPG,0,0,"[""89""]",1.451.000,2026-05-11 15:30:52
7354179429,BERETTA ROLL AND GO FAMILY TRA,BERETTA ROLL AND GO FAMILY TRA,BERETTA ROLL AND GO FAMILY TRA,insert,1,https://riba.app/imgrs/THUMBS%20500X500/318471.JPG,tabs/detalle-producto/318471,1.496.000,1.496.000,1.496.000,USD,1,,"{""MARCA"":[""BERETTA""],""CATEGORIA"":[""Embutidos""]}","[""Embutidos""]",,https://riba.app/imgrs/THUMBS%20500X500/318471.JPG,0,0,"[""89""]",1.496.000,2026-05-11 15:30:52
7354182060,BERETTA PROSCIUTTO AND MOZZARL,BERETTA PROSCIUTTO AND MOZZARL,BERETTA PROSCIUTTO AND MOZZARL,insert,1,https://riba.app/imgrs/THUMBS%20500X500/318463.JPG,tabs/detalle-producto/318463,385.000,385.000,385.000,USD,1,,"{""MARCA"":[""BERETTA""],""CATEGORIA"":[""Embutidos""]}","[""Embutidos""]",,https://riba.app/imgrs/THUMBS%20500X500/318463.JPG,0,0,"[""89""]",385.000,2026-05-11 15:30:52
7354182126,BERETTA PROSCIUTTO AND PROVOLN,BERETTA PROSCIUTTO AND PROVOLN,BERETTA PROSCIUTTO AND PROVOLN,insert,1,https://riba.app/imgrs/THUMBS%20500X500/318466.JPG,tabs/detalle-producto/318466,545.000,545.000,545.000,USD,1,,"{""MARCA"":[""BERETTA""],""CATEGORIA"":[""Embutidos""]}","[""Embutidos""]",,https://riba.app/imgrs/THUMBS%20500X500/318466.JPG,0,0,"[""89""]",545.000,2026-05-11 15:30:52
7367502985,CAROLINA PRIDE BACON SMOKED ,CAROLINA PRIDE BACON SMOKED ,CAROLINA PRIDE BACON SMOKED ,insert,1,https://riba.app/imgrs/THUMBS%20500X500/353969.JPG,tabs/detalle-producto/353969,700.000,700.000,700.000,USD,1,,"{""MARCA"":[""CAROLINA PRIDE""],""CATEGORIA"":[""Embutidos""]}","[""Embutidos""]",,https://riba.app/imgrs/THUMBS%20500X500/353969.JPG,0,0,"[""89""]",700.000,2026-05-11 15:30:52
7398134923,PECHUGA DE PATO CAJUN MLEAF,PECHUGA DE PATO CAJUN MLEAF,PECHUGA DE PATO CAJUN MLEAF,insert,1,https://riba.app/imgrs/THUMBS%20500X500/325479.JPG,tabs/detalle-producto/325479,1.283.000,1.283.000,1.283.000,USD,1,,"{""MARCA"":[""MAPLE LEAF FARMS""],""CATEGORIA"":[""Carnes""]}","[""Carnes""]",,https://riba.app/imgrs/THUMBS%20500X500/325479.JPG,0,0,"[""90""]",1.283.000,2026-05-11 15:30:52
745100021000,CHORIZO 1 LIBRA CORTO,CHORIZO 1 LIBRA CORTO,CHORIZO 1 LIBRA CORTO,insert,1,https://riba.app/imgrs/THUMBS%20500X500/29830.JPG,tabs/detalle-producto/29830,271.000,271.000,271.000,USD,1,,"{""MARCA"":[""TOLEDANO""],""CATEGORIA"":[""Embutidos""]}","[""Embutidos""]",,https://riba.app/imgrs/THUMBS%20500X500/29830.JPG,0,0,"[""89""]",271.000,2026-05-11 15:30:52
745100021003,NUGGETS,NUGGETS,NUGGETS,insert,1,https://riba.app/imgrs/THUMBS%20500X500/29837.JPG,tabs/detalle-producto/29837,357.000,357.000,357.000,USD,1,,"{""MARCA"":[""TOLEDANO""],""CATEGORIA"":[""Carnes Preparadas""]}","[""Carnes Preparadas""]",,https://riba.app/imgrs/THUMBS%20500X500/29837.JPG,0,0,"[""95""]",357.000,2026-05-11 15:30:52
745100021004,NUGGETS ANIMALITOS,NUGGETS ANIMALITOS,NUGGETS ANIMALITOS,insert,1,https://riba.app/imgrs/THUMBS%20500X500/29827.JPG,tabs/detalle-producto/29827,373.000,373.000,373.000,USD,1,,"{""MARCA"":[""TOLEDANO""],""CATEGORIA"":[""Carnes Preparadas""]}","[""Carnes Preparadas""]",,https://riba.app/imgrs/THUMBS%20500X500/29827.JPG,0,0,"[""95""]",373.000,2026-05-11 15:30:52
745100030005,HAMBURGUESAS DE POLLO MELO 1 8,HAMBURGUESAS DE POLLO MELO 1 8,HAMBURGUESAS DE POLLO MELO 1 8,insert,1,https://riba.app/imgrs/THUMBS%20500X500/13126.JPG,tabs/detalle-producto/13126,500.000,500.000,500.000,USD,1,,"{""MARCA"":[""MELO""],""CATEGORIA"":[""Hamburguesas""]}","[""Hamburguesas""]",,https://riba.app/imgrs/THUMBS%20500X500/13126.JPG,0,0,"[""94""]",500.000,2026-05-11 15:30:52
745100030008,MILANESA MELO,MILANESA MELO,MILANESA MELO,insert,1,https://riba.app/imgrs/THUMBS%20500X500/13130.JPG,tabs/detalle-producto/13130,539.000,539.000,539.000,USD,1,,"{""MARCA"":[""MELO""],""CATEGORIA"":[""Carnes Preparadas""]}","[""Carnes Preparadas""]",,https://riba.app/imgrs/THUMBS%20500X500/13130.JPG,0,0,"[""95""]",539.000,2026-05-11 15:30:52
745100030027,CHICKEN NUGGET C QUESO,CHICKEN NUGGET C QUESO,CHICKEN NUGGET C QUESO,insert,1,https://riba.app/imgrs/THUMBS%20500X500/13135.JPG,tabs/detalle-producto/13135,428.000,428.000,428.000,USD,1,,"{""MARCA"":[""MELO""],""CATEGORIA"":[""Carnes Preparadas""]}","[""Carnes Preparadas""]",,https://riba.app/imgrs/THUMBS%20500X500/13135.JPG,0,0,"[""95""]",428.000,2026-05-11 15:30:52
745100030049,ALAS DE POLLO APANADAS,ALAS DE POLLO APANADAS,ALAS DE POLLO APANADAS,insert,1,https://riba.app/imgrs/THUMBS%20500X500/59818.JPG,tabs/detalle-producto/59818,505.000,505.000,505.000,USD,1,,"{""MARCA"":[""MELO""],""CATEGORIA"":[""Carnes Preparadas""]}","[""Carnes Preparadas""]",,https://riba.app/imgrs/THUMBS%20500X500/59818.JPG,0,0,"[""95""]",505.000,2026-05-11 15:30:52
745100030051,FILET  PECHUGA MANT AJO,FILET  PECHUGA MANT AJO,FILET  PECHUGA MANT AJO,insert,1,https://riba.app/imgrs/THUMBS%20500X500/13154.JPG,tabs/detalle-producto/13154,599.000,599.000,599.000,USD,1,,"{""MARCA"":[""MELO""],""CATEGORIA"":[""Carnes Preparadas""]}","[""Carnes Preparadas""]",,https://riba.app/imgrs/THUMBS%20500X500/13154.JPG,0,0,"[""95""]",599.000,2026-05-11 15:30:52
745100030054,FILETE DE PECHUGA APANADA,FILETE DE PECHUGA APANADA,FILETE DE PECHUGA APANADA,insert,1,https://riba.app/imgrs/THUMBS%20500X500/13136.JPG,tabs/detalle-producto/13136,645.000,645.000,645.000,USD,1,,"{""MARCA"":[""MELO""],""CATEGORIA"":[""Carnes Preparadas""]}","[""Carnes Preparadas""]",,https://riba.app/imgrs/THUMBS%20500X500/13136.JPG,0,0,"[""95""]",645.000,2026-05-11 15:30:52
745100030057,FILETE LEMON PEPPER  454GR,FILETE LEMON PEPPER  454GR,FILETE LEMON PEPPER  454GR,insert,1,https://riba.app/imgrs/THUMBS%20500X500/13150.JPG,tabs/detalle-producto/13150,614.000,614.000,614.000,USD,1,,"{""MARCA"":[""MELO""],""CATEGORIA"":[""Carnes Preparadas""]}","[""Carnes Preparadas""]",,https://riba.app/imgrs/THUMBS%20500X500/13150.JPG,0,0,"[""95""]",614.000,2026-05-11 15:30:52
745100030155,PECHUNUGGETS 340 GR,PECHUNUGGETS 340 GR,PECHUNUGGETS 340 GR,insert,1,https://riba.app/imgrs/THUMBS%20500X500/121598.JPG,tabs/detalle-producto/121598,450.000,450.000,450.000,USD,1,,"{""MARCA"":[""MELO""],""CATEGORIA"":[""Carnes Preparadas""]}","[""Carnes Preparadas""]",,https://riba.app/imgrs/THUMBS%20500X500/121598.JPG,0,0,"[""95""]",450.000,2026-05-11 15:30:52
745100030165,SALCHICHAS FAMILIAR 1 LB,SALCHICHAS FAMILIAR 1 LB,SALCHICHAS FAMILIAR 1 LB,insert,1,https://riba.app/imgrs/THUMBS%20500X500/129578.JPG,tabs/detalle-producto/129578,256.000,256.000,256.000,USD,1,,"{""MARCA"":[""MELO""],""CATEGORIA"":[""Embutidos""]}","[""Embutidos""]",,https://riba.app/imgrs/THUMBS%20500X500/129578.JPG,0,0,"[""89""]",256.000,2026-05-11 15:30:52
745100030176,TASAJO DE POLLO MELO 317 GR,TASAJO DE POLLO MELO 317 GR,TASAJO DE POLLO MELO 317 GR,insert,1,https://riba.app/imgrs/THUMBS%20500X500/133765.JPG,tabs/detalle-producto/133765,408.000,408.000,408.000,USD,1,,"{""MARCA"":[""MELO""],""CATEGORIA"":[""Carnes Preparadas""]}","[""Carnes Preparadas""]",,https://riba.app/imgrs/THUMBS%20500X500/133765.JPG,0,0,"[""95""]",408.000,2026-05-11 15:30:52
745100031139,CHICKEN FINGER S,CHICKEN FINGER S,CHICKEN FINGER S,insert,1,https://riba.app/imgrs/THUMBS%20500X500/13125.JPG,tabs/detalle-producto/13125,555.000,555.000,555.000,USD,1,,"{""MARCA"":[""MELO""],""CATEGORIA"":[""Carnes Preparadas""]}","[""Carnes Preparadas""]",,https://riba.app/imgrs/THUMBS%20500X500/13125.JPG,0,0,"[""95""]",555.000,2026-05-11 15:30:52
745100033409,CHICKEN NUGGETS SOBRES MELO,CHICKEN NUGGETS SOBRES MELO,CHICKEN NUGGETS SOBRES MELO,insert,1,https://riba.app/imgrs/THUMBS%20500X500/13137.JPG,tabs/detalle-producto/13137,364.000,364.000,364.000,USD,1,,"{""MARCA"":[""MELO""],""CATEGORIA"":[""Carnes Preparadas""]}","[""Carnes Preparadas""]",,https://riba.app/imgrs/THUMBS%20500X500/13137.JPG,0,0,"[""95""]",364.000,2026-05-11 15:30:52
745100033717,NUGGET SAURIO,NUGGET SAURIO,NUGGET SAURIO,insert,1,https://riba.app/imgrs/THUMBS%20500X500/174285.JPG,tabs/detalle-producto/174285,388.000,388.000,388.000,USD,1,,"{""MARCA"":[""MELO""],""CATEGORIA"":[""Carnes Preparadas""]}","[""Carnes Preparadas""]",,https://riba.app/imgrs/THUMBS%20500X500/174285.JPG,0,0,"[""95""]",388.000,2026-05-11 15:30:52
745100033723,DEDITOS DE POLLO EXT CRISPY,DEDITOS DE POLLO EXT CRISPY,DEDITOS DE POLLO EXT CRISPY,insert,1,https://riba.app/imgrs/THUMBS%20500X500/174919.JPG,tabs/detalle-producto/174919,675.000,675.000,675.000,USD,1,,"{""MARCA"":[""MELO""],""CATEGORIA"":[""Carnes Preparadas""]}","[""Carnes Preparadas""]",,https://riba.app/imgrs/THUMBS%20500X500/174919.JPG,0,0,"[""95""]",675.000,2026-05-11 15:30:52
745100033742,HAMBURGUESA EXTRA CRISPY,HAMBURGUESA EXTRA CRISPY,HAMBURGUESA EXTRA CRISPY,insert,1,https://riba.app/imgrs/THUMBS%20500X500/188731.JPG,tabs/detalle-producto/188731,515.000,515.000,515.000,USD,1,,"{""MARCA"":[""MELO""],""CATEGORIA"":[""Carnes Preparadas""]}","[""Carnes Preparadas""]",,https://riba.app/imgrs/THUMBS%20500X500/188731.JPG,0,0,"[""95""]",515.000,2026-05-11 15:30:52
745100033744,HAMBURGUESA APANADA 8 UN,HAMBURGUESA APANADA 8 UN,HAMBURGUESA APANADA 8 UN,insert,1,https://riba.app/imgrs/THUMBS%20500X500/219930.JPG,tabs/detalle-producto/219930,487.000,487.000,487.000,USD,1,,"{""MARCA"":[""MELO""],""CATEGORIA"":[""Hamburguesas""]}","[""Hamburguesas""]",,https://riba.app/imgrs/THUMBS%20500X500/219930.JPG,0,0,"[""94""]",487.000,2026-05-11 15:30:52
745100033797,FAM PACK CHICK NG + SOB ALITA ,FAM PACK CHICK NG + SOB ALITA ,FAM PACK CHICK NG + SOB ALITA ,insert,1,https://riba.app/imgrs/THUMBS%20500X500/287985.JPG,tabs/detalle-producto/287985,652.000,652.000,652.000,USD,1,,"{""MARCA"":[""MELO""],""CATEGORIA"":[""Carnes Preparadas""]}","[""Carnes Preparadas""]",,https://riba.app/imgrs/THUMBS%20500X500/287985.JPG,0,0,"[""95""]",652.000,2026-05-11 15:30:52
745100033800,SALCHICHA DE PECHUGA MELO,SALCHICHA DE PECHUGA MELO,SALCHICHA DE PECHUGA MELO,insert,1,https://riba.app/imgrs/THUMBS%20500X500/338812.JPG,tabs/detalle-producto/338812,424.000,424.000,424.000,USD,1,,"{""MARCA"":[""MELO""],""CATEGORIA"":[""Embutidos""]}","[""Embutidos""]",,https://riba.app/imgrs/THUMBS%20500X500/338812.JPG,0,0,"[""89""]",424.000,2026-05-11 15:30:52
745100033839,BARRITAS DE POLLO MELO,BARRITAS DE POLLO MELO,BARRITAS DE POLLO MELO,insert,1,https://riba.app/imgrs/THUMBS%20500X500/310566.JPG,tabs/detalle-producto/310566,552.000,552.000,552.000,USD,1,,"{""MARCA"":[""MELO""],""CATEGORIA"":[""Carnes Preparadas""]}","[""Carnes Preparadas""]",,https://riba.app/imgrs/THUMBS%20500X500/310566.JPG,0,0,"[""95""]",552.000,2026-05-11 15:30:52
745100033842,POLLO AHUMADO APANADO,POLLO AHUMADO APANADO,POLLO AHUMADO APANADO,insert,1,https://riba.app/imgrs/THUMBS%20500X500/338818.JPG,tabs/detalle-producto/338818,1.250.000,1.250.000,1.250.000,USD,1,,"{""MARCA"":[""MELO""],""CATEGORIA"":[""Carnes Preparadas""]}","[""Carnes Preparadas""]",,https://riba.app/imgrs/THUMBS%20500X500/338818.JPG,0,0,"[""95""]",1.250.000,2026-05-11 15:30:52
745100033852,BARRITAS DE POLLO CASERAS,BARRITAS DE POLLO CASERAS,BARRITAS DE POLLO CASERAS,insert,1,https://riba.app/imgrs/THUMBS%20500X500/317635.JPG,tabs/detalle-producto/317635,547.000,547.000,547.000,USD,1,,"{""MARCA"":[""MELO""],""CATEGORIA"":[""Carnes Preparadas""]}","[""Carnes Preparadas""]",,https://riba.app/imgrs/THUMBS%20500X500/317635.JPG,0,0,"[""95""]",547.000,2026-05-11 15:30:52
745100033853,BONELESS BUFALO CHICKEN,BONELESS BUFALO CHICKEN,BONELESS BUFALO CHICKEN,insert,1,https://riba.app/imgrs/THUMBS%20500X500/316146.JPG,tabs/detalle-producto/316146,593.000,593.000,593.000,USD,1,,"{""MARCA"":[""MELO""],""CATEGORIA"":[""Carnes Preparadas""]}","[""Carnes Preparadas""]",,https://riba.app/imgrs/THUMBS%20500X500/316146.JPG,0,0,"[""95""]",593.000,2026-05-11 15:30:52
745100033857,SALCHICHA CON QUESO MELO,SALCHICHA CON QUESO MELO,SALCHICHA CON QUESO MELO,insert,1,https://riba.app/imgrs/THUMBS%20500X500/322928.JPG,tabs/detalle-producto/322928,273.000,273.000,273.000,USD,1,,"{""MARCA"":[""MELO""],""CATEGORIA"":[""Embutidos""]}","[""Embutidos""]",,https://riba.app/imgrs/THUMBS%20500X500/322928.JPG,0,0,"[""89""]",273.000,2026-05-11 15:30:52
745100033869,MUSLO MARINADO MANTEQUILLA AJO,MUSLO MARINADO MANTEQUILLA AJO,MUSLO MARINADO MANTEQUILLA AJO,insert,1,https://riba.app/imgrs/THUMBS%20500X500/329601.JPG,tabs/detalle-producto/329601,937.000,937.000,937.000,USD,1,,"{""MARCA"":[""MELO""],""CATEGORIA"":[""Carnes Preparadas""]}","[""Carnes Preparadas""]",,https://riba.app/imgrs/THUMBS%20500X500/329601.JPG,0,0,"[""95""]",937.000,2026-05-11 15:30:52
745100033876,MUSLO ESTILO PARRILLERO MELO,MUSLO ESTILO PARRILLERO MELO,MUSLO ESTILO PARRILLERO MELO,insert,1,https://riba.app/imgrs/THUMBS%20500X500/352450.JPG,tabs/detalle-producto/352450,887.000,887.000,887.000,USD,1,,"{""MARCA"":[""MELO""],""CATEGORIA"":[""Carnes Preparadas""]}","[""Carnes Preparadas""]",,https://riba.app/imgrs/THUMBS%20500X500/352450.JPG,0,0,"[""95""]",887.000,2026-05-11 15:30:52
745100033880,FILETE DE ENCUETRO PARRILLERO,FILETE DE ENCUETRO PARRILLERO,FILETE DE ENCUETRO PARRILLERO,insert,1,https://riba.app/imgrs/THUMBS%20500X500/352445.JPG,tabs/detalle-producto/352445,528.000,528.000,528.000,USD,1,,"{""MARCA"":[""MELO""],""CATEGORIA"":[""Carnes Preparadas""]}","[""Carnes Preparadas""]",,https://riba.app/imgrs/THUMBS%20500X500/352445.JPG,0,0,"[""95""]",528.000,2026-05-11 15:30:52
745100033883,MUSLO AHUMADO APANADO MELO,MUSLO AHUMADO APANADO MELO,MUSLO AHUMADO APANADO MELO,insert,1,https://riba.app/imgrs/THUMBS%20500X500/352447.JPG,tabs/detalle-producto/352447,887.000,887.000,887.000,USD,1,,"{""MARCA"":[""MELO""],""CATEGORIA"":[""Carnes Preparadas""]}","[""Carnes Preparadas""]",,https://riba.app/imgrs/THUMBS%20500X500/352447.JPG,0,0,"[""95""]",887.000,2026-05-11 15:30:52
745100033884,MUSLO AJO ROSTIZADO MELO,MUSLO AJO ROSTIZADO MELO,MUSLO AJO ROSTIZADO MELO,insert,1,https://riba.app/imgrs/THUMBS%20500X500/350141.JPG,tabs/detalle-producto/350141,887.000,887.000,887.000,USD,1,,"{""MARCA"":[""MELO""],""CATEGORIA"":[""Carnes Preparadas""]}","[""Carnes Preparadas""]",,https://riba.app/imgrs/THUMBS%20500X500/350141.JPG,0,0,"[""95""]",887.000,2026-05-11 15:30:52
745100033885,FILETE DE ENCUENTRO AJO ROSTIZ,FILETE DE ENCUENTRO AJO ROSTIZ,FILETE DE ENCUENTRO AJO ROSTIZ,insert,1,https://riba.app/imgrs/THUMBS%20500X500/350144.JPG,tabs/detalle-producto/350144,530.000,530.000,530.000,USD,1,,"{""MARCA"":[""MELO""],""CATEGORIA"":[""Carnes Preparadas""]}","[""Carnes Preparadas""]",,https://riba.app/imgrs/THUMBS%20500X500/350144.JPG,0,0,"[""95""]",530.000,2026-05-11 15:30:52
745100033886,MUSLO CHIPOTLE MELO,MUSLO CHIPOTLE MELO,MUSLO CHIPOTLE MELO,insert,1,https://riba.app/imgrs/THUMBS%20500X500/350142.JPG,tabs/detalle-producto/350142,887.000,887.000,887.000,USD,1,,"{""MARCA"":[""MELO""],""CATEGORIA"":[""Carnes Preparadas""]}","[""Carnes Preparadas""]",,https://riba.app/imgrs/THUMBS%20500X500/350142.JPG,0,0,"[""95""]",887.000,2026-05-11 15:30:52
745100033887,MUSLO CON ESPECIAS MELO,MUSLO CON ESPECIAS MELO,MUSLO CON ESPECIAS MELO,insert,1,https://riba.app/imgrs/THUMBS%20500X500/350143.JPG,tabs/detalle-producto/350143,887.000,887.000,887.000,USD,1,,"{""MARCA"":[""MELO""],""CATEGORIA"":[""Carnes Preparadas""]}","[""Carnes Preparadas""]",,https://riba.app/imgrs/THUMBS%20500X500/350143.JPG,0,0,"[""95""]",887.000,2026-05-11 15:30:52
745100033888,FILETE DE ENCUENTRO ESPECIAS,FILETE DE ENCUENTRO ESPECIAS,FILETE DE ENCUENTRO ESPECIAS,insert,1,https://riba.app/imgrs/THUMBS%20500X500/350145.JPG,tabs/detalle-producto/350145,527.000,527.000,527.000,USD,1,,"{""MARCA"":[""MELO""],""CATEGORIA"":[""Carnes Preparadas""]}","[""Carnes Preparadas""]",,https://riba.app/imgrs/THUMBS%20500X500/350145.JPG,0,0,"[""95""]",527.000,2026-05-11 15:30:52
745101510140,TASAJO DE RES 340 GR,TASAJO DE RES 340 GR,TASAJO DE RES 340 GR,insert,1,https://riba.app/imgrs/THUMBS%20500X500/235772.JPG,tabs/detalle-producto/235772,450.000,450.000,450.000,USD,1,,"{""MARCA"":[""RIMITH""],""CATEGORIA"":[""Carnes Preparadas""]}","[""Carnes Preparadas""]",,https://riba.app/imgrs/THUMBS%20500X500/235772.JPG,0,0,"[""95""]",450.000,2026-05-11 15:30:52
745101510171,CHORIZO CRIOLLO,CHORIZO CRIOLLO,CHORIZO CRIOLLO,insert,1,https://riba.app/imgrs/THUMBS%20500X500/77651.JPG,tabs/detalle-producto/77651,235.000,235.000,235.000,USD,1,,"{""MARCA"":[""RIMITH""],""CATEGORIA"":[""Embutidos""]}","[""Embutidos""]",,https://riba.app/imgrs/THUMBS%20500X500/77651.JPG,0,0,"[""89""]",235.000,2026-05-11 15:30:52
745101510172,CHORIZO PARRILLERO,CHORIZO PARRILLERO,CHORIZO PARRILLERO,insert,1,https://riba.app/imgrs/THUMBS%20500X500/132837.JPG,tabs/detalle-producto/132837,415.000,415.000,415.000,USD,1,,"{""MARCA"":[""RIMITH""],""CATEGORIA"":[""Embutidos""]}","[""Embutidos""]",,https://riba.app/imgrs/THUMBS%20500X500/132837.JPG,0,0,"[""89""]",415.000,2026-05-11 15:30:52
745101510173,CHORIZO PARRILLERO T27 ,CHORIZO PARRILLERO T27 ,CHORIZO PARRILLERO T27 ,insert,1,https://riba.app/imgrs/THUMBS%20500X500/132838.JPG,tabs/detalle-producto/132838,1.220.000,1.220.000,1.220.000,USD,1,,"{""MARCA"":[""RIMITH""],""CATEGORIA"":[""Embutidos""]}","[""Embutidos""]",,https://riba.app/imgrs/THUMBS%20500X500/132838.JPG,0,0,"[""89""]",1.220.000,2026-05-11 15:30:52
745101510205,CHORIZO  ESPECIAL ,CHORIZO  ESPECIAL ,CHORIZO  ESPECIAL ,insert,1,https://riba.app/imgrs/THUMBS%20500X500/23828.JPG,tabs/detalle-producto/23828,330.000,330.000,330.000,USD,1,,"{""MARCA"":[""RIMITH""],""CATEGORIA"":[""Embutidos""]}","[""Embutidos""]",,https://riba.app/imgrs/THUMBS%20500X500/23828.JPG,0,0,"[""89""]",330.000,2026-05-11 15:30:52
745101510208,CHORIZO ESPECIAL CORTO,CHORIZO ESPECIAL CORTO,CHORIZO ESPECIAL CORTO,insert,1,https://riba.app/imgrs/THUMBS%20500X500/60252.JPG,tabs/detalle-producto/60252,233.000,233.000,233.000,USD,1,,"{""MARCA"":[""RIMITH""],""CATEGORIA"":[""Embutidos""]}","[""Embutidos""]",,https://riba.app/imgrs/THUMBS%20500X500/60252.JPG,0,0,"[""89""]",233.000,2026-05-11 15:30:52
745101510237,CHORIZO PICANTE 11 UN,CHORIZO PICANTE 11 UN,CHORIZO PICANTE 11 UN,insert,1,https://riba.app/imgrs/THUMBS%20500X500/267781.JPG,tabs/detalle-producto/267781,215.000,215.000,215.000,USD,1,,"{""MARCA"":[""RIMITH""],""CATEGORIA"":[""Embutidos""]}","[""Embutidos""]",,https://riba.app/imgrs/THUMBS%20500X500/267781.JPG,0,0,"[""89""]",215.000,2026-05-11 15:30:52
745101510282,HAMBURG BLUE CHEESE & BACON,HAMBURG BLUE CHEESE & BACON,HAMBURG BLUE CHEESE & BACON,insert,1,https://riba.app/imgrs/THUMBS%20500X500/227032.JPG,tabs/detalle-producto/227032,455.000,455.000,455.000,USD,1,,"{""MARCA"":[""RIMITH""],""CATEGORIA"":[""Hamburguesas""]}","[""Hamburguesas""]",,https://riba.app/imgrs/THUMBS%20500X500/227032.JPG,0,0,"[""94""]",455.000,2026-05-11 15:30:52
745101510284,HAMBURGUESA ALOHA MEJOR CARBON,HAMBURGUESA ALOHA MEJOR CARBON,HAMBURGUESA ALOHA MEJOR CARBON,insert,1,https://riba.app/imgrs/THUMBS%20500X500/227033.JPG,tabs/detalle-producto/227033,455.000,455.000,455.000,USD,1,,"{""MARCA"":[""RIMITH""],""CATEGORIA"":[""Hamburguesas""]}","[""Hamburguesas""]",,https://riba.app/imgrs/THUMBS%20500X500/227033.JPG,0,0,"[""94""]",455.000,2026-05-11 15:30:52
745101510286,ALBONDIGAS CRIOLLAS,ALBONDIGAS CRIOLLAS,ALBONDIGAS CRIOLLAS,insert,1,https://riba.app/imgrs/THUMBS%20500X500/250122.JPG,tabs/detalle-producto/250122,350.000,350.000,350.000,USD,1,,"{""MARCA"":[""RIMITH""],""CATEGORIA"":[""Carnes Preparadas""]}","[""Carnes Preparadas""]",,https://riba.app/imgrs/THUMBS%20500X500/250122.JPG,0,0,"[""95""]",350.000,2026-05-11 15:30:52
745101510287,ALBONDIGAS A LA PARRILLA,ALBONDIGAS A LA PARRILLA,ALBONDIGAS A LA PARRILLA,insert,1,https://riba.app/imgrs/THUMBS%20500X500/250121.JPG,tabs/detalle-producto/250121,350.000,350.000,350.000,USD,1,,"{""MARCA"":[""RIMITH""],""CATEGORIA"":[""Carnes Preparadas""]}","[""Carnes Preparadas""]",,https://riba.app/imgrs/THUMBS%20500X500/250121.JPG,0,0,"[""95""]",350.000,2026-05-11 15:30:52
745101510290,CHORIZO CERDO CULANTRO CRUDO,CHORIZO CERDO CULANTRO CRUDO,CHORIZO CERDO CULANTRO CRUDO,insert,1,https://riba.app/imgrs/THUMBS%20500X500/303940.JPG,tabs/detalle-producto/303940,575.000,575.000,575.000,USD,1,,"{""MARCA"":[""RIMITH""],""CATEGORIA"":[""Embutidos""]}","[""Embutidos""]",,https://riba.app/imgrs/THUMBS%20500X500/303940.JPG,0,0,"[""89""]",575.000,2026-05-11 15:30:52
745101510291,CHORIZO CERDO QUESO JALAPEÑO,CHORIZO CERDO QUESO JALAPEÑO,CHORIZO CERDO QUESO JALAPEÑO,insert,1,https://riba.app/imgrs/THUMBS%20500X500/303941.JPG,tabs/detalle-producto/303941,730.000,730.000,730.000,USD,1,,"{""MARCA"":[""RIMITH""],""CATEGORIA"":[""Embutidos""]}","[""Embutidos""]",,https://riba.app/imgrs/THUMBS%20500X500/303941.JPG,0,0,"[""89""]",730.000,2026-05-11 15:30:52
745101510292,CARNE MOLIDA ESENCIAL 1LB,CARNE MOLIDA ESENCIAL 1LB,CARNE MOLIDA ESENCIAL 1LB,insert,1,https://riba.app/imgrs/THUMBS%20500X500/303942.JPG,tabs/detalle-producto/303942,369.000,369.000,369.000,USD,1,,"{""MARCA"":[""RIMITH""],""CATEGORIA"":[""Carnes""]}","[""Carnes""]",,https://riba.app/imgrs/THUMBS%20500X500/303942.JPG,0,0,"[""90""]",369.000,2026-05-11 15:30:52
745101510298,CARNE EN PALITO CONG 570 GR,CARNE EN PALITO CONG 570 GR,CARNE EN PALITO CONG 570 GR,insert,1,https://riba.app/imgrs/THUMBS%20500X500/303948.JPG,tabs/detalle-producto/303948,650.000,650.000,650.000,USD,1,,"{""MARCA"":[""RIMITH""],""CATEGORIA"":[""Carnes Preparadas""]}","[""Carnes Preparadas""]",,https://riba.app/imgrs/THUMBS%20500X500/303948.JPG,0,0,"[""95""]",650.000,2026-05-11 15:30:52
745101510310,SALCHICHAS 100%  RES,SALCHICHAS 100%  RES,SALCHICHAS 100%  RES,insert,1,https://riba.app/imgrs/THUMBS%20500X500/23907.JPG,tabs/detalle-producto/23907,360.000,360.000,360.000,USD,1,,"{""MARCA"":[""RIMITH""],""CATEGORIA"":[""Embutidos""]}","[""Embutidos""]",,https://riba.app/imgrs/THUMBS%20500X500/23907.JPG,0,0,"[""89""]",360.000,2026-05-11 15:30:52
745101510322,ENCHILADAS ,ENCHILADAS ,ENCHILADAS ,insert,1,https://riba.app/imgrs/THUMBS%20500X500/23837.JPG,tabs/detalle-producto/23837,271.000,271.000,271.000,USD,1,,"{""MARCA"":[""RIMITH""],""CATEGORIA"":[""Embutidos""]}","[""Embutidos""]",,https://riba.app/imgrs/THUMBS%20500X500/23837.JPG,0,0,"[""89""]",271.000,2026-05-11 15:30:52
745101510325,CHORIZO ESPECIAL  9 UND,CHORIZO ESPECIAL  9 UND,CHORIZO ESPECIAL  9 UND,insert,1,https://riba.app/imgrs/THUMBS%20500X500/238083.JPG,tabs/detalle-producto/238083,410.000,410.000,410.000,USD,1,,"{""MARCA"":[""RIMITH""],""CATEGORIA"":[""Embutidos""]}","[""Embutidos""]",,https://riba.app/imgrs/THUMBS%20500X500/238083.JPG,0,0,"[""89""]",410.000,2026-05-11 15:30:52
745101510330,FRANK FURTER AHUMADO,FRANK FURTER AHUMADO,FRANK FURTER AHUMADO,insert,1,https://riba.app/imgrs/THUMBS%20500X500/23838.JPG,tabs/detalle-producto/23838,285.000,285.000,285.000,USD,1,,"{""MARCA"":[""RIMITH""],""CATEGORIA"":[""Embutidos""]}","[""Embutidos""]",,https://riba.app/imgrs/THUMBS%20500X500/23838.JPG,0,0,"[""89""]",285.000,2026-05-11 15:30:52
745101510350,CARNE PARA RELLENO,CARNE PARA RELLENO,CARNE PARA RELLENO,insert,1,https://riba.app/imgrs/THUMBS%20500X500/321661.JPG,tabs/detalle-producto/321661,198.000,198.000,198.000,USD,1,,"{""MARCA"":[""RIMITH""],""CATEGORIA"":[""Carnes""]}","[""Carnes""]",,https://riba.app/imgrs/THUMBS%20500X500/321661.JPG,0,0,"[""90""]",198.000,2026-05-11 15:30:52
745101510356,FRANKFURTER ESENCIAL,FRANKFURTER ESENCIAL,FRANKFURTER ESENCIAL,insert,1,https://riba.app/imgrs/THUMBS%20500X500/315283.JPG,tabs/detalle-producto/315283,195.000,195.000,195.000,USD,1,,"{""MARCA"":[""RIMITH""],""CATEGORIA"":[""Embutidos""]}","[""Embutidos""]",,https://riba.app/imgrs/THUMBS%20500X500/315283.JPG,0,0,"[""89""]",195.000,2026-05-11 15:30:52
745101510357,SALCHICHA HOTDOG 8UN,SALCHICHA HOTDOG 8UN,SALCHICHA HOTDOG 8UN,insert,1,https://riba.app/imgrs/THUMBS%20500X500/312898.JPG,tabs/detalle-producto/312898,195.000,195.000,195.000,USD,1,,"{""MARCA"":[""RIMITH""],""CATEGORIA"":[""Embutidos""]}","[""Embutidos""]",,https://riba.app/imgrs/THUMBS%20500X500/312898.JPG,0,0,"[""89""]",195.000,2026-05-11 15:30:52
745101510358,SALCHICHA HOTDOG CARRITO,SALCHICHA HOTDOG CARRITO,SALCHICHA HOTDOG CARRITO,insert,1,https://riba.app/imgrs/THUMBS%20500X500/307332.JPG,tabs/detalle-producto/307332,371.000,371.000,371.000,USD,1,,"{""MARCA"":[""RIMITH""],""CATEGORIA"":[""Embutidos""]}","[""Embutidos""]",,https://riba.app/imgrs/THUMBS%20500X500/307332.JPG,0,0,"[""89""]",371.000,2026-05-11 15:30:52
745101510359,SALCHICHA CARNITA AHUMADA,SALCHICHA CARNITA AHUMADA,SALCHICHA CARNITA AHUMADA,insert,1,https://riba.app/imgrs/THUMBS%20500X500/326655.JPG,tabs/detalle-producto/326655,163.000,163.000,163.000,USD,1,,"{""MARCA"":[""RIMITH""],""CATEGORIA"":[""Embutidos""]}","[""Embutidos""]",,https://riba.app/imgrs/THUMBS%20500X500/326655.JPG,0,0,"[""89""]",163.000,2026-05-11 15:30:52
745101510360,FRANK AHUMADA PARTY PACK,FRANK AHUMADA PARTY PACK,FRANK AHUMADA PARTY PACK,insert,1,https://riba.app/imgrs/THUMBS%20500X500/23841.JPG,tabs/detalle-producto/23841,770.000,770.000,770.000,USD,1,,"{""MARCA"":[""RIMITH""],""CATEGORIA"":[""Embutidos""]}","[""Embutidos""]",,https://riba.app/imgrs/THUMBS%20500X500/23841.JPG,0,0,"[""89""]",770.000,2026-05-11 15:30:52
745101510361,SALCHICHA CARNITA AHUMADA ,SALCHICHA CARNITA AHUMADA ,SALCHICHA CARNITA AHUMADA ,insert,1,https://riba.app/imgrs/THUMBS%20500X500/326656.JPG,tabs/detalle-producto/326656,298.000,298.000,298.000,USD,1,,"{""MARCA"":[""RIMITH""],""CATEGORIA"":[""Embutidos""]}","[""Embutidos""]",,https://riba.app/imgrs/THUMBS%20500X500/326656.JPG,0,0,"[""89""]",298.000,2026-05-11 15:30:52
745101510372,FRANK FURTER ,FRANK FURTER ,FRANK FURTER ,insert,1,https://riba.app/imgrs/THUMBS%20500X500/23845.JPG,tabs/detalle-producto/23845,385.000,385.000,385.000,USD,1,,"{""MARCA"":[""RIMITH""],""CATEGORIA"":[""Embutidos""]}","[""Embutidos""]",,https://riba.app/imgrs/THUMBS%20500X500/23845.JPG,0,0,"[""89""]",385.000,2026-05-11 15:30:52
745101510377,SALCHICHA HOT DOG JUMBO 5UN,SALCHICHA HOT DOG JUMBO 5UN,SALCHICHA HOT DOG JUMBO 5UN,insert,1,https://riba.app/imgrs/THUMBS%20500X500/263858.JPG,tabs/detalle-producto/263858,250.000,250.000,250.000,USD,1,,"{""MARCA"":[""RIMITH""],""CATEGORIA"":[""Embutidos""]}","[""Embutidos""]",,https://riba.app/imgrs/THUMBS%20500X500/263858.JPG,0,0,"[""89""]",250.000,2026-05-11 15:30:52
745101510380,CHORIZO 8UN RIMITH,CHORIZO 8UN RIMITH,CHORIZO 8UN RIMITH,insert,1,https://riba.app/imgrs/THUMBS%20500X500/243859.JPG,tabs/detalle-producto/243859,299.000,299.000,299.000,USD,1,,"{""MARCA"":[""RIMITH""],""CATEGORIA"":[""Embutidos""]}","[""Embutidos""]",,https://riba.app/imgrs/THUMBS%20500X500/243859.JPG,0,0,"[""89""]",299.000,2026-05-11 15:30:52
745101510389,FRANKFURTER AHUMADO DOBLE ,FRANKFURTER AHUMADO DOBLE ,FRANKFURTER AHUMADO DOBLE ,insert,1,https://riba.app/imgrs/THUMBS%20500X500/23846.JPG,tabs/detalle-producto/23846,400.000,400.000,400.000,USD,1,,"{""MARCA"":[""RIMITH""],""CATEGORIA"":[""Embutidos""]}","[""Embutidos""]",,https://riba.app/imgrs/THUMBS%20500X500/23846.JPG,0,0,"[""89""]",400.000,2026-05-11 15:30:52
745101510392,SALCHICHA DE POLLO,SALCHICHA DE POLLO,SALCHICHA DE POLLO,insert,1,https://riba.app/imgrs/THUMBS%20500X500/287067.JPG,tabs/detalle-producto/287067,220.000,220.000,220.000,USD,1,,"{""MARCA"":[""RIMITH""],""CATEGORIA"":[""Embutidos""]}","[""Embutidos""]",,https://riba.app/imgrs/THUMBS%20500X500/287067.JPG,0,0,"[""89""]",220.000,2026-05-11 15:30:52
745101510406,HAMBURGUESA DE CARNE DE RES 8U,HAMBURGUESA DE CARNE DE RES 8U,HAMBURGUESA DE CARNE DE RES 8U,insert,1,https://riba.app/imgrs/THUMBS%20500X500/23909.JPG,tabs/detalle-producto/23909,485.000,485.000,485.000,USD,1,,"{""MARCA"":[""RIMITH""],""CATEGORIA"":[""Hamburguesas""]}","[""Hamburguesas""]",,https://riba.app/imgrs/THUMBS%20500X500/23909.JPG,0,0,"[""94""]",485.000,2026-05-11 15:30:52
745101510407,HAMBURGUESA 1/4 LB 12UN,HAMBURGUESA 1/4 LB 12UN,HAMBURGUESA 1/4 LB 12UN,insert,1,https://riba.app/imgrs/THUMBS%20500X500/63671.JPG,tabs/detalle-producto/63671,943.000,943.000,943.000,USD,1,,"{""MARCA"":[""RIMITH""],""CATEGORIA"":[""Hamburguesas""]}","[""Hamburguesas""]",,https://riba.app/imgrs/THUMBS%20500X500/63671.JPG,0,0,"[""94""]",943.000,2026-05-11 15:30:52
745101510413,HAMBURGUESA ORIG MEJOR CARBON,HAMBURGUESA ORIG MEJOR CARBON,HAMBURGUESA ORIG MEJOR CARBON,insert,1,https://riba.app/imgrs/THUMBS%20500X500/222033.JPG,tabs/detalle-producto/222033,398.000,398.000,398.000,USD,1,,"{""MARCA"":[""RIMITH""],""CATEGORIA"":[""Hamburguesas""]}","[""Hamburguesas""]",,https://riba.app/imgrs/THUMBS%20500X500/222033.JPG,0,0,"[""94""]",398.000,2026-05-11 15:30:52
745101510416,HAMBURG MINI MEJOR AL CARBON12,HAMBURG MINI MEJOR AL CARBON12,HAMBURG MINI MEJOR AL CARBON12,insert,1,https://riba.app/imgrs/THUMBS%20500X500/261889.JPG,tabs/detalle-producto/261889,745.000,745.000,745.000,USD,1,,"{""MARCA"":[""RIMITH""],""CATEGORIA"":[""Hamburguesas""]}","[""Hamburguesas""]",,https://riba.app/imgrs/THUMBS%20500X500/261889.JPG,0,0,"[""94""]",745.000,2026-05-11 15:30:52
745101510419,BREAKFAST PATTY 12UN,BREAKFAST PATTY 12UN,BREAKFAST PATTY 12UN,insert,1,https://riba.app/imgrs/THUMBS%20500X500/261891.JPG,tabs/detalle-producto/261891,805.000,805.000,805.000,USD,1,,"{""MARCA"":[""RIMITH""],""CATEGORIA"":[""Hamburguesas""]}","[""Hamburguesas""]",,https://riba.app/imgrs/THUMBS%20500X500/261891.JPG,0,0,"[""94""]",805.000,2026-05-11 15:30:52
745101510422,JAMON COCIDO 4X4,JAMON COCIDO 4X4,JAMON COCIDO 4X4,insert,1,https://riba.app/imgrs/THUMBS%20500X500/65412.JPG,tabs/detalle-producto/65412,235.000,235.000,235.000,USD,1,,"{""MARCA"":[""RIMITH""],""CATEGORIA"":[""Embutidos""]}","[""Embutidos""]",,https://riba.app/imgrs/THUMBS%20500X500/65412.JPG,0,0,"[""89""]",235.000,2026-05-11 15:30:52
745101510432,HAMBURG MEJOR AL CARBON 8UN,HAMBURG MEJOR AL CARBON 8UN,HAMBURG MEJOR AL CARBON 8UN,insert,1,https://riba.app/imgrs/THUMBS%20500X500/280660.JPG,tabs/detalle-producto/280660,1.085.000,1.085.000,1.085.000,USD,1,,"{""MARCA"":[""RIMITH""],""CATEGORIA"":[""Hamburguesas""]}","[""Hamburguesas""]",,https://riba.app/imgrs/THUMBS%20500X500/280660.JPG,0,0,"[""94""]",1.085.000,2026-05-11 15:30:52
745101510448,CHORIZO MC ESPAÑOL,CHORIZO MC ESPAÑOL,CHORIZO MC ESPAÑOL,insert,1,https://riba.app/imgrs/THUMBS%20500X500/312894.JPG,tabs/detalle-producto/312894,508.000,508.000,508.000,USD,1,,"{""MARCA"":[""RIMITH""],""CATEGORIA"":[""Embutidos""]}","[""Embutidos""]",,https://riba.app/imgrs/THUMBS%20500X500/312894.JPG,0,0,"[""89""]",508.000,2026-05-11 15:30:52
745101510458,JAMON ESPECIAL G,JAMON ESPECIAL G,JAMON ESPECIAL G,insert,1,https://riba.app/imgrs/THUMBS%20500X500/23853.JPG,tabs/detalle-producto/23853,355.000,355.000,355.000,USD,1,,"{""MARCA"":[""RIMITH""],""CATEGORIA"":[""Embutidos""]}","[""Embutidos""]",,https://riba.app/imgrs/THUMBS%20500X500/23853.JPG,0,0,"[""89""]",355.000,2026-05-11 15:30:52
745101510462,JAMON AHUMADO  BOLITA,JAMON AHUMADO  BOLITA,JAMON AHUMADO  BOLITA,insert,1,https://riba.app/imgrs/THUMBS%20500X500/259044.JPG,tabs/detalle-producto/259044,2.095.000,2.095.000,2.095.000,USD,1,,"{""MARCA"":[""RIMITH""],""CATEGORIA"":[""Carnes""]}","[""Carnes""]",,https://riba.app/imgrs/THUMBS%20500X500/259044.JPG,0,0,"[""90""]",2.095.000,2026-05-11 15:30:52
745101510476,JAMON ESPECIAL ,JAMON ESPECIAL ,JAMON ESPECIAL ,insert,1,https://riba.app/imgrs/THUMBS%20500X500/23856.JPG,tabs/detalle-producto/23856,243.000,243.000,243.000,USD,1,,"{""MARCA"":[""RIMITH""],""CATEGORIA"":[""Embutidos""]}","[""Embutidos""]",,https://riba.app/imgrs/THUMBS%20500X500/23856.JPG,0,0,"[""89""]",243.000,2026-05-11 15:30:52
745101510483,LA CHORIZA,LA CHORIZA,LA CHORIZA,insert,1,https://riba.app/imgrs/THUMBS%20500X500/285177.JPG,tabs/detalle-producto/285177,490.000,490.000,490.000,USD,1,,"{""MARCA"":[""RIMITH""],""CATEGORIA"":[""Embutidos""]}","[""Embutidos""]",,https://riba.app/imgrs/THUMBS%20500X500/285177.JPG,0,0,"[""89""]",490.000,2026-05-11 15:30:52
745101510560,JAMONADA CON ENCURTIDO,JAMONADA CON ENCURTIDO,JAMONADA CON ENCURTIDO,insert,1,https://riba.app/imgrs/THUMBS%20500X500/23866.JPG,tabs/detalle-producto/23866,195.000,195.000,195.000,USD,1,,"{""MARCA"":[""RIMITH""],""CATEGORIA"":[""Embutidos""]}","[""Embutidos""]",,https://riba.app/imgrs/THUMBS%20500X500/23866.JPG,0,0,"[""89""]",195.000,2026-05-11 15:30:52
745101510583,PARRILLADA MIXTA 2 PERSONAS,PARRILLADA MIXTA 2 PERSONAS,PARRILLADA MIXTA 2 PERSONAS,insert,1,https://riba.app/imgrs/THUMBS%20500X500/130614.JPG,tabs/detalle-producto/130614,2.595.000,2.595.000,2.595.000,USD,1,,"{""MARCA"":[""RIMITH""],""CATEGORIA"":[""Carnes Preparadas""]}","[""Carnes Preparadas""]",,https://riba.app/imgrs/THUMBS%20500X500/130614.JPG,0,0,"[""95""]",2.595.000,2026-05-11 15:30:52
745101510635,SALCHICHAS QUESO AHUMADA ESENC,SALCHICHAS QUESO AHUMADA ESENC,SALCHICHAS QUESO AHUMADA ESENC,insert,1,https://riba.app/imgrs/THUMBS%20500X500/357705.JPG,tabs/detalle-producto/357705,295.000,295.000,295.000,USD,1,,"{""MARCA"":[""RIMITH""],""CATEGORIA"":[""Embutidos""]}","[""Embutidos""]",,https://riba.app/imgrs/THUMBS%20500X500/357705.JPG,0,0,"[""89""]",295.000,2026-05-11 15:30:52
745101510636,CHORIZO MC POLLO SWEET ITALIAN,CHORIZO MC POLLO SWEET ITALIAN,CHORIZO MC POLLO SWEET ITALIAN,insert,1,https://riba.app/imgrs/THUMBS%20500X500/355268.JPG,tabs/detalle-producto/355268,431.000,431.000,431.000,USD,1,,"{""MARCA"":[""RIMITH""],""CATEGORIA"":[""Embutidos""]}","[""Embutidos""]",,https://riba.app/imgrs/THUMBS%20500X500/355268.JPG,0,0,"[""89""]",431.000,2026-05-11 15:30:52
745101510645,MORTADELA,MORTADELA,MORTADELA,insert,1,https://riba.app/imgrs/THUMBS%20500X500/23872.JPG,tabs/detalle-producto/23872,188.000,188.000,188.000,USD,1,,"{""MARCA"":[""RIMITH""],""CATEGORIA"":[""Embutidos""]}","[""Embutidos""]",,https://riba.app/imgrs/THUMBS%20500X500/23872.JPG,0,0,"[""89""]",188.000,2026-05-11 15:30:52
745101510647,CHORIZO RIMITH 4UN,CHORIZO RIMITH 4UN,CHORIZO RIMITH 4UN,insert,1,https://riba.app/imgrs/THUMBS%20500X500/349464.JPG,tabs/detalle-producto/349464,175.000,175.000,175.000,USD,1,,"{""MARCA"":[""RIMITH""],""CATEGORIA"":[""Embutidos""]}","[""Embutidos""]",,https://riba.app/imgrs/THUMBS%20500X500/349464.JPG,0,0,"[""89""]",175.000,2026-05-11 15:30:52
745101510651,SALCHICHA POLLO AHUMA ESENCIAL,SALCHICHA POLLO AHUMA ESENCIAL,SALCHICHA POLLO AHUMA ESENCIAL,insert,1,https://riba.app/imgrs/THUMBS%20500X500/346651.JPG,tabs/detalle-producto/346651,175.000,175.000,175.000,USD,1,,"{""MARCA"":[""RIMITH""],""CATEGORIA"":[""Embutidos""]}","[""Embutidos""]",,https://riba.app/imgrs/THUMBS%20500X500/346651.JPG,0,0,"[""89""]",175.000,2026-05-11 15:30:52
745101510652,CHORIZO MC RON BBQ,CHORIZO MC RON BBQ,CHORIZO MC RON BBQ,insert,1,https://riba.app/imgrs/THUMBS%20500X500/345636.JPG,tabs/detalle-producto/345636,575.000,575.000,575.000,USD,1,,"{""MARCA"":[""RIMITH""],""CATEGORIA"":[""Embutidos""]}","[""Embutidos""]",,https://riba.app/imgrs/THUMBS%20500X500/345636.JPG,0,0,"[""89""]",575.000,2026-05-11 15:30:52
745101510653,MORTADELA 14 OZ,MORTADELA 14 OZ,MORTADELA 14 OZ,insert,1,https://riba.app/imgrs/THUMBS%20500X500/321811.JPG,tabs/detalle-producto/321811,345.000,345.000,345.000,USD,1,,"{""MARCA"":[""RIMITH""],""CATEGORIA"":[""Embutidos""]}","[""Embutidos""]",,https://riba.app/imgrs/THUMBS%20500X500/321811.JPG,0,0,"[""89""]",345.000,2026-05-11 15:30:52
745101510654,LONGANIZA DE CERDO CON ANISETE,LONGANIZA DE CERDO CON ANISETE,LONGANIZA DE CERDO CON ANISETE,insert,1,https://riba.app/imgrs/THUMBS%20500X500/345645.JPG,tabs/detalle-producto/345645,575.000,575.000,575.000,USD,1,,"{""MARCA"":[""RIMITH""],""CATEGORIA"":[""Embutidos""]}","[""Embutidos""]",,https://riba.app/imgrs/THUMBS%20500X500/345645.JPG,0,0,"[""89""]",575.000,2026-05-11 15:30:52
745101510655,BUTIFARRA FRESCA 4 UN,BUTIFARRA FRESCA 4 UN,BUTIFARRA FRESCA 4 UN,insert,1,https://riba.app/imgrs/THUMBS%20500X500/345638.JPG,tabs/detalle-producto/345638,575.000,575.000,575.000,USD,1,,"{""MARCA"":[""RIMITH""],""CATEGORIA"":[""Embutidos""]}","[""Embutidos""]",,https://riba.app/imgrs/THUMBS%20500X500/345638.JPG,0,0,"[""89""]",575.000,2026-05-11 15:30:52
745101510656,CHORIZO CERDO ITALIANO CRUDO,CHORIZO CERDO ITALIANO CRUDO,CHORIZO CERDO ITALIANO CRUDO,insert,1,https://riba.app/imgrs/THUMBS%20500X500/345639.JPG,tabs/detalle-producto/345639,575.000,575.000,575.000,USD,1,,"{""MARCA"":[""RIMITH""],""CATEGORIA"":[""Embutidos""]}","[""Embutidos""]",,https://riba.app/imgrs/THUMBS%20500X500/345639.JPG,0,0,"[""89""]",575.000,2026-05-11 15:30:52
745101510657,CHORIZO ESPAÑOL CHEDDAR,CHORIZO ESPAÑOL CHEDDAR,CHORIZO ESPAÑOL CHEDDAR,insert,1,https://riba.app/imgrs/THUMBS%20500X500/345640.JPG,tabs/detalle-producto/345640,575.000,575.000,575.000,USD,1,,"{""MARCA"":[""RIMITH""],""CATEGORIA"":[""Embutidos""]}","[""Embutidos""]",,https://riba.app/imgrs/THUMBS%20500X500/345640.JPG,0,0,"[""89""]",575.000,2026-05-11 15:30:52
745101510658,CHORIZO ESPAÑOL CRUDO,CHORIZO ESPAÑOL CRUDO,CHORIZO ESPAÑOL CRUDO,insert,1,https://riba.app/imgrs/THUMBS%20500X500/345642.JPG,tabs/detalle-producto/345642,575.000,575.000,575.000,USD,1,,"{""MARCA"":[""RIMITH""],""CATEGORIA"":[""Embutidos""]}","[""Embutidos""]",,https://riba.app/imgrs/THUMBS%20500X500/345642.JPG,0,0,"[""89""]",575.000,2026-05-11 15:30:52
745101510659,CHORIZO PICANTE DE CERDO,CHORIZO PICANTE DE CERDO,CHORIZO PICANTE DE CERDO,insert,1,https://riba.app/imgrs/THUMBS%20500X500/345644.JPG,tabs/detalle-producto/345644,575.000,575.000,575.000,USD,1,,"{""MARCA"":[""RIMITH""],""CATEGORIA"":[""Embutidos""]}","[""Embutidos""]",,https://riba.app/imgrs/THUMBS%20500X500/345644.JPG,0,0,"[""89""]",575.000,2026-05-11 15:30:52
745101510660,CHORIZO TIPO AHUMADO,CHORIZO TIPO AHUMADO,CHORIZO TIPO AHUMADO,insert,1,https://riba.app/imgrs/THUMBS%20500X500/345643.JPG,tabs/detalle-producto/345643,575.000,575.000,575.000,USD,1,,"{""MARCA"":[""RIMITH""],""CATEGORIA"":[""Embutidos""]}","[""Embutidos""]",,https://riba.app/imgrs/THUMBS%20500X500/345643.JPG,0,0,"[""89""]",575.000,2026-05-11 15:30:52
745101510661,LONGANIZA A LA CERVEZA,LONGANIZA A LA CERVEZA,LONGANIZA A LA CERVEZA,insert,1,https://riba.app/imgrs/THUMBS%20500X500/345637.JPG,tabs/detalle-producto/345637,575.000,575.000,575.000,USD,1,,"{""MARCA"":[""RIMITH""],""CATEGORIA"":[""Embutidos""]}","[""Embutidos""]",,https://riba.app/imgrs/THUMBS%20500X500/345637.JPG,0,0,"[""89""]",575.000,2026-05-11 15:30:52
745101510664,TOCINO AHUMADO 12 OZ,TOCINO AHUMADO 12 OZ,TOCINO AHUMADO 12 OZ,insert,1,https://riba.app/imgrs/THUMBS%20500X500/342214.JPG,tabs/detalle-producto/342214,795.000,795.000,795.000,USD,1,,"{""MARCA"":[""RIMITH""],""CATEGORIA"":[""Embutidos""]}","[""Embutidos""]",,https://riba.app/imgrs/THUMBS%20500X500/342214.JPG,0,0,"[""89""]",795.000,2026-05-11 15:30:52
745101510665,ALBONDIGAS CRIOLLAS,ALBONDIGAS CRIOLLAS,ALBONDIGAS CRIOLLAS,insert,1,https://riba.app/imgrs/THUMBS%20500X500/342212.JPG,tabs/detalle-producto/342212,395.000,395.000,395.000,USD,1,,"{""MARCA"":[""RIMITH""],""CATEGORIA"":[""Carnes Preparadas""]}","[""Carnes Preparadas""]",,https://riba.app/imgrs/THUMBS%20500X500/342212.JPG,0,0,"[""95""]",395.000,2026-05-11 15:30:52
745101510666,ALBONDIGAS A LA PARRILLA,ALBONDIGAS A LA PARRILLA,ALBONDIGAS A LA PARRILLA,insert,1,https://riba.app/imgrs/THUMBS%20500X500/342213.JPG,tabs/detalle-producto/342213,395.000,395.000,395.000,USD,1,,"{""MARCA"":[""RIMITH""],""CATEGORIA"":[""Carnes Preparadas""]}","[""Carnes Preparadas""]",,https://riba.app/imgrs/THUMBS%20500X500/342213.JPG,0,0,"[""95""]",395.000,2026-05-11 15:30:52
745101510668,CHORIZO MC CERDO SWEET Y SPICY,CHORIZO MC CERDO SWEET Y SPICY,CHORIZO MC CERDO SWEET Y SPICY,insert,1,https://riba.app/imgrs/THUMBS%20500X500/340961.JPG,tabs/detalle-producto/340961,505.000,505.000,505.000,USD,1,,"{""MARCA"":[""RIMITH""],""CATEGORIA"":[""Embutidos""]}","[""Embutidos""]",,https://riba.app/imgrs/THUMBS%20500X500/340961.JPG,0,0,"[""89""]",505.000,2026-05-11 15:30:52
745101510680,PEPERONI ,PEPERONI ,PEPERONI ,insert,1,https://riba.app/imgrs/THUMBS%20500X500/23876.JPG,tabs/detalle-producto/23876,188.000,188.000,188.000,USD,1,,"{""MARCA"":[""RIMITH""],""CATEGORIA"":[""Embutidos""]}","[""Embutidos""]",,https://riba.app/imgrs/THUMBS%20500X500/23876.JPG,0,0,"[""89""]",188.000,2026-05-11 15:30:52
745101510681,MIX PARRILLERO MEJOR AL CARBON,MIX PARRILLERO MEJOR AL CARBON,MIX PARRILLERO MEJOR AL CARBON,insert,1,https://riba.app/imgrs/THUMBS%20500X500/338838.JPG,tabs/detalle-producto/338838,695.000,695.000,695.000,USD,1,,"{""MARCA"":[""RIMITH""],""CATEGORIA"":[""Embutidos""]}","[""Embutidos""]",,https://riba.app/imgrs/THUMBS%20500X500/338838.JPG,0,0,"[""89""]",695.000,2026-05-11 15:30:52
745101510682,ALBONDIGAS ITALIANAS,ALBONDIGAS ITALIANAS,ALBONDIGAS ITALIANAS,insert,1,https://riba.app/imgrs/THUMBS%20500X500/337089.JPG,tabs/detalle-producto/337089,397.000,397.000,397.000,USD,1,,"{""MARCA"":[""RIMITH""],""CATEGORIA"":[""Carnes Preparadas""]}","[""Carnes Preparadas""]",,https://riba.app/imgrs/THUMBS%20500X500/337089.JPG,0,0,"[""95""]",397.000,2026-05-11 15:30:52
745101510683,ALBONDIGA AL VINO,ALBONDIGA AL VINO,ALBONDIGA AL VINO,insert,1,https://riba.app/imgrs/THUMBS%20500X500/337087.JPG,tabs/detalle-producto/337087,409.000,409.000,409.000,USD,1,,"{""MARCA"":[""RIMITH""],""CATEGORIA"":[""Carnes Preparadas""]}","[""Carnes Preparadas""]",,https://riba.app/imgrs/THUMBS%20500X500/337087.JPG,0,0,"[""95""]",409.000,2026-05-11 15:30:52
745101510686,CHORIZO MAC PERNIL DATILES T Q,CHORIZO MAC PERNIL DATILES T Q,CHORIZO MAC PERNIL DATILES T Q,insert,1,https://riba.app/imgrs/THUMBS%20500X500/330767.JPG,tabs/detalle-producto/330767,680.000,680.000,680.000,USD,1,,"{""MARCA"":[""RIMITH""],""CATEGORIA"":[""Embutidos""]}","[""Embutidos""]",,https://riba.app/imgrs/THUMBS%20500X500/330767.JPG,0,0,"[""89""]",680.000,2026-05-11 15:30:52
745101510687,CHORIZO COCKTAIL ESENCIAL,CHORIZO COCKTAIL ESENCIAL,CHORIZO COCKTAIL ESENCIAL,insert,1,https://riba.app/imgrs/THUMBS%20500X500/329690.JPG,tabs/detalle-producto/329690,260.000,260.000,260.000,USD,1,,"{""MARCA"":[""RIMITH""],""CATEGORIA"":[""Embutidos""]}","[""Embutidos""]",,https://riba.app/imgrs/THUMBS%20500X500/329690.JPG,0,0,"[""89""]",260.000,2026-05-11 15:30:52
745101510688,FRANKFURTER COCKTAIL ESENCIAL,FRANKFURTER COCKTAIL ESENCIAL,FRANKFURTER COCKTAIL ESENCIAL,insert,1,https://riba.app/imgrs/THUMBS%20500X500/329688.JPG,tabs/detalle-producto/329688,210.000,210.000,210.000,USD,1,,"{""MARCA"":[""RIMITH""],""CATEGORIA"":[""Embutidos""]}","[""Embutidos""]",,https://riba.app/imgrs/THUMBS%20500X500/329688.JPG,0,0,"[""89""]",210.000,2026-05-11 15:30:52
745101510690,SALCHICHAS DE PERNIL CRIOLLA,SALCHICHAS DE PERNIL CRIOLLA,SALCHICHAS DE PERNIL CRIOLLA,insert,1,https://riba.app/imgrs/THUMBS%20500X500/329652.JPG,tabs/detalle-producto/329652,275.000,275.000,275.000,USD,1,,"{""MARCA"":[""RIMITH""],""CATEGORIA"":[""Embutidos""]}","[""Embutidos""]",,https://riba.app/imgrs/THUMBS%20500X500/329652.JPG,0,0,"[""89""]",275.000,2026-05-11 15:30:52
745101510693,CHORIZO MC CERDO AJO ROSTIZADO,CHORIZO MC CERDO AJO ROSTIZADO,CHORIZO MC CERDO AJO ROSTIZADO,insert,1,https://riba.app/imgrs/THUMBS%20500X500/324711.JPG,tabs/detalle-producto/324711,575.000,575.000,575.000,USD,1,,"{""MARCA"":[""RIMITH""],""CATEGORIA"":[""Embutidos""]}","[""Embutidos""]",,https://riba.app/imgrs/THUMBS%20500X500/324711.JPG,0,0,"[""89""]",575.000,2026-05-11 15:30:52
745101510698,CHORIZO MC CERDO MANZ MIEL CRU,CHORIZO MC CERDO MANZ MIEL CRU,CHORIZO MC CERDO MANZ MIEL CRU,insert,1,https://riba.app/imgrs/THUMBS%20500X500/312637.JPG,tabs/detalle-producto/312637,640.000,640.000,640.000,USD,1,,"{""MARCA"":[""RIMITH""],""CATEGORIA"":[""Embutidos""]}","[""Embutidos""]",,https://riba.app/imgrs/THUMBS%20500X500/312637.JPG,0,0,"[""89""]",640.000,2026-05-11 15:30:52
745101510699,CHORIZO MC CERDO MANZ MIEL COC,CHORIZO MC CERDO MANZ MIEL COC,CHORIZO MC CERDO MANZ MIEL COC,insert,1,https://riba.app/imgrs/THUMBS%20500X500/312638.JPG,tabs/detalle-producto/312638,580.000,580.000,580.000,USD,1,,"{""MARCA"":[""RIMITH""],""CATEGORIA"":[""Embutidos""]}","[""Embutidos""]",,https://riba.app/imgrs/THUMBS%20500X500/312638.JPG,0,0,"[""89""]",580.000,2026-05-11 15:30:52
745101510713,LECHONA RIMITH,LECHONA RIMITH,LECHONA RIMITH,insert,1,https://riba.app/imgrs/THUMBS%20500X500/267341.JPG,tabs/detalle-producto/267341,395.000,395.000,395.000,USD,1,,"{""MARCA"":[""RIMITH""],""CATEGORIA"":[""Carnes Preparadas""]}","[""Carnes Preparadas""]",,https://riba.app/imgrs/THUMBS%20500X500/267341.JPG,0,0,"[""95""]",395.000,2026-05-11 15:30:52
745101510754,PAVO OVEN ROASTED REBANADAS8OZ,PAVO OVEN ROASTED REBANADAS8OZ,PAVO OVEN ROASTED REBANADAS8OZ,insert,1,https://riba.app/imgrs/THUMBS%20500X500/272122.JPG,tabs/detalle-producto/272122,395.000,395.000,395.000,USD,1,,"{""MARCA"":[""RIMITH""],""CATEGORIA"":[""Embutidos""]}","[""Embutidos""]",,https://riba.app/imgrs/THUMBS%20500X500/272122.JPG,0,0,"[""89""]",395.000,2026-05-11 15:30:52
745101510764,SALAMI,SALAMI,SALAMI,insert,1,https://riba.app/imgrs/THUMBS%20500X500/23887.JPG,tabs/detalle-producto/23887,147.000,147.000,147.000,USD,1,,"{""MARCA"":[""RIMITH""],""CATEGORIA"":[""Embutidos""]}","[""Embutidos""]",,https://riba.app/imgrs/THUMBS%20500X500/23887.JPG,0,0,"[""89""]",147.000,2026-05-11 15:30:52
745101510797,SALCHIRICAS 454 GR,SALCHIRICAS 454 GR,SALCHIRICAS 454 GR,insert,1,https://riba.app/imgrs/THUMBS%20500X500/23888.JPG,tabs/detalle-producto/23888,365.000,365.000,365.000,USD,1,,"{""MARCA"":[""RIMITH""],""CATEGORIA"":[""Embutidos""]}","[""Embutidos""]",,https://riba.app/imgrs/THUMBS%20500X500/23888.JPG,0,0,"[""89""]",365.000,2026-05-11 15:30:52
745101511610,MOLIDA DE PAVO RIMITH,MOLIDA DE PAVO RIMITH,MOLIDA DE PAVO RIMITH,insert,1,https://riba.app/imgrs/THUMBS%20500X500/333917.JPG,tabs/detalle-producto/333917,525.000,525.000,525.000,USD,1,,"{""MARCA"":[""RIMITH""],""CATEGORIA"":[""Carnes""]}","[""Carnes""]",,https://riba.app/imgrs/THUMBS%20500X500/333917.JPG,0,0,"[""90""]",525.000,2026-05-11 15:30:52
745101512174,CHORIZO ITALIANO PREC  COC,CHORIZO ITALIANO PREC  COC,CHORIZO ITALIANO PREC  COC,insert,1,https://riba.app/imgrs/THUMBS%20500X500/177129.JPG,tabs/detalle-producto/177129,495.000,495.000,495.000,USD,1,,"{""MARCA"":[""RIMITH""],""CATEGORIA"":[""Embutidos""]}","[""Embutidos""]",,https://riba.app/imgrs/THUMBS%20500X500/177129.JPG,0,0,"[""89""]",495.000,2026-05-11 15:30:52
745101512207,CHORIZO ESPECIAL COCKTAIL,CHORIZO ESPECIAL COCKTAIL,CHORIZO ESPECIAL COCKTAIL,insert,1,https://riba.app/imgrs/THUMBS%20500X500/23904.JPG,tabs/detalle-producto/23904,426.000,426.000,426.000,USD,1,,"{""MARCA"":[""RIMITH""],""CATEGORIA"":[""Embutidos""]}","[""Embutidos""]",,https://riba.app/imgrs/THUMBS%20500X500/23904.JPG,0,0,"[""89""]",426.000,2026-05-11 15:30:52
745101512211,CHORIZO ESPECIAL CORTO ,CHORIZO ESPECIAL CORTO ,CHORIZO ESPECIAL CORTO ,insert,1,https://riba.app/imgrs/THUMBS%20500X500/23906.JPG,tabs/detalle-producto/23906,1.238.000,1.238.000,1.238.000,USD,1,,"{""MARCA"":[""RIMITH""],""CATEGORIA"":[""Embutidos""]}","[""Embutidos""]",,https://riba.app/imgrs/THUMBS%20500X500/23906.JPG,0,0,"[""89""]",1.238.000,2026-05-11 15:30:52
745101512263,HAMB MINI ALOHA MEJO AL CARBON,HAMB MINI ALOHA MEJO AL CARBON,HAMB MINI ALOHA MEJO AL CARBON,insert,1,https://riba.app/imgrs/THUMBS%20500X500/307336.JPG,tabs/detalle-producto/307336,810.000,810.000,810.000,USD,1,,"{""MARCA"":[""RIMITH""],""CATEGORIA"":[""Hamburguesas""]}","[""Hamburguesas""]",,https://riba.app/imgrs/THUMBS%20500X500/307336.JPG,0,0,"[""94""]",810.000,2026-05-11 15:30:52
745101512264,HAMB MINI Q AZUL TOCINO ME A C,HAMB MINI Q AZUL TOCINO ME A C,HAMB MINI Q AZUL TOCINO ME A C,insert,1,https://riba.app/imgrs/THUMBS%20500X500/307337.JPG,tabs/detalle-producto/307337,810.000,810.000,810.000,USD,1,,"{""MARCA"":[""RIMITH""],""CATEGORIA"":[""Hamburguesas""]}","[""Hamburguesas""]",,https://riba.app/imgrs/THUMBS%20500X500/307337.JPG,0,0,"[""94""]",810.000,2026-05-11 15:30:52
745101512302,SALCHICHAS TIERNA DE PAVO ,SALCHICHAS TIERNA DE PAVO ,SALCHICHAS TIERNA DE PAVO ,insert,1,https://riba.app/imgrs/THUMBS%20500X500/115468.JPG,tabs/detalle-producto/115468,350.000,350.000,350.000,USD,1,,"{""MARCA"":[""RIMITH""],""CATEGORIA"":[""Embutidos""]}","[""Embutidos""]",,https://riba.app/imgrs/THUMBS%20500X500/115468.JPG,0,0,"[""89""]",350.000,2026-05-11 15:30:52
745101512332,FRANKFURTER AHUMADA COCKTAI1,FRANKFURTER AHUMADA COCKTAI1,FRANKFURTER AHUMADA COCKTAI1,insert,1,https://riba.app/imgrs/THUMBS%20500X500/23908.JPG,tabs/detalle-producto/23908,364.000,364.000,364.000,USD,1,,"{""MARCA"":[""RIMITH""],""CATEGORIA"":[""Embutidos""]}","[""Embutidos""]",,https://riba.app/imgrs/THUMBS%20500X500/23908.JPG,0,0,"[""89""]",364.000,2026-05-11 15:30:52
745101512651,MORTADELA DE FREIR ,MORTADELA DE FREIR ,MORTADELA DE FREIR ,insert,1,https://riba.app/imgrs/THUMBS%20500X500/185853.JPG,tabs/detalle-producto/185853,324.000,324.000,324.000,USD,1,,"{""MARCA"":[""RIMITH""],""CATEGORIA"":[""Embutidos""]}","[""Embutidos""]",,https://riba.app/imgrs/THUMBS%20500X500/185853.JPG,0,0,"[""89""]",324.000,2026-05-11 15:30:52
745101516215,CHORIZO MC CULANTRO COCIDO,CHORIZO MC CULANTRO COCIDO,CHORIZO MC CULANTRO COCIDO,insert,1,https://riba.app/imgrs/THUMBS%20500X500/309612.JPG,tabs/detalle-producto/309612,487.000,487.000,487.000,USD,1,,"{""MARCA"":[""RIMITH""],""CATEGORIA"":[""Embutidos""]}","[""Embutidos""]",,https://riba.app/imgrs/THUMBS%20500X500/309612.JPG,0,0,"[""89""]",487.000,2026-05-11 15:30:52
745101516427,JAMON COCIDO RIMITH 4 OZ,JAMON COCIDO RIMITH 4 OZ,JAMON COCIDO RIMITH 4 OZ,insert,1,https://riba.app/imgrs/THUMBS%20500X500/344766.JPG,tabs/detalle-producto/344766,140.000,140.000,140.000,USD,1,,"{""MARCA"":[""RIMITH""],""CATEGORIA"":[""Embutidos""]}","[""Embutidos""]",,https://riba.app/imgrs/THUMBS%20500X500/344766.JPG,0,0,"[""89""]",140.000,2026-05-11 15:30:52
745101516556,SALCHICHA COCKTAIL PICANTE ,SALCHICHA COCKTAIL PICANTE ,SALCHICHA COCKTAIL PICANTE ,insert,1,https://riba.app/imgrs/THUMBS%20500X500/249436.JPG,tabs/detalle-producto/249436,185.000,185.000,185.000,USD,1,,"{""MARCA"":[""RIMITH""],""CATEGORIA"":[""Embutidos""]}","[""Embutidos""]",,https://riba.app/imgrs/THUMBS%20500X500/249436.JPG,0,0,"[""89""]",185.000,2026-05-11 15:30:52
745101516557,JAMON COCIDO,JAMON COCIDO,JAMON COCIDO,insert,1,https://riba.app/imgrs/THUMBS%20500X500/253170.JPG,tabs/detalle-producto/253170,225.000,225.000,225.000,USD,1,,"{""MARCA"":[""RIMITH""],""CATEGORIA"":[""Embutidos""]}","[""Embutidos""]",,https://riba.app/imgrs/THUMBS%20500X500/253170.JPG,0,0,"[""89""]",225.000,2026-05-11 15:30:52
745101516721,LA POLLONA 227 GR,LA POLLONA 227 GR,LA POLLONA 227 GR,insert,1,https://riba.app/imgrs/THUMBS%20500X500/278392.JPG,tabs/detalle-producto/278392,345.000,345.000,345.000,USD,1,,"{""MARCA"":[""RIMITH""],""CATEGORIA"":[""Carnes Preparadas""]}","[""Carnes Preparadas""]",,https://riba.app/imgrs/THUMBS%20500X500/278392.JPG,0,0,"[""95""]",345.000,2026-05-11 15:30:52
745101516723,LA PAVONA 227 GR,LA PAVONA 227 GR,LA PAVONA 227 GR,insert,1,https://riba.app/imgrs/THUMBS%20500X500/278394.JPG,tabs/detalle-producto/278394,367.000,367.000,367.000,USD,1,,"{""MARCA"":[""RIMITH""],""CATEGORIA"":[""Carnes Preparadas""]}","[""Carnes Preparadas""]",,https://riba.app/imgrs/THUMBS%20500X500/278394.JPG,0,0,"[""95""]",367.000,2026-05-11 15:30:52
745101516726,JAMON DE PAVO COCIDO ESENCIAL ,JAMON DE PAVO COCIDO ESENCIAL ,JAMON DE PAVO COCIDO ESENCIAL ,insert,1,https://riba.app/imgrs/THUMBS%20500X500/301273.JPG,tabs/detalle-producto/301273,135.000,135.000,135.000,USD,1,,"{""MARCA"":[""RIMITH""],""CATEGORIA"":[""Embutidos""]}","[""Embutidos""]",,https://riba.app/imgrs/THUMBS%20500X500/301273.JPG,0,0,"[""89""]",135.000,2026-05-11 15:30:52
745101516728,JAMON PECHUGA PAVO PREMI LABEL,JAMON PECHUGA PAVO PREMI LABEL,JAMON PECHUGA PAVO PREMI LABEL,insert,1,https://riba.app/imgrs/THUMBS%20500X500/301272.JPG,tabs/detalle-producto/301272,336.000,336.000,336.000,USD,1,,"{""MARCA"":[""RIMITH""],""CATEGORIA"":[""Embutidos""]}","[""Embutidos""]",,https://riba.app/imgrs/THUMBS%20500X500/301272.JPG,0,0,"[""89""]",336.000,2026-05-11 15:30:52
745101560824,JAMONADA BL PROMO PACK,JAMONADA BL PROMO PACK,JAMONADA BL PROMO PACK,insert,1,https://riba.app/imgrs/THUMBS%20500X500/337269.JPG,tabs/detalle-producto/337269,584.000,584.000,584.000,USD,1,,"{""MARCA"":[""HORMEL""],""CATEGORIA"":[""Conservas""]}","[""Conservas""]",,https://riba.app/imgrs/THUMBS%20500X500/337269.JPG,0,0,"[""88""]",584.000,2026-05-11 15:30:52
745108081120,CHORIZO DE CORDERO CASA IBERIC,CHORIZO DE CORDERO CASA IBERIC,CHORIZO DE CORDERO CASA IBERIC,insert,1,https://riba.app/imgrs/THUMBS%20500X500/303084.JPG,tabs/detalle-producto/303084,546.000,546.000,546.000,USD,1,,"{""MARCA"":[""CASA IBERICA""],""CATEGORIA"":[""Embutidos""]}","[""Embutidos""]",,https://riba.app/imgrs/THUMBS%20500X500/303084.JPG,0,0,"[""89""]",546.000,2026-05-11 15:30:52
745108740012,SOJA PROSALUD PROTISOJA FINA,SOJA PROSALUD PROTISOJA FINA,SOJA PROSALUD PROTISOJA FINA,insert,1,https://riba.app/imgrs/THUMBS%20500X500/336682.JPG,tabs/detalle-producto/336682,271.000,271.000,271.000,USD,1,,"{""MARCA"":[""PROSALUD""],""CATEGORIA"":[""Dietas Especiales""]}","[""Dietas Especiales""]",,https://riba.app/imgrs/THUMBS%20500X500/336682.JPG,0,0,"[""93""]",271.000,2026-05-11 15:30:52
745108740013,SOJA PROSALUD TROZO,SOJA PROSALUD TROZO,SOJA PROSALUD TROZO,insert,1,https://riba.app/imgrs/THUMBS%20500X500/336683.JPG,tabs/detalle-producto/336683,271.000,271.000,271.000,USD,1,,"{""MARCA"":[""PROSALUD""],""CATEGORIA"":[""Dietas Especiales""]}","[""Dietas Especiales""]",,https://riba.app/imgrs/THUMBS%20500X500/336683.JPG,0,0,"[""93""]",271.000,2026-05-11 15:30:52
745110727003,MORCILLA CON CEBOLLA ,MORCILLA CON CEBOLLA ,MORCILLA CON CEBOLLA ,insert,1,https://riba.app/imgrs/THUMBS%20500X500/244311.JPG,tabs/detalle-producto/244311,789.000,789.000,789.000,USD,1,,"{""MARCA"":[""COLLS""],""CATEGORIA"":[""Embutidos""]}","[""Embutidos""]",,https://riba.app/imgrs/THUMBS%20500X500/244311.JPG,0,0,"[""89""]",789.000,2026-05-11 15:30:52
745110727004,CHORIZO TIP ARGENT PARRILLERO,CHORIZO TIP ARGENT PARRILLERO,CHORIZO TIP ARGENT PARRILLERO,insert,1,https://riba.app/imgrs/THUMBS%20500X500/244309.JPG,tabs/detalle-producto/244309,702.000,702.000,702.000,USD,1,,"{""MARCA"":[""COLLS""],""CATEGORIA"":[""Embutidos""]}","[""Embutidos""]",,https://riba.app/imgrs/THUMBS%20500X500/244309.JPG,0,0,"[""89""]",702.000,2026-05-11 15:30:52
745110826003,KIBBEH  10 UND,KIBBEH  10 UND,KIBBEH  10 UND,insert,1,https://riba.app/imgrs/THUMBS%20500X500/291031.JPG,tabs/detalle-producto/291031,1.036.000,1.036.000,1.036.000,USD,1,,"{""MARCA"":[""GENTILE ARTESANAL""],""CATEGORIA"":[""Dietas Especiales""]}","[""Dietas Especiales""]",,https://riba.app/imgrs/THUMBS%20500X500/291031.JPG,0,0,"[""93""]",1.036.000,2026-05-11 15:30:52
745110826006,FALAFEL GENTILE,FALAFEL GENTILE,FALAFEL GENTILE,insert,1,https://riba.app/imgrs/THUMBS%20500X500/311077.JPG,tabs/detalle-producto/311077,1.036.000,1.036.000,1.036.000,USD,1,,"{""MARCA"":[""GENTILE""],""CATEGORIA"":[""Dietas Especiales""]}","[""Dietas Especiales""]",,https://riba.app/imgrs/THUMBS%20500X500/311077.JPG,0,0,"[""93""]",1.036.000,2026-05-11 15:30:52
745200020018,CHORIZO DE POLLO PICANTE,CHORIZO DE POLLO PICANTE,CHORIZO DE POLLO PICANTE,insert,1,https://riba.app/imgrs/THUMBS%20500X500/29833.JPG,tabs/detalle-producto/29833,188.000,188.000,188.000,USD,1,,"{""MARCA"":[""TOLEDANO""],""CATEGORIA"":[""Embutidos""]}","[""Embutidos""]",,https://riba.app/imgrs/THUMBS%20500X500/29833.JPG,0,0,"[""89""]",188.000,2026-05-11 15:30:52
745200020019,TENDERS  TOLEDANO,TENDERS  TOLEDANO,TENDERS  TOLEDANO,insert,1,https://riba.app/imgrs/THUMBS%20500X500/29824.JPG,tabs/detalle-producto/29824,435.000,435.000,435.000,USD,1,,"{""MARCA"":[""TOLEDANO""],""CATEGORIA"":[""Carnes Preparadas""]}","[""Carnes Preparadas""]",,https://riba.app/imgrs/THUMBS%20500X500/29824.JPG,0,0,"[""95""]",435.000,2026-05-11 15:30:52
745200020020,ALITAS CRIOLLAS,ALITAS CRIOLLAS,ALITAS CRIOLLAS,insert,1,https://riba.app/imgrs/THUMBS%20500X500/29831.JPG,tabs/detalle-producto/29831,499.000,499.000,499.000,USD,1,,"{""MARCA"":[""TOLEDANO""],""CATEGORIA"":[""Carnes Preparadas""]}","[""Carnes Preparadas""]",,https://riba.app/imgrs/THUMBS%20500X500/29831.JPG,0,0,"[""95""]",499.000,2026-05-11 15:30:52
745200020021,ALITAS PICANTES,ALITAS PICANTES,ALITAS PICANTES,insert,1,https://riba.app/imgrs/THUMBS%20500X500/29832.JPG,tabs/detalle-producto/29832,500.000,500.000,500.000,USD,1,,"{""MARCA"":[""TOLEDANO""],""CATEGORIA"":[""Carnes Preparadas""]}","[""Carnes Preparadas""]",,https://riba.app/imgrs/THUMBS%20500X500/29832.JPG,0,0,"[""95""]",500.000,2026-05-11 15:30:52
745200020164,CHICKEN POPS  12 OZ,CHICKEN POPS  12 OZ,CHICKEN POPS  12 OZ,insert,1,https://riba.app/imgrs/THUMBS%20500X500/77952.JPG,tabs/detalle-producto/77952,377.000,377.000,377.000,USD,1,,"{""MARCA"":[""TOLEDANO""],""CATEGORIA"":[""Carnes Preparadas""]}","[""Carnes Preparadas""]",,https://riba.app/imgrs/THUMBS%20500X500/77952.JPG,0,0,"[""95""]",377.000,2026-05-11 15:30:52
745200020166,MUSLI NUGGETS  12 OZ,MUSLI NUGGETS  12 OZ,MUSLI NUGGETS  12 OZ,insert,1,https://riba.app/imgrs/THUMBS%20500X500/77870.JPG,tabs/detalle-producto/77870,361.000,361.000,361.000,USD,1,,"{""MARCA"":[""TOLEDANO""],""CATEGORIA"":[""Carnes Preparadas""]}","[""Carnes Preparadas""]",,https://riba.app/imgrs/THUMBS%20500X500/77870.JPG,0,0,"[""95""]",361.000,2026-05-11 15:30:52
745200020167,MUSLI NUGGETS CON QUESO 12 OZ,MUSLI NUGGETS CON QUESO 12 OZ,MUSLI NUGGETS CON QUESO 12 OZ,insert,1,https://riba.app/imgrs/THUMBS%20500X500/77486.JPG,tabs/detalle-producto/77486,417.000,417.000,417.000,USD,1,,"{""MARCA"":[""TOLEDANO""],""CATEGORIA"":[""Carnes Preparadas""]}","[""Carnes Preparadas""]",,https://riba.app/imgrs/THUMBS%20500X500/77486.JPG,0,0,"[""95""]",417.000,2026-05-11 15:30:52
745200020221,ALITAS SABOR PARRILLA ,ALITAS SABOR PARRILLA ,ALITAS SABOR PARRILLA ,insert,1,https://riba.app/imgrs/THUMBS%20500X500/153240.JPG,tabs/detalle-producto/153240,498.000,498.000,498.000,USD,1,,"{""MARCA"":[""TOLEDANO""],""CATEGORIA"":[""Carnes Preparadas""]}","[""Carnes Preparadas""]",,https://riba.app/imgrs/THUMBS%20500X500/153240.JPG,0,0,"[""95""]",498.000,2026-05-11 15:30:52
745200020222,PECHUGGETS TOLEDANO 1 LB ,PECHUGGETS TOLEDANO 1 LB ,PECHUGGETS TOLEDANO 1 LB ,insert,1,https://riba.app/imgrs/THUMBS%20500X500/153236.JPG,tabs/detalle-producto/153236,588.000,588.000,588.000,USD,1,,"{""MARCA"":[""TOLEDANO""],""CATEGORIA"":[""Carnes Preparadas""]}","[""Carnes Preparadas""]",,https://riba.app/imgrs/THUMBS%20500X500/153236.JPG,0,0,"[""95""]",588.000,2026-05-11 15:30:52
745200020224,ALITAS APANADAS 1 LB,ALITAS APANADAS 1 LB,ALITAS APANADAS 1 LB,insert,1,https://riba.app/imgrs/THUMBS%20500X500/153239.JPG,tabs/detalle-producto/153239,539.000,539.000,539.000,USD,1,,"{""MARCA"":[""TOLEDANO""],""CATEGORIA"":[""Carnes Preparadas""]}","[""Carnes Preparadas""]",,https://riba.app/imgrs/THUMBS%20500X500/153239.JPG,0,0,"[""95""]",539.000,2026-05-11 15:30:52
745200020227,FILETE PECHUGA APANADO ,FILETE PECHUGA APANADO ,FILETE PECHUGA APANADO ,insert,1,https://riba.app/imgrs/THUMBS%20500X500/153234.JPG,tabs/detalle-producto/153234,615.000,615.000,615.000,USD,1,,"{""MARCA"":[""TOLEDANO""],""CATEGORIA"":[""Carnes Preparadas""]}","[""Carnes Preparadas""]",,https://riba.app/imgrs/THUMBS%20500X500/153234.JPG,0,0,"[""95""]",615.000,2026-05-11 15:30:52
745200021083,DEDITOS DE POLLO ,DEDITOS DE POLLO ,DEDITOS DE POLLO ,insert,1,https://riba.app/imgrs/THUMBS%20500X500/303413.JPG,tabs/detalle-producto/303413,604.000,604.000,604.000,USD,1,,"{""MARCA"":[""TOLEDANO""],""CATEGORIA"":[""Carnes Preparadas""]}","[""Carnes Preparadas""]",,https://riba.app/imgrs/THUMBS%20500X500/303413.JPG,0,0,"[""95""]",604.000,2026-05-11 15:30:52
745200021127,MUSLINUGGETS 150GR TOLEDANO,MUSLINUGGETS 150GR TOLEDANO,MUSLINUGGETS 150GR TOLEDANO,insert,1,https://riba.app/imgrs/THUMBS%20500X500/329482.JPG,tabs/detalle-producto/329482,138.000,138.000,138.000,USD,1,,"{""MARCA"":[""TOLEDANO""],""CATEGORIA"":[""Carnes Preparadas""]}","[""Carnes Preparadas""]",,https://riba.app/imgrs/THUMBS%20500X500/329482.JPG,0,0,"[""95""]",138.000,2026-05-11 15:30:52
745200021129,CHICKEN POPS 130GR TOLEDANO,CHICKEN POPS 130GR TOLEDANO,CHICKEN POPS 130GR TOLEDANO,insert,1,https://riba.app/imgrs/THUMBS%20500X500/329480.JPG,tabs/detalle-producto/329480,159.000,159.000,159.000,USD,1,,"{""MARCA"":[""TOLEDANO""],""CATEGORIA"":[""Carnes Preparadas""]}","[""Carnes Preparadas""]",,https://riba.app/imgrs/THUMBS%20500X500/329480.JPG,0,0,"[""95""]",159.000,2026-05-11 15:30:52
745200021139,CHICKEN STICK 567GR,CHICKEN STICK 567GR,CHICKEN STICK 567GR,insert,1,https://riba.app/imgrs/THUMBS%20500X500/330890.JPG,tabs/detalle-producto/330890,529.000,529.000,529.000,USD,1,,"{""MARCA"":[""TOLEDANO""],""CATEGORIA"":[""Carnes Preparadas""]}","[""Carnes Preparadas""]",,https://riba.app/imgrs/THUMBS%20500X500/330890.JPG,0,0,"[""95""]",529.000,2026-05-11 15:30:52
745200021140,MUSLO APANADO TOLEDANO,MUSLO APANADO TOLEDANO,MUSLO APANADO TOLEDANO,insert,1,https://riba.app/imgrs/THUMBS%20500X500/331172.JPG,tabs/detalle-producto/331172,410.000,410.000,410.000,USD,1,,"{""MARCA"":[""TOLEDANO""],""CATEGORIA"":[""Carnes Preparadas""]}","[""Carnes Preparadas""]",,https://riba.app/imgrs/THUMBS%20500X500/331172.JPG,0,0,"[""95""]",410.000,2026-05-11 15:30:52
745200021141,MUSLO MARINADO BBQ,MUSLO MARINADO BBQ,MUSLO MARINADO BBQ,insert,1,https://riba.app/imgrs/THUMBS%20500X500/331173.JPG,tabs/detalle-producto/331173,355.000,355.000,355.000,USD,1,,"{""MARCA"":[""TOLEDANO""],""CATEGORIA"":[""Carnes Preparadas""]}","[""Carnes Preparadas""]",,https://riba.app/imgrs/THUMBS%20500X500/331173.JPG,0,0,"[""95""]",355.000,2026-05-11 15:30:52
745200021149,BOLITAS DE POLLO 0.4 KG,BOLITAS DE POLLO 0.4 KG,BOLITAS DE POLLO 0.4 KG,insert,1,https://riba.app/imgrs/THUMBS%20500X500/333943.JPG,tabs/detalle-producto/333943,347.000,347.000,347.000,USD,1,,"{""MARCA"":[""TOLEDANO""],""CATEGORIA"":[""Carnes Preparadas""]}","[""Carnes Preparadas""]",,https://riba.app/imgrs/THUMBS%20500X500/333943.JPG,0,0,"[""95""]",347.000,2026-05-11 15:30:52
745200021166,PECHUGGETS PICANTES TOLEDANO,PECHUGGETS PICANTES TOLEDANO,PECHUGGETS PICANTES TOLEDANO,insert,1,https://riba.app/imgrs/THUMBS%20500X500/347260.JPG,tabs/detalle-producto/347260,438.000,438.000,438.000,USD,1,,"{""MARCA"":[""TOLEDANO""],""CATEGORIA"":[""Carnes Preparadas""]}","[""Carnes Preparadas""]",,https://riba.app/imgrs/THUMBS%20500X500/347260.JPG,0,0,"[""95""]",438.000,2026-05-11 15:30:52
745200021178,HAMBURGUESA TOLEDANO,HAMBURGUESA TOLEDANO,HAMBURGUESA TOLEDANO,insert,1,https://riba.app/imgrs/THUMBS%20500X500/356459.JPG,tabs/detalle-producto/356459,507.000,507.000,507.000,USD,1,,"{""MARCA"":[""TOLEDANO""],""CATEGORIA"":[""Hamburguesas""]}","[""Hamburguesas""]",,https://riba.app/imgrs/THUMBS%20500X500/356459.JPG,0,0,"[""94""]",507.000,2026-05-11 15:30:52
745200630440,CARNE DE SOYA TEXTURIZADA ,CARNE DE SOYA TEXTURIZADA ,CARNE DE SOYA TEXTURIZADA ,insert,1,https://riba.app/imgrs/THUMBS%20500X500/177401.JPG,tabs/detalle-producto/177401,254.000,254.000,254.000,USD,1,,"{""MARCA"":[""NUTRILAND""],""CATEGORIA"":[""Dietas Especiales""]}","[""Dietas Especiales""]",,https://riba.app/imgrs/THUMBS%20500X500/177401.JPG,0,0,"[""93""]",254.000,2026-05-11 15:30:52
745210228001,CAB HAMBURGESAS 8 PACK  SLIDER,CAB HAMBURGESAS 8 PACK  SLIDER,CAB HAMBURGESAS 8 PACK  SLIDER,insert,1,https://riba.app/imgrs/THUMBS%20500X500/209563.JPG,tabs/detalle-producto/209563,833.000,833.000,833.000,USD,1,,"{""MARCA"":[""CERTIFIED ANGUS BEEF""],""CATEGORIA"":[""Hamburguesas""]}","[""Hamburguesas""]",,https://riba.app/imgrs/THUMBS%20500X500/209563.JPG,0,0,"[""94""]",833.000,2026-05-11 15:30:52
745210228010,HAMBURGUESA DUO PACK 396GR,HAMBURGUESA DUO PACK 396GR,HAMBURGUESA DUO PACK 396GR,insert,1,https://riba.app/imgrs/THUMBS%20500X500/332229.JPG,tabs/detalle-producto/332229,848.000,848.000,848.000,USD,1,,"{""MARCA"":[""CERTIFIED ANGUS BEEF""],""CATEGORIA"":[""Hamburguesas""]}","[""Hamburguesas""]",,https://riba.app/imgrs/THUMBS%20500X500/332229.JPG,0,0,"[""94""]",848.000,2026-05-11 15:30:52
7495618057,HEBRE NATIONAL BEEF FRANK,HEBRE NATIONAL BEEF FRANK,HEBRE NATIONAL BEEF FRANK,insert,1,https://riba.app/imgrs/THUMBS%20500X500/267494.JPG,tabs/detalle-producto/267494,945.000,945.000,945.000,USD,1,,"{""MARCA"":[""HEBREW NATIONAL""],""CATEGORIA"":[""Embutidos""]}","[""Embutidos""]",,https://riba.app/imgrs/THUMBS%20500X500/267494.JPG,0,0,"[""89""]",945.000,2026-05-11 15:30:52
7495618434,HN DINNER FRANKS 18433,HN DINNER FRANKS 18433,HN DINNER FRANKS 18433,insert,1,https://riba.app/imgrs/THUMBS%20500X500/21845.JPG,tabs/detalle-producto/21845,1.315.000,1.315.000,1.315.000,USD,1,,"{""MARCA"":[""HEBREW NATIONAL""],""CATEGORIA"":[""Embutidos""]}","[""Embutidos""]",,https://riba.app/imgrs/THUMBS%20500X500/21845.JPG,0,0,"[""89""]",1.315.000,2026-05-11 15:30:52
7495628300,HEBRE N JUMBO BEEF FRANKS,HEBRE N JUMBO BEEF FRANKS,HEBRE N JUMBO BEEF FRANKS,insert,1,https://riba.app/imgrs/THUMBS%20500X500/170470.JPG,tabs/detalle-producto/170470,1.030.000,1.030.000,1.030.000,USD,1,,"{""MARCA"":[""HEBREW NATIONAL""],""CATEGORIA"":[""Embutidos""]}","[""Embutidos""]",,https://riba.app/imgrs/THUMBS%20500X500/170470.JPG,0,0,"[""89""]",1.030.000,2026-05-11 15:30:52
75794500036,CHORIZO ARTESANAL BUTIFARRA,CHORIZO ARTESANAL BUTIFARRA,CHORIZO ARTESANAL BUTIFARRA,insert,1,https://riba.app/imgrs/THUMBS%20500X500/348990.JPG,tabs/detalle-producto/348990,882.000,882.000,882.000,USD,1,,"{""MARCA"":[""D´ELIDA""],""CATEGORIA"":[""Embutidos""]}","[""Embutidos""]",,https://riba.app/imgrs/THUMBS%20500X500/348990.JPG,0,0,"[""89""]",882.000,2026-05-11 15:30:52
75794500037,CHORIZO ARGENTINO PREMIUM,CHORIZO ARGENTINO PREMIUM,CHORIZO ARGENTINO PREMIUM,insert,1,https://riba.app/imgrs/THUMBS%20500X500/348991.JPG,tabs/detalle-producto/348991,882.000,882.000,882.000,USD,1,,"{""MARCA"":[""D´ELIDA""],""CATEGORIA"":[""Embutidos""]}","[""Embutidos""]",,https://riba.app/imgrs/THUMBS%20500X500/348991.JPG,0,0,"[""89""]",882.000,2026-05-11 15:30:52
7603335175,CARANDO BRATWURST ORIG,CARANDO BRATWURST ORIG,CARANDO BRATWURST ORIG,insert,1,https://riba.app/imgrs/THUMBS%20500X500/304503.JPG,tabs/detalle-producto/304503,1.103.000,1.103.000,1.103.000,USD,1,,"{""MARCA"":[""CARANDO""],""CATEGORIA"":[""Embutidos""]}","[""Embutidos""]",,https://riba.app/imgrs/THUMBS%20500X500/304503.JPG,0,0,"[""89""]",1.103.000,2026-05-11 15:30:52
76401445805,CAJUN STYLE ANDOUILLE,CAJUN STYLE ANDOUILLE,CAJUN STYLE ANDOUILLE,insert,1,https://riba.app/imgrs/THUMBS%20500X500/221483.JPG,tabs/detalle-producto/221483,840.000,840.000,840.000,USD,1,,"{""MARCA"":[""AIDELLS""],""CATEGORIA"":[""Embutidos""]}","[""Embutidos""]",,https://riba.app/imgrs/THUMBS%20500X500/221483.JPG,0,0,"[""89""]",840.000,2026-05-11 15:30:52
76401464312,AIDELLS MAPLE & SMOKED BACON,AIDELLS MAPLE & SMOKED BACON,AIDELLS MAPLE & SMOKED BACON,insert,1,https://riba.app/imgrs/THUMBS%20500X500/197447.JPG,tabs/detalle-producto/197447,695.000,695.000,695.000,USD,1,,"{""MARCA"":[""AIDELLS""],""CATEGORIA"":[""Embutidos""]}","[""Embutidos""]",,https://riba.app/imgrs/THUMBS%20500X500/197447.JPG,0,0,"[""89""]",695.000,2026-05-11 15:30:52
770110136111,DESMECHADO DE VERDURAS KIBO,DESMECHADO DE VERDURAS KIBO,DESMECHADO DE VERDURAS KIBO,insert,1,https://riba.app/imgrs/THUMBS%20500X500/344387.JPG,tabs/detalle-producto/344387,512.000,512.000,512.000,USD,1,,"{""MARCA"":[""KIBO""],""CATEGORIA"":[""Dietas Especiales""]}","[""Dietas Especiales""]",,https://riba.app/imgrs/THUMBS%20500X500/344387.JPG,0,0,"[""93""]",512.000,2026-05-11 15:30:52
7778200276,JOHNSONV DRIG BKFST LIN,JOHNSONV DRIG BKFST LIN,JOHNSONV DRIG BKFST LIN,insert,1,https://riba.app/imgrs/THUMBS%20500X500/47796.JPG,tabs/detalle-producto/47796,710.000,710.000,710.000,USD,1,,"{""MARCA"":[""JOHNSONVILLE""],""CATEGORIA"":[""Embutidos""]}","[""Embutidos""]",,https://riba.app/imgrs/THUMBS%20500X500/47796.JPG,0,0,"[""89""]",710.000,2026-05-11 15:30:52
7778200793,FZN CHEDDAR BRATWURST 9 76 OZ,FZN CHEDDAR BRATWURST 9 76 OZ,FZN CHEDDAR BRATWURST 9 76 OZ,insert,1,https://riba.app/imgrs/THUMBS%20500X500/50805.JPG,tabs/detalle-producto/50805,950.000,950.000,950.000,USD,1,,"{""MARCA"":[""JOHNSONVILLE""],""CATEGORIA"":[""Embutidos""]}","[""Embutidos""]",,https://riba.app/imgrs/THUMBS%20500X500/50805.JPG,0,0,"[""89""]",950.000,2026-05-11 15:30:52
7778200839,JOHNSONVILLE ITALIAN SAUSAGE,JOHNSONVILLE ITALIAN SAUSAGE,JOHNSONVILLE ITALIAN SAUSAGE,insert,1,https://riba.app/imgrs/THUMBS%20500X500/336008.JPG,tabs/detalle-producto/336008,1.075.000,1.075.000,1.075.000,USD,1,,"{""MARCA"":[""JOHNSONVILLE""],""CATEGORIA"":[""Embutidos""]}","[""Embutidos""]",,https://riba.app/imgrs/THUMBS%20500X500/336008.JPG,0,0,"[""89""]",1.075.000,2026-05-11 15:30:52
7778200853,JOHNSONVILLE IRISH GARL,JOHNSONVILLE IRISH GARL,JOHNSONVILLE IRISH GARL,insert,1,https://riba.app/imgrs/THUMBS%20500X500/47846.JPG,tabs/detalle-producto/47846,910.000,910.000,910.000,USD,1,,"{""MARCA"":[""JOHNSONVILLE""],""CATEGORIA"":[""Embutidos""]}","[""Embutidos""]",,https://riba.app/imgrs/THUMBS%20500X500/47846.JPG,0,0,"[""89""]",910.000,2026-05-11 15:30:52
7778201357,BROWN SUGAR & HONEY 12 OZ 0,BROWN SUGAR & HONEY 12 OZ 0,BROWN SUGAR & HONEY 12 OZ 0,insert,1,https://riba.app/imgrs/THUMBS%20500X500/156675.JPG,tabs/detalle-producto/156675,680.000,680.000,680.000,USD,1,,"{""MARCA"":[""JOHNSONVILLE""],""CATEGORIA"":[""Embutidos""]}","[""Embutidos""]",,https://riba.app/imgrs/THUMBS%20500X500/156675.JPG,0,0,"[""89""]",680.000,2026-05-11 15:30:52
7778201776,GRILLING CHORIZO ,GRILLING CHORIZO ,GRILLING CHORIZO ,insert,1,https://riba.app/imgrs/THUMBS%20500X500/176336.JPG,tabs/detalle-producto/176336,910.000,910.000,910.000,USD,1,,"{""MARCA"":[""JOHNSONVILLE""],""CATEGORIA"":[""Embutidos""]}","[""Embutidos""]",,https://riba.app/imgrs/THUMBS%20500X500/176336.JPG,0,0,"[""89""]",910.000,2026-05-11 15:30:52
7778202117,JOHNSONVILLE GRILLERS BRATWURS,JOHNSONVILLE GRILLERS BRATWURS,JOHNSONVILLE GRILLERS BRATWURS,insert,1,https://riba.app/imgrs/THUMBS%20500X500/354078.JPG,tabs/detalle-producto/354078,590.000,590.000,590.000,USD,1,,"{""MARCA"":[""JOHNSONVILLE""],""CATEGORIA"":[""Hamburguesas""]}","[""Hamburguesas""]",,https://riba.app/imgrs/THUMBS%20500X500/354078.JPG,0,0,"[""94""]",590.000,2026-05-11 15:30:52
7778202171,JHONSONVILLE JLP CHS SMK SSG ,JHONSONVILLE JLP CHS SMK SSG ,JHONSONVILLE JLP CHS SMK SSG ,insert,1,https://riba.app/imgrs/THUMBS%20500X500/334954.JPG,tabs/detalle-producto/334954,775.000,775.000,775.000,USD,1,,"{""MARCA"":[""JOHNSONVILLE""],""CATEGORIA"":[""Embutidos""]}","[""Embutidos""]",,https://riba.app/imgrs/THUMBS%20500X500/334954.JPG,0,0,"[""89""]",775.000,2026-05-11 15:30:52
7778202392,FZN SMOKED BRATS  12X14 OZ ,FZN SMOKED BRATS  12X14 OZ ,FZN SMOKED BRATS  12X14 OZ ,insert,1,https://riba.app/imgrs/THUMBS%20500X500/167565.JPG,tabs/detalle-producto/167565,750.000,750.000,750.000,USD,1,,"{""MARCA"":[""JOHNSONVILLE""],""CATEGORIA"":[""Embutidos""]}","[""Embutidos""]",,https://riba.app/imgrs/THUMBS%20500X500/167565.JPG,0,0,"[""89""]",750.000,2026-05-11 15:30:52
7778202393,JOHNSONVILLE  BEDDAR W CHEDDAR,JOHNSONVILLE  BEDDAR W CHEDDAR,JOHNSONVILLE  BEDDAR W CHEDDAR,insert,1,https://riba.app/imgrs/THUMBS%20500X500/162920.JPG,tabs/detalle-producto/162920,775.000,775.000,775.000,USD,1,,"{""MARCA"":[""JOHNSONVILLE""],""CATEGORIA"":[""Embutidos""]}","[""Embutidos""]",,https://riba.app/imgrs/THUMBS%20500X500/162920.JPG,0,0,"[""89""]",775.000,2026-05-11 15:30:52
7778202401,ITALIAN SAUSAGE ,ITALIAN SAUSAGE ,ITALIAN SAUSAGE ,insert,1,https://riba.app/imgrs/THUMBS%20500X500/176337.JPG,tabs/detalle-producto/176337,910.000,910.000,910.000,USD,1,,"{""MARCA"":[""JOHNSONVILLE""],""CATEGORIA"":[""Embutidos""]}","[""Embutidos""]",,https://riba.app/imgrs/THUMBS%20500X500/176337.JPG,0,0,"[""89""]",910.000,2026-05-11 15:30:52
7778202664,CHORIZO SAUSE GROUND,CHORIZO SAUSE GROUND,CHORIZO SAUSE GROUND,insert,1,https://riba.app/imgrs/THUMBS%20500X500/334953.JPG,tabs/detalle-producto/334953,598.000,598.000,598.000,USD,1,,"{""MARCA"":[""JOHNSONVILLE""],""CATEGORIA"":[""Embutidos""]}","[""Embutidos""]",,https://riba.app/imgrs/THUMBS%20500X500/334953.JPG,0,0,"[""89""]",598.000,2026-05-11 15:30:52
7778202701,JVL SMOKED SAUSAGE ARC,JVL SMOKED SAUSAGE ARC,JVL SMOKED SAUSAGE ARC,insert,1,https://riba.app/imgrs/THUMBS%20500X500/224301.JPG,tabs/detalle-producto/224301,670.000,670.000,670.000,USD,1,,"{""MARCA"":[""JOHNSONVILLE""],""CATEGORIA"":[""Embutidos""]}","[""Embutidos""]",,https://riba.app/imgrs/THUMBS%20500X500/224301.JPG,0,0,"[""89""]",670.000,2026-05-11 15:30:52
7790011573,JIMMYDEAN PORK SAUSAGE,JIMMYDEAN PORK SAUSAGE,JIMMYDEAN PORK SAUSAGE,insert,1,https://riba.app/imgrs/THUMBS%20500X500/157072.JPG,tabs/detalle-producto/157072,867.000,867.000,867.000,USD,1,,"{""MARCA"":[""JIMMY DEAN""],""CATEGORIA"":[""Embutidos""]}","[""Embutidos""]",,https://riba.app/imgrs/THUMBS%20500X500/157072.JPG,0,0,"[""89""]",867.000,2026-05-11 15:30:52
7790011583,JIMMY DEAN PORK SAUSAGE HOT,JIMMY DEAN PORK SAUSAGE HOT,JIMMY DEAN PORK SAUSAGE HOT,insert,1,https://riba.app/imgrs/THUMBS%20500X500/157071.JPG,tabs/detalle-producto/157071,867.000,867.000,867.000,USD,1,,"{""MARCA"":[""JIMMY DEAN""],""CATEGORIA"":[""Embutidos""]}","[""Embutidos""]",,https://riba.app/imgrs/THUMBS%20500X500/157071.JPG,0,0,"[""89""]",867.000,2026-05-11 15:30:52
78158431972,PLANTIRAMY ESTILO PASTRAMI,PLANTIRAMY ESTILO PASTRAMI,PLANTIRAMY ESTILO PASTRAMI,insert,1,https://riba.app/imgrs/THUMBS%20500X500/314837.JPG,tabs/detalle-producto/314837,916.000,916.000,916.000,USD,1,,"{""MARCA"":[""PLANTICERIA""],""CATEGORIA"":[""Dietas Especiales""]}","[""Dietas Especiales""]",,https://riba.app/imgrs/THUMBS%20500X500/314837.JPG,0,0,"[""93""]",916.000,2026-05-11 15:30:52
78158431975,PLANTILLOPO ESTILO POLLO,PLANTILLOPO ESTILO POLLO,PLANTILLOPO ESTILO POLLO,insert,1,https://riba.app/imgrs/THUMBS%20500X500/314836.JPG,tabs/detalle-producto/314836,713.000,713.000,713.000,USD,1,,"{""MARCA"":[""PLANTICERIA""],""CATEGORIA"":[""Dietas Especiales""]}","[""Dietas Especiales""]",,https://riba.app/imgrs/THUMBS%20500X500/314836.JPG,0,0,"[""93""]",713.000,2026-05-11 15:30:52
78533172246,GWALTNEY SLICED BACON,GWALTNEY SLICED BACON,GWALTNEY SLICED BACON,insert,1,https://riba.app/imgrs/THUMBS%20500X500/47907.JPG,tabs/detalle-producto/47907,730.000,730.000,730.000,USD,1,,"{""MARCA"":[""GWALTNEY""],""CATEGORIA"":[""Embutidos""]}","[""Embutidos""]",,https://riba.app/imgrs/THUMBS%20500X500/47907.JPG,0,0,"[""89""]",730.000,2026-05-11 15:30:52
78533176189,GWALTNEY GREAT DOGS ORIGINAL,GWALTNEY GREAT DOGS ORIGINAL,GWALTNEY GREAT DOGS ORIGINAL,insert,1,https://riba.app/imgrs/THUMBS%20500X500/47909.JPG,tabs/detalle-producto/47909,382.000,382.000,382.000,USD,1,,"{""MARCA"":[""GWALTNEY""],""CATEGORIA"":[""Embutidos""]}","[""Embutidos""]",,https://riba.app/imgrs/THUMBS%20500X500/47909.JPG,0,0,"[""89""]",382.000,2026-05-11 15:30:52
78533176912,GWALTNEY COOKED HAM,GWALTNEY COOKED HAM,GWALTNEY COOKED HAM,insert,1,https://riba.app/imgrs/THUMBS%20500X500/353993.JPG,tabs/detalle-producto/353993,545.000,545.000,545.000,USD,1,,"{""MARCA"":[""GWALTNEY""],""CATEGORIA"":[""Embutidos""]}","[""Embutidos""]",,https://riba.app/imgrs/THUMBS%20500X500/353993.JPG,0,0,"[""89""]",545.000,2026-05-11 15:30:52
78735917812,BACON-LESS BITS PINTO BEANS,BACON-LESS BITS PINTO BEANS,BACON-LESS BITS PINTO BEANS,insert,1,https://riba.app/imgrs/THUMBS%20500X500/336790.JPG,tabs/detalle-producto/336790,390.000,390.000,390.000,USD,1,,"{""MARCA"":[""FRESH GOURMET""],""CATEGORIA"":[""Dietas Especiales""]}","[""Dietas Especiales""]",,https://riba.app/imgrs/THUMBS%20500X500/336790.JPG,0,0,"[""93""]",390.000,2026-05-11 15:30:52
800766020445,PROSCIUTTO DI PARMA REBANADA,PROSCIUTTO DI PARMA REBANADA,PROSCIUTTO DI PARMA REBANADA,insert,1,https://riba.app/imgrs/THUMBS%20500X500/230547.JPG,tabs/detalle-producto/230547,453.000,453.000,453.000,USD,1,,"{""MARCA"":[""BERETTA""],""CATEGORIA"":[""Embutidos""]}","[""Embutidos""]",,https://riba.app/imgrs/THUMBS%20500X500/230547.JPG,0,0,"[""89""]",453.000,2026-05-11 15:30:52
8086800010,CALIFORNIA VEGGIE BURGERS,CALIFORNIA VEGGIE BURGERS,CALIFORNIA VEGGIE BURGERS,insert,1,https://riba.app/imgrs/THUMBS%20500X500/218124.JPG,tabs/detalle-producto/218124,749.000,749.000,749.000,USD,1,,"{""MARCA"":[""DR PRAEGERS""],""CATEGORIA"":[""Dietas Especiales""]}","[""Dietas Especiales""]",,https://riba.app/imgrs/THUMBS%20500X500/218124.JPG,0,0,"[""93""]",749.000,2026-05-11 15:30:52
8086800245,DR PRAEGERS SPINACH LITTLES,DR PRAEGERS SPINACH LITTLES,DR PRAEGERS SPINACH LITTLES,insert,1,https://riba.app/imgrs/THUMBS%20500X500/339844.JPG,tabs/detalle-producto/339844,741.000,741.000,741.000,USD,1,,"{""MARCA"":[""DR PRAEGERS""],""CATEGORIA"":[""Dietas Especiales""]}","[""Dietas Especiales""]",,https://riba.app/imgrs/THUMBS%20500X500/339844.JPG,0,0,"[""93""]",741.000,2026-05-11 15:30:52
8086800246,DR PRAEGERS BROCCOLI LITTLES,DR PRAEGERS BROCCOLI LITTLES,DR PRAEGERS BROCCOLI LITTLES,insert,1,https://riba.app/imgrs/THUMBS%20500X500/166860.JPG,tabs/detalle-producto/166860,749.000,749.000,749.000,USD,1,,"{""MARCA"":[""DR PRAEGERS""],""CATEGORIA"":[""Dietas Especiales""]}","[""Dietas Especiales""]",,https://riba.app/imgrs/THUMBS%20500X500/166860.JPG,0,0,"[""93""]",749.000,2026-05-11 15:30:52
81001415000,CRMNLLI MNI SALAMI WINE&GARLIC,CRMNLLI MNI SALAMI WINE&GARLIC,CRMNLLI MNI SALAMI WINE&GARLIC,insert,1,https://riba.app/imgrs/THUMBS%20500X500/335122.JPG,tabs/detalle-producto/335122,594.000,594.000,594.000,USD,1,,"{""MARCA"":[""CREMINELLI""],""CATEGORIA"":[""Embutidos""]}","[""Embutidos""]",,https://riba.app/imgrs/THUMBS%20500X500/335122.JPG,0,0,"[""89""]",594.000,2026-05-11 15:30:52
81001415001,CRMNELLI MINI SALAME B PEPPER ,CRMNELLI MINI SALAME B PEPPER ,CRMNELLI MINI SALAME B PEPPER ,insert,1,https://riba.app/imgrs/THUMBS%20500X500/335124.JPG,tabs/detalle-producto/335124,594.000,594.000,594.000,USD,1,,"{""MARCA"":[""CREMINELLI""],""CATEGORIA"":[""Embutidos""]}","[""Embutidos""]",,https://riba.app/imgrs/THUMBS%20500X500/335124.JPG,0,0,"[""89""]",594.000,2026-05-11 15:30:52
81001415002,CREMNLLI MINI SALAME WHISKEY,CREMNLLI MINI SALAME WHISKEY,CREMNLLI MINI SALAME WHISKEY,insert,1,https://riba.app/imgrs/THUMBS%20500X500/335123.JPG,tabs/detalle-producto/335123,594.000,594.000,594.000,USD,1,,"{""MARCA"":[""CREMINELLI""],""CATEGORIA"":[""Embutidos""]}","[""Embutidos""]",,https://riba.app/imgrs/THUMBS%20500X500/335123.JPG,0,0,"[""89""]",594.000,2026-05-11 15:30:52
81001415003,CREMNLLI MINI SALAME CHIPOTLE,CREMNLLI MINI SALAME CHIPOTLE,CREMNLLI MINI SALAME CHIPOTLE,insert,1,https://riba.app/imgrs/THUMBS%20500X500/335125.JPG,tabs/detalle-producto/335125,594.000,594.000,594.000,USD,1,,"{""MARCA"":[""CREMINELLI""],""CATEGORIA"":[""Embutidos""]}","[""Embutidos""]",,https://riba.app/imgrs/THUMBS%20500X500/335125.JPG,0,0,"[""89""]",594.000,2026-05-11 15:30:52
81001415010,CREMINELLI SALAMI MINIS UNCURE,CREMINELLI SALAMI MINIS UNCURE,CREMINELLI SALAMI MINIS UNCURE,insert,1,https://riba.app/imgrs/THUMBS%20500X500/354730.JPG,tabs/detalle-producto/354730,594.000,594.000,594.000,USD,1,,"{""MARCA"":[""CREMINELLI""],""CATEGORIA"":[""Embutidos""]}","[""Embutidos""]",,https://riba.app/imgrs/THUMBS%20500X500/354730.JPG,0,0,"[""89""]",594.000,2026-05-11 15:30:52
81001415039,CREMNLLI UNCRD SLIC PEPERONI,CREMNLLI UNCRD SLIC PEPERONI,CREMNLLI UNCRD SLIC PEPERONI,insert,1,https://riba.app/imgrs/THUMBS%20500X500/335126.JPG,tabs/detalle-producto/335126,594.000,594.000,594.000,USD,1,,"{""MARCA"":[""CREMINELLI""],""CATEGORIA"":[""Embutidos""]}","[""Embutidos""]",,https://riba.app/imgrs/THUMBS%20500X500/335126.JPG,0,0,"[""89""]",594.000,2026-05-11 15:30:52
81001415044,CREMNLLI TRAY FNCH PROCTO VARZ,CREMNLLI TRAY FNCH PROCTO VARZ,CREMNLLI TRAY FNCH PROCTO VARZ,insert,1,https://riba.app/imgrs/THUMBS%20500X500/335117.JPG,tabs/detalle-producto/335117,836.000,836.000,836.000,USD,1,,"{""MARCA"":[""CREMINELLI""],""CATEGORIA"":[""Embutidos""]}","[""Embutidos""]",,https://riba.app/imgrs/THUMBS%20500X500/335117.JPG,0,0,"[""89""]",836.000,2026-05-11 15:30:52
81001415045,CRMNLLI TRAY PROSCIUTTTO ,CRMNLLI TRAY PROSCIUTTTO ,CRMNLLI TRAY PROSCIUTTTO ,insert,1,https://riba.app/imgrs/THUMBS%20500X500/335118.JPG,tabs/detalle-producto/335118,836.000,836.000,836.000,USD,1,,"{""MARCA"":[""CREMINELLI""],""CATEGORIA"":[""Embutidos""]}","[""Embutidos""]",,https://riba.app/imgrs/THUMBS%20500X500/335118.JPG,0,0,"[""89""]",836.000,2026-05-11 15:30:52
81005729013,BEYOND COOKOUT CLASSIC PATTIES,BEYOND COOKOUT CLASSIC PATTIES,BEYOND COOKOUT CLASSIC PATTIES,insert,1,https://riba.app/imgrs/THUMBS%20500X500/349869.JPG,tabs/detalle-producto/349869,2.513.000,2.513.000,2.513.000,USD,1,,"{""MARCA"":[""BEYOND MEAT""],""CATEGORIA"":[""Dietas Especiales""]}","[""Dietas Especiales""]",,https://riba.app/imgrs/THUMBS%20500X500/349869.JPG,0,0,"[""93""]",2.513.000,2026-05-11 15:30:52
81005729029,TENDERS BEYOND MEAT,TENDERS BEYOND MEAT,TENDERS BEYOND MEAT,insert,1,https://riba.app/imgrs/THUMBS%20500X500/307397.JPG,tabs/detalle-producto/307397,695.000,695.000,695.000,USD,1,,"{""MARCA"":[""BEYOND MEAT""],""CATEGORIA"":[""Dietas Especiales""]}","[""Dietas Especiales""]",,https://riba.app/imgrs/THUMBS%20500X500/307397.JPG,0,0,"[""93""]",695.000,2026-05-11 15:30:52
81005729083,BEYOND STEAK PLANT BASED,BEYOND STEAK PLANT BASED,BEYOND STEAK PLANT BASED,insert,1,https://riba.app/imgrs/THUMBS%20500X500/349887.JPG,tabs/detalle-producto/349887,1.187.000,1.187.000,1.187.000,USD,1,,"{""MARCA"":[""BEYOND MEAT""],""CATEGORIA"":[""Dietas Especiales""]}","[""Dietas Especiales""]",,https://riba.app/imgrs/THUMBS%20500X500/349887.JPG,0,0,"[""93""]",1.187.000,2026-05-11 15:30:52
81005729109,BEYOND STACK BURGER PLANT-BASE,BEYOND STACK BURGER PLANT-BASE,BEYOND STACK BURGER PLANT-BASE,insert,1,https://riba.app/imgrs/THUMBS%20500X500/349874.JPG,tabs/detalle-producto/349874,1.951.000,1.951.000,1.951.000,USD,1,,"{""MARCA"":[""BEYOND MEAT""],""CATEGORIA"":[""Dietas Especiales""]}","[""Dietas Especiales""]",,https://riba.app/imgrs/THUMBS%20500X500/349874.JPG,0,0,"[""93""]",1.951.000,2026-05-11 15:30:52
81005729135,BEYOND SUN SAUSAGE PESTO,BEYOND SUN SAUSAGE PESTO,BEYOND SUN SAUSAGE PESTO,insert,1,https://riba.app/imgrs/THUMBS%20500X500/349879.JPG,tabs/detalle-producto/349879,1.272.000,1.272.000,1.272.000,USD,1,,"{""MARCA"":[""BEYOND MEAT""],""CATEGORIA"":[""Dietas Especiales""]}","[""Dietas Especiales""]",,https://riba.app/imgrs/THUMBS%20500X500/349879.JPG,0,0,"[""93""]",1.272.000,2026-05-11 15:30:52
81005729137,BEYOND MEAT SAUSAGE PINEAPPLE,BEYOND MEAT SAUSAGE PINEAPPLE,BEYOND MEAT SAUSAGE PINEAPPLE,insert,1,https://riba.app/imgrs/THUMBS%20500X500/349881.JPG,tabs/detalle-producto/349881,1.272.000,1.272.000,1.272.000,USD,1,,"{""MARCA"":[""BEYOND MEAT""],""CATEGORIA"":[""Dietas Especiales""]}","[""Dietas Especiales""]",,https://riba.app/imgrs/THUMBS%20500X500/349881.JPG,0,0,"[""93""]",1.272.000,2026-05-11 15:30:52
81669702034,IMPOSSIBLE SAUSAGE,IMPOSSIBLE SAUSAGE,IMPOSSIBLE SAUSAGE,insert,1,https://riba.app/imgrs/THUMBS%20500X500/332771.JPG,tabs/detalle-producto/332771,1.195.000,1.195.000,1.195.000,USD,1,,"{""MARCA"":[""IMPOSSIBLE""],""CATEGORIA"":[""Dietas Especiales""]}","[""Dietas Especiales""]",,https://riba.app/imgrs/THUMBS%20500X500/332771.JPG,0,0,"[""93""]",1.195.000,2026-05-11 15:30:52
81669702039,IMPOSSIBLE CHICKEN NUGGETS,IMPOSSIBLE CHICKEN NUGGETS,IMPOSSIBLE CHICKEN NUGGETS,insert,1,https://riba.app/imgrs/THUMBS%20500X500/332769.JPG,tabs/detalle-producto/332769,1.195.000,1.195.000,1.195.000,USD,1,,"{""MARCA"":[""IMPOSSIBLE""],""CATEGORIA"":[""Dietas Especiales""]}","[""Dietas Especiales""]",,https://riba.app/imgrs/THUMBS%20500X500/332769.JPG,0,0,"[""93""]",1.195.000,2026-05-11 15:30:52
81669702100,IMPOSSIBLE BURGER 12 OZ BRICKS,IMPOSSIBLE BURGER 12 OZ BRICKS,IMPOSSIBLE BURGER 12 OZ BRICKS,insert,1,https://riba.app/imgrs/THUMBS%20500X500/303410.JPG,tabs/detalle-producto/303410,1.185.000,1.185.000,1.185.000,USD,1,,"{""MARCA"":[""IMPOSSIBLE""],""CATEGORIA"":[""Dietas Especiales""]}","[""Dietas Especiales""]",,https://riba.app/imgrs/THUMBS%20500X500/303410.JPG,0,0,"[""93""]",1.185.000,2026-05-11 15:30:52
81669702101,IMPOSSIBLE BURGER PATTIES ,IMPOSSIBLE BURGER PATTIES ,IMPOSSIBLE BURGER PATTIES ,insert,1,https://riba.app/imgrs/THUMBS%20500X500/303409.JPG,tabs/detalle-producto/303409,850.000,850.000,850.000,USD,1,,"{""MARCA"":[""IMPOSSIBLE""],""CATEGORIA"":[""Dietas Especiales""]}","[""Dietas Especiales""]",,https://riba.app/imgrs/THUMBS%20500X500/303409.JPG,0,0,"[""93""]",850.000,2026-05-11 15:30:52
81669702114,IMPOSSIBLE CHICKEN NUGGETS ,IMPOSSIBLE CHICKEN NUGGETS ,IMPOSSIBLE CHICKEN NUGGETS ,insert,1,https://riba.app/imgrs/THUMBS%20500X500/309427.JPG,tabs/detalle-producto/309427,1.195.000,1.195.000,1.195.000,USD,1,,"{""MARCA"":[""IMPOSSIBLE""],""CATEGORIA"":[""Dietas Especiales""]}","[""Dietas Especiales""]",,https://riba.app/imgrs/THUMBS%20500X500/309427.JPG,0,0,"[""93""]",1.195.000,2026-05-11 15:30:52
81669702304,IMPOSSIBLE MEATBALLS HOMESTYLE,IMPOSSIBLE MEATBALLS HOMESTYLE,IMPOSSIBLE MEATBALLS HOMESTYLE,insert,1,https://riba.app/imgrs/THUMBS%20500X500/332770.JPG,tabs/detalle-producto/332770,1.195.000,1.195.000,1.195.000,USD,1,,"{""MARCA"":[""IMPOSSIBLE""],""CATEGORIA"":[""Dietas Especiales""]}","[""Dietas Especiales""]",,https://riba.app/imgrs/THUMBS%20500X500/332770.JPG,0,0,"[""93""]",1.195.000,2026-05-11 15:30:52
83334800224,BABY BACK RIB SWEET CAROLINA P,BABY BACK RIB SWEET CAROLINA P,BABY BACK RIB SWEET CAROLINA P,insert,1,https://riba.app/imgrs/THUMBS%20500X500/295059.JPG,tabs/detalle-producto/295059,1.395.000,1.395.000,1.395.000,USD,1,,"{""MARCA"":[""FRIDAY S""],""CATEGORIA"":[""Carnes Preparadas""]}","[""Carnes Preparadas""]",,https://riba.app/imgrs/THUMBS%20500X500/295059.JPG,0,0,"[""95""]",1.395.000,2026-05-11 15:30:52
83334800725,FRIDAYS RIBS & WINGS COMBO,FRIDAYS RIBS & WINGS COMBO,FRIDAYS RIBS & WINGS COMBO,insert,1,https://riba.app/imgrs/THUMBS%20500X500/345111.JPG,tabs/detalle-producto/345111,2.095.000,2.095.000,2.095.000,USD,1,,"{""MARCA"":[""FRIDAY´S""],""CATEGORIA"":[""Carnes Preparadas""]}","[""Carnes Preparadas""]",,https://riba.app/imgrs/THUMBS%20500X500/345111.JPG,0,0,"[""95""]",2.095.000,2026-05-11 15:30:52
83339800001,CHORIZO PARRILLERO ARGENTINO,CHORIZO PARRILLERO ARGENTINO,CHORIZO PARRILLERO ARGENTINO,insert,1,https://riba.app/imgrs/THUMBS%20500X500/355471.JPG,tabs/detalle-producto/355471,1.295.000,1.295.000,1.295.000,USD,1,,"{""MARCA"":[""MR.TANGO""],""CATEGORIA"":[""Embutidos""]}","[""Embutidos""]",,https://riba.app/imgrs/THUMBS%20500X500/355471.JPG,0,0,"[""89""]",1.295.000,2026-05-11 15:30:52
83339800006,MR.TANGO FSH CHIRIZO ARG HOT,MR.TANGO FSH CHIRIZO ARG HOT,MR.TANGO FSH CHIRIZO ARG HOT,insert,1,https://riba.app/imgrs/THUMBS%20500X500/283674.JPG,tabs/detalle-producto/283674,637.000,637.000,637.000,USD,1,,"{""MARCA"":[""MR.TANGO""],""CATEGORIA"":[""Embutidos""]}","[""Embutidos""]",,https://riba.app/imgrs/THUMBS%20500X500/283674.JPG,0,0,"[""89""]",637.000,2026-05-11 15:30:52
83339800010,MRTAN FSH CHORIZO ARGENTINO,MRTAN FSH CHORIZO ARGENTINO,MRTAN FSH CHORIZO ARGENTINO,insert,1,https://riba.app/imgrs/THUMBS%20500X500/283675.JPG,tabs/detalle-producto/283675,637.000,637.000,637.000,USD,1,,"{""MARCA"":[""MR.TANGO""],""CATEGORIA"":[""Embutidos""]}","[""Embutidos""]",,https://riba.app/imgrs/THUMBS%20500X500/283675.JPG,0,0,"[""89""]",637.000,2026-05-11 15:30:52
83339800014,MRTAN FSH LONGANIZA ARGENTINA,MRTAN FSH LONGANIZA ARGENTINA,MRTAN FSH LONGANIZA ARGENTINA,insert,1,https://riba.app/imgrs/THUMBS%20500X500/283676.JPG,tabs/detalle-producto/283676,637.000,637.000,637.000,USD,1,,"{""MARCA"":[""MR.TANGO""],""CATEGORIA"":[""Embutidos""]}","[""Embutidos""]",,https://riba.app/imgrs/THUMBS%20500X500/283676.JPG,0,0,"[""89""]",637.000,2026-05-11 15:30:52
83339800015,MR TANGO SALCHICHA PARRILLERA,MR TANGO SALCHICHA PARRILLERA,MR TANGO SALCHICHA PARRILLERA,insert,1,https://riba.app/imgrs/THUMBS%20500X500/355470.JPG,tabs/detalle-producto/355470,350.000,350.000,350.000,USD,1,,"{""MARCA"":[""MR.TANGO""],""CATEGORIA"":[""Embutidos""]}","[""Embutidos""]",,https://riba.app/imgrs/THUMBS%20500X500/355470.JPG,0,0,"[""89""]",350.000,2026-05-11 15:30:52
83339800020,MRTAN FSH MORCILLA ARGENTINA,MRTAN FSH MORCILLA ARGENTINA,MRTAN FSH MORCILLA ARGENTINA,insert,1,https://riba.app/imgrs/THUMBS%20500X500/283677.JPG,tabs/detalle-producto/283677,637.000,637.000,637.000,USD,1,,"{""MARCA"":[""MR.TANGO""],""CATEGORIA"":[""Embutidos""]}","[""Embutidos""]",,https://riba.app/imgrs/THUMBS%20500X500/283677.JPG,0,0,"[""89""]",637.000,2026-05-11 15:30:52
83339800050,MR TANGO CHORIZO ESPAÑOL,MR TANGO CHORIZO ESPAÑOL,MR TANGO CHORIZO ESPAÑOL,insert,1,https://riba.app/imgrs/THUMBS%20500X500/354722.JPG,tabs/detalle-producto/354722,450.000,450.000,450.000,USD,1,,"{""MARCA"":[""MR.TANGO""],""CATEGORIA"":[""Embutidos""]}","[""Embutidos""]",,https://riba.app/imgrs/THUMBS%20500X500/354722.JPG,0,0,"[""89""]",450.000,2026-05-11 15:30:52
83879500099,CHORIZO COLOMBIANO,CHORIZO COLOMBIANO,CHORIZO COLOMBIANO,insert,1,https://riba.app/imgrs/THUMBS%20500X500/289717.JPG,tabs/detalle-producto/289717,809.000,809.000,809.000,USD,1,,"{""MARCA"":[""PAISA ""],""CATEGORIA"":[""Embutidos""]}","[""Embutidos""]",,https://riba.app/imgrs/THUMBS%20500X500/289717.JPG,0,0,"[""89""]",809.000,2026-05-11 15:30:52
83879500101,CHORIZO ARGENTINO  ,CHORIZO ARGENTINO  ,CHORIZO ARGENTINO  ,insert,1,https://riba.app/imgrs/THUMBS%20500X500/289722.JPG,tabs/detalle-producto/289722,802.000,802.000,802.000,USD,1,,"{""MARCA"":[""PAISA ""],""CATEGORIA"":[""Embutidos""]}","[""Embutidos""]",,https://riba.app/imgrs/THUMBS%20500X500/289722.JPG,0,0,"[""89""]",802.000,2026-05-11 15:30:52
83879500113,CHORIZO VENEZOLANO,CHORIZO VENEZOLANO,CHORIZO VENEZOLANO,insert,1,https://riba.app/imgrs/THUMBS%20500X500/330005.JPG,tabs/detalle-producto/330005,811.000,811.000,811.000,USD,1,,"{""MARCA"":[""PAISA ""],""CATEGORIA"":[""Embutidos""]}","[""Embutidos""]",,https://riba.app/imgrs/THUMBS%20500X500/330005.JPG,0,0,"[""89""]",811.000,2026-05-11 15:30:52
841032000631,CHORIZO SARTA PICANTE,CHORIZO SARTA PICANTE,CHORIZO SARTA PICANTE,insert,1,https://riba.app/imgrs/THUMBS%20500X500/217028.JPG,tabs/detalle-producto/217028,671.000,671.000,671.000,USD,1,,"{""MARCA"":[""CAMPOFRIO""],""CATEGORIA"":[""Embutidos""]}","[""Embutidos""]",,https://riba.app/imgrs/THUMBS%20500X500/217028.JPG,0,0,"[""89""]",671.000,2026-05-11 15:30:52
841032002380,LOMO DE CERDO REBANADO TAPAS,LOMO DE CERDO REBANADO TAPAS,LOMO DE CERDO REBANADO TAPAS,insert,1,https://riba.app/imgrs/THUMBS%20500X500/221926.JPG,tabs/detalle-producto/221926,338.000,338.000,338.000,USD,1,,"{""MARCA"":[""CAMPOFRIO""],""CATEGORIA"":[""Embutidos""]}","[""Embutidos""]",,https://riba.app/imgrs/THUMBS%20500X500/221926.JPG,0,0,"[""89""]",338.000,2026-05-11 15:30:52
841032002777,JAMON SERRANO REBANADO CAM FRI,JAMON SERRANO REBANADO CAM FRI,JAMON SERRANO REBANADO CAM FRI,insert,1,https://riba.app/imgrs/THUMBS%20500X500/217042.JPG,tabs/detalle-producto/217042,260.000,260.000,260.000,USD,1,,"{""MARCA"":[""CAMPOFRIO""],""CATEGORIA"":[""Embutidos""]}","[""Embutidos""]",,https://riba.app/imgrs/THUMBS%20500X500/217042.JPG,0,0,"[""89""]",260.000,2026-05-11 15:30:52
841032002997,SALCHICON TAPAS CAMPOFRIO,SALCHICON TAPAS CAMPOFRIO,SALCHICON TAPAS CAMPOFRIO,insert,1,https://riba.app/imgrs/THUMBS%20500X500/226588.JPG,tabs/detalle-producto/226588,236.000,236.000,236.000,USD,1,,"{""MARCA"":[""CAMPOFRIO""],""CATEGORIA"":[""Embutidos""]}","[""Embutidos""]",,https://riba.app/imgrs/THUMBS%20500X500/226588.JPG,0,0,"[""89""]",236.000,2026-05-11 15:30:52
841032006520,TAPAS JAMON SERRANO 300GR,TAPAS JAMON SERRANO 300GR,TAPAS JAMON SERRANO 300GR,insert,1,https://riba.app/imgrs/THUMBS%20500X500/251683.JPG,tabs/detalle-producto/251683,966.000,966.000,966.000,USD,1,,"{""MARCA"":[""CAMPOFRIO""],""CATEGORIA"":[""Embutidos""]}","[""Embutidos""]",,https://riba.app/imgrs/THUMBS%20500X500/251683.JPG,0,0,"[""89""]",966.000,2026-05-11 15:30:52
841032006523,TAPAS CHORIZO 300G,TAPAS CHORIZO 300G,TAPAS CHORIZO 300G,insert,1,https://riba.app/imgrs/THUMBS%20500X500/251687.JPG,tabs/detalle-producto/251687,808.000,808.000,808.000,USD,1,,"{""MARCA"":[""CAMPOFRIO""],""CATEGORIA"":[""Embutidos""]}","[""Embutidos""]",,https://riba.app/imgrs/THUMBS%20500X500/251687.JPG,0,0,"[""89""]",808.000,2026-05-11 15:30:52
841032014824,CHORIZO GRAN DOBLON TAPAS,CHORIZO GRAN DOBLON TAPAS,CHORIZO GRAN DOBLON TAPAS,insert,1,https://riba.app/imgrs/THUMBS%20500X500/229712.JPG,tabs/detalle-producto/229712,256.000,256.000,256.000,USD,1,,"{""MARCA"":[""CAMPOFRIO""],""CATEGORIA"":[""Embutidos""]}","[""Embutidos""]",,https://riba.app/imgrs/THUMBS%20500X500/229712.JPG,0,0,"[""89""]",256.000,2026-05-11 15:30:52
841032016298,CHORIZO SALCHICHON JAM SERRANO,CHORIZO SALCHICHON JAM SERRANO,CHORIZO SALCHICHON JAM SERRANO,insert,1,https://riba.app/imgrs/THUMBS%20500X500/217021.JPG,tabs/detalle-producto/217021,460.000,460.000,460.000,USD,1,,"{""MARCA"":[""CAMPOFRIO""],""CATEGORIA"":[""Embutidos""]}","[""Embutidos""]",,https://riba.app/imgrs/THUMBS%20500X500/217021.JPG,0,0,"[""89""]",460.000,2026-05-11 15:30:52
841032038008,PALETA DE CEBO IBERICA,PALETA DE CEBO IBERICA,PALETA DE CEBO IBERICA,insert,1,https://riba.app/imgrs/THUMBS%20500X500/355199.JPG,tabs/detalle-producto/355199,997.000,997.000,997.000,USD,1,,"{""MARCA"":[""NAVIDUL""],""CATEGORIA"":[""Embutidos""]}","[""Embutidos""]",,https://riba.app/imgrs/THUMBS%20500X500/355199.JPG,0,0,"[""89""]",997.000,2026-05-11 15:30:52
841032099558,PALETA CEBO IBERICO NAVIDUL,PALETA CEBO IBERICO NAVIDUL,PALETA CEBO IBERICO NAVIDUL,insert,1,https://riba.app/imgrs/THUMBS%20500X500/343830.JPG,tabs/detalle-producto/343830,335.000,335.000,335.000,USD,1,,"{""MARCA"":[""CAMPOFRIO""],""CATEGORIA"":[""Embutidos""]}","[""Embutidos""]",,https://riba.app/imgrs/THUMBS%20500X500/343830.JPG,0,0,"[""89""]",335.000,2026-05-11 15:30:52
841048610011,JAMON CURADO RESERVA,JAMON CURADO RESERVA,JAMON CURADO RESERVA,insert,1,https://riba.app/imgrs/THUMBS%20500X500/354814.JPG,tabs/detalle-producto/354814,335.000,335.000,335.000,USD,1,,"{""MARCA"":[""NAVIDUL""],""CATEGORIA"":[""Embutidos""]}","[""Embutidos""]",,https://riba.app/imgrs/THUMBS%20500X500/354814.JPG,0,0,"[""89""]",335.000,2026-05-11 15:30:52
841048610424,JAMON CEBO IBERICO NAVIDUL ,JAMON CEBO IBERICO NAVIDUL ,JAMON CEBO IBERICO NAVIDUL ,insert,1,https://riba.app/imgrs/THUMBS%20500X500/343829.JPG,tabs/detalle-producto/343829,365.000,365.000,365.000,USD,1,,"{""MARCA"":[""CAMPOFRIO""],""CATEGORIA"":[""Embutidos""]}","[""Embutidos""]",,https://riba.app/imgrs/THUMBS%20500X500/343829.JPG,0,0,"[""89""]",365.000,2026-05-11 15:30:52
841084307244,EL POZO SURTIDO MIX,EL POZO SURTIDO MIX,EL POZO SURTIDO MIX,insert,1,https://riba.app/imgrs/THUMBS%20500X500/344035.JPG,tabs/detalle-producto/344035,550.000,550.000,550.000,USD,1,,"{""MARCA"":[""EL POZO ""],""CATEGORIA"":[""Embutidos""]}","[""Embutidos""]",,https://riba.app/imgrs/THUMBS%20500X500/344035.JPG,0,0,"[""89""]",550.000,2026-05-11 15:30:52
841084307794,J CEBO IBERICO CAJA IBERICO,J CEBO IBERICO CAJA IBERICO,J CEBO IBERICO CAJA IBERICO,insert,1,https://riba.app/imgrs/THUMBS%20500X500/313614.JPG,tabs/detalle-producto/313614,24.175.000,24.175.000,24.175.000,USD,1,,"{""MARCA"":[""LEGADO IBERICO""],""CATEGORIA"":[""Embutidos""]}","[""Embutidos""]",,https://riba.app/imgrs/THUMBS%20500X500/313614.JPG,0,0,"[""89""]",24.175.000,2026-05-11 15:30:52
841084310510,CHORIZO EXTRA LONCHEADO,CHORIZO EXTRA LONCHEADO,CHORIZO EXTRA LONCHEADO,insert,1,https://riba.app/imgrs/THUMBS%20500X500/344034.JPG,tabs/detalle-producto/344034,285.000,285.000,285.000,USD,1,,"{""MARCA"":[""EL POZO ""],""CATEGORIA"":[""Embutidos""]}","[""Embutidos""]",,https://riba.app/imgrs/THUMBS%20500X500/344034.JPG,0,0,"[""89""]",285.000,2026-05-11 15:30:52
841084311045,JAMON DE CEBO IBERICO ,JAMON DE CEBO IBERICO ,JAMON DE CEBO IBERICO ,insert,1,https://riba.app/imgrs/THUMBS%20500X500/313615.JPG,tabs/detalle-producto/313615,505.000,505.000,505.000,USD,1,,"{""MARCA"":[""LEGADO IBERICO""],""CATEGORIA"":[""Embutidos""]}","[""Embutidos""]",,https://riba.app/imgrs/THUMBS%20500X500/313615.JPG,0,0,"[""89""]",505.000,2026-05-11 15:30:52
841084311046,CHORIXO IBERICO LEGADO,CHORIXO IBERICO LEGADO,CHORIXO IBERICO LEGADO,insert,1,https://riba.app/imgrs/THUMBS%20500X500/313616.JPG,tabs/detalle-producto/313616,466.000,466.000,466.000,USD,1,,"{""MARCA"":[""LEGADO IBERICO""],""CATEGORIA"":[""Embutidos""]}","[""Embutidos""]",,https://riba.app/imgrs/THUMBS%20500X500/313616.JPG,0,0,"[""89""]",466.000,2026-05-11 15:30:52
841084311047,SALCHICHON IBERICO LEGADO,SALCHICHON IBERICO LEGADO,SALCHICHON IBERICO LEGADO,insert,1,https://riba.app/imgrs/THUMBS%20500X500/313617.JPG,tabs/detalle-producto/313617,475.000,475.000,475.000,USD,1,,"{""MARCA"":[""LEGADO IBERICO""],""CATEGORIA"":[""Embutidos""]}","[""Embutidos""]",,https://riba.app/imgrs/THUMBS%20500X500/313617.JPG,0,0,"[""89""]",475.000,2026-05-11 15:30:52
842070200352,SARTA CHORIZO IBERICO,SARTA CHORIZO IBERICO,SARTA CHORIZO IBERICO,insert,1,https://riba.app/imgrs/THUMBS%20500X500/221910.JPG,tabs/detalle-producto/221910,815.000,815.000,815.000,USD,1,,"{""MARCA"":[""MARCOS SALAMANCA""],""CATEGORIA"":[""Embutidos""]}","[""Embutidos""]",,https://riba.app/imgrs/THUMBS%20500X500/221910.JPG,0,0,"[""89""]",815.000,2026-05-11 15:30:52
842070200360,VELITA SALCHICHON IBERICO,VELITA SALCHICHON IBERICO,VELITA SALCHICHON IBERICO,insert,1,https://riba.app/imgrs/THUMBS%20500X500/221913.JPG,tabs/detalle-producto/221913,760.000,760.000,760.000,USD,1,,"{""MARCA"":[""MARCOS SALAMANCA""],""CATEGORIA"":[""Embutidos""]}","[""Embutidos""]",,https://riba.app/imgrs/THUMBS%20500X500/221913.JPG,0,0,"[""89""]",760.000,2026-05-11 15:30:52
842070200361,VELITA CHORIZO IBERICO,VELITA CHORIZO IBERICO,VELITA CHORIZO IBERICO,insert,1,https://riba.app/imgrs/THUMBS%20500X500/221912.JPG,tabs/detalle-producto/221912,760.000,760.000,760.000,USD,1,,"{""MARCA"":[""MARCOS SALAMANCA""],""CATEGORIA"":[""Embutidos""]}","[""Embutidos""]",,https://riba.app/imgrs/THUMBS%20500X500/221912.JPG,0,0,"[""89""]",760.000,2026-05-11 15:30:52
842070201613,LONCHAS DE JAMON IBERICO BELLO,LONCHAS DE JAMON IBERICO BELLO,LONCHAS DE JAMON IBERICO BELLO,insert,1,https://riba.app/imgrs/THUMBS%20500X500/239292.JPG,tabs/detalle-producto/239292,1.349.000,1.349.000,1.349.000,USD,1,,"{""MARCA"":[""MARCOS SALAMANCA""],""CATEGORIA"":[""Embutidos""]}","[""Embutidos""]",,https://riba.app/imgrs/THUMBS%20500X500/239292.JPG,0,0,"[""89""]",1.349.000,2026-05-11 15:30:52
842070201644,LONCHAS JAMON IBERICO DE CEBO,LONCHAS JAMON IBERICO DE CEBO,LONCHAS JAMON IBERICO DE CEBO,insert,1,https://riba.app/imgrs/THUMBS%20500X500/237355.JPG,tabs/detalle-producto/237355,1.069.000,1.069.000,1.069.000,USD,1,,"{""MARCA"":[""MARCOS SALAMANCA""],""CATEGORIA"":[""Embutidos""]}","[""Embutidos""]",,https://riba.app/imgrs/THUMBS%20500X500/237355.JPG,0,0,"[""89""]",1.069.000,2026-05-11 15:30:52
842070201823,CHORIZO IBERICO BELLOTA LONCHA,CHORIZO IBERICO BELLOTA LONCHA,CHORIZO IBERICO BELLOTA LONCHA,insert,1,https://riba.app/imgrs/THUMBS%20500X500/239336.JPG,tabs/detalle-producto/239336,475.000,475.000,475.000,USD,1,,"{""MARCA"":[""MARCOS SALAMANCA""],""CATEGORIA"":[""Embutidos""]}","[""Embutidos""]",,https://riba.app/imgrs/THUMBS%20500X500/239336.JPG,0,0,"[""89""]",475.000,2026-05-11 15:30:52
842070201825,LONCHAS SALCHICHON IBE BELLOTA,LONCHAS SALCHICHON IBE BELLOTA,LONCHAS SALCHICHON IBE BELLOTA,insert,1,https://riba.app/imgrs/THUMBS%20500X500/239324.JPG,tabs/detalle-producto/239324,475.000,475.000,475.000,USD,1,,"{""MARCA"":[""MARCOS SALAMANCA""],""CATEGORIA"":[""Embutidos""]}","[""Embutidos""]",,https://riba.app/imgrs/THUMBS%20500X500/239324.JPG,0,0,"[""89""]",475.000,2026-05-11 15:30:52
842070201834,CHORIZO IBERICO LONCHAS,CHORIZO IBERICO LONCHAS,CHORIZO IBERICO LONCHAS,insert,1,https://riba.app/imgrs/THUMBS%20500X500/237356.JPG,tabs/detalle-producto/237356,358.000,358.000,358.000,USD,1,,"{""MARCA"":[""MARCOS SALAMANCA""],""CATEGORIA"":[""Embutidos""]}","[""Embutidos""]",,https://riba.app/imgrs/THUMBS%20500X500/237356.JPG,0,0,"[""89""]",358.000,2026-05-11 15:30:52
842070201851,LONCHAS CAÑA LOMO BELLOTA IBER,LONCHAS CAÑA LOMO BELLOTA IBER,LONCHAS CAÑA LOMO BELLOTA IBER,insert,1,https://riba.app/imgrs/THUMBS%20500X500/239297.JPG,tabs/detalle-producto/239297,749.000,749.000,749.000,USD,1,,"{""MARCA"":[""MARCOS SALAMANCA""],""CATEGORIA"":[""Embutidos""]}","[""Embutidos""]",,https://riba.app/imgrs/THUMBS%20500X500/239297.JPG,0,0,"[""89""]",749.000,2026-05-11 15:30:52
842070201886,SLCN IBERICO BELLOTA P CH SL,SLCN IBERICO BELLOTA P CH SL,SLCN IBERICO BELLOTA P CH SL,insert,1,https://riba.app/imgrs/THUMBS%20500X500/215407.JPG,tabs/detalle-producto/215407,560.000,560.000,560.000,USD,1,,"{""MARCA"":[""MARCOS SALAMANCA""],""CATEGORIA"":[""Embutidos""]}","[""Embutidos""]",,https://riba.app/imgrs/THUMBS%20500X500/215407.JPG,0,0,"[""89""]",560.000,2026-05-11 15:30:52
842070201887,SLCN IBERICO BELLOTA P L CH SL,SLCN IBERICO BELLOTA P L CH SL,SLCN IBERICO BELLOTA P L CH SL,insert,1,https://riba.app/imgrs/THUMBS%20500X500/215408.JPG,tabs/detalle-producto/215408,804.000,804.000,804.000,USD,1,,"{""MARCA"":[""MARCOS SALAMANCA""],""CATEGORIA"":[""Embutidos""]}","[""Embutidos""]",,https://riba.app/imgrs/THUMBS%20500X500/215408.JPG,0,0,"[""89""]",804.000,2026-05-11 15:30:52
842070201888,SLCN IBERICO BELLOTA J L CH SL,SLCN IBERICO BELLOTA J L CH SL,SLCN IBERICO BELLOTA J L CH SL,insert,1,https://riba.app/imgrs/THUMBS%20500X500/215409.JPG,tabs/detalle-producto/215409,1.379.000,1.379.000,1.379.000,USD,1,,"{""MARCA"":[""MARCOS SALAMANCA""],""CATEGORIA"":[""Embutidos""]}","[""Embutidos""]",,https://riba.app/imgrs/THUMBS%20500X500/215409.JPG,0,0,"[""89""]",1.379.000,2026-05-11 15:30:52
842070202079,CHORIZO IBERICO BELLOTA TROZOS,CHORIZO IBERICO BELLOTA TROZOS,CHORIZO IBERICO BELLOTA TROZOS,insert,1,https://riba.app/imgrs/THUMBS%20500X500/215406.JPG,tabs/detalle-producto/215406,565.000,565.000,565.000,USD,1,,"{""MARCA"":[""MARCOS SALAMANCA""],""CATEGORIA"":[""Embutidos""]}","[""Embutidos""]",,https://riba.app/imgrs/THUMBS%20500X500/215406.JPG,0,0,"[""89""]",565.000,2026-05-11 15:30:52
842087800014,CHORIZO ORIGINAL,CHORIZO ORIGINAL,CHORIZO ORIGINAL,insert,1,https://riba.app/imgrs/THUMBS%20500X500/338167.JPG,tabs/detalle-producto/338167,495.000,495.000,495.000,USD,1,,"{""MARCA"":[""PALACIOS""],""CATEGORIA"":[""Embutidos""]}","[""Embutidos""]",,https://riba.app/imgrs/THUMBS%20500X500/338167.JPG,0,0,"[""89""]",495.000,2026-05-11 15:30:52
842087800038,SPICY CHORIZO,SPICY CHORIZO,SPICY CHORIZO,insert,1,https://riba.app/imgrs/THUMBS%20500X500/338169.JPG,tabs/detalle-producto/338169,495.000,495.000,495.000,USD,1,,"{""MARCA"":[""PALACIOS""],""CATEGORIA"":[""Embutidos""]}","[""Embutidos""]",,https://riba.app/imgrs/THUMBS%20500X500/338169.JPG,0,0,"[""89""]",495.000,2026-05-11 15:30:52
842087801498,CHORIZO STRING SABOR CASERO,CHORIZO STRING SABOR CASERO,CHORIZO STRING SABOR CASERO,insert,1,https://riba.app/imgrs/THUMBS%20500X500/338171.JPG,tabs/detalle-producto/338171,353.000,353.000,353.000,USD,1,,"{""MARCA"":[""PALACIOS""],""CATEGORIA"":[""Embutidos""]}","[""Embutidos""]",,https://riba.app/imgrs/THUMBS%20500X500/338171.JPG,0,0,"[""89""]",353.000,2026-05-11 15:30:52
842087858008,CHORIZO IBERICO,CHORIZO IBERICO,CHORIZO IBERICO,insert,1,https://riba.app/imgrs/THUMBS%20500X500/338170.JPG,tabs/detalle-producto/338170,877.000,877.000,877.000,USD,1,,"{""MARCA"":[""PALACIOS""],""CATEGORIA"":[""Embutidos""]}","[""Embutidos""]",,https://riba.app/imgrs/THUMBS%20500X500/338170.JPG,0,0,"[""89""]",877.000,2026-05-11 15:30:52
842087861296,CHICKEN STYLE BURGER REVOGREEN,CHICKEN STYLE BURGER REVOGREEN,CHICKEN STYLE BURGER REVOGREEN,insert,1,https://riba.app/imgrs/THUMBS%20500X500/338161.JPG,tabs/detalle-producto/338161,413.000,413.000,413.000,USD,1,,"{""MARCA"":[""REVOLU GREEN""],""CATEGORIA"":[""Dietas Especiales""]}","[""Dietas Especiales""]",,https://riba.app/imgrs/THUMBS%20500X500/338161.JPG,0,0,"[""93""]",413.000,2026-05-11 15:30:52
842222910120,CHORIZO CON VINO ,CHORIZO CON VINO ,CHORIZO CON VINO ,insert,1,https://riba.app/imgrs/THUMBS%20500X500/313599.JPG,tabs/detalle-producto/313599,501.000,501.000,501.000,USD,1,,"{""MARCA"":[""MARTINEZ SOMALO""],""CATEGORIA"":[""Embutidos""]}","[""Embutidos""]",,https://riba.app/imgrs/THUMBS%20500X500/313599.JPG,0,0,"[""89""]",501.000,2026-05-11 15:30:52
842222911300,CHORIZO BBQ GLUTEN FREE,CHORIZO BBQ GLUTEN FREE,CHORIZO BBQ GLUTEN FREE,insert,1,https://riba.app/imgrs/THUMBS%20500X500/313608.JPG,tabs/detalle-producto/313608,595.000,595.000,595.000,USD,1,,"{""MARCA"":[""MARTINEZ SOMALO""],""CATEGORIA"":[""Embutidos""]}","[""Embutidos""]",,https://riba.app/imgrs/THUMBS%20500X500/313608.JPG,0,0,"[""89""]",595.000,2026-05-11 15:30:52
842222913000,CHORIZO SARTA EXTRA LGRIOJANA ,CHORIZO SARTA EXTRA LGRIOJANA ,CHORIZO SARTA EXTRA LGRIOJANA ,insert,1,https://riba.app/imgrs/THUMBS%20500X500/313606.JPG,tabs/detalle-producto/313606,535.000,535.000,535.000,USD,1,,"{""MARCA"":[""MARTINEZ SOMALO""],""CATEGORIA"":[""Embutidos""]}","[""Embutidos""]",,https://riba.app/imgrs/THUMBS%20500X500/313606.JPG,0,0,"[""89""]",535.000,2026-05-11 15:30:52
842222913200,SALCHICHON SARTA TRADICION,SALCHICHON SARTA TRADICION,SALCHICHON SARTA TRADICION,insert,1,https://riba.app/imgrs/THUMBS%20500X500/313602.JPG,tabs/detalle-producto/313602,535.000,535.000,535.000,USD,1,,"{""MARCA"":[""MARTINEZ SOMALO""],""CATEGORIA"":[""Embutidos""]}","[""Embutidos""]",,https://riba.app/imgrs/THUMBS%20500X500/313602.JPG,0,0,"[""89""]",535.000,2026-05-11 15:30:52
842222919800,CHORIZO EXTRA LONCHEADO ,CHORIZO EXTRA LONCHEADO ,CHORIZO EXTRA LONCHEADO ,insert,1,https://riba.app/imgrs/THUMBS%20500X500/313598.JPG,tabs/detalle-producto/313598,264.000,264.000,264.000,USD,1,,"{""MARCA"":[""MARTINEZ SOMALO""],""CATEGORIA"":[""Embutidos""]}","[""Embutidos""]",,https://riba.app/imgrs/THUMBS%20500X500/313598.JPG,0,0,"[""89""]",264.000,2026-05-11 15:30:52
842222959000,JAMON DUROC LGRIOJANA ,JAMON DUROC LGRIOJANA ,JAMON DUROC LGRIOJANA ,insert,1,https://riba.app/imgrs/THUMBS%20500X500/313596.JPG,tabs/detalle-producto/313596,445.000,445.000,445.000,USD,1,,"{""MARCA"":[""MARTINEZ SOMALO""],""CATEGORIA"":[""Embutidos""]}","[""Embutidos""]",,https://riba.app/imgrs/THUMBS%20500X500/313596.JPG,0,0,"[""89""]",445.000,2026-05-11 15:30:52
842222959500,JAMON SERRANO GRAN RESERVA ,JAMON SERRANO GRAN RESERVA ,JAMON SERRANO GRAN RESERVA ,insert,1,https://riba.app/imgrs/THUMBS%20500X500/313374.JPG,tabs/detalle-producto/313374,375.000,375.000,375.000,USD,1,,"{""MARCA"":[""MARTINEZ SOMALO""],""CATEGORIA"":[""Embutidos""]}","[""Embutidos""]",,https://riba.app/imgrs/THUMBS%20500X500/313374.JPG,0,0,"[""89""]",375.000,2026-05-11 15:30:52
84223400010,GARDEIN CHICK'N STRIPS ORIGNAL,GARDEIN CHICK'N STRIPS ORIGNAL,GARDEIN CHICK'N STRIPS ORIGNAL,insert,1,https://riba.app/imgrs/THUMBS%20500X500/349889.JPG,tabs/detalle-producto/349889,1.250.000,1.250.000,1.250.000,USD,1,,"{""MARCA"":[""GARDEIN""],""CATEGORIA"":[""Dietas Especiales""]}","[""Dietas Especiales""]",,https://riba.app/imgrs/THUMBS%20500X500/349889.JPG,0,0,"[""93""]",1.250.000,2026-05-11 15:30:52
84223400051,GRDEIN HOME STYLE BEFLEES TIPS,GRDEIN HOME STYLE BEFLEES TIPS,GRDEIN HOME STYLE BEFLEES TIPS,insert,1,https://riba.app/imgrs/THUMBS%20500X500/200467.JPG,tabs/detalle-producto/200467,850.000,850.000,850.000,USD,1,,"{""MARCA"":[""GARDEIN""],""CATEGORIA"":[""Dietas Especiales""]}","[""Dietas Especiales""]",,https://riba.app/imgrs/THUMBS%20500X500/200467.JPG,0,0,"[""93""]",850.000,2026-05-11 15:30:52
84223400082,ULTIMATE BEEFLESS BURGER,ULTIMATE BEEFLESS BURGER,ULTIMATE BEEFLESS BURGER,insert,1,https://riba.app/imgrs/THUMBS%20500X500/200474.JPG,tabs/detalle-producto/200474,911.000,911.000,911.000,USD,1,,"{""MARCA"":[""GARDEIN""],""CATEGORIA"":[""Hamburguesas""]}","[""Hamburguesas""]",,https://riba.app/imgrs/THUMBS%20500X500/200474.JPG,0,0,"[""94""]",911.000,2026-05-11 15:30:52
84223400098,BEEFLESS GROUND GARDEIN,BEEFLESS GROUND GARDEIN,BEEFLESS GROUND GARDEIN,insert,1,https://riba.app/imgrs/THUMBS%20500X500/232748.JPG,tabs/detalle-producto/232748,915.000,915.000,915.000,USD,1,,"{""MARCA"":[""GARDEIN""],""CATEGORIA"":[""Dietas Especiales""]}","[""Dietas Especiales""]",,https://riba.app/imgrs/THUMBS%20500X500/232748.JPG,0,0,"[""93""]",915.000,2026-05-11 15:30:52
84223400162,GARDEIN CHICK'N STRIPS,GARDEIN CHICK'N STRIPS,GARDEIN CHICK'N STRIPS,insert,1,https://riba.app/imgrs/THUMBS%20500X500/349894.JPG,tabs/detalle-producto/349894,895.000,895.000,895.000,USD,1,,"{""MARCA"":[""GARDEIN""],""CATEGORIA"":[""Dietas Especiales""]}","[""Dietas Especiales""]",,https://riba.app/imgrs/THUMBS%20500X500/349894.JPG,0,0,"[""93""]",895.000,2026-05-11 15:30:52
84223400232,GARDEIN ULTIMATE FILET CHICKN,GARDEIN ULTIMATE FILET CHICKN,GARDEIN ULTIMATE FILET CHICKN,insert,1,https://riba.app/imgrs/THUMBS%20500X500/315376.JPG,tabs/detalle-producto/315376,1.388.000,1.388.000,1.388.000,USD,1,,"{""MARCA"":[""GARDEIN""],""CATEGORIA"":[""Dietas Especiales""]}","[""Dietas Especiales""]",,https://riba.app/imgrs/THUMBS%20500X500/315376.JPG,0,0,"[""93""]",1.388.000,2026-05-11 15:30:52
84223400233,CHICKEN NUGGETS GARDEIN,CHICKEN NUGGETS GARDEIN,CHICKEN NUGGETS GARDEIN,insert,1,https://riba.app/imgrs/THUMBS%20500X500/307402.JPG,tabs/detalle-producto/307402,1.388.000,1.388.000,1.388.000,USD,1,,"{""MARCA"":[""GARDEIN""],""CATEGORIA"":[""Dietas Especiales""]}","[""Dietas Especiales""]",,https://riba.app/imgrs/THUMBS%20500X500/307402.JPG,0,0,"[""93""]",1.388.000,2026-05-11 15:30:52
84223400234,ULTIMATE CHICKS TENDERS,ULTIMATE CHICKS TENDERS,ULTIMATE CHICKS TENDERS,insert,1,https://riba.app/imgrs/THUMBS%20500X500/306914.JPG,tabs/detalle-producto/306914,1.388.000,1.388.000,1.388.000,USD,1,,"{""MARCA"":[""GARDEIN""],""CATEGORIA"":[""Dietas Especiales""]}","[""Dietas Especiales""]",,https://riba.app/imgrs/THUMBS%20500X500/306914.JPG,0,0,"[""93""]",1.388.000,2026-05-11 15:30:52
84223400719,GARDEIN WINGS BUFALO PLNT BSD,GARDEIN WINGS BUFALO PLNT BSD,GARDEIN WINGS BUFALO PLNT BSD,insert,1,https://riba.app/imgrs/THUMBS%20500X500/315387.JPG,tabs/detalle-producto/315387,1.305.000,1.305.000,1.305.000,USD,1,,"{""MARCA"":[""GARDEIN""],""CATEGORIA"":[""Dietas Especiales""]}","[""Dietas Especiales""]",,https://riba.app/imgrs/THUMBS%20500X500/315387.JPG,0,0,"[""93""]",1.305.000,2026-05-11 15:30:52
842632242517,CASAPONSA SALAMI MINI,CASAPONSA SALAMI MINI,CASAPONSA SALAMI MINI,insert,1,https://riba.app/imgrs/THUMBS%20500X500/313635.JPG,tabs/detalle-producto/313635,637.000,637.000,637.000,USD,1,,"{""MARCA"":[""CASAPONSA""],""CATEGORIA"":[""Embutidos""]}","[""Embutidos""]",,https://riba.app/imgrs/THUMBS%20500X500/313635.JPG,0,0,"[""89""]",637.000,2026-05-11 15:30:52
842632242520,FUET NATURAL CASAPONSA,FUET NATURAL CASAPONSA,FUET NATURAL CASAPONSA,insert,1,https://riba.app/imgrs/THUMBS%20500X500/267722.JPG,tabs/detalle-producto/267722,504.000,504.000,504.000,USD,1,,"{""MARCA"":[""CASAPONSA""],""CATEGORIA"":[""Embutidos""]}","[""Embutidos""]",,https://riba.app/imgrs/THUMBS%20500X500/267722.JPG,0,0,"[""89""]",504.000,2026-05-11 15:30:52
842632242541,SALAMI MINI A LA PIMIENTA ,SALAMI MINI A LA PIMIENTA ,SALAMI MINI A LA PIMIENTA ,insert,1,https://riba.app/imgrs/THUMBS%20500X500/313636.JPG,tabs/detalle-producto/313636,685.000,685.000,685.000,USD,1,,"{""MARCA"":[""CASAPONSA""],""CATEGORIA"":[""Embutidos""]}","[""Embutidos""]",,https://riba.app/imgrs/THUMBS%20500X500/313636.JPG,0,0,"[""89""]",685.000,2026-05-11 15:30:52
842632242736,SALAMI MINI CON ACEITUNAS ,SALAMI MINI CON ACEITUNAS ,SALAMI MINI CON ACEITUNAS ,insert,1,https://riba.app/imgrs/THUMBS%20500X500/313637.JPG,tabs/detalle-producto/313637,637.000,637.000,637.000,USD,1,,"{""MARCA"":[""CASAPONSA""],""CATEGORIA"":[""Embutidos""]}","[""Embutidos""]",,https://riba.app/imgrs/THUMBS%20500X500/313637.JPG,0,0,"[""89""]",637.000,2026-05-11 15:30:52
842632243132,CASAPONSA SALAMI MINI CON QUES,CASAPONSA SALAMI MINI CON QUES,CASAPONSA SALAMI MINI CON QUES,insert,1,https://riba.app/imgrs/THUMBS%20500X500/345366.JPG,tabs/detalle-producto/345366,637.000,637.000,637.000,USD,1,,"{""MARCA"":[""CASAPONSA""],""CATEGORIA"":[""Embutidos""]}","[""Embutidos""]",,https://riba.app/imgrs/THUMBS%20500X500/345366.JPG,0,0,"[""89""]",637.000,2026-05-11 15:30:52
842782811305,ESCALOPAS DE FOIE GRAS DE PATO,ESCALOPAS DE FOIE GRAS DE PATO,ESCALOPAS DE FOIE GRAS DE PATO,insert,1,https://riba.app/imgrs/THUMBS%20500X500/346240.JPG,tabs/detalle-producto/346240,3.398.000,3.398.000,3.398.000,USD,1,,"{""MARCA"":[""IMPERIA FOIE GRAS""],""CATEGORIA"":[""Carnes""]}","[""Carnes""]",,https://riba.app/imgrs/THUMBS%20500X500/346240.JPG,0,0,"[""90""]",3.398.000,2026-05-11 15:30:52
842782840100,MUSLO DE PATO EN CONFIT,MUSLO DE PATO EN CONFIT,MUSLO DE PATO EN CONFIT,insert,1,https://riba.app/imgrs/THUMBS%20500X500/243996.JPG,tabs/detalle-producto/243996,1.350.000,1.350.000,1.350.000,USD,1,,"{""MARCA"":[""IMPERIA FOIE GRAS""],""CATEGORIA"":[""Carnes""]}","[""Carnes""]",,https://riba.app/imgrs/THUMBS%20500X500/243996.JPG,0,0,"[""90""]",1.350.000,2026-05-11 15:30:52
842782860020,JAMON CURADO DE PATO,JAMON CURADO DE PATO,JAMON CURADO DE PATO,insert,1,https://riba.app/imgrs/THUMBS%20500X500/243984.JPG,tabs/detalle-producto/243984,1.025.000,1.025.000,1.025.000,USD,1,,"{""MARCA"":[""IMPERIA FOIE GRAS""],""CATEGORIA"":[""Embutidos""]}","[""Embutidos""]",,https://riba.app/imgrs/THUMBS%20500X500/243984.JPG,0,0,"[""89""]",1.025.000,2026-05-11 15:30:52
843600993020,LONGANIZA IBERICA DE BELLOTA,LONGANIZA IBERICA DE BELLOTA,LONGANIZA IBERICA DE BELLOTA,insert,1,https://riba.app/imgrs/THUMBS%20500X500/309430.JPG,tabs/detalle-producto/309430,2.406.000,2.406.000,2.406.000,USD,1,,"{""MARCA"":[""CARRASCO""],""CATEGORIA"":[""Embutidos""]}","[""Embutidos""]",,https://riba.app/imgrs/THUMBS%20500X500/309430.JPG,0,0,"[""89""]",2.406.000,2026-05-11 15:30:52
843657075206,JAMON IBERICO CEBO 100GR,JAMON IBERICO CEBO 100GR,JAMON IBERICO CEBO 100GR,insert,1,https://riba.app/imgrs/THUMBS%20500X500/337107.JPG,tabs/detalle-producto/337107,876.000,876.000,876.000,USD,1,,"{""MARCA"":[""CESAR NIETO""],""CATEGORIA"":[""Embutidos""]}","[""Embutidos""]",,https://riba.app/imgrs/THUMBS%20500X500/337107.JPG,0,0,"[""89""]",876.000,2026-05-11 15:30:52
843657075209,JAMON IBERICO BELLOTA +36,JAMON IBERICO BELLOTA +36,JAMON IBERICO BELLOTA +36,insert,1,https://riba.app/imgrs/THUMBS%20500X500/337112.JPG,tabs/detalle-producto/337112,1.895.000,1.895.000,1.895.000,USD,1,,"{""MARCA"":[""CESAR NIETO""],""CATEGORIA"":[""Embutidos""]}","[""Embutidos""]",,https://riba.app/imgrs/THUMBS%20500X500/337112.JPG,0,0,"[""89""]",1.895.000,2026-05-11 15:30:52
843657075231,PALETA DE CEBO IBERICA,PALETA DE CEBO IBERICA,PALETA DE CEBO IBERICA,insert,1,https://riba.app/imgrs/THUMBS%20500X500/337109.JPG,tabs/detalle-producto/337109,813.000,813.000,813.000,USD,1,,"{""MARCA"":[""CESAR NIETO""],""CATEGORIA"":[""Embutidos""]}","[""Embutidos""]",,https://riba.app/imgrs/THUMBS%20500X500/337109.JPG,0,0,"[""89""]",813.000,2026-05-11 15:30:52
843657075239,LOMO DE BELLOTA IBERICO,LOMO DE BELLOTA IBERICO,LOMO DE BELLOTA IBERICO,insert,1,https://riba.app/imgrs/THUMBS%20500X500/337110.JPG,tabs/detalle-producto/337110,795.000,795.000,795.000,USD,1,,"{""MARCA"":[""CESAR NIETO""],""CATEGORIA"":[""Embutidos""]}","[""Embutidos""]",,https://riba.app/imgrs/THUMBS%20500X500/337110.JPG,0,0,"[""89""]",795.000,2026-05-11 15:30:52
843657075247,CHORIZO DE BELLOTA IBERICO,CHORIZO DE BELLOTA IBERICO,CHORIZO DE BELLOTA IBERICO,insert,1,https://riba.app/imgrs/THUMBS%20500X500/337108.JPG,tabs/detalle-producto/337108,545.000,545.000,545.000,USD,1,,"{""MARCA"":[""CESAR NIETO""],""CATEGORIA"":[""Embutidos""]}","[""Embutidos""]",,https://riba.app/imgrs/THUMBS%20500X500/337108.JPG,0,0,"[""89""]",545.000,2026-05-11 15:30:52
843657075664,JAMON IBERICO GF +30,JAMON IBERICO GF +30,JAMON IBERICO GF +30,insert,1,https://riba.app/imgrs/THUMBS%20500X500/337111.JPG,tabs/detalle-producto/337111,1.395.000,1.395.000,1.395.000,USD,1,,"{""MARCA"":[""CESAR NIETO""],""CATEGORIA"":[""Embutidos""]}","[""Embutidos""]",,https://riba.app/imgrs/THUMBS%20500X500/337111.JPG,0,0,"[""89""]",1.395.000,2026-05-11 15:30:52
843700018374,JAMON IBERICO BELLOTA GRAN RSV,JAMON IBERICO BELLOTA GRAN RSV,JAMON IBERICO BELLOTA GRAN RSV,insert,1,https://riba.app/imgrs/THUMBS%20500X500/219373.JPG,tabs/detalle-producto/219373,2.695.000,2.695.000,2.695.000,USD,1,,"{""MARCA"":[""JOSELITO ""],""CATEGORIA"":[""Embutidos""]}","[""Embutidos""]",,https://riba.app/imgrs/THUMBS%20500X500/219373.JPG,0,0,"[""89""]",2.695.000,2026-05-11 15:30:52
843701303039,PALETA LONCHEADA GRAN RESERVA,PALETA LONCHEADA GRAN RESERVA,PALETA LONCHEADA GRAN RESERVA,insert,1,https://riba.app/imgrs/THUMBS%20500X500/219374.JPG,tabs/detalle-producto/219374,2.060.000,2.060.000,2.060.000,USD,1,,"{""MARCA"":[""JOSELITO ""],""CATEGORIA"":[""Embutidos""]}","[""Embutidos""]",,https://riba.app/imgrs/THUMBS%20500X500/219374.JPG,0,0,"[""89""]",2.060.000,2026-05-11 15:30:52
843701303040,LOMO LONCHEADO,LOMO LONCHEADO,LOMO LONCHEADO,insert,1,https://riba.app/imgrs/THUMBS%20500X500/219376.JPG,tabs/detalle-producto/219376,1.370.000,1.370.000,1.370.000,USD,1,,"{""MARCA"":[""JOSELITO ""],""CATEGORIA"":[""Embutidos""]}","[""Embutidos""]",,https://riba.app/imgrs/THUMBS%20500X500/219376.JPG,0,0,"[""89""]",1.370.000,2026-05-11 15:30:52
843701303042,SALCHICHON LONCHEADO,SALCHICHON LONCHEADO,SALCHICHON LONCHEADO,insert,1,https://riba.app/imgrs/THUMBS%20500X500/219378.JPG,tabs/detalle-producto/219378,1.078.000,1.078.000,1.078.000,USD,1,,"{""MARCA"":[""JOSELITO ""],""CATEGORIA"":[""Embutidos""]}","[""Embutidos""]",,https://riba.app/imgrs/THUMBS%20500X500/219378.JPG,0,0,"[""89""]",1.078.000,2026-05-11 15:30:52
84498800014,AROS DE POLLO,AROS DE POLLO,AROS DE POLLO,insert,1,https://riba.app/imgrs/THUMBS%20500X500/194469.JPG,tabs/detalle-producto/194469,431.000,431.000,431.000,USD,1,,"{""MARCA"":[""MELO""],""CATEGORIA"":[""Carnes Preparadas""]}","[""Carnes Preparadas""]",,https://riba.app/imgrs/THUMBS%20500X500/194469.JPG,0,0,"[""95""]",431.000,2026-05-11 15:30:52
84498800020,FIL PECHUGA ESPECIAS MIXTAS,FIL PECHUGA ESPECIAS MIXTAS,FIL PECHUGA ESPECIAS MIXTAS,insert,1,https://riba.app/imgrs/THUMBS%20500X500/220617.JPG,tabs/detalle-producto/220617,616.000,616.000,616.000,USD,1,,"{""MARCA"":[""MELO""],""CATEGORIA"":[""Carnes Preparadas""]}","[""Carnes Preparadas""]",,https://riba.app/imgrs/THUMBS%20500X500/220617.JPG,0,0,"[""95""]",616.000,2026-05-11 15:30:52
85000420709,BEYOND BEEF PLNT BSE GROUND,BEYOND BEEF PLNT BSE GROUND,BEYOND BEEF PLNT BSE GROUND,insert,1,https://riba.app/imgrs/THUMBS%20500X500/280339.JPG,tabs/detalle-producto/280339,1.358.000,1.358.000,1.358.000,USD,1,,"{""MARCA"":[""BEYOND MEAT""],""CATEGORIA"":[""Dietas Especiales""]}","[""Dietas Especiales""]",,https://riba.app/imgrs/THUMBS%20500X500/280339.JPG,0,0,"[""93""]",1.358.000,2026-05-11 15:30:52
85000420731,BRKSFT SAUSAGE PATTY SPICE,BRKSFT SAUSAGE PATTY SPICE,BRKSFT SAUSAGE PATTY SPICE,insert,1,https://riba.app/imgrs/THUMBS%20500X500/299393.JPG,tabs/detalle-producto/299393,902.000,902.000,902.000,USD,1,,"{""MARCA"":[""BEYOND MEAT""],""CATEGORIA"":[""Dietas Especiales""]}","[""Dietas Especiales""]",,https://riba.app/imgrs/THUMBS%20500X500/299393.JPG,0,0,"[""93""]",902.000,2026-05-11 15:30:52
85000420747,BRKSFT SAUSAGE LINK BEYOND MEA,BRKSFT SAUSAGE LINK BEYOND MEA,BRKSFT SAUSAGE LINK BEYOND MEA,insert,1,https://riba.app/imgrs/THUMBS%20500X500/299392.JPG,tabs/detalle-producto/299392,993.000,993.000,993.000,USD,1,,"{""MARCA"":[""BEYOND MEAT""],""CATEGORIA"":[""Dietas Especiales""]}","[""Dietas Especiales""]",,https://riba.app/imgrs/THUMBS%20500X500/299392.JPG,0,0,"[""93""]",993.000,2026-05-11 15:30:52
85000420778,ITALIAN SAUSAGE MEATBALL BEYON,ITALIAN SAUSAGE MEATBALL BEYON,ITALIAN SAUSAGE MEATBALL BEYON,insert,1,https://riba.app/imgrs/THUMBS%20500X500/301237.JPG,tabs/detalle-producto/301237,1.035.000,1.035.000,1.035.000,USD,1,,"{""MARCA"":[""BEYOND MEAT""],""CATEGORIA"":[""Dietas Especiales""]}","[""Dietas Especiales""]",,https://riba.app/imgrs/THUMBS%20500X500/301237.JPG,0,0,"[""93""]",1.035.000,2026-05-11 15:30:52
85002804240,WORT MEAT SLICES HAM,WORT MEAT SLICES HAM,WORT MEAT SLICES HAM,insert,1,https://riba.app/imgrs/THUMBS%20500X500/340831.JPG,tabs/detalle-producto/340831,692.000,692.000,692.000,USD,1,,"{""MARCA"":[""WORTHINGTON""],""CATEGORIA"":[""Dietas Especiales""]}","[""Dietas Especiales""]",,https://riba.app/imgrs/THUMBS%20500X500/340831.JPG,0,0,"[""93""]",692.000,2026-05-11 15:30:52
85002804245,WORT DELI CLICED SALAMI ,WORT DELI CLICED SALAMI ,WORT DELI CLICED SALAMI ,insert,1,https://riba.app/imgrs/THUMBS%20500X500/340835.JPG,tabs/detalle-producto/340835,692.000,692.000,692.000,USD,1,,"{""MARCA"":[""WORTHINGTON""],""CATEGORIA"":[""Dietas Especiales""]}","[""Dietas Especiales""]",,https://riba.app/imgrs/THUMBS%20500X500/340835.JPG,0,0,"[""93""]",692.000,2026-05-11 15:30:52
85002804252,WORT DELI SLICES VEGAN TURKEY ,WORT DELI SLICES VEGAN TURKEY ,WORT DELI SLICES VEGAN TURKEY ,insert,1,https://riba.app/imgrs/THUMBS%20500X500/340832.JPG,tabs/detalle-producto/340832,692.000,692.000,692.000,USD,1,,"{""MARCA"":[""WORTHINGTON""],""CATEGORIA"":[""Dietas Especiales""]}","[""Dietas Especiales""]",,https://riba.app/imgrs/THUMBS%20500X500/340832.JPG,0,0,"[""93""]",692.000,2026-05-11 15:30:52
85002804255,WORTH SLICED ROAST TURKEY ,WORTH SLICED ROAST TURKEY ,WORTH SLICED ROAST TURKEY ,insert,1,https://riba.app/imgrs/THUMBS%20500X500/340837.JPG,tabs/detalle-producto/340837,692.000,692.000,692.000,USD,1,,"{""MARCA"":[""WORTHINGTON""],""CATEGORIA"":[""Dietas Especiales""]}","[""Dietas Especiales""]",,https://riba.app/imgrs/THUMBS%20500X500/340837.JPG,0,0,"[""93""]",692.000,2026-05-11 15:30:52
85003616803,REAL GOOD CHICKEN NUGGETS,REAL GOOD CHICKEN NUGGETS,REAL GOOD CHICKEN NUGGETS,insert,1,https://riba.app/imgrs/THUMBS%20500X500/351659.JPG,tabs/detalle-producto/351659,1.360.000,1.360.000,1.360.000,USD,1,,"{""MARCA"":[""REAL GOOD""],""CATEGORIA"":[""Carnes Preparadas""]}","[""Carnes Preparadas""]",,https://riba.app/imgrs/THUMBS%20500X500/351659.JPG,0,0,"[""95""]",1.360.000,2026-05-11 15:30:52
85003616805,REAL GOOD CHICKEN STRIPS,REAL GOOD CHICKEN STRIPS,REAL GOOD CHICKEN STRIPS,insert,1,https://riba.app/imgrs/THUMBS%20500X500/351662.JPG,tabs/detalle-producto/351662,1.360.000,1.360.000,1.360.000,USD,1,,"{""MARCA"":[""REAL GOOD""],""CATEGORIA"":[""Carnes Preparadas""]}","[""Carnes Preparadas""]",,https://riba.app/imgrs/THUMBS%20500X500/351662.JPG,0,0,"[""95""]",1.360.000,2026-05-11 15:30:52
85073200600,CREMINELLI PROSCIUTTO,CREMINELLI PROSCIUTTO,CREMINELLI PROSCIUTTO,insert,1,https://riba.app/imgrs/THUMBS%20500X500/335108.JPG,tabs/detalle-producto/335108,594.000,594.000,594.000,USD,1,,"{""MARCA"":[""CREMINELLI""],""CATEGORIA"":[""Embutidos""]}","[""Embutidos""]",,https://riba.app/imgrs/THUMBS%20500X500/335108.JPG,0,0,"[""89""]",594.000,2026-05-11 15:30:52
85073200603,SLICED CALABRESE,SLICED CALABRESE,SLICED CALABRESE,insert,1,https://riba.app/imgrs/THUMBS%20500X500/334537.JPG,tabs/detalle-producto/334537,594.000,594.000,594.000,USD,1,,"{""MARCA"":[""CREMINELLI""],""CATEGORIA"":[""Embutidos""]}","[""Embutidos""]",,https://riba.app/imgrs/THUMBS%20500X500/334537.JPG,0,0,"[""89""]",594.000,2026-05-11 15:30:52
85073200604,CREMINELLI SLICED VARZI,CREMINELLI SLICED VARZI,CREMINELLI SLICED VARZI,insert,1,https://riba.app/imgrs/THUMBS%20500X500/334536.JPG,tabs/detalle-producto/334536,594.000,594.000,594.000,USD,1,,"{""MARCA"":[""CREMINELLI""],""CATEGORIA"":[""Embutidos""]}","[""Embutidos""]",,https://riba.app/imgrs/THUMBS%20500X500/334536.JPG,0,0,"[""89""]",594.000,2026-05-11 15:30:52
85073200634,CREMI SLICED FELINO MANCHEGO ,CREMI SLICED FELINO MANCHEGO ,CREMI SLICED FELINO MANCHEGO ,insert,1,https://riba.app/imgrs/THUMBS%20500X500/335109.JPG,tabs/detalle-producto/335109,594.000,594.000,594.000,USD,1,,"{""MARCA"":[""CREMINELLI""],""CATEGORIA"":[""Embutidos""]}","[""Embutidos""]",,https://riba.app/imgrs/THUMBS%20500X500/335109.JPG,0,0,"[""89""]",594.000,2026-05-11 15:30:52
85073200643,CREMINELL SLICED CALABRESE SMO,CREMINELL SLICED CALABRESE SMO,CREMINELL SLICED CALABRESE SMO,insert,1,https://riba.app/imgrs/THUMBS%20500X500/335111.JPG,tabs/detalle-producto/335111,594.000,594.000,594.000,USD,1,,"{""MARCA"":[""CREMINELLI""],""CATEGORIA"":[""Embutidos""]}","[""Embutidos""]",,https://riba.app/imgrs/THUMBS%20500X500/335111.JPG,0,0,"[""89""]",594.000,2026-05-11 15:30:52
85073200644,CRMNLLI SLICED PROSCTTO MOZZAR,CRMNLLI SLICED PROSCTTO MOZZAR,CRMNLLI SLICED PROSCTTO MOZZAR,insert,1,https://riba.app/imgrs/THUMBS%20500X500/335112.JPG,tabs/detalle-producto/335112,594.000,594.000,594.000,USD,1,,"{""MARCA"":[""CREMINELLI""],""CATEGORIA"":[""Embutidos""]}","[""Embutidos""]",,https://riba.app/imgrs/THUMBS%20500X500/335112.JPG,0,0,"[""89""]",594.000,2026-05-11 15:30:52
85073200645,CREMNL SLICED CASALIG GOUDA,CREMNL SLICED CASALIG GOUDA,CREMNL SLICED CASALIG GOUDA,insert,1,https://riba.app/imgrs/THUMBS%20500X500/335110.JPG,tabs/detalle-producto/335110,700.000,700.000,700.000,USD,1,,"{""MARCA"":[""CREMINELLI""],""CATEGORIA"":[""Embutidos""]}","[""Embutidos""]",,https://riba.app/imgrs/THUMBS%20500X500/335110.JPG,0,0,"[""89""]",700.000,2026-05-11 15:30:52
85073200673,CREMINELI SOPRESSAT MONTERRY ,CREMINELI SOPRESSAT MONTERRY ,CREMINELI SOPRESSAT MONTERRY ,insert,1,https://riba.app/imgrs/THUMBS%20500X500/335113.JPG,tabs/detalle-producto/335113,594.000,594.000,594.000,USD,1,,"{""MARCA"":[""CREMINELLI""],""CATEGORIA"":[""Embutidos""]}","[""Embutidos""]",,https://riba.app/imgrs/THUMBS%20500X500/335113.JPG,0,0,"[""89""]",594.000,2026-05-11 15:30:52
85247300610,INTOKU VINTAGE AKAUSHI GR BEEF,INTOKU VINTAGE AKAUSHI GR BEEF,INTOKU VINTAGE AKAUSHI GR BEEF,insert,1,https://riba.app/imgrs/THUMBS%20500X500/297165.JPG,tabs/detalle-producto/297165,1.425.000,1.425.000,1.425.000,USD,1,,"{""MARCA"":[""INTOKU""],""CATEGORIA"":[""Carnes""]}","[""Carnes""]",,https://riba.app/imgrs/THUMBS%20500X500/297165.JPG,0,0,"[""90""]",1.425.000,2026-05-11 15:30:52
85247300623,INTOKU GRAND WET AGED STEAK B,INTOKU GRAND WET AGED STEAK B,INTOKU GRAND WET AGED STEAK B,insert,1,https://riba.app/imgrs/THUMBS%20500X500/336517.JPG,tabs/detalle-producto/336517,1.446.000,1.446.000,1.446.000,USD,1,,"{""MARCA"":[""INTOKU""],""CATEGORIA"":[""Hamburguesas""]}","[""Hamburguesas""]",,https://riba.app/imgrs/THUMBS%20500X500/336517.JPG,0,0,"[""94""]",1.446.000,2026-05-11 15:30:52
85247300624,INTOKU DRY AGED STEAK BURGER ,INTOKU DRY AGED STEAK BURGER ,INTOKU DRY AGED STEAK BURGER ,insert,1,https://riba.app/imgrs/THUMBS%20500X500/344885.JPG,tabs/detalle-producto/344885,2.429.000,2.429.000,2.429.000,USD,1,,"{""MARCA"":[""INTOKU""],""CATEGORIA"":[""Carnes""]}","[""Carnes""]",,https://riba.app/imgrs/THUMBS%20500X500/344885.JPG,0,0,"[""90""]",2.429.000,2026-05-11 15:30:52
85262900458,"BEEF FREE, BEYOND BURGER PTS","BEEF FREE, BEYOND BURGER PTS","BEEF FREE, BEYOND BURGER PTS",insert,1,https://riba.app/imgrs/THUMBS%20500X500/279259.JPG,tabs/detalle-producto/279259,912.000,912.000,912.000,USD,1,,"{""MARCA"":[""BEYOND MEAT""],""CATEGORIA"":[""Dietas Especiales""]}","[""Dietas Especiales""]",,https://riba.app/imgrs/THUMBS%20500X500/279259.JPG,0,0,"[""93""]",912.000,2026-05-11 15:30:52
85262900460,BEEF FREE CRUMBLES BEYONDMEAT,BEEF FREE CRUMBLES BEYONDMEAT,BEEF FREE CRUMBLES BEYONDMEAT,insert,1,https://riba.app/imgrs/THUMBS%20500X500/279260.JPG,tabs/detalle-producto/279260,742.000,742.000,742.000,USD,1,,"{""MARCA"":[""BEYOND MEAT""],""CATEGORIA"":[""Dietas Especiales""]}","[""Dietas Especiales""]",,https://riba.app/imgrs/THUMBS%20500X500/279260.JPG,0,0,"[""93""]",742.000,2026-05-11 15:30:52
85262900475,BYND SAUSAGE HOT ITAALIAN,BYND SAUSAGE HOT ITAALIAN,BYND SAUSAGE HOT ITAALIAN,insert,1,https://riba.app/imgrs/THUMBS%20500X500/279261.JPG,tabs/detalle-producto/279261,1.306.000,1.306.000,1.306.000,USD,1,,"{""MARCA"":[""BEYOND MEAT""],""CATEGORIA"":[""Dietas Especiales""]}","[""Dietas Especiales""]",,https://riba.app/imgrs/THUMBS%20500X500/279261.JPG,0,0,"[""93""]",1.306.000,2026-05-11 15:30:52
85262900477,BYND SAUSAGE ORG BRAT,BYND SAUSAGE ORG BRAT,BYND SAUSAGE ORG BRAT,insert,1,https://riba.app/imgrs/THUMBS%20500X500/279262.JPG,tabs/detalle-producto/279262,1.306.000,1.306.000,1.306.000,USD,1,,"{""MARCA"":[""BEYOND MEAT""],""CATEGORIA"":[""Dietas Especiales""]}","[""Dietas Especiales""]",,https://riba.app/imgrs/THUMBS%20500X500/279262.JPG,0,0,"[""93""]",1.306.000,2026-05-11 15:30:52
85262900489,BEYOND BRKFST SAUSG PATTY CLSC,BEYOND BRKFST SAUSG PATTY CLSC,BEYOND BRKFST SAUSG PATTY CLSC,insert,1,https://riba.app/imgrs/THUMBS%20500X500/288422.JPG,tabs/detalle-producto/288422,902.000,902.000,902.000,USD,1,,"{""MARCA"":[""BEYOND MEAT""],""CATEGORIA"":[""Dietas Especiales""]}","[""Dietas Especiales""]",,https://riba.app/imgrs/THUMBS%20500X500/288422.JPG,0,0,"[""93""]",902.000,2026-05-11 15:30:52
85493400748,CAULIPOWER ORIG CHICKEN TENDER,CAULIPOWER ORIG CHICKEN TENDER,CAULIPOWER ORIG CHICKEN TENDER,insert,1,https://riba.app/imgrs/THUMBS%20500X500/289155.JPG,tabs/detalle-producto/289155,1.302.000,1.302.000,1.302.000,USD,1,,"{""MARCA"":[""CAULIPOWER""],""CATEGORIA"":[""Carnes Preparadas""]}","[""Carnes Preparadas""]",,https://riba.app/imgrs/THUMBS%20500X500/289155.JPG,0,0,"[""95""]",1.302.000,2026-05-11 15:30:52
85493400749,CAULIPOWER SPICY CHKN TENDER ,CAULIPOWER SPICY CHKN TENDER ,CAULIPOWER SPICY CHKN TENDER ,insert,1,https://riba.app/imgrs/THUMBS%20500X500/327467.JPG,tabs/detalle-producto/327467,1.461.000,1.461.000,1.461.000,USD,1,,"{""MARCA"":[""CAULIPOWER""],""CATEGORIA"":[""Carnes Preparadas""]}","[""Carnes Preparadas""]",,https://riba.app/imgrs/THUMBS%20500X500/327467.JPG,0,0,"[""95""]",1.461.000,2026-05-11 15:30:52
8569660803,MORINU TOFU SOFT,MORINU TOFU SOFT,MORINU TOFU SOFT,insert,1,https://riba.app/imgrs/THUMBS%20500X500/123000.JPG,tabs/detalle-producto/123000,395.000,395.000,395.000,USD,1,,"{""MARCA"":[""MORI-NU""],""CATEGORIA"":[""Dietas Especiales""]}","[""Dietas Especiales""]",,https://riba.app/imgrs/THUMBS%20500X500/123000.JPG,0,0,"[""93""]",395.000,2026-05-11 15:30:52
8569660910,MORI-NU SILKEN ORG SOFT TOFU,MORI-NU SILKEN ORG SOFT TOFU,MORI-NU SILKEN ORG SOFT TOFU,insert,1,https://riba.app/imgrs/THUMBS%20500X500/309224.JPG,tabs/detalle-producto/309224,426.000,426.000,426.000,USD,1,,"{""MARCA"":[""MORI-NU""],""CATEGORIA"":[""Dietas Especiales""]}","[""Dietas Especiales""]",,https://riba.app/imgrs/THUMBS%20500X500/309224.JPG,0,0,"[""93""]",426.000,2026-05-11 15:30:52
8590750006,SALCHICHAS DE POLLO ORIGINAL,SALCHICHAS DE POLLO ORIGINAL,SALCHICHAS DE POLLO ORIGINAL,insert,1,https://riba.app/imgrs/THUMBS%20500X500/20569.JPG,tabs/detalle-producto/20569,93.000,93.000,93.000,USD,1,,"{""MARCA"":[""CORONA""],""CATEGORIA"":[""Conservas""]}","[""Conservas""]",,https://riba.app/imgrs/THUMBS%20500X500/20569.JPG,0,0,"[""88""]",93.000,2026-05-11 15:30:52
88831300047,NATHANS ALL NATURAL BEEF ,NATHANS ALL NATURAL BEEF ,NATHANS ALL NATURAL BEEF ,insert,1,https://riba.app/imgrs/THUMBS%20500X500/278397.JPG,tabs/detalle-producto/278397,814.000,814.000,814.000,USD,1,,"{""MARCA"":[""NATHAN S""],""CATEGORIA"":[""Embutidos""]}","[""Embutidos""]",,https://riba.app/imgrs/THUMBS%20500X500/278397.JPG,0,0,"[""89""]",814.000,2026-05-11 15:30:52
88831391404,NATHAN JUMBO BEEF FRANKS,NATHAN JUMBO BEEF FRANKS,NATHAN JUMBO BEEF FRANKS,insert,1,https://riba.app/imgrs/THUMBS%20500X500/290268.JPG,tabs/detalle-producto/290268,860.000,860.000,860.000,USD,1,,"{""MARCA"":[""NATHAN S""],""CATEGORIA"":[""Embutidos""]}","[""Embutidos""]",,https://riba.app/imgrs/THUMBS%20500X500/290268.JPG,0,0,"[""89""]",860.000,2026-05-11 15:30:52
88831391492,NATHANS CHEDDAR CHEE,NATHANS CHEDDAR CHEE,NATHANS CHEDDAR CHEE,insert,1,https://riba.app/imgrs/THUMBS%20500X500/193181.JPG,tabs/detalle-producto/193181,860.000,860.000,860.000,USD,1,,"{""MARCA"":[""NATHAN S""],""CATEGORIA"":[""Embutidos""]}","[""Embutidos""]",,https://riba.app/imgrs/THUMBS%20500X500/193181.JPG,0,0,"[""89""]",860.000,2026-05-11 15:30:52
88831391499,NATHAN FRANKS BEEF SKINLESS,NATHAN FRANKS BEEF SKINLESS,NATHAN FRANKS BEEF SKINLESS,insert,1,https://riba.app/imgrs/THUMBS%20500X500/191991.JPG,tabs/detalle-producto/191991,860.000,860.000,860.000,USD,1,,"{""MARCA"":[""NATHAN S""],""CATEGORIA"":[""Embutidos""]}","[""Embutidos""]",,https://riba.app/imgrs/THUMBS%20500X500/191991.JPG,0,0,"[""89""]",860.000,2026-05-11 15:30:52
88831391799,ANGUS BEEF FRANKS GLUT FREE,ANGUS BEEF FRANKS GLUT FREE,ANGUS BEEF FRANKS GLUT FREE,insert,1,https://riba.app/imgrs/THUMBS%20500X500/221275.JPG,tabs/detalle-producto/221275,860.000,860.000,860.000,USD,1,,"{""MARCA"":[""NATHAN S""],""CATEGORIA"":[""Embutidos""]}","[""Embutidos""]",,https://riba.app/imgrs/THUMBS%20500X500/221275.JPG,0,0,"[""89""]",860.000,2026-05-11 15:30:52
89634528428,CARNE MOLIDA DE POLLO PASTOREO,CARNE MOLIDA DE POLLO PASTOREO,CARNE MOLIDA DE POLLO PASTOREO,insert,1,https://riba.app/imgrs/THUMBS%20500X500/348412.JPG,tabs/detalle-producto/348412,1.655.000,1.655.000,1.655.000,USD,1,,"{""MARCA"":[""PANAMA NATURALS""],""CATEGORIA"":[""Carnes""]}","[""Carnes""]",,https://riba.app/imgrs/THUMBS%20500X500/348412.JPG,0,0,"[""90""]",1.655.000,2026-05-11 15:30:52