SKU,Product Name,Short Description,Long Description,Action,Sellable,Thumbnail image url,Product page url,Price,Price min,Price max,Currency code,Visibility,Custom attributes,Attributes,Categories,Variant attributes,Full Size Image URL,Review Score,Review Count,Categories ids,Compare At Price,Creation Date
1237011700,FONDO DE PAELLA,FONDO DE PAELLA,FONDO DE PAELLA,insert,1,https://riba.app/imgrs/THUMBS%20500X500/15133.JPG,https://tusitio.com/tabs/detalle-producto/15133,0,0,0,USD,1,,"{""MARCA"":[""ORBE""],""CATEGORIA"":[""Conservas""]}","[""Conservas""]",,https://riba.app/imgrs/THUMBS%20500X500/15133.JPG,0,0,88,0,2026-05-08 10:00:23
1529219985,MOREYS SALMON SEASONED GRILL,MOREYS SALMON SEASONED GRILL,MOREYS SALMON SEASONED GRILL,insert,1,https://riba.app/imgrs/THUMBS%20500X500/356979.JPG,https://tusitio.com/tabs/detalle-producto/356979,0,0,0,USD,1,,"{""MARCA"":[""SEA PAK""],""CATEGORIA"":[""Pescados""]}","[""Pescados""]",,https://riba.app/imgrs/THUMBS%20500X500/356979.JPG,0,0,103,0,2026-05-08 10:00:23
1529220446,MOREY WILD SALMON SEASONED,MOREY WILD SALMON SEASONED,MOREY WILD SALMON SEASONED,insert,1,https://riba.app/imgrs/THUMBS%20500X500/345888.JPG,https://tusitio.com/tabs/detalle-producto/345888,0,0,0,USD,1,,"{""MARCA"":[""SEA PAK""],""CATEGORIA"":[""Pescados""]}","[""Pescados""]",,https://riba.app/imgrs/THUMBS%20500X500/345888.JPG,0,0,103,0,2026-05-08 10:00:23
1529220461,WILD SALMON SEASONED GRIL,WILD SALMON SEASONED GRIL,WILD SALMON SEASONED GRIL,insert,1,https://riba.app/imgrs/THUMBS%20500X500/345892.JPG,https://tusitio.com/tabs/detalle-producto/345892,0,0,0,USD,1,,"{""MARCA"":[""SEA PAK""],""CATEGORIA"":[""Pescados""]}","[""Pescados""]",,https://riba.app/imgrs/THUMBS%20500X500/345892.JPG,0,0,103,0,2026-05-08 10:00:23
1529220471,WILD SALMON SWEET BOURBON,WILD SALMON SWEET BOURBON,WILD SALMON SWEET BOURBON,insert,1,https://riba.app/imgrs/THUMBS%20500X500/345891.JPG,https://tusitio.com/tabs/detalle-producto/345891,0,0,0,USD,1,,"{""MARCA"":[""SEA PAK""],""CATEGORIA"":[""Pescados""]}","[""Pescados""]",,https://riba.app/imgrs/THUMBS%20500X500/345891.JPG,0,0,103,0,2026-05-08 10:00:23
1529220476,MOREY WILD SALMON HERB,MOREY WILD SALMON HERB,MOREY WILD SALMON HERB,insert,1,https://riba.app/imgrs/THUMBS%20500X500/345890.JPG,https://tusitio.com/tabs/detalle-producto/345890,0,0,0,USD,1,,"{""MARCA"":[""SEA PAK""],""CATEGORIA"":[""Pescados""]}","[""Pescados""]",,https://riba.app/imgrs/THUMBS%20500X500/345890.JPG,0,0,103,0,2026-05-08 10:00:23
1529220709,WILD SALMON STEAKHOUSE,WILD SALMON STEAKHOUSE,WILD SALMON STEAKHOUSE,insert,1,https://riba.app/imgrs/THUMBS%20500X500/345893.JPG,https://tusitio.com/tabs/detalle-producto/345893,0,0,0,USD,1,,"{""MARCA"":[""SEA PAK""],""CATEGORIA"":[""Pescados""]}","[""Pescados""]",,https://riba.app/imgrs/THUMBS%20500X500/345893.JPG,0,0,103,0,2026-05-08 10:00:23
1529220725,MOREY SALMON STEAKHOUSE,MOREY SALMON STEAKHOUSE,MOREY SALMON STEAKHOUSE,insert,1,https://riba.app/imgrs/THUMBS%20500X500/345889.JPG,https://tusitio.com/tabs/detalle-producto/345889,0,0,0,USD,1,,"{""MARCA"":[""SEA PAK""],""CATEGORIA"":[""Pescados""]}","[""Pescados""]",,https://riba.app/imgrs/THUMBS%20500X500/345889.JPG,0,0,103,0,2026-05-08 10:00:23
1529223423,MOREYS TILAPIA SWEET CHILI,MOREYS TILAPIA SWEET CHILI,MOREYS TILAPIA SWEET CHILI,insert,1,https://riba.app/imgrs/THUMBS%20500X500/350542.JPG,https://tusitio.com/tabs/detalle-producto/350542,0,0,0,USD,1,,"{""MARCA"":[""SEA PAK""],""CATEGORIA"":[""Pescados""]}","[""Pescados""]",,https://riba.app/imgrs/THUMBS%20500X500/350542.JPG,0,0,103,0,2026-05-08 10:00:23
2010000006,BEACH CLIFF SARDINES ACEITE,BEACH CLIFF SARDINES ACEITE,BEACH CLIFF SARDINES ACEITE,insert,1,https://riba.app/imgrs/THUMBS%20500X500/27449.JPG,https://tusitio.com/tabs/detalle-producto/27449,0,0,0,USD,1,,"{""MARCA"":[""BEACH CLIFF""],""CATEGORIA"":[""Conservas""]}","[""Conservas""]",,https://riba.app/imgrs/THUMBS%20500X500/27449.JPG,0,0,88,0,2026-05-08 10:00:23
20290500000,COLA DE LANGOSTINO DELIFISH,COLA DE LANGOSTINO DELIFISH,COLA DE LANGOSTINO DELIFISH,insert,1,https://riba.app/imgrs/THUMBS%20500X500/26423.JPG,https://tusitio.com/tabs/detalle-producto/26423,0,0,0,USD,1,,"{""MARCA"":[""DELI FISH""],""CATEGORIA"":[""Frutos Del Mar""]}","[""Frutos Del Mar""]",,https://riba.app/imgrs/THUMBS%20500X500/26423.JPG,0,0,102,0,2026-05-08 10:00:23
20291000000,CAMARON ROJO CONGELADO DELI F,CAMARON ROJO CONGELADO DELI F,CAMARON ROJO CONGELADO DELI F,insert,1,https://riba.app/imgrs/THUMBS%20500X500/26425.JPG,https://tusitio.com/tabs/detalle-producto/26425,0,0,0,USD,1,,"{""MARCA"":[""DELI FISH""],""CATEGORIA"":[""Frutos Del Mar""]}","[""Frutos Del Mar""]",,https://riba.app/imgrs/THUMBS%20500X500/26425.JPG,0,0,102,0,2026-05-08 10:00:23
20291100000,CAMARON ROJO(DEVENADO),CAMARON ROJO(DEVENADO),CAMARON ROJO(DEVENADO),insert,1,https://riba.app/imgrs/THUMBS%20500X500/26426.JPG,https://tusitio.com/tabs/detalle-producto/26426,0,0,0,USD,1,,"{""MARCA"":[""DELI FISH""],""CATEGORIA"":[""Frutos Del Mar""]}","[""Frutos Del Mar""]",,https://riba.app/imgrs/THUMBS%20500X500/26426.JPG,0,0,102,0,2026-05-08 10:00:23
20291300000,ALMEJAS LIMPIAS DELI FISH,ALMEJAS LIMPIAS DELI FISH,ALMEJAS LIMPIAS DELI FISH,insert,1,https://riba.app/imgrs/THUMBS%20500X500/26428.JPG,https://tusitio.com/tabs/detalle-producto/26428,0,0,0,USD,1,,"{""MARCA"":[""DELI FISH""],""CATEGORIA"":[""Frutos Del Mar""]}","[""Frutos Del Mar""]",,https://riba.app/imgrs/THUMBS%20500X500/26428.JPG,0,0,102,0,2026-05-08 10:00:23
20291400000,CONCHA NEGRA DELI FISH,CONCHA NEGRA DELI FISH,CONCHA NEGRA DELI FISH,insert,1,https://riba.app/imgrs/THUMBS%20500X500/26429.JPG,https://tusitio.com/tabs/detalle-producto/26429,0,0,0,USD,1,,"{""MARCA"":[""DELI FISH""],""CATEGORIA"":[""Frutos Del Mar""]}","[""Frutos Del Mar""]",,https://riba.app/imgrs/THUMBS%20500X500/26429.JPG,0,0,102,0,2026-05-08 10:00:23
20291500000,PULPO EMPACADO,PULPO EMPACADO,PULPO EMPACADO,insert,1,https://riba.app/imgrs/THUMBS%20500X500/26430.JPG,https://tusitio.com/tabs/detalle-producto/26430,0,0,0,USD,1,,"{""MARCA"":[""DELI FISH""],""CATEGORIA"":[""Frutos Del Mar""]}","[""Frutos Del Mar""]",,https://riba.app/imgrs/THUMBS%20500X500/26430.JPG,0,0,102,0,2026-05-08 10:00:23
20291700000,PIQUEO DE MARISCO DELI FISH,PIQUEO DE MARISCO DELI FISH,PIQUEO DE MARISCO DELI FISH,insert,1,https://riba.app/imgrs/THUMBS%20500X500/26432.JPG,https://tusitio.com/tabs/detalle-producto/26432,0,0,0,USD,1,,"{""MARCA"":[""DELI FISH""],""CATEGORIA"":[""Frutos Del Mar""]}","[""Frutos Del Mar""]",,https://riba.app/imgrs/THUMBS%20500X500/26432.JPG,0,0,102,0,2026-05-08 10:00:23
20291900000,FILETE DE CORVINA PORCIONADO,FILETE DE CORVINA PORCIONADO,FILETE DE CORVINA PORCIONADO,insert,1,https://riba.app/imgrs/THUMBS%20500X500/216367.JPG,https://tusitio.com/tabs/detalle-producto/216367,0,0,0,USD,1,,"{""MARCA"":[""DELI FISH""],""CATEGORIA"":[""Pescados""]}","[""Pescados""]",,https://riba.app/imgrs/THUMBS%20500X500/216367.JPG,0,0,103,0,2026-05-08 10:00:23
20292400000,FILETE DE CORVINATA DELI FISH,FILETE DE CORVINATA DELI FISH,FILETE DE CORVINATA DELI FISH,insert,1,https://riba.app/imgrs/THUMBS%20500X500/26437.JPG,https://tusitio.com/tabs/detalle-producto/26437,0,0,0,USD,1,,"{""MARCA"":[""DELI FISH""],""CATEGORIA"":[""Pescados""]}","[""Pescados""]",,https://riba.app/imgrs/THUMBS%20500X500/26437.JPG,0,0,103,0,2026-05-08 10:00:23
20293500000,BASTONES DE CANGREJO (BANDEJA),BASTONES DE CANGREJO (BANDEJA),BASTONES DE CANGREJO (BANDEJA),insert,1,https://riba.app/imgrs/THUMBS%20500X500/26443.JPG,https://tusitio.com/tabs/detalle-producto/26443,0,0,0,USD,1,,"{""MARCA"":[""DELI FISH""],""CATEGORIA"":[""Frutos Del Mar""]}","[""Frutos Del Mar""]",,https://riba.app/imgrs/THUMBS%20500X500/26443.JPG,0,0,102,0,2026-05-08 10:00:23
20294300000,ANILLOS DE CALAMAR (BANDEJA),ANILLOS DE CALAMAR (BANDEJA),ANILLOS DE CALAMAR (BANDEJA),insert,1,https://riba.app/imgrs/THUMBS%20500X500/26448.JPG,https://tusitio.com/tabs/detalle-producto/26448,0,0,0,USD,1,,"{""MARCA"":[""DELI FISH""],""CATEGORIA"":[""Frutos Del Mar""]}","[""Frutos Del Mar""]",,https://riba.app/imgrs/THUMBS%20500X500/26448.JPG,0,0,102,0,2026-05-08 10:00:23
20295500000,CALAMAR TUBO,CALAMAR TUBO,CALAMAR TUBO,insert,1,https://riba.app/imgrs/THUMBS%20500X500/116951.JPG,https://tusitio.com/tabs/detalle-producto/116951,0,0,0,USD,1,,"{""MARCA"":[""DELI FISH""],""CATEGORIA"":[""Frutos Del Mar""]}","[""Frutos Del Mar""]",,https://riba.app/imgrs/THUMBS%20500X500/116951.JPG,0,0,102,0,2026-05-08 10:00:23
20296800000,FILETE DE TILAPIA,FILETE DE TILAPIA,FILETE DE TILAPIA,insert,1,https://riba.app/imgrs/THUMBS%20500X500/172522.JPG,https://tusitio.com/tabs/detalle-producto/172522,0,0,0,USD,1,,"{""MARCA"":[""DELI FISH""],""CATEGORIA"":[""Pescados""]}","[""Pescados""]",,https://riba.app/imgrs/THUMBS%20500X500/172522.JPG,0,0,103,0,2026-05-08 10:00:23
2130005,COCTEL DE CORVINA  Y MANZANA,COCTEL DE CORVINA  Y MANZANA,COCTEL DE CORVINA  Y MANZANA,insert,1,https://riba.app/imgrs/THUMBS%20500X500/209998.JPG,https://tusitio.com/tabs/detalle-producto/209998,0,0,0,USD,1,,"{""MARCA"":[""RIMITH""],""CATEGORIA"":[""Ceviche""]}","[""Ceviche""]",,https://riba.app/imgrs/THUMBS%20500X500/209998.JPG,0,0,105,0,2026-05-08 10:00:23
2130127,COCTEL DE CORVINA Y MANZANA,COCTEL DE CORVINA Y MANZANA,COCTEL DE CORVINA Y MANZANA,insert,1,https://riba.app/imgrs/THUMBS%20500X500/9180.JPG,https://tusitio.com/tabs/detalle-producto/9180,0,0,0,USD,1,,"{""MARCA"":[""RIMITH""],""CATEGORIA"":[""Ceviche""]}","[""Ceviche""]",,https://riba.app/imgrs/THUMBS%20500X500/9180.JPG,0,0,105,0,2026-05-08 10:00:23
2130170,COCTEL DE CORVINA Y MANZANA,COCTEL DE CORVINA Y MANZANA,COCTEL DE CORVINA Y MANZANA,insert,1,https://riba.app/imgrs/THUMBS%20500X500/59435.JPG,https://tusitio.com/tabs/detalle-producto/59435,0,0,0,USD,1,,"{""MARCA"":[""RIMITH""],""CATEGORIA"":[""Ceviche""]}","[""Ceviche""]",,https://riba.app/imgrs/THUMBS%20500X500/59435.JPG,0,0,105,0,2026-05-08 10:00:23
21302000000,LANGOSTINO ENTERO FRESCO GRAND,LANGOSTINO ENTERO FRESCO GRAND,LANGOSTINO ENTERO FRESCO GRAND,insert,1,https://riba.app/imgrs/THUMBS%20500X500/21473.JPG,https://tusitio.com/tabs/detalle-producto/21473,0,0,0,USD,1,,"{""MARCA"":[""MARISCOS""],""CATEGORIA"":[""Frutos Del Mar""]}","[""Frutos Del Mar""]",,https://riba.app/imgrs/THUMBS%20500X500/21473.JPG,0,0,102,0,2026-05-08 10:00:23
21302100000,COLA DE LANGOSTINO FRESCO,COLA DE LANGOSTINO FRESCO,COLA DE LANGOSTINO FRESCO,insert,1,https://riba.app/imgrs/THUMBS%20500X500/21438.JPG,https://tusitio.com/tabs/detalle-producto/21438,0,0,0,USD,1,,"{""MARCA"":[""MARISCOS""],""CATEGORIA"":[""Frutos Del Mar""]}","[""Frutos Del Mar""]",,https://riba.app/imgrs/THUMBS%20500X500/21438.JPG,0,0,102,0,2026-05-08 10:00:23
21302300000,ALMEJAS PELADAS,ALMEJAS PELADAS,ALMEJAS PELADAS,insert,1,https://riba.app/imgrs/THUMBS%20500X500/21442.JPG,https://tusitio.com/tabs/detalle-producto/21442,0,0,0,USD,1,,"{""MARCA"":[""MARISCOS""],""CATEGORIA"":[""Frutos Del Mar""]}","[""Frutos Del Mar""]",,https://riba.app/imgrs/THUMBS%20500X500/21442.JPG,0,0,102,0,2026-05-08 10:00:23
21302500000,CONCHA NEGRA DELI FISH (SUELTA,CONCHA NEGRA DELI FISH (SUELTA,CONCHA NEGRA DELI FISH (SUELTA,insert,1,https://riba.app/imgrs/THUMBS%20500X500/26463.JPG,https://tusitio.com/tabs/detalle-producto/26463,0,0,0,USD,1,,"{""MARCA"":[""DELI FISH""],""CATEGORIA"":[""Frutos Del Mar""]}","[""Frutos Del Mar""]",,https://riba.app/imgrs/THUMBS%20500X500/26463.JPG,0,0,102,0,2026-05-08 10:00:23
2130288,CEVICHE DE CAMARON,CEVICHE DE CAMARON,CEVICHE DE CAMARON,insert,1,https://riba.app/imgrs/THUMBS%20500X500/342378.JPG,https://tusitio.com/tabs/detalle-producto/342378,0,0,0,USD,1,,"{""MARCA"":[""RIMITH""],""CATEGORIA"":[""Ceviche""]}","[""Ceviche""]",,https://riba.app/imgrs/THUMBS%20500X500/342378.JPG,0,0,105,0,2026-05-08 10:00:23
2130289,CEVICHE DE CAMARON,CEVICHE DE CAMARON,CEVICHE DE CAMARON,insert,1,https://riba.app/imgrs/THUMBS%20500X500/342379.JPG,https://tusitio.com/tabs/detalle-producto/342379,0,0,0,USD,1,,"{""MARCA"":[""RIMITH""],""CATEGORIA"":[""Ceviche""]}","[""Ceviche""]",,https://riba.app/imgrs/THUMBS%20500X500/342379.JPG,0,0,105,0,2026-05-08 10:00:23
2130291,COCTEL DE CAMARON,COCTEL DE CAMARON,COCTEL DE CAMARON,insert,1,https://riba.app/imgrs/THUMBS%20500X500/342381.JPG,https://tusitio.com/tabs/detalle-producto/342381,0,0,0,USD,1,,"{""MARCA"":[""RIMITH""],""CATEGORIA"":[""Ceviche""]}","[""Ceviche""]",,https://riba.app/imgrs/THUMBS%20500X500/342381.JPG,0,0,105,0,2026-05-08 10:00:23
2130292,COCTEL DE CAMARON,COCTEL DE CAMARON,COCTEL DE CAMARON,insert,1,https://riba.app/imgrs/THUMBS%20500X500/342382.JPG,https://tusitio.com/tabs/detalle-producto/342382,0,0,0,USD,1,,"{""MARCA"":[""RIMITH""],""CATEGORIA"":[""Ceviche""]}","[""Ceviche""]",,https://riba.app/imgrs/THUMBS%20500X500/342382.JPG,0,0,105,0,2026-05-08 10:00:23
21303400000,FILETE DE CORVINA MEDIANA SUEL,FILETE DE CORVINA MEDIANA SUEL,FILETE DE CORVINA MEDIANA SUEL,insert,1,https://riba.app/imgrs/THUMBS%20500X500/26464.JPG,https://tusitio.com/tabs/detalle-producto/26464,0,0,0,USD,1,,"{""MARCA"":[""MARISCOS""],""CATEGORIA"":[""Pescados""]}","[""Pescados""]",,https://riba.app/imgrs/THUMBS%20500X500/26464.JPG,0,0,103,0,2026-05-08 10:00:23
21303500000,FILETE DE ROBALO FRESCO,FILETE DE ROBALO FRESCO,FILETE DE ROBALO FRESCO,insert,1,https://riba.app/imgrs/THUMBS%20500X500/26472.JPG,https://tusitio.com/tabs/detalle-producto/26472,0,0,0,USD,1,,"{""MARCA"":[""MARISCOS""],""CATEGORIA"":[""Pescados""]}","[""Pescados""]",,https://riba.app/imgrs/THUMBS%20500X500/26472.JPG,0,0,103,0,2026-05-08 10:00:23
21304000000,FILETE CORVINATA FRESCO,FILETE CORVINATA FRESCO,FILETE CORVINATA FRESCO,insert,1,https://riba.app/imgrs/THUMBS%20500X500/21465.JPG,https://tusitio.com/tabs/detalle-producto/21465,0,0,0,USD,1,,"{""MARCA"":[""MARISCOS""],""CATEGORIA"":[""Pescados""]}","[""Pescados""]",,https://riba.app/imgrs/THUMBS%20500X500/21465.JPG,0,0,103,0,2026-05-08 10:00:23
21304100000,FILETE DE PARGO BLANCO,FILETE DE PARGO BLANCO,FILETE DE PARGO BLANCO,insert,1,https://riba.app/imgrs/THUMBS%20500X500/26476.JPG,https://tusitio.com/tabs/detalle-producto/26476,0,0,0,USD,1,,"{""MARCA"":[""MARISCOS""],""CATEGORIA"":[""Pescados""]}","[""Pescados""]",,https://riba.app/imgrs/THUMBS%20500X500/26476.JPG,0,0,103,0,2026-05-08 10:00:23
21304200000,FILETE PARGO ROJO FRESCO,FILETE PARGO ROJO FRESCO,FILETE PARGO ROJO FRESCO,insert,1,https://riba.app/imgrs/THUMBS%20500X500/29223.JPG,https://tusitio.com/tabs/detalle-producto/29223,0,0,0,USD,1,,"{""MARCA"":[""MARISCOS""],""CATEGORIA"":[""Pescados""]}","[""Pescados""]",,https://riba.app/imgrs/THUMBS%20500X500/29223.JPG,0,0,103,0,2026-05-08 10:00:23
21304800000,FILETE DE CORVINA CHICA FRESCA,FILETE DE CORVINA CHICA FRESCA,FILETE DE CORVINA CHICA FRESCA,insert,1,https://riba.app/imgrs/THUMBS%20500X500/29229.JPG,https://tusitio.com/tabs/detalle-producto/29229,0,0,0,USD,1,,"{""MARCA"":[""MARISCOS""],""CATEGORIA"":[""Pescados""]}","[""Pescados""]",,https://riba.app/imgrs/THUMBS%20500X500/29229.JPG,0,0,103,0,2026-05-08 10:00:23
21305900000,SALMON EN RODAJAS,SALMON EN RODAJAS,SALMON EN RODAJAS,insert,1,https://riba.app/imgrs/THUMBS%20500X500/24996.JPG,https://tusitio.com/tabs/detalle-producto/24996,0,0,0,USD,1,,"{""MARCA"":[""GOURMAR""],""CATEGORIA"":[""Pescados""]}","[""Pescados""]",,https://riba.app/imgrs/THUMBS%20500X500/24996.JPG,0,0,103,0,2026-05-08 10:00:23
21306900000,SALMON FILETE CONGELADO,SALMON FILETE CONGELADO,SALMON FILETE CONGELADO,insert,1,https://riba.app/imgrs/THUMBS%20500X500/48980.JPG,https://tusitio.com/tabs/detalle-producto/48980,0,0,0,USD,1,,"{""MARCA"":[""GOURMAR""],""CATEGORIA"":[""Pescados""]}","[""Pescados""]",,https://riba.app/imgrs/THUMBS%20500X500/48980.JPG,0,0,103,0,2026-05-08 10:00:23
21307500000,CAMARON ROJO PELADO DEVENADO,CAMARON ROJO PELADO DEVENADO,CAMARON ROJO PELADO DEVENADO,insert,1,https://riba.app/imgrs/THUMBS%20500X500/26466.JPG,https://tusitio.com/tabs/detalle-producto/26466,0,0,0,USD,1,,"{""MARCA"":[""MARISCOS""],""CATEGORIA"":[""Frutos Del Mar""]}","[""Frutos Del Mar""]",,https://riba.app/imgrs/THUMBS%20500X500/26466.JPG,0,0,102,0,2026-05-08 10:00:23
21309200000,BASTONES DE CANGREJO,BASTONES DE CANGREJO,BASTONES DE CANGREJO,insert,1,https://riba.app/imgrs/THUMBS%20500X500/26471.JPG,https://tusitio.com/tabs/detalle-producto/26471,0,0,0,USD,1,,"{""MARCA"":[""MARISCOS""],""CATEGORIA"":[""Frutos Del Mar""]}","[""Frutos Del Mar""]",,https://riba.app/imgrs/THUMBS%20500X500/26471.JPG,0,0,102,0,2026-05-08 10:00:23
21309700000,CALAMAR EN TUBO,CALAMAR EN TUBO,CALAMAR EN TUBO,insert,1,https://riba.app/imgrs/THUMBS%20500X500/26468.JPG,https://tusitio.com/tabs/detalle-producto/26468,0,0,0,USD,1,,"{""MARCA"":[""MARISCOS""],""CATEGORIA"":[""Frutos Del Mar""]}","[""Frutos Del Mar""]",,https://riba.app/imgrs/THUMBS%20500X500/26468.JPG,0,0,102,0,2026-05-08 10:00:23
21310800000,CAMARON ROJO FRESCO,CAMARON ROJO FRESCO,CAMARON ROJO FRESCO,insert,1,https://riba.app/imgrs/THUMBS%20500X500/21436.JPG,https://tusitio.com/tabs/detalle-producto/21436,0,0,0,USD,1,,"{""MARCA"":[""MARISCOS""],""CATEGORIA"":[""Frutos Del Mar""]}","[""Frutos Del Mar""]",,https://riba.app/imgrs/THUMBS%20500X500/21436.JPG,0,0,102,0,2026-05-08 10:00:23
21312500000,MARISCOS MIXTO,MARISCOS MIXTO,MARISCOS MIXTO,insert,1,https://riba.app/imgrs/THUMBS%20500X500/3691.JPG,https://tusitio.com/tabs/detalle-producto/3691,0,0,0,USD,1,,"{""MARCA"":[""MARISCOS""],""CATEGORIA"":[""Frutos Del Mar""]}","[""Frutos Del Mar""]",,https://riba.app/imgrs/THUMBS%20500X500/3691.JPG,0,0,102,0,2026-05-08 10:00:23
21313600000,PULPO ENTERO,PULPO ENTERO,PULPO ENTERO,insert,1,https://riba.app/imgrs/THUMBS%20500X500/26478.JPG,https://tusitio.com/tabs/detalle-producto/26478,0,0,0,USD,1,,"{""MARCA"":[""MARISCOS""],""CATEGORIA"":[""Frutos Del Mar""]}","[""Frutos Del Mar""]",,https://riba.app/imgrs/THUMBS%20500X500/26478.JPG,0,0,102,0,2026-05-08 10:00:23
21324500000,FILETE DE DORADO,FILETE DE DORADO,FILETE DE DORADO,insert,1,https://riba.app/imgrs/THUMBS%20500X500/106784.JPG,https://tusitio.com/tabs/detalle-producto/106784,0,0,0,USD,1,,"{""MARCA"":[""MARISCOS""],""CATEGORIA"":[""Pescados""]}","[""Pescados""]",,https://riba.app/imgrs/THUMBS%20500X500/106784.JPG,0,0,103,0,2026-05-08 10:00:23
21325000000,PULPO PICADO,PULPO PICADO,PULPO PICADO,insert,1,https://riba.app/imgrs/THUMBS%20500X500/111132.JPG,https://tusitio.com/tabs/detalle-producto/111132,0,0,0,USD,1,,"{""MARCA"":[""DELI FISH""],""CATEGORIA"":[""Frutos Del Mar""]}","[""Frutos Del Mar""]",,https://riba.app/imgrs/THUMBS%20500X500/111132.JPG,0,0,102,0,2026-05-08 10:00:23
21325100000,ANILLOS DE CALAMAR,ANILLOS DE CALAMAR,ANILLOS DE CALAMAR,insert,1,https://riba.app/imgrs/THUMBS%20500X500/111625.JPG,https://tusitio.com/tabs/detalle-producto/111625,0,0,0,USD,1,,"{""MARCA"":[""MARISCOS""],""CATEGORIA"":[""Frutos Del Mar""]}","[""Frutos Del Mar""]",,https://riba.app/imgrs/THUMBS%20500X500/111625.JPG,0,0,102,0,2026-05-08 10:00:23
21325900000,COLA DE CAMARON LARGE CASCARA,COLA DE CAMARON LARGE CASCARA,COLA DE CAMARON LARGE CASCARA,insert,1,https://riba.app/imgrs/THUMBS%20500X500/114919.JPG,https://tusitio.com/tabs/detalle-producto/114919,0,0,0,USD,1,,"{""MARCA"":[""MARISCOS""],""CATEGORIA"":[""Frutos Del Mar""]}","[""Frutos Del Mar""]",,https://riba.app/imgrs/THUMBS%20500X500/114919.JPG,0,0,102,0,2026-05-08 10:00:23
21331900000,FILETE DE TILAPIA FRESCO,FILETE DE TILAPIA FRESCO,FILETE DE TILAPIA FRESCO,insert,1,https://riba.app/imgrs/THUMBS%20500X500/177292.JPG,https://tusitio.com/tabs/detalle-producto/177292,0,0,0,USD,1,,"{""MARCA"":[""MARISCOS""],""CATEGORIA"":[""Pescados""]}","[""Pescados""]",,https://riba.app/imgrs/THUMBS%20500X500/177292.JPG,0,0,103,0,2026-05-08 10:00:23
21335300000,LOMO DE ATUN,LOMO DE ATUN,LOMO DE ATUN,insert,1,https://riba.app/imgrs/THUMBS%20500X500/221473.JPG,https://tusitio.com/tabs/detalle-producto/221473,0,0,0,USD,1,,"{""MARCA"":[""MARISCOS""],""CATEGORIA"":[""Pescados""]}","[""Pescados""]",,https://riba.app/imgrs/THUMBS%20500X500/221473.JPG,0,0,103,0,2026-05-08 10:00:23
21336400000,LANGOSTA ROJA VIVA,LANGOSTA ROJA VIVA,LANGOSTA ROJA VIVA,insert,1,https://riba.app/imgrs/THUMBS%20500X500/280498.JPG,https://tusitio.com/tabs/detalle-producto/280498,0,0,0,USD,1,,"{""MARCA"":[""MARISCOS""],""CATEGORIA"":[""Frutos Del Mar""]}","[""Frutos Del Mar""]",,https://riba.app/imgrs/THUMBS%20500X500/280498.JPG,0,0,102,0,2026-05-08 10:00:23
21337300000,BACALAO LARGE BONED,BACALAO LARGE BONED,BACALAO LARGE BONED,insert,1,https://riba.app/imgrs/THUMBS%20500X500/322395.JPG,https://tusitio.com/tabs/detalle-producto/322395,0,0,0,USD,1,,"{""MARCA"":[""MARISCOS""],""CATEGORIA"":[""Pescados""]}","[""Pescados""]",,https://riba.app/imgrs/THUMBS%20500X500/322395.JPG,0,0,103,0,2026-05-08 10:00:23
21337600000,ATUN EN COSTRA DE ESPECIAS,ATUN EN COSTRA DE ESPECIAS,ATUN EN COSTRA DE ESPECIAS,insert,1,https://riba.app/imgrs/THUMBS%20500X500/328472.JPG,https://tusitio.com/tabs/detalle-producto/328472,0,0,0,USD,1,,"{""MARCA"":[""GOURMAR""],""CATEGORIA"":[""Pescados""]}","[""Pescados""]",,https://riba.app/imgrs/THUMBS%20500X500/328472.JPG,0,0,103,0,2026-05-08 10:00:23
2140496,CANELONES DE TUNA CHICO,CANELONES DE TUNA CHICO,CANELONES DE TUNA CHICO,insert,1,https://riba.app/imgrs/THUMBS%20500X500/113377.JPG,https://tusitio.com/tabs/detalle-producto/113377,0,0,0,USD,1,,"{""MARCA"":[""RIMITH""],""CATEGORIA"":[""Comidas Preparadas""]}","[""Comidas Preparadas""]",,https://riba.app/imgrs/THUMBS%20500X500/113377.JPG,0,0,91,0,2026-05-08 10:00:23
2140497,LASAGNA DE MARISCOS HORNEADA,LASAGNA DE MARISCOS HORNEADA,LASAGNA DE MARISCOS HORNEADA,insert,1,https://riba.app/imgrs/THUMBS%20500X500/124926.JPG,https://tusitio.com/tabs/detalle-producto/124926,0,0,0,USD,1,,"{""MARCA"":[""RIMITH""],""CATEGORIA"":[""Comidas Preparadas""]}","[""Comidas Preparadas""]",,https://riba.app/imgrs/THUMBS%20500X500/124926.JPG,0,0,91,0,2026-05-08 10:00:23
2140498,LASAGNA DE TUNA HORNEADA,LASAGNA DE TUNA HORNEADA,LASAGNA DE TUNA HORNEADA,insert,1,https://riba.app/imgrs/THUMBS%20500X500/114091.JPG,https://tusitio.com/tabs/detalle-producto/114091,0,0,0,USD,1,,"{""MARCA"":[""RIMITH""],""CATEGORIA"":[""Comidas Preparadas""]}","[""Comidas Preparadas""]",,https://riba.app/imgrs/THUMBS%20500X500/114091.JPG,0,0,91,0,2026-05-08 10:00:23
2140501,PASTEL DE CAMARON MINI,PASTEL DE CAMARON MINI,PASTEL DE CAMARON MINI,insert,1,https://riba.app/imgrs/THUMBS%20500X500/136738.JPG,https://tusitio.com/tabs/detalle-producto/136738,0,0,0,USD,1,,"{""MARCA"":[""RIMITH""],""CATEGORIA"":[""Comidas Preparadas""]}","[""Comidas Preparadas""]",,https://riba.app/imgrs/THUMBS%20500X500/136738.JPG,0,0,91,0,2026-05-08 10:00:23
2140502,PASTEL DE TUNA HORNEADO,PASTEL DE TUNA HORNEADO,PASTEL DE TUNA HORNEADO,insert,1,https://riba.app/imgrs/THUMBS%20500X500/113737.JPG,https://tusitio.com/tabs/detalle-producto/113737,0,0,0,USD,1,,"{""MARCA"":[""RIMITH""],""CATEGORIA"":[""Comidas Preparadas""]}","[""Comidas Preparadas""]",,https://riba.app/imgrs/THUMBS%20500X500/113737.JPG,0,0,91,0,2026-05-08 10:00:23
2140575,LASAGNA DE TUNA MINI HORNEADA,LASAGNA DE TUNA MINI HORNEADA,LASAGNA DE TUNA MINI HORNEADA,insert,1,https://riba.app/imgrs/THUMBS%20500X500/261974.JPG,https://tusitio.com/tabs/detalle-producto/261974,0,0,0,USD,1,,"{""MARCA"":[""RIMITH""],""CATEGORIA"":[""Comidas Preparadas""]}","[""Comidas Preparadas""]",,https://riba.app/imgrs/THUMBS%20500X500/261974.JPG,0,0,91,0,2026-05-08 10:00:23
2140576,LASAGNA DE MARISCOS MINI HORNE,LASAGNA DE MARISCOS MINI HORNE,LASAGNA DE MARISCOS MINI HORNE,insert,1,https://riba.app/imgrs/THUMBS%20500X500/261975.JPG,https://tusitio.com/tabs/detalle-producto/261975,0,0,0,USD,1,,"{""MARCA"":[""RIMITH""],""CATEGORIA"":[""Comidas Preparadas""]}","[""Comidas Preparadas""]",,https://riba.app/imgrs/THUMBS%20500X500/261975.JPG,0,0,91,0,2026-05-08 10:00:23
2140578,CHUPE DE CAMARONES MINI,CHUPE DE CAMARONES MINI,CHUPE DE CAMARONES MINI,insert,1,https://riba.app/imgrs/THUMBS%20500X500/262472.JPG,https://tusitio.com/tabs/detalle-producto/262472,0,0,0,USD,1,,"{""MARCA"":[""RIMITH""],""CATEGORIA"":[""Comidas Preparadas""]}","[""Comidas Preparadas""]",,https://riba.app/imgrs/THUMBS%20500X500/262472.JPG,0,0,91,0,2026-05-08 10:00:23
2857100043,SARDINA EN SALSA DE TOMATE,SARDINA EN SALSA DE TOMATE,SARDINA EN SALSA DE TOMATE,insert,1,https://riba.app/imgrs/THUMBS%20500X500/125436.JPG,https://tusitio.com/tabs/detalle-producto/125436,0,0,0,USD,1,,"{""MARCA"":[""LA SIRENA""],""CATEGORIA"":[""Conservas""]}","[""Conservas""]",,https://riba.app/imgrs/THUMBS%20500X500/125436.JPG,0,0,88,0,2026-05-08 10:00:23
2857100050,SARDINA LA SIRENA PICANTE OVAL,SARDINA LA SIRENA PICANTE OVAL,SARDINA LA SIRENA PICANTE OVAL,insert,1,https://riba.app/imgrs/THUMBS%20500X500/272150.JPG,https://tusitio.com/tabs/detalle-producto/272150,0,0,0,USD,1,,"{""MARCA"":[""LA SIRENA""],""CATEGORIA"":[""Conservas""]}","[""Conservas""]",,https://riba.app/imgrs/THUMBS%20500X500/272150.JPG,0,0,88,0,2026-05-08 10:00:23
2857100054,SARDINA SALSA TOMATE OVALADA,SARDINA SALSA TOMATE OVALADA,SARDINA SALSA TOMATE OVALADA,insert,1,https://riba.app/imgrs/THUMBS%20500X500/272151.JPG,https://tusitio.com/tabs/detalle-producto/272151,0,0,0,USD,1,,"{""MARCA"":[""LA SIRENA""],""CATEGORIA"":[""Conservas""]}","[""Conservas""]",,https://riba.app/imgrs/THUMBS%20500X500/272151.JPG,0,0,88,0,2026-05-08 10:00:23
2857100060,SARDINA EN SALSA PICANTE,SARDINA EN SALSA PICANTE,SARDINA EN SALSA PICANTE,insert,1,https://riba.app/imgrs/THUMBS%20500X500/125438.JPG,https://tusitio.com/tabs/detalle-producto/125438,0,0,0,USD,1,,"{""MARCA"":[""LA SIRENA""],""CATEGORIA"":[""Conservas""]}","[""Conservas""]",,https://riba.app/imgrs/THUMBS%20500X500/125438.JPG,0,0,88,0,2026-05-08 10:00:23
2857100068,SARDINA EN SALSA DE TOMATE,SARDINA EN SALSA DE TOMATE,SARDINA EN SALSA DE TOMATE,insert,1,https://riba.app/imgrs/THUMBS%20500X500/125432.JPG,https://tusitio.com/tabs/detalle-producto/125432,0,0,0,USD,1,,"{""MARCA"":[""LA SIRENA""],""CATEGORIA"":[""Conservas""]}","[""Conservas""]",,https://riba.app/imgrs/THUMBS%20500X500/125432.JPG,0,0,88,0,2026-05-08 10:00:23
2857100069,SARDINA EN SALSA PICANTE,SARDINA EN SALSA PICANTE,SARDINA EN SALSA PICANTE,insert,1,https://riba.app/imgrs/THUMBS%20500X500/125433.JPG,https://tusitio.com/tabs/detalle-producto/125433,0,0,0,USD,1,,"{""MARCA"":[""LA SIRENA""],""CATEGORIA"":[""Conservas""]}","[""Conservas""]",,https://riba.app/imgrs/THUMBS%20500X500/125433.JPG,0,0,88,0,2026-05-08 10:00:23
2857101034,SARDINA EN ACEITE PICANTE,SARDINA EN ACEITE PICANTE,SARDINA EN ACEITE PICANTE,insert,1,https://riba.app/imgrs/THUMBS%20500X500/337157.JPG,https://tusitio.com/tabs/detalle-producto/337157,0,0,0,USD,1,,"{""MARCA"":[""LA SIRENA""],""CATEGORIA"":[""Conservas""]}","[""Conservas""]",,https://riba.app/imgrs/THUMBS%20500X500/337157.JPG,0,0,88,0,2026-05-08 10:00:23
2857101035,SARDINA EN ACEITE AHUMADO,SARDINA EN ACEITE AHUMADO,SARDINA EN ACEITE AHUMADO,insert,1,https://riba.app/imgrs/THUMBS%20500X500/337159.JPG,https://tusitio.com/tabs/detalle-producto/337159,0,0,0,USD,1,,"{""MARCA"":[""LA SIRENA""],""CATEGORIA"":[""Conservas""]}","[""Conservas""]",,https://riba.app/imgrs/THUMBS%20500X500/337159.JPG,0,0,88,0,2026-05-08 10:00:23
2857101037,SARDINAS EN ACEITE OLIVA,SARDINAS EN ACEITE OLIVA,SARDINAS EN ACEITE OLIVA,insert,1,https://riba.app/imgrs/THUMBS%20500X500/347284.JPG,https://tusitio.com/tabs/detalle-producto/347284,0,0,0,USD,1,,"{""MARCA"":[""LA SIRENA""],""CATEGORIA"":[""Conservas""]}","[""Conservas""]",,https://riba.app/imgrs/THUMBS%20500X500/347284.JPG,0,0,88,0,2026-05-08 10:00:23
2857101184,ATUN ACEITE LA SIRENA,ATUN ACEITE LA SIRENA,ATUN ACEITE LA SIRENA,insert,1,https://riba.app/imgrs/THUMBS%20500X500/226025.JPG,https://tusitio.com/tabs/detalle-producto/226025,0,0,0,USD,1,,"{""MARCA"":[""LA SIRENA""],""CATEGORIA"":[""Conservas""]}","[""Conservas""]",,https://riba.app/imgrs/THUMBS%20500X500/226025.JPG,0,0,88,0,2026-05-08 10:00:23
2857101185,ATUN AGUA,ATUN AGUA,ATUN AGUA,insert,1,https://riba.app/imgrs/THUMBS%20500X500/226024.JPG,https://tusitio.com/tabs/detalle-producto/226024,0,0,0,USD,1,,"{""MARCA"":[""LA SIRENA""],""CATEGORIA"":[""Conservas""]}","[""Conservas""]",,https://riba.app/imgrs/THUMBS%20500X500/226024.JPG,0,0,88,0,2026-05-08 10:00:23
2857101216,ATUN CON VEGETALES LA SIRENA,ATUN CON VEGETALES LA SIRENA,ATUN CON VEGETALES LA SIRENA,insert,1,https://riba.app/imgrs/THUMBS%20500X500/315452.JPG,https://tusitio.com/tabs/detalle-producto/315452,0,0,0,USD,1,,"{""MARCA"":[""LA SIRENA""],""CATEGORIA"":[""Conservas""]}","[""Conservas""]",,https://riba.app/imgrs/THUMBS%20500X500/315452.JPG,0,0,88,0,2026-05-08 10:00:23
2857101260,ATUN CON MAIZ LA SIRENA,ATUN CON MAIZ LA SIRENA,ATUN CON MAIZ LA SIRENA,insert,1,https://riba.app/imgrs/THUMBS%20500X500/347279.JPG,https://tusitio.com/tabs/detalle-producto/347279,0,0,0,USD,1,,"{""MARCA"":[""LA SIRENA""],""CATEGORIA"":[""Conservas""]}","[""Conservas""]",,https://riba.app/imgrs/THUMBS%20500X500/347279.JPG,0,0,88,0,2026-05-08 10:00:23
2857101261,ATUN CON JALAPENO LA SIRENA,ATUN CON JALAPENO LA SIRENA,ATUN CON JALAPENO LA SIRENA,insert,1,https://riba.app/imgrs/THUMBS%20500X500/347283.JPG,https://tusitio.com/tabs/detalle-producto/347283,0,0,0,USD,1,,"{""MARCA"":[""LA SIRENA""],""CATEGORIA"":[""Conservas""]}","[""Conservas""]",,https://riba.app/imgrs/THUMBS%20500X500/347283.JPG,0,0,88,0,2026-05-08 10:00:23
29041000000,ATUN ROJO STEAK 7-9 OZ,ATUN ROJO STEAK 7-9 OZ,ATUN ROJO STEAK 7-9 OZ,insert,1,https://riba.app/imgrs/THUMBS%20500X500/163249.JPG,https://tusitio.com/tabs/detalle-producto/163249,0,0,0,USD,1,,"{""MARCA"":[""GOURMAR""],""CATEGORIA"":[""Pescados""]}","[""Pescados""]",,https://riba.app/imgrs/THUMBS%20500X500/163249.JPG,0,0,103,0,2026-05-08 10:00:23
2971409530,ORCABAY ALASKA COD PORTIONS,ORCABAY ALASKA COD PORTIONS,ORCABAY ALASKA COD PORTIONS,insert,1,https://riba.app/imgrs/THUMBS%20500X500/227622.JPG,https://tusitio.com/tabs/detalle-producto/227622,0,0,0,USD,1,,"{""MARCA"":[""ORCABAY""],""CATEGORIA"":[""Pescados""]}","[""Pescados""]",,https://riba.app/imgrs/THUMBS%20500X500/227622.JPG,0,0,103,0,2026-05-08 10:00:23
2971417070,ORCA BAY FISH FILLET SALMON,ORCA BAY FISH FILLET SALMON,ORCA BAY FISH FILLET SALMON,insert,1,https://riba.app/imgrs/THUMBS%20500X500/211976.JPG,https://tusitio.com/tabs/detalle-producto/211976,0,0,0,USD,1,,"{""MARCA"":[""ORCABAY""],""CATEGORIA"":[""Pescados""]}","[""Pescados""]",,https://riba.app/imgrs/THUMBS%20500X500/211976.JPG,0,0,103,0,2026-05-08 10:00:23
2971417110,ORCABAY KETA SALMON FILLET,ORCABAY KETA SALMON FILLET,ORCABAY KETA SALMON FILLET,insert,1,https://riba.app/imgrs/THUMBS%20500X500/287228.JPG,https://tusitio.com/tabs/detalle-producto/287228,0,0,0,USD,1,,"{""MARCA"":[""ORCABAY""],""CATEGORIA"":[""Pescados""]}","[""Pescados""]",,https://riba.app/imgrs/THUMBS%20500X500/287228.JPG,0,0,103,0,2026-05-08 10:00:23
2971417140,ORCA BAY HALIBUT PORTIONS,ORCA BAY HALIBUT PORTIONS,ORCA BAY HALIBUT PORTIONS,insert,1,https://riba.app/imgrs/THUMBS%20500X500/284248.JPG,https://tusitio.com/tabs/detalle-producto/284248,0,0,0,USD,1,,"{""MARCA"":[""ORCABAY""],""CATEGORIA"":[""Pescados""]}","[""Pescados""]",,https://riba.app/imgrs/THUMBS%20500X500/284248.JPG,0,0,103,0,2026-05-08 10:00:23
2971484533,WILD SOCKEYE SALMON FILLET,WILD SOCKEYE SALMON FILLET,WILD SOCKEYE SALMON FILLET,insert,1,https://riba.app/imgrs/THUMBS%20500X500/312002.JPG,https://tusitio.com/tabs/detalle-producto/312002,0,0,0,USD,1,,"{""MARCA"":[""ORCABAY""],""CATEGORIA"":[""Pescados""]}","[""Pescados""]",,https://riba.app/imgrs/THUMBS%20500X500/312002.JPG,0,0,103,0,2026-05-08 10:00:23
3549388395,SHRIMP BUFFALO STYLE,SHRIMP BUFFALO STYLE,SHRIMP BUFFALO STYLE,insert,1,https://riba.app/imgrs/THUMBS%20500X500/339168.JPG,https://tusitio.com/tabs/detalle-producto/339168,0,0,0,USD,1,,"{""MARCA"":[""OVENCRUNCH""],""CATEGORIA"":[""Comidas Preparadas""]}","[""Comidas Preparadas""]",,https://riba.app/imgrs/THUMBS%20500X500/339168.JPG,0,0,91,0,2026-05-08 10:00:23
3736398649,MANGL SHRIMP SCAMPI,MANGL SHRIMP SCAMPI,MANGL SHRIMP SCAMPI,insert,1,https://riba.app/imgrs/THUMBS%20500X500/251505.JPG,https://tusitio.com/tabs/detalle-producto/251505,0,0,0,USD,1,,"{""MARCA"":[""MICHAEL ANGELO S""],""CATEGORIA"":[""Frutos Del Mar""]}","[""Frutos Del Mar""]",,https://riba.app/imgrs/THUMBS%20500X500/251505.JPG,0,0,102,0,2026-05-08 10:00:23
4122418220,ANCHOVIES FLAT 25 2 ONZ,ANCHOVIES FLAT 25 2 ONZ,ANCHOVIES FLAT 25 2 ONZ,insert,1,https://riba.app/imgrs/THUMBS%20500X500/15202.JPG,https://tusitio.com/tabs/detalle-producto/15202,0,0,0,USD,1,,"{""MARCA"":[""ROLAND""],""CATEGORIA"":[""Conservas""]}","[""Conservas""]",,https://riba.app/imgrs/THUMBS%20500X500/15202.JPG,0,0,88,0,2026-05-08 10:00:23
4122418224,ANCHOVIES ROLLED ROLAND 2 OZ,ANCHOVIES ROLLED ROLAND 2 OZ,ANCHOVIES ROLLED ROLAND 2 OZ,insert,1,https://riba.app/imgrs/THUMBS%20500X500/15074.JPG,https://tusitio.com/tabs/detalle-producto/15074,0,0,0,USD,1,,"{""MARCA"":[""ROLAND""],""CATEGORIA"":[""Conservas""]}","[""Conservas""]",,https://riba.app/imgrs/THUMBS%20500X500/15074.JPG,0,0,88,0,2026-05-08 10:00:23
4122418310,PASTA DE ANCHOAS,PASTA DE ANCHOAS,PASTA DE ANCHOAS,insert,1,https://riba.app/imgrs/THUMBS%20500X500/15331.JPG,https://tusitio.com/tabs/detalle-producto/15331,0,0,0,USD,1,,"{""MARCA"":[""ROLAND""],""CATEGORIA"":[""Conservas""]}","[""Conservas""]",,https://riba.app/imgrs/THUMBS%20500X500/15331.JPG,0,0,88,0,2026-05-08 10:00:23
4132210900,SEA PAK JUMBO BF SHRIMP,SEA PAK JUMBO BF SHRIMP,SEA PAK JUMBO BF SHRIMP,insert,1,https://riba.app/imgrs/THUMBS%20500X500/297875.JPG,https://tusitio.com/tabs/detalle-producto/297875,0,0,0,USD,1,,"{""MARCA"":[""SEA PAK""],""CATEGORIA"":[""Comidas Preparadas""]}","[""Comidas Preparadas""]",,https://riba.app/imgrs/THUMBS%20500X500/297875.JPG,0,0,91,0,2026-05-08 10:00:23
4132210906,CLAM STRIPS,CLAM STRIPS,CLAM STRIPS,insert,1,https://riba.app/imgrs/THUMBS%20500X500/345887.JPG,https://tusitio.com/tabs/detalle-producto/345887,0,0,0,USD,1,,"{""MARCA"":[""SEA PAK""],""CATEGORIA"":[""Comidas Preparadas""]}","[""Comidas Preparadas""]",,https://riba.app/imgrs/THUMBS%20500X500/345887.JPG,0,0,91,0,2026-05-08 10:00:23
4132210910,SEAPAK JUMBO COCONUT SHRIMP,SEAPAK JUMBO COCONUT SHRIMP,SEAPAK JUMBO COCONUT SHRIMP,insert,1,https://riba.app/imgrs/THUMBS%20500X500/297421.JPG,https://tusitio.com/tabs/detalle-producto/297421,0,0,0,USD,1,,"{""MARCA"":[""SEA PAK""],""CATEGORIA"":[""Comidas Preparadas""]}","[""Comidas Preparadas""]",,https://riba.app/imgrs/THUMBS%20500X500/297421.JPG,0,0,91,0,2026-05-08 10:00:23
4132210930,SEAPAK TEMPURA SHRIMP W SAUCE,SEAPAK TEMPURA SHRIMP W SAUCE,SEAPAK TEMPURA SHRIMP W SAUCE,insert,1,https://riba.app/imgrs/THUMBS%20500X500/297419.JPG,https://tusitio.com/tabs/detalle-producto/297419,0,0,0,USD,1,,"{""MARCA"":[""SEA PAK""],""CATEGORIA"":[""Comidas Preparadas""]}","[""Comidas Preparadas""]",,https://riba.app/imgrs/THUMBS%20500X500/297419.JPG,0,0,91,0,2026-05-08 10:00:23
4132218231,LOBSTER & SHRIMP,LOBSTER & SHRIMP,LOBSTER & SHRIMP,insert,1,https://riba.app/imgrs/THUMBS%20500X500/345879.JPG,https://tusitio.com/tabs/detalle-producto/345879,0,0,0,USD,1,,"{""MARCA"":[""SEA PAK""],""CATEGORIA"":[""Comidas Preparadas""]}","[""Comidas Preparadas""]",,https://riba.app/imgrs/THUMBS%20500X500/345879.JPG,0,0,91,0,2026-05-08 10:00:23
4132221182,SEAPAK SOUTHERN STYLE SHRIMP,SEAPAK SOUTHERN STYLE SHRIMP,SEAPAK SOUTHERN STYLE SHRIMP,insert,1,https://riba.app/imgrs/THUMBS%20500X500/345880.JPG,https://tusitio.com/tabs/detalle-producto/345880,0,0,0,USD,1,,"{""MARCA"":[""SEA PAK""],""CATEGORIA"":[""Comidas Preparadas""]}","[""Comidas Preparadas""]",,https://riba.app/imgrs/THUMBS%20500X500/345880.JPG,0,0,91,0,2026-05-08 10:00:23
4132222239,SEAPAK DYNAMITE SHRIMP,SEAPAK DYNAMITE SHRIMP,SEAPAK DYNAMITE SHRIMP,insert,1,https://riba.app/imgrs/THUMBS%20500X500/356978.JPG,https://tusitio.com/tabs/detalle-producto/356978,0,0,0,USD,1,,"{""MARCA"":[""SEA PAK""],""CATEGORIA"":[""Comidas Preparadas""]}","[""Comidas Preparadas""]",,https://riba.app/imgrs/THUMBS%20500X500/356978.JPG,0,0,91,0,2026-05-08 10:00:23
4132222491,POPCORN SHRIMP,POPCORN SHRIMP,POPCORN SHRIMP,insert,1,https://riba.app/imgrs/THUMBS%20500X500/345877.JPG,https://tusitio.com/tabs/detalle-producto/345877,0,0,0,USD,1,,"{""MARCA"":[""SEA PAK""],""CATEGORIA"":[""Comidas Preparadas""]}","[""Comidas Preparadas""]",,https://riba.app/imgrs/THUMBS%20500X500/345877.JPG,0,0,91,0,2026-05-08 10:00:23
4132222493,SEAPAK CRISPY CALAMARI RINGS,SEAPAK CRISPY CALAMARI RINGS,SEAPAK CRISPY CALAMARI RINGS,insert,1,https://riba.app/imgrs/THUMBS%20500X500/345878.JPG,https://tusitio.com/tabs/detalle-producto/345878,0,0,0,USD,1,,"{""MARCA"":[""SEA PAK""],""CATEGORIA"":[""Comidas Preparadas""]}","[""Comidas Preparadas""]",,https://riba.app/imgrs/THUMBS%20500X500/345878.JPG,0,0,91,0,2026-05-08 10:00:23
4132222494,SEAPAK POPCORN SHRIMP,SEAPAK POPCORN SHRIMP,SEAPAK POPCORN SHRIMP,insert,1,https://riba.app/imgrs/THUMBS%20500X500/345881.JPG,https://tusitio.com/tabs/detalle-producto/345881,0,0,0,USD,1,,"{""MARCA"":[""SEA PAK""],""CATEGORIA"":[""Comidas Preparadas""]}","[""Comidas Preparadas""]",,https://riba.app/imgrs/THUMBS%20500X500/345881.JPG,0,0,91,0,2026-05-08 10:00:23
4132222497,SEAPAK BUTTERFLY SHRIMP,SEAPAK BUTTERFLY SHRIMP,SEAPAK BUTTERFLY SHRIMP,insert,1,https://riba.app/imgrs/THUMBS%20500X500/345886.JPG,https://tusitio.com/tabs/detalle-producto/345886,0,0,0,USD,1,,"{""MARCA"":[""SEA PAK""],""CATEGORIA"":[""Comidas Preparadas""]}","[""Comidas Preparadas""]",,https://riba.app/imgrs/THUMBS%20500X500/345886.JPG,0,0,91,0,2026-05-08 10:00:23
4132222499,JUMBO COCONUT SHRIMP,JUMBO COCONUT SHRIMP,JUMBO COCONUT SHRIMP,insert,1,https://riba.app/imgrs/THUMBS%20500X500/345883.JPG,https://tusitio.com/tabs/detalle-producto/345883,0,0,0,USD,1,,"{""MARCA"":[""SEA PAK""],""CATEGORIA"":[""Comidas Preparadas""]}","[""Comidas Preparadas""]",,https://riba.app/imgrs/THUMBS%20500X500/345883.JPG,0,0,91,0,2026-05-08 10:00:23
4132234893,SEAPAK CLASSIC POPCORN SHRIMP,SEAPAK CLASSIC POPCORN SHRIMP,SEAPAK CLASSIC POPCORN SHRIMP,insert,1,https://riba.app/imgrs/THUMBS%20500X500/356973.JPG,https://tusitio.com/tabs/detalle-producto/356973,0,0,0,USD,1,,"{""MARCA"":[""SEA PAK""],""CATEGORIA"":[""Comidas Preparadas""]}","[""Comidas Preparadas""]",,https://riba.app/imgrs/THUMBS%20500X500/356973.JPG,0,0,91,0,2026-05-08 10:00:23
4360,EMPANADA CON TUNA,EMPANADA CON TUNA,EMPANADA CON TUNA,insert,1,https://riba.app/imgrs/THUMBS%20500X500/251896.JPG,https://tusitio.com/tabs/detalle-producto/251896,0,0,0,USD,1,,"{""MARCA"":[""RIMITH""],""CATEGORIA"":[""Comidas Preparadas""]}","[""Comidas Preparadas""]",,https://riba.app/imgrs/THUMBS%20500X500/251896.JPG,0,0,91,0,2026-05-08 10:00:23
440000455942,ALMEJA CON CONCHA BLANCA IMPOR,ALMEJA CON CONCHA BLANCA IMPOR,ALMEJA CON CONCHA BLANCA IMPOR,insert,1,https://riba.app/imgrs/THUMBS%20500X500/348475.JPG,https://tusitio.com/tabs/detalle-producto/348475,0,0,0,USD,1,,"{""MARCA"":[""MUELLE SETENTA Y SIETE""],""CATEGORIA"":[""Frutos Del Mar""]}","[""Frutos Del Mar""]",,https://riba.app/imgrs/THUMBS%20500X500/348475.JPG,0,0,102,0,2026-05-08 10:00:23
4440010310,GORTON FISH STICKS,GORTON FISH STICKS,GORTON FISH STICKS,insert,1,https://riba.app/imgrs/THUMBS%20500X500/345935.JPG,https://tusitio.com/tabs/detalle-producto/345935,0,0,0,USD,1,,"{""MARCA"":[""GORTON'S""],""CATEGORIA"":[""Comidas Preparadas""]}","[""Comidas Preparadas""]",,https://riba.app/imgrs/THUMBS%20500X500/345935.JPG,0,0,91,0,2026-05-08 10:00:23
4440013920,GORTON BEER BATTER SHRIMP,GORTON BEER BATTER SHRIMP,GORTON BEER BATTER SHRIMP,insert,1,https://riba.app/imgrs/THUMBS%20500X500/345933.JPG,https://tusitio.com/tabs/detalle-producto/345933,0,0,0,USD,1,,"{""MARCA"":[""GORTON'S""],""CATEGORIA"":[""Comidas Preparadas""]}","[""Comidas Preparadas""]",,https://riba.app/imgrs/THUMBS%20500X500/345933.JPG,0,0,91,0,2026-05-08 10:00:23
4440015340,GORTON POTATO CRUNCH FILLETS,GORTON POTATO CRUNCH FILLETS,GORTON POTATO CRUNCH FILLETS,insert,1,https://riba.app/imgrs/THUMBS%20500X500/345936.JPG,https://tusitio.com/tabs/detalle-producto/345936,0,0,0,USD,1,,"{""MARCA"":[""GORTON'S""],""CATEGORIA"":[""Comidas Preparadas""]}","[""Comidas Preparadas""]",,https://riba.app/imgrs/THUMBS%20500X500/345936.JPG,0,0,91,0,2026-05-08 10:00:23
4440016400,GORTONS POPCORN SHRIMP,GORTONS POPCORN SHRIMP,GORTONS POPCORN SHRIMP,insert,1,https://riba.app/imgrs/THUMBS%20500X500/150555.JPG,https://tusitio.com/tabs/detalle-producto/150555,0,0,0,USD,1,,"{""MARCA"":[""GORTON´S""],""CATEGORIA"":[""Comidas Preparadas""]}","[""Comidas Preparadas""]",,https://riba.app/imgrs/THUMBS%20500X500/150555.JPG,0,0,91,0,2026-05-08 10:00:23
496771401006,ATUN ALBACORA EN AGUA,ATUN ALBACORA EN AGUA,ATUN ALBACORA EN AGUA,insert,1,https://riba.app/imgrs/THUMBS%20500X500/15183.JPG,https://tusitio.com/tabs/detalle-producto/15183,0,0,0,USD,1,,"{""MARCA"":[""DELICIAS""],""CATEGORIA"":[""Conservas""]}","[""Conservas""]",,https://riba.app/imgrs/THUMBS%20500X500/15183.JPG,0,0,88,0,2026-05-08 10:00:23
496771401007,TUNA SOLID WHITE OIL DELICIA,TUNA SOLID WHITE OIL DELICIA,TUNA SOLID WHITE OIL DELICIA,insert,1,https://riba.app/imgrs/THUMBS%20500X500/14966.JPG,https://tusitio.com/tabs/detalle-producto/14966,0,0,0,USD,1,,"{""MARCA"":[""DELICIAS""],""CATEGORIA"":[""Conservas""]}","[""Conservas""]",,https://riba.app/imgrs/THUMBS%20500X500/14966.JPG,0,0,88,0,2026-05-08 10:00:23
560040920030,SARDINAS ACEITE EXTRA VIRGEN,SARDINAS ACEITE EXTRA VIRGEN,SARDINAS ACEITE EXTRA VIRGEN,insert,1,https://riba.app/imgrs/THUMBS%20500X500/358956.JPG,https://tusitio.com/tabs/detalle-producto/358956,0,0,0,USD,1,,"{""MARCA"":[""JOSE GOURMET""],""CATEGORIA"":[""Conservas""]}","[""Conservas""]",,https://riba.app/imgrs/THUMBS%20500X500/358956.JPG,0,0,88,0,2026-05-08 10:00:23
560040920032,SARDINAS ACEITE EXTRAV Y LIMON,SARDINAS ACEITE EXTRAV Y LIMON,SARDINAS ACEITE EXTRAV Y LIMON,insert,1,https://riba.app/imgrs/THUMBS%20500X500/358957.JPG,https://tusitio.com/tabs/detalle-producto/358957,0,0,0,USD,1,,"{""MARCA"":[""JOSE GOURMET""],""CATEGORIA"":[""Conservas""]}","[""Conservas""]",,https://riba.app/imgrs/THUMBS%20500X500/358957.JPG,0,0,88,0,2026-05-08 10:00:23
560040920281,SARDINAS AHUMADAS JOSE GOURMET,SARDINAS AHUMADAS JOSE GOURMET,SARDINAS AHUMADAS JOSE GOURMET,insert,1,https://riba.app/imgrs/THUMBS%20500X500/358963.JPG,https://tusitio.com/tabs/detalle-producto/358963,0,0,0,USD,1,,"{""MARCA"":[""JOSE GOURMET""],""CATEGORIA"":[""Conservas""]}","[""Conservas""]",,https://riba.app/imgrs/THUMBS%20500X500/358963.JPG,0,0,88,0,2026-05-08 10:00:23
66141100051,ATUN LOMITO EN ACEITE,ATUN LOMITO EN ACEITE,ATUN LOMITO EN ACEITE,insert,1,https://riba.app/imgrs/THUMBS%20500X500/107754.JPG,https://tusitio.com/tabs/detalle-producto/107754,0,0,0,USD,1,,"{""MARCA"":[""DORADO FISH""],""CATEGORIA"":[""Conservas""]}","[""Conservas""]",,https://riba.app/imgrs/THUMBS%20500X500/107754.JPG,0,0,88,0,2026-05-08 10:00:23
66507200002,PAN SHRIMP 31/40 CPTO IQF,PAN SHRIMP 31/40 CPTO IQF,PAN SHRIMP 31/40 CPTO IQF,insert,1,https://riba.app/imgrs/THUMBS%20500X500/189656.JPG,https://tusitio.com/tabs/detalle-producto/189656,0,0,0,USD,1,,"{""MARCA"":[""PANAMEI SEAFOOD""],""CATEGORIA"":[""Frutos Del Mar""]}","[""Frutos Del Mar""]",,https://riba.app/imgrs/THUMBS%20500X500/189656.JPG,0,0,102,0,2026-05-08 10:00:23
66507200004,PANAMEI SHRIMP 51/60,PANAMEI SHRIMP 51/60,PANAMEI SHRIMP 51/60,insert,1,https://riba.app/imgrs/THUMBS%20500X500/249896.JPG,https://tusitio.com/tabs/detalle-producto/249896,0,0,0,USD,1,,"{""MARCA"":[""PANAMEI SEAFOOD""],""CATEGORIA"":[""Frutos Del Mar""]}","[""Frutos Del Mar""]",,https://riba.app/imgrs/THUMBS%20500X500/249896.JPG,0,0,102,0,2026-05-08 10:00:23
66507200005,PANAMEI COOKED SHRIMP 26/30 L,PANAMEI COOKED SHRIMP 26/30 L,PANAMEI COOKED SHRIMP 26/30 L,insert,1,https://riba.app/imgrs/THUMBS%20500X500/247488.JPG,https://tusitio.com/tabs/detalle-producto/247488,0,0,0,USD,1,,"{""MARCA"":[""PANAMEI SEAFOOD""],""CATEGORIA"":[""Frutos Del Mar""]}","[""Frutos Del Mar""]",,https://riba.app/imgrs/THUMBS%20500X500/247488.JPG,0,0,102,0,2026-05-08 10:00:23
66507200010,PANAMEI COOKED SHRIMP LAR26/30,PANAMEI COOKED SHRIMP LAR26/30,PANAMEI COOKED SHRIMP LAR26/30,insert,1,https://riba.app/imgrs/THUMBS%20500X500/247487.JPG,https://tusitio.com/tabs/detalle-producto/247487,0,0,0,USD,1,,"{""MARCA"":[""PANAMEI SEAFOOD""],""CATEGORIA"":[""Frutos Del Mar""]}","[""Frutos Del Mar""]",,https://riba.app/imgrs/THUMBS%20500X500/247487.JPG,0,0,102,0,2026-05-08 10:00:23
66507200011,PANA SHRIMP 31/40 CPTO IQF,PANA SHRIMP 31/40 CPTO IQF,PANA SHRIMP 31/40 CPTO IQF,insert,1,https://riba.app/imgrs/THUMBS%20500X500/204860.JPG,https://tusitio.com/tabs/detalle-producto/204860,0,0,0,USD,1,,"{""MARCA"":[""PANAMEI SEAFOOD""],""CATEGORIA"":[""Frutos Del Mar""]}","[""Frutos Del Mar""]",,https://riba.app/imgrs/THUMBS%20500X500/204860.JPG,0,0,102,0,2026-05-08 10:00:23
66507200013,PANAMEI SHRIMP COOKED 51/60,PANAMEI SHRIMP COOKED 51/60,PANAMEI SHRIMP COOKED 51/60,insert,1,https://riba.app/imgrs/THUMBS%20500X500/264568.JPG,https://tusitio.com/tabs/detalle-producto/264568,0,0,0,USD,1,,"{""MARCA"":[""PANAMEI SEAFOOD""],""CATEGORIA"":[""Frutos Del Mar""]}","[""Frutos Del Mar""]",,https://riba.app/imgrs/THUMBS%20500X500/264568.JPG,0,0,102,0,2026-05-08 10:00:23
66507200037,COOKED SHRIMP CPTO 61-70,COOKED SHRIMP CPTO 61-70,COOKED SHRIMP CPTO 61-70,insert,1,https://riba.app/imgrs/THUMBS%20500X500/243666.JPG,https://tusitio.com/tabs/detalle-producto/243666,0,0,0,USD,1,,"{""MARCA"":[""PANAMEI SEAFOOD""],""CATEGORIA"":[""Frutos Del Mar""]}","[""Frutos Del Mar""]",,https://riba.app/imgrs/THUMBS%20500X500/243666.JPG,0,0,102,0,2026-05-08 10:00:23
66507200057,PANAMEI SHRIMP 61/70,PANAMEI SHRIMP 61/70,PANAMEI SHRIMP 61/70,insert,1,https://riba.app/imgrs/THUMBS%20500X500/246199.JPG,https://tusitio.com/tabs/detalle-producto/246199,0,0,0,USD,1,,"{""MARCA"":[""PANAMEI SEAFOOD""],""CATEGORIA"":[""Frutos Del Mar""]}","[""Frutos Del Mar""]",,https://riba.app/imgrs/THUMBS%20500X500/246199.JPG,0,0,102,0,2026-05-08 10:00:23
66507200435,PANAMEI TILAPIA FILLETS,PANAMEI TILAPIA FILLETS,PANAMEI TILAPIA FILLETS,insert,1,https://riba.app/imgrs/THUMBS%20500X500/247493.JPG,https://tusitio.com/tabs/detalle-producto/247493,0,0,0,USD,1,,"{""MARCA"":[""PANAMEI SEAFOOD""],""CATEGORIA"":[""Pescados""]}","[""Pescados""]",,https://riba.app/imgrs/THUMBS%20500X500/247493.JPG,0,0,103,0,2026-05-08 10:00:23
66507200440,PANAMEI CLAMS 11/16 WHL COOKED,PANAMEI CLAMS 11/16 WHL COOKED,PANAMEI CLAMS 11/16 WHL COOKED,insert,1,https://riba.app/imgrs/THUMBS%20500X500/259657.JPG,https://tusitio.com/tabs/detalle-producto/259657,0,0,0,USD,1,,"{""MARCA"":[""PANAMEI SEAFOOD""],""CATEGORIA"":[""Frutos Del Mar""]}","[""Frutos Del Mar""]",,https://riba.app/imgrs/THUMBS%20500X500/259657.JPG,0,0,102,0,2026-05-08 10:00:23
66507200441,PANAMEI COOKED CLAMS,PANAMEI COOKED CLAMS,PANAMEI COOKED CLAMS,insert,1,https://riba.app/imgrs/THUMBS%20500X500/247489.JPG,https://tusitio.com/tabs/detalle-producto/247489,0,0,0,USD,1,,"{""MARCA"":[""PANAMEI SEAFOOD""],""CATEGORIA"":[""Frutos Del Mar""]}","[""Frutos Del Mar""]",,https://riba.app/imgrs/THUMBS%20500X500/247489.JPG,0,0,102,0,2026-05-08 10:00:23
66507200484,CPTO COOKED SHRIMP 16/20,CPTO COOKED SHRIMP 16/20,CPTO COOKED SHRIMP 16/20,insert,1,https://riba.app/imgrs/THUMBS%20500X500/180944.JPG,https://tusitio.com/tabs/detalle-producto/180944,0,0,0,USD,1,,"{""MARCA"":[""PANAMEI SEAFOOD""],""CATEGORIA"":[""Frutos Del Mar""]}","[""Frutos Del Mar""]",,https://riba.app/imgrs/THUMBS%20500X500/180944.JPG,0,0,102,0,2026-05-08 10:00:23
66507200499,PANAMEI SWAI FILLETS,PANAMEI SWAI FILLETS,PANAMEI SWAI FILLETS,insert,1,https://riba.app/imgrs/THUMBS%20500X500/247491.JPG,https://tusitio.com/tabs/detalle-producto/247491,0,0,0,USD,1,,"{""MARCA"":[""PANAMEI SEAFOOD""],""CATEGORIA"":[""Pescados""]}","[""Pescados""]",,https://riba.app/imgrs/THUMBS%20500X500/247491.JPG,0,0,103,0,2026-05-08 10:00:23
66507200576,PANAMEI MEJILLONES COCIDOS,PANAMEI MEJILLONES COCIDOS,PANAMEI MEJILLONES COCIDOS,insert,1,https://riba.app/imgrs/THUMBS%20500X500/200490.JPG,https://tusitio.com/tabs/detalle-producto/200490,0,0,0,USD,1,,"{""MARCA"":[""PANAMEI SEAFOOD""],""CATEGORIA"":[""Frutos Del Mar""]}","[""Frutos Del Mar""]",,https://riba.app/imgrs/THUMBS%20500X500/200490.JPG,0,0,102,0,2026-05-08 10:00:23
66507200634,CAMARON LARGE 21-25 PELADO DES,CAMARON LARGE 21-25 PELADO DES,CAMARON LARGE 21-25 PELADO DES,insert,1,https://riba.app/imgrs/THUMBS%20500X500/217884.JPG,https://tusitio.com/tabs/detalle-producto/217884,0,0,0,USD,1,,"{""MARCA"":[""PANAMEI SEAFOOD""],""CATEGORIA"":[""Frutos Del Mar""]}","[""Frutos Del Mar""]",,https://riba.app/imgrs/THUMBS%20500X500/217884.JPG,0,0,102,0,2026-05-08 10:00:23
66507200635,CAMARON LARGE 21-25 PELADO DES,CAMARON LARGE 21-25 PELADO DES,CAMARON LARGE 21-25 PELADO DES,insert,1,https://riba.app/imgrs/THUMBS%20500X500/201165.JPG,https://tusitio.com/tabs/detalle-producto/201165,0,0,0,USD,1,,"{""MARCA"":[""PANAMEI SEAFOOD""],""CATEGORIA"":[""Frutos Del Mar""]}","[""Frutos Del Mar""]",,https://riba.app/imgrs/THUMBS%20500X500/201165.JPG,0,0,102,0,2026-05-08 10:00:23
66507200790,P COOKED SHRIMP X JUMBO 16/20,P COOKED SHRIMP X JUMBO 16/20,P COOKED SHRIMP X JUMBO 16/20,insert,1,https://riba.app/imgrs/THUMBS%20500X500/220271.JPG,https://tusitio.com/tabs/detalle-producto/220271,0,0,0,USD,1,,"{""MARCA"":[""PANAMEI SEAFOOD""],""CATEGORIA"":[""Frutos Del Mar""]}","[""Frutos Del Mar""]",,https://riba.app/imgrs/THUMBS%20500X500/220271.JPG,0,0,102,0,2026-05-08 10:00:23
66507200850,PANAMEI TUNA PORTION,PANAMEI TUNA PORTION,PANAMEI TUNA PORTION,insert,1,https://riba.app/imgrs/THUMBS%20500X500/241054.JPG,https://tusitio.com/tabs/detalle-producto/241054,0,0,0,USD,1,,"{""MARCA"":[""PANAMEI SEAFOOD""],""CATEGORIA"":[""Pescados""]}","[""Pescados""]",,https://riba.app/imgrs/THUMBS%20500X500/241054.JPG,0,0,103,0,2026-05-08 10:00:23
66507200862,BACALAO SALTED POLLOC,BACALAO SALTED POLLOC,BACALAO SALTED POLLOC,insert,1,https://riba.app/imgrs/THUMBS%20500X500/161120.JPG,https://tusitio.com/tabs/detalle-producto/161120,0,0,0,USD,1,,"{""MARCA"":[""PANAMEI SEAFOOD""],""CATEGORIA"":[""Pescados""]}","[""Pescados""]",,https://riba.app/imgrs/THUMBS%20500X500/161120.JPG,0,0,103,0,2026-05-08 10:00:23
66507200863,PANAMEI SALTED POLLOCK B STYLE,PANAMEI SALTED POLLOCK B STYLE,PANAMEI SALTED POLLOCK B STYLE,insert,1,https://riba.app/imgrs/THUMBS%20500X500/271447.JPG,https://tusitio.com/tabs/detalle-producto/271447,0,0,0,USD,1,,"{""MARCA"":[""PANAMEI SEAFOOD""],""CATEGORIA"":[""Pescados""]}","[""Pescados""]",,https://riba.app/imgrs/THUMBS%20500X500/271447.JPG,0,0,103,0,2026-05-08 10:00:23
66507200865,PANAM SHRIMP 21/25 BRD BFLY,PANAM SHRIMP 21/25 BRD BFLY,PANAM SHRIMP 21/25 BRD BFLY,insert,1,https://riba.app/imgrs/THUMBS%20500X500/259653.JPG,https://tusitio.com/tabs/detalle-producto/259653,0,0,0,USD,1,,"{""MARCA"":[""PANAMEI SEAFOOD""],""CATEGORIA"":[""Frutos Del Mar""]}","[""Frutos Del Mar""]",,https://riba.app/imgrs/THUMBS%20500X500/259653.JPG,0,0,102,0,2026-05-08 10:00:23
66507200994,PANAMEI SHRIMP 16-18 BRD BFLY,PANAMEI SHRIMP 16-18 BRD BFLY,PANAMEI SHRIMP 16-18 BRD BFLY,insert,1,https://riba.app/imgrs/THUMBS%20500X500/200486.JPG,https://tusitio.com/tabs/detalle-producto/200486,0,0,0,USD,1,,"{""MARCA"":[""PANAMEI SEAFOOD""],""CATEGORIA"":[""Frutos Del Mar""]}","[""Frutos Del Mar""]",,https://riba.app/imgrs/THUMBS%20500X500/200486.JPG,0,0,102,0,2026-05-08 10:00:23
66507201067,PANAMEI MUELAS D CANGREJO JONA,PANAMEI MUELAS D CANGREJO JONA,PANAMEI MUELAS D CANGREJO JONA,insert,1,https://riba.app/imgrs/THUMBS%20500X500/200488.JPG,https://tusitio.com/tabs/detalle-producto/200488,0,0,0,USD,1,,"{""MARCA"":[""PANAMEI SEAFOOD""],""CATEGORIA"":[""Frutos Del Mar""]}","[""Frutos Del Mar""]",,https://riba.app/imgrs/THUMBS%20500X500/200488.JPG,0,0,102,0,2026-05-08 10:00:23
66507201071,PANAMEI FLOUNDER FILLETS,PANAMEI FLOUNDER FILLETS,PANAMEI FLOUNDER FILLETS,insert,1,https://riba.app/imgrs/THUMBS%20500X500/247492.JPG,https://tusitio.com/tabs/detalle-producto/247492,0,0,0,USD,1,,"{""MARCA"":[""PANAMEI SEAFOOD""],""CATEGORIA"":[""Pescados""]}","[""Pescados""]",,https://riba.app/imgrs/THUMBS%20500X500/247492.JPG,0,0,103,0,2026-05-08 10:00:23
66507201072,WHOLE COOKED CRAWFISH LUISIANA,WHOLE COOKED CRAWFISH LUISIANA,WHOLE COOKED CRAWFISH LUISIANA,insert,1,https://riba.app/imgrs/THUMBS%20500X500/241051.JPG,https://tusitio.com/tabs/detalle-producto/241051,0,0,0,USD,1,,"{""MARCA"":[""PANAMEI SEAFOOD""],""CATEGORIA"":[""Frutos Del Mar""]}","[""Frutos Del Mar""]",,https://riba.app/imgrs/THUMBS%20500X500/241051.JPG,0,0,102,0,2026-05-08 10:00:23
66507201073,PANAMEI FISH FILLETS,PANAMEI FISH FILLETS,PANAMEI FISH FILLETS,insert,1,https://riba.app/imgrs/THUMBS%20500X500/355799.JPG,https://tusitio.com/tabs/detalle-producto/355799,0,0,0,USD,1,,"{""MARCA"":[""PANAMEI SEAFOOD""],""CATEGORIA"":[""Comidas Preparadas""]}","[""Comidas Preparadas""]",,https://riba.app/imgrs/THUMBS%20500X500/355799.JPG,0,0,91,0,2026-05-08 10:00:23
66507201131,PANAMEI SHRIMP TAIL-ON L31/40,PANAMEI SHRIMP TAIL-ON L31/40,PANAMEI SHRIMP TAIL-ON L31/40,insert,1,https://riba.app/imgrs/THUMBS%20500X500/247486.JPG,https://tusitio.com/tabs/detalle-producto/247486,0,0,0,USD,1,,"{""MARCA"":[""PANAMEI SEAFOOD""],""CATEGORIA"":[""Frutos Del Mar""]}","[""Frutos Del Mar""]",,https://riba.app/imgrs/THUMBS%20500X500/247486.JPG,0,0,102,0,2026-05-08 10:00:23
66507202017,SNAPPER FILLET NAT (PARGO),SNAPPER FILLET NAT (PARGO),SNAPPER FILLET NAT (PARGO),insert,1,https://riba.app/imgrs/THUMBS%20500X500/243929.JPG,https://tusitio.com/tabs/detalle-producto/243929,0,0,0,USD,1,,"{""MARCA"":[""PANAMEI SEAFOOD""],""CATEGORIA"":[""Pescados""]}","[""Pescados""]",,https://riba.app/imgrs/THUMBS%20500X500/243929.JPG,0,0,103,0,2026-05-08 10:00:23
66507264040,PANAMEI GROUPER,PANAMEI GROUPER,PANAMEI GROUPER,insert,1,https://riba.app/imgrs/THUMBS%20500X500/355797.JPG,https://tusitio.com/tabs/detalle-producto/355797,0,0,0,USD,1,,"{""MARCA"":[""PANAMEI SEAFOOD""],""CATEGORIA"":[""Pescados""]}","[""Pescados""]",,https://riba.app/imgrs/THUMBS%20500X500/355797.JPG,0,0,103,0,2026-05-08 10:00:23
66507264318,PANAMEI SEAFOOD MIX,PANAMEI SEAFOOD MIX,PANAMEI SEAFOOD MIX,insert,1,https://riba.app/imgrs/THUMBS%20500X500/355801.JPG,https://tusitio.com/tabs/detalle-producto/355801,0,0,0,USD,1,,"{""MARCA"":[""PANAMEI SEAFOOD""],""CATEGORIA"":[""Frutos Del Mar""]}","[""Frutos Del Mar""]",,https://riba.app/imgrs/THUMBS%20500X500/355801.JPG,0,0,102,0,2026-05-08 10:00:23
693274628904,SARDINA EN SALSA DE TOMATE,SARDINA EN SALSA DE TOMATE,SARDINA EN SALSA DE TOMATE,insert,1,https://riba.app/imgrs/THUMBS%20500X500/314235.JPG,https://tusitio.com/tabs/detalle-producto/314235,0,0,0,USD,1,,"{""MARCA"":[""ROYAL PRINCE""],""CATEGORIA"":[""Conservas""]}","[""Conservas""]",,https://riba.app/imgrs/THUMBS%20500X500/314235.JPG,0,0,88,0,2026-05-08 10:00:23
693274628981,R PRINCE LOMITOS ATUN AGUA,R PRINCE LOMITOS ATUN AGUA,R PRINCE LOMITOS ATUN AGUA,insert,1,https://riba.app/imgrs/THUMBS%20500X500/292771.JPG,https://tusitio.com/tabs/detalle-producto/292771,0,0,0,USD,1,,"{""MARCA"":[""ROYAL PRINCE""],""CATEGORIA"":[""Conservas""]}","[""Conservas""]",,https://riba.app/imgrs/THUMBS%20500X500/292771.JPG,0,0,88,0,2026-05-08 10:00:23
693274628982,R PRINCE LOMITOS ATUN ACEITE,R PRINCE LOMITOS ATUN ACEITE,R PRINCE LOMITOS ATUN ACEITE,insert,1,https://riba.app/imgrs/THUMBS%20500X500/292770.JPG,https://tusitio.com/tabs/detalle-producto/292770,0,0,0,USD,1,,"{""MARCA"":[""ROYAL PRINCE""],""CATEGORIA"":[""Conservas""]}","[""Conservas""]",,https://riba.app/imgrs/THUMBS%20500X500/292770.JPG,0,0,88,0,2026-05-08 10:00:23
693274628983,R PRINCE LOMOS ATUN Y VEGETALE,R PRINCE LOMOS ATUN Y VEGETALE,R PRINCE LOMOS ATUN Y VEGETALE,insert,1,https://riba.app/imgrs/THUMBS%20500X500/292772.JPG,https://tusitio.com/tabs/detalle-producto/292772,0,0,0,USD,1,,"{""MARCA"":[""ROYAL PRINCE""],""CATEGORIA"":[""Conservas""]}","[""Conservas""]",,https://riba.app/imgrs/THUMBS%20500X500/292772.JPG,0,0,88,0,2026-05-08 10:00:23
7005700242,PHILLIPS JUMBO LUMP,PHILLIPS JUMBO LUMP,PHILLIPS JUMBO LUMP,insert,1,https://riba.app/imgrs/THUMBS%20500X500/345937.JPG,https://tusitio.com/tabs/detalle-producto/345937,0,0,0,USD,1,,"{""MARCA"":[""PHILLIPS""],""CATEGORIA"":[""Frutos Del Mar""]}","[""Frutos Del Mar""]",,https://riba.app/imgrs/THUMBS%20500X500/345937.JPG,0,0,102,0,2026-05-08 10:00:23
7005726001,PHILLIPS LOBSTER CLAW KNUCKLE,PHILLIPS LOBSTER CLAW KNUCKLE,PHILLIPS LOBSTER CLAW KNUCKLE,insert,1,https://riba.app/imgrs/THUMBS%20500X500/345939.JPG,https://tusitio.com/tabs/detalle-producto/345939,0,0,0,USD,1,,"{""MARCA"":[""PHILLIPS""],""CATEGORIA"":[""Frutos Del Mar""]}","[""Frutos Del Mar""]",,https://riba.app/imgrs/THUMBS%20500X500/345939.JPG,0,0,102,0,2026-05-08 10:00:23
70908109135,TROZOS DE SIERRA,TROZOS DE SIERRA,TROZOS DE SIERRA,insert,1,https://riba.app/imgrs/THUMBS%20500X500/324405.JPG,https://tusitio.com/tabs/detalle-producto/324405,0,0,0,USD,1,,"{""MARCA"":[""ISTMO FISHER""],""CATEGORIA"":[""Pescados""]}","[""Pescados""]",,https://riba.app/imgrs/THUMBS%20500X500/324405.JPG,0,0,103,0,2026-05-08 10:00:23
70908109136,COLA DE LANGOSTINO,COLA DE LANGOSTINO,COLA DE LANGOSTINO,insert,1,https://riba.app/imgrs/THUMBS%20500X500/324412.JPG,https://tusitio.com/tabs/detalle-producto/324412,0,0,0,USD,1,,"{""MARCA"":[""ISTMO FISHER""],""CATEGORIA"":[""Frutos Del Mar""]}","[""Frutos Del Mar""]",,https://riba.app/imgrs/THUMBS%20500X500/324412.JPG,0,0,102,0,2026-05-08 10:00:23
70908109145,FILETE DE LENGUADO 1 LB,FILETE DE LENGUADO 1 LB,FILETE DE LENGUADO 1 LB,insert,1,https://riba.app/imgrs/THUMBS%20500X500/324413.JPG,https://tusitio.com/tabs/detalle-producto/324413,0,0,0,USD,1,,"{""MARCA"":[""ISTMO FISHER""],""CATEGORIA"":[""Pescados""]}","[""Pescados""]",,https://riba.app/imgrs/THUMBS%20500X500/324413.JPG,0,0,103,0,2026-05-08 10:00:23
7107201203,VIGO FLAT FILLETS OF ANCHOVIES,VIGO FLAT FILLETS OF ANCHOVIES,VIGO FLAT FILLETS OF ANCHOVIES,insert,1,https://riba.app/imgrs/THUMBS%20500X500/266546.JPG,https://tusitio.com/tabs/detalle-producto/266546,0,0,0,USD,1,,"{""MARCA"":[""VIGO""],""CATEGORIA"":[""Conservas""]}","[""Conservas""]",,https://riba.app/imgrs/THUMBS%20500X500/266546.JPG,0,0,88,0,2026-05-08 10:00:23
7114000161,GEISHA CRAB MEAT 6OZ,GEISHA CRAB MEAT 6OZ,GEISHA CRAB MEAT 6OZ,insert,1,https://riba.app/imgrs/THUMBS%20500X500/134330.JPG,https://tusitio.com/tabs/detalle-producto/134330,0,0,0,USD,1,,"{""MARCA"":[""GEISHA""],""CATEGORIA"":[""Conservas""]}","[""Conservas""]",,https://riba.app/imgrs/THUMBS%20500X500/134330.JPG,0,0,88,0,2026-05-08 10:00:23
7114000600,GEISHA SMOKED OYSTERS 3.75 OZ,GEISHA SMOKED OYSTERS 3.75 OZ,GEISHA SMOKED OYSTERS 3.75 OZ,insert,1,https://riba.app/imgrs/THUMBS%20500X500/172902.JPG,https://tusitio.com/tabs/detalle-producto/172902,0,0,0,USD,1,,"{""MARCA"":[""GEISHA""],""CATEGORIA"":[""Conservas""]}","[""Conservas""]",,https://riba.app/imgrs/THUMBS%20500X500/172902.JPG,0,0,88,0,2026-05-08 10:00:23
72055000103,SALMON AHUMADO REBANADO,SALMON AHUMADO REBANADO,SALMON AHUMADO REBANADO,insert,1,https://riba.app/imgrs/THUMBS%20500X500/24942.JPG,https://tusitio.com/tabs/detalle-producto/24942,0,0,0,USD,1,,"{""MARCA"":[""GOURMAR""],""CATEGORIA"":[""Pescados""]}","[""Pescados""]",,https://riba.app/imgrs/THUMBS%20500X500/24942.JPG,0,0,103,0,2026-05-08 10:00:23
72055000108,SALMON AHUMADO REBANADO,SALMON AHUMADO REBANADO,SALMON AHUMADO REBANADO,insert,1,https://riba.app/imgrs/THUMBS%20500X500/24992.JPG,https://tusitio.com/tabs/detalle-producto/24992,0,0,0,USD,1,,"{""MARCA"":[""GOURMAR""],""CATEGORIA"":[""Pescados""]}","[""Pescados""]",,https://riba.app/imgrs/THUMBS%20500X500/24992.JPG,0,0,103,0,2026-05-08 10:00:23
72055000116,SALMON AHUMADO DE 1 LBS,SALMON AHUMADO DE 1 LBS,SALMON AHUMADO DE 1 LBS,insert,1,https://riba.app/imgrs/THUMBS%20500X500/24944.JPG,https://tusitio.com/tabs/detalle-producto/24944,0,0,0,USD,1,,"{""MARCA"":[""GOURMAR""],""CATEGORIA"":[""Pescados""]}","[""Pescados""]",,https://riba.app/imgrs/THUMBS%20500X500/24944.JPG,0,0,103,0,2026-05-08 10:00:23
72055000210,ATUN AHUMADO REBANADO,ATUN AHUMADO REBANADO,ATUN AHUMADO REBANADO,insert,1,https://riba.app/imgrs/THUMBS%20500X500/79890.JPG,https://tusitio.com/tabs/detalle-producto/79890,0,0,0,USD,1,,"{""MARCA"":[""GOURMAR""],""CATEGORIA"":[""Pescados""]}","[""Pescados""]",,https://riba.app/imgrs/THUMBS%20500X500/79890.JPG,0,0,103,0,2026-05-08 10:00:23
72055000222,GOURMAR ATUN TROZOS,GOURMAR ATUN TROZOS,GOURMAR ATUN TROZOS,insert,1,https://riba.app/imgrs/THUMBS%20500X500/254902.JPG,https://tusitio.com/tabs/detalle-producto/254902,0,0,0,USD,1,,"{""MARCA"":[""GOURMAR""],""CATEGORIA"":[""Pescados""]}","[""Pescados""]",,https://riba.app/imgrs/THUMBS%20500X500/254902.JPG,0,0,103,0,2026-05-08 10:00:23
72055001090,GRAVAD SALMON 3 OZ  CON SALSA,GRAVAD SALMON 3 OZ  CON SALSA,GRAVAD SALMON 3 OZ  CON SALSA,insert,1,https://riba.app/imgrs/THUMBS%20500X500/24994.JPG,https://tusitio.com/tabs/detalle-producto/24994,0,0,0,USD,1,,"{""MARCA"":[""GOURMAR""],""CATEGORIA"":[""Pescados""]}","[""Pescados""]",,https://riba.app/imgrs/THUMBS%20500X500/24994.JPG,0,0,103,0,2026-05-08 10:00:23
72055001186,PECECITOS APANADO,PECECITOS APANADO,PECECITOS APANADO,insert,1,https://riba.app/imgrs/THUMBS%20500X500/262102.JPG,https://tusitio.com/tabs/detalle-producto/262102,0,0,0,USD,1,,"{""MARCA"":[""GOURMAR""],""CATEGORIA"":[""Comidas Preparadas""]}","[""Comidas Preparadas""]",,https://riba.app/imgrs/THUMBS%20500X500/262102.JPG,0,0,91,0,2026-05-08 10:00:23
72055001189,FILETE MERLUZA APANADA,FILETE MERLUZA APANADA,FILETE MERLUZA APANADA,insert,1,https://riba.app/imgrs/THUMBS%20500X500/273496.JPG,https://tusitio.com/tabs/detalle-producto/273496,0,0,0,USD,1,,"{""MARCA"":[""GOURMAR""],""CATEGORIA"":[""Comidas Preparadas""]}","[""Comidas Preparadas""]",,https://riba.app/imgrs/THUMBS%20500X500/273496.JPG,0,0,91,0,2026-05-08 10:00:23
72055001198,SALMON FMLY PK MARINADO GOURMA,SALMON FMLY PK MARINADO GOURMA,SALMON FMLY PK MARINADO GOURMA,insert,1,https://riba.app/imgrs/THUMBS%20500X500/322251.JPG,https://tusitio.com/tabs/detalle-producto/322251,0,0,0,USD,1,,"{""MARCA"":[""GOURMAR""],""CATEGORIA"":[""Pescados""]}","[""Pescados""]",,https://riba.app/imgrs/THUMBS%20500X500/322251.JPG,0,0,103,0,2026-05-08 10:00:23
72055001199,GOURMAR ATUN FRESCO FAMILY PAC,GOURMAR ATUN FRESCO FAMILY PAC,GOURMAR ATUN FRESCO FAMILY PAC,insert,1,https://riba.app/imgrs/THUMBS%20500X500/277830.JPG,https://tusitio.com/tabs/detalle-producto/277830,0,0,0,USD,1,,"{""MARCA"":[""GOURMAR""],""CATEGORIA"":[""Pescados""]}","[""Pescados""]",,https://riba.app/imgrs/THUMBS%20500X500/277830.JPG,0,0,103,0,2026-05-08 10:00:23
72055002003,RODAJAS DE SALMON,RODAJAS DE SALMON,RODAJAS DE SALMON,insert,1,https://riba.app/imgrs/THUMBS%20500X500/290822.JPG,https://tusitio.com/tabs/detalle-producto/290822,0,0,0,USD,1,,"{""MARCA"":[""GOURMAR""],""CATEGORIA"":[""Pescados""]}","[""Pescados""]",,https://riba.app/imgrs/THUMBS%20500X500/290822.JPG,0,0,103,0,2026-05-08 10:00:23
72055002016,SALMON EN CUBOS GOURMAR,SALMON EN CUBOS GOURMAR,SALMON EN CUBOS GOURMAR,insert,1,https://riba.app/imgrs/THUMBS%20500X500/344173.JPG,https://tusitio.com/tabs/detalle-producto/344173,0,0,0,USD,1,,"{""MARCA"":[""GOURMAR""],""CATEGORIA"":[""Pescados""]}","[""Pescados""]",,https://riba.app/imgrs/THUMBS%20500X500/344173.JPG,0,0,103,0,2026-05-08 10:00:23
72055002019,DORADO DUOPACK GOURMAR,DORADO DUOPACK GOURMAR,DORADO DUOPACK GOURMAR,insert,1,https://riba.app/imgrs/THUMBS%20500X500/309754.JPG,https://tusitio.com/tabs/detalle-producto/309754,0,0,0,USD,1,,"{""MARCA"":[""GOURMAR""],""CATEGORIA"":[""Pescados""]}","[""Pescados""]",,https://riba.app/imgrs/THUMBS%20500X500/309754.JPG,0,0,103,0,2026-05-08 10:00:23
72055002025,PACK SALMON GOURMAR NARANJA JE,PACK SALMON GOURMAR NARANJA JE,PACK SALMON GOURMAR NARANJA JE,insert,1,https://riba.app/imgrs/THUMBS%20500X500/309753.JPG,https://tusitio.com/tabs/detalle-producto/309753,0,0,0,USD,1,,"{""MARCA"":[""GOURMAR""],""CATEGORIA"":[""Pescados""]}","[""Pescados""]",,https://riba.app/imgrs/THUMBS%20500X500/309753.JPG,0,0,103,0,2026-05-08 10:00:23
72055002028,CAMARON MEIDIANO GOURMAR,CAMARON MEIDIANO GOURMAR,CAMARON MEIDIANO GOURMAR,insert,1,https://riba.app/imgrs/THUMBS%20500X500/311559.JPG,https://tusitio.com/tabs/detalle-producto/311559,0,0,0,USD,1,,"{""MARCA"":[""GOURMAR""],""CATEGORIA"":[""Frutos Del Mar""]}","[""Frutos Del Mar""]",,https://riba.app/imgrs/THUMBS%20500X500/311559.JPG,0,0,102,0,2026-05-08 10:00:23
72055002029,SALMON AHUMADO EV BAGEL,SALMON AHUMADO EV BAGEL,SALMON AHUMADO EV BAGEL,insert,1,https://riba.app/imgrs/THUMBS%20500X500/322254.JPG,https://tusitio.com/tabs/detalle-producto/322254,0,0,0,USD,1,,"{""MARCA"":[""GOURMAR""],""CATEGORIA"":[""Pescados""]}","[""Pescados""]",,https://riba.app/imgrs/THUMBS%20500X500/322254.JPG,0,0,103,0,2026-05-08 10:00:23
72055002031,HAMBURGUESAS DE SALMON GOURMAR,HAMBURGUESAS DE SALMON GOURMAR,HAMBURGUESAS DE SALMON GOURMAR,insert,1,https://riba.app/imgrs/THUMBS%20500X500/333594.JPG,https://tusitio.com/tabs/detalle-producto/333594,0,0,0,USD,1,,"{""MARCA"":[""GOURMAR""],""CATEGORIA"":[""Comidas Preparadas""]}","[""Comidas Preparadas""]",,https://riba.app/imgrs/THUMBS%20500X500/333594.JPG,0,0,91,0,2026-05-08 10:00:23
72055002034,SALMON GOURMAR AHUMADO PIMIENT,SALMON GOURMAR AHUMADO PIMIENT,SALMON GOURMAR AHUMADO PIMIENT,insert,1,https://riba.app/imgrs/THUMBS%20500X500/331187.JPG,https://tusitio.com/tabs/detalle-producto/331187,0,0,0,USD,1,,"{""MARCA"":[""GOURMAR""],""CATEGORIA"":[""Pescados""]}","[""Pescados""]",,https://riba.app/imgrs/THUMBS%20500X500/331187.JPG,0,0,103,0,2026-05-08 10:00:23
72055002035,FILETE PESCADO APANADO ECOMAR,FILETE PESCADO APANADO ECOMAR,FILETE PESCADO APANADO ECOMAR,insert,1,https://riba.app/imgrs/THUMBS%20500X500/343613.JPG,https://tusitio.com/tabs/detalle-producto/343613,0,0,0,USD,1,,"{""MARCA"":[""ECOMAR""],""CATEGORIA"":[""Comidas Preparadas""]}","[""Comidas Preparadas""]",,https://riba.app/imgrs/THUMBS%20500X500/343613.JPG,0,0,91,0,2026-05-08 10:00:23
72055002036,FILETE DE PESCADO MARINADO,FILETE DE PESCADO MARINADO,FILETE DE PESCADO MARINADO,insert,1,https://riba.app/imgrs/THUMBS%20500X500/343607.JPG,https://tusitio.com/tabs/detalle-producto/343607,0,0,0,USD,1,,"{""MARCA"":[""ECOMAR""],""CATEGORIA"":[""Pescados""]}","[""Pescados""]",,https://riba.app/imgrs/THUMBS%20500X500/343607.JPG,0,0,103,0,2026-05-08 10:00:23
72055002037,BROCHETA DE PESCADO MOSTAZA,BROCHETA DE PESCADO MOSTAZA,BROCHETA DE PESCADO MOSTAZA,insert,1,https://riba.app/imgrs/THUMBS%20500X500/343610.JPG,https://tusitio.com/tabs/detalle-producto/343610,0,0,0,USD,1,,"{""MARCA"":[""ECOMAR""],""CATEGORIA"":[""Pescados""]}","[""Pescados""]",,https://riba.app/imgrs/THUMBS%20500X500/343610.JPG,0,0,103,0,2026-05-08 10:00:23
72055002075,MARISCOS MIXTO CONGELADO,MARISCOS MIXTO CONGELADO,MARISCOS MIXTO CONGELADO,insert,1,https://riba.app/imgrs/THUMBS%20500X500/226029.JPG,https://tusitio.com/tabs/detalle-producto/226029,0,0,0,USD,1,,"{""MARCA"":[""GOURMAR""],""CATEGORIA"":[""Frutos Del Mar""]}","[""Frutos Del Mar""]",,https://riba.app/imgrs/THUMBS%20500X500/226029.JPG,0,0,102,0,2026-05-08 10:00:23
72055006666,SALMON AHUMADO PIMIENTA,SALMON AHUMADO PIMIENTA,SALMON AHUMADO PIMIENTA,insert,1,https://riba.app/imgrs/THUMBS%20500X500/187290.JPG,https://tusitio.com/tabs/detalle-producto/187290,0,0,0,USD,1,,"{""MARCA"":[""GOURMAR""],""CATEGORIA"":[""Pescados""]}","[""Pescados""]",,https://riba.app/imgrs/THUMBS%20500X500/187290.JPG,0,0,103,0,2026-05-08 10:00:23
72055040153,SALMON FILETE PORCION CON PIEL,SALMON FILETE PORCION CON PIEL,SALMON FILETE PORCION CON PIEL,insert,1,https://riba.app/imgrs/THUMBS%20500X500/187289.JPG,https://tusitio.com/tabs/detalle-producto/187289,0,0,0,USD,1,,"{""MARCA"":[""GOURMAR""],""CATEGORIA"":[""Pescados""]}","[""Pescados""]",,https://riba.app/imgrs/THUMBS%20500X500/187289.JPG,0,0,103,0,2026-05-08 10:00:23
72055040154,SALMON DUO PACK,SALMON DUO PACK,SALMON DUO PACK,insert,1,https://riba.app/imgrs/THUMBS%20500X500/234848.JPG,https://tusitio.com/tabs/detalle-producto/234848,0,0,0,USD,1,,"{""MARCA"":[""GOURMAR""],""CATEGORIA"":[""Pescados""]}","[""Pescados""]",,https://riba.app/imgrs/THUMBS%20500X500/234848.JPG,0,0,103,0,2026-05-08 10:00:23
72055040155,SALMON  FAMILY FRESCO,SALMON  FAMILY FRESCO,SALMON  FAMILY FRESCO,insert,1,https://riba.app/imgrs/THUMBS%20500X500/181357.JPG,https://tusitio.com/tabs/detalle-producto/181357,0,0,0,USD,1,,"{""MARCA"":[""GOURMAR""],""CATEGORIA"":[""Pescados""]}","[""Pescados""]",,https://riba.app/imgrs/THUMBS%20500X500/181357.JPG,0,0,103,0,2026-05-08 10:00:23
72055040156,SALMON FILETE PORCION CON PIEL,SALMON FILETE PORCION CON PIEL,SALMON FILETE PORCION CON PIEL,insert,1,https://riba.app/imgrs/THUMBS%20500X500/187288.JPG,https://tusitio.com/tabs/detalle-producto/187288,0,0,0,USD,1,,"{""MARCA"":[""GOURMAR""],""CATEGORIA"":[""Pescados""]}","[""Pescados""]",,https://riba.app/imgrs/THUMBS%20500X500/187288.JPG,0,0,103,0,2026-05-08 10:00:23
72055040159,SALMON DUO PACK MOSTAZA AJO,SALMON DUO PACK MOSTAZA AJO,SALMON DUO PACK MOSTAZA AJO,insert,1,https://riba.app/imgrs/THUMBS%20500X500/242841.JPG,https://tusitio.com/tabs/detalle-producto/242841,0,0,0,USD,1,,"{""MARCA"":[""GOURMAR""],""CATEGORIA"":[""Pescados""]}","[""Pescados""]",,https://riba.app/imgrs/THUMBS%20500X500/242841.JPG,0,0,103,0,2026-05-08 10:00:23
72055040199,SALMON DPACK SOYA SESAMO,SALMON DPACK SOYA SESAMO,SALMON DPACK SOYA SESAMO,insert,1,https://riba.app/imgrs/THUMBS%20500X500/242842.JPG,https://tusitio.com/tabs/detalle-producto/242842,0,0,0,USD,1,,"{""MARCA"":[""GOURMAR""],""CATEGORIA"":[""Pescados""]}","[""Pescados""]",,https://riba.app/imgrs/THUMBS%20500X500/242842.JPG,0,0,103,0,2026-05-08 10:00:23
72055040205,SALMON COHO GOURMAR,SALMON COHO GOURMAR,SALMON COHO GOURMAR,insert,1,https://riba.app/imgrs/THUMBS%20500X500/355785.JPG,https://tusitio.com/tabs/detalle-producto/355785,0,0,0,USD,1,,"{""MARCA"":[""GOURMAR""],""CATEGORIA"":[""Pescados""]}","[""Pescados""]",,https://riba.app/imgrs/THUMBS%20500X500/355785.JPG,0,0,103,0,2026-05-08 10:00:23
7281028206,ATUN EN ACEITE & TROZOS DIETA,ATUN EN ACEITE & TROZOS DIETA,ATUN EN ACEITE & TROZOS DIETA,insert,1,https://riba.app/imgrs/THUMBS%20500X500/142346.JPG,https://tusitio.com/tabs/detalle-producto/142346,0,0,0,USD,1,,"{""MARCA"":[""LIGO""],""CATEGORIA"":[""Conservas""]}","[""Conservas""]",,https://riba.app/imgrs/THUMBS%20500X500/142346.JPG,0,0,88,0,2026-05-08 10:00:23
7281029346,SARDINAS EN SALSA DE TOMATE,SARDINAS EN SALSA DE TOMATE,SARDINAS EN SALSA DE TOMATE,insert,1,https://riba.app/imgrs/THUMBS%20500X500/13046.JPG,https://tusitio.com/tabs/detalle-producto/13046,0,0,0,USD,1,,"{""MARCA"":[""LIGO""],""CATEGORIA"":[""Conservas""]}","[""Conservas""]",,https://riba.app/imgrs/THUMBS%20500X500/13046.JPG,0,0,88,0,2026-05-08 10:00:23
7281029348,SARDINA EN SALSA TOMATE PICANT,SARDINA EN SALSA TOMATE PICANT,SARDINA EN SALSA TOMATE PICANT,insert,1,https://riba.app/imgrs/THUMBS%20500X500/15353.JPG,https://tusitio.com/tabs/detalle-producto/15353,0,0,0,USD,1,,"{""MARCA"":[""LIGO""],""CATEGORIA"":[""Conservas""]}","[""Conservas""]",,https://riba.app/imgrs/THUMBS%20500X500/15353.JPG,0,0,88,0,2026-05-08 10:00:23
7281029644,ATUN CON MAIZ EN AGUA,ATUN CON MAIZ EN AGUA,ATUN CON MAIZ EN AGUA,insert,1,https://riba.app/imgrs/THUMBS%20500X500/168521.JPG,https://tusitio.com/tabs/detalle-producto/168521,0,0,0,USD,1,,"{""MARCA"":[""LIGO""],""CATEGORIA"":[""Conservas""]}","[""Conservas""]",,https://riba.app/imgrs/THUMBS%20500X500/168521.JPG,0,0,88,0,2026-05-08 10:00:23
7281029648,ATUN CON VEGETALES EN AGUA,ATUN CON VEGETALES EN AGUA,ATUN CON VEGETALES EN AGUA,insert,1,https://riba.app/imgrs/THUMBS%20500X500/168564.JPG,https://tusitio.com/tabs/detalle-producto/168564,0,0,0,USD,1,,"{""MARCA"":[""LIGO""],""CATEGORIA"":[""Conservas""]}","[""Conservas""]",,https://riba.app/imgrs/THUMBS%20500X500/168564.JPG,0,0,88,0,2026-05-08 10:00:23
7281029652,ATUN JALAPEÑA EN AGUA,ATUN JALAPEÑA EN AGUA,ATUN JALAPEÑA EN AGUA,insert,1,https://riba.app/imgrs/THUMBS%20500X500/168565.JPG,https://tusitio.com/tabs/detalle-producto/168565,0,0,0,USD,1,,"{""MARCA"":[""LIGO""],""CATEGORIA"":[""Conservas""]}","[""Conservas""]",,https://riba.app/imgrs/THUMBS%20500X500/168565.JPG,0,0,88,0,2026-05-08 10:00:23
7281032280,SARDINA EN SALSA  DE TOMATE,SARDINA EN SALSA  DE TOMATE,SARDINA EN SALSA  DE TOMATE,insert,1,https://riba.app/imgrs/THUMBS%20500X500/166809.JPG,https://tusitio.com/tabs/detalle-producto/166809,0,0,0,USD,1,,"{""MARCA"":[""LIGO""],""CATEGORIA"":[""Conservas""]}","[""Conservas""]",,https://riba.app/imgrs/THUMBS%20500X500/166809.JPG,0,0,88,0,2026-05-08 10:00:23
7281032295,SARDINA SALSA TOMATE PICANTE,SARDINA SALSA TOMATE PICANTE,SARDINA SALSA TOMATE PICANTE,insert,1,https://riba.app/imgrs/THUMBS%20500X500/166808.JPG,https://tusitio.com/tabs/detalle-producto/166808,0,0,0,USD,1,,"{""MARCA"":[""LIGO""],""CATEGORIA"":[""Conservas""]}","[""Conservas""]",,https://riba.app/imgrs/THUMBS%20500X500/166808.JPG,0,0,88,0,2026-05-08 10:00:23
72857594027,COD FILLETS BATTERED PUB STYLE,COD FILLETS BATTERED PUB STYLE,COD FILLETS BATTERED PUB STYLE,insert,1,https://riba.app/imgrs/THUMBS%20500X500/271867.JPG,https://tusitio.com/tabs/detalle-producto/271867,0,0,0,USD,1,,"{""MARCA"":[""ORCABAY""],""CATEGORIA"":[""Comidas Preparadas""]}","[""Comidas Preparadas""]",,https://riba.app/imgrs/THUMBS%20500X500/271867.JPG,0,0,91,0,2026-05-08 10:00:23
72857594031,OBAY BREADED FLOUNDER FILLETS,OBAY BREADED FLOUNDER FILLETS,OBAY BREADED FLOUNDER FILLETS,insert,1,https://riba.app/imgrs/THUMBS%20500X500/284251.JPG,https://tusitio.com/tabs/detalle-producto/284251,0,0,0,USD,1,,"{""MARCA"":[""ORCABAY""],""CATEGORIA"":[""Comidas Preparadas""]}","[""Comidas Preparadas""]",,https://riba.app/imgrs/THUMBS%20500X500/284251.JPG,0,0,91,0,2026-05-08 10:00:23
73206479958,BACALAO EN CONSERVA DE LA CASA,BACALAO EN CONSERVA DE LA CASA,BACALAO EN CONSERVA DE LA CASA,insert,1,https://riba.app/imgrs/THUMBS%20500X500/297765.JPG,https://tusitio.com/tabs/detalle-producto/297765,0,0,0,USD,1,,"{""MARCA"":[""DE LA CASA""],""CATEGORIA"":[""Conservas""]}","[""Conservas""]",,https://riba.app/imgrs/THUMBS%20500X500/297765.JPG,0,0,88,0,2026-05-08 10:00:23
73206479959,ATUN EN CONSERVA DE LA CASA,ATUN EN CONSERVA DE LA CASA,ATUN EN CONSERVA DE LA CASA,insert,1,https://riba.app/imgrs/THUMBS%20500X500/297766.JPG,https://tusitio.com/tabs/detalle-producto/297766,0,0,0,USD,1,,"{""MARCA"":[""DE LA CASA""],""CATEGORIA"":[""Conservas""]}","[""Conservas""]",,https://riba.app/imgrs/THUMBS%20500X500/297766.JPG,0,0,88,0,2026-05-08 10:00:23
73980245794,MIXTO DE MARISCOS 1 LB,MIXTO DE MARISCOS 1 LB,MIXTO DE MARISCOS 1 LB,insert,1,https://riba.app/imgrs/THUMBS%20500X500/309534.JPG,https://tusitio.com/tabs/detalle-producto/309534,0,0,0,USD,1,,"{""MARCA"":[""COMACA FOODS""],""CATEGORIA"":[""Frutos Del Mar""]}","[""Frutos Del Mar""]",,https://riba.app/imgrs/THUMBS%20500X500/309534.JPG,0,0,102,0,2026-05-08 10:00:23
73980245795,CAMARON LIMPIO 1LB,CAMARON LIMPIO 1LB,CAMARON LIMPIO 1LB,insert,1,https://riba.app/imgrs/THUMBS%20500X500/309533.JPG,https://tusitio.com/tabs/detalle-producto/309533,0,0,0,USD,1,,"{""MARCA"":[""COMACA FOODS""],""CATEGORIA"":[""Frutos Del Mar""]}","[""Frutos Del Mar""]",,https://riba.app/imgrs/THUMBS%20500X500/309533.JPG,0,0,102,0,2026-05-08 10:00:23
73980245798,FILETE MERO 1 LB,FILETE MERO 1 LB,FILETE MERO 1 LB,insert,1,https://riba.app/imgrs/THUMBS%20500X500/309531.JPG,https://tusitio.com/tabs/detalle-producto/309531,0,0,0,USD,1,,"{""MARCA"":[""COMACA FOODS""],""CATEGORIA"":[""Pescados""]}","[""Pescados""]",,https://riba.app/imgrs/THUMBS%20500X500/309531.JPG,0,0,103,0,2026-05-08 10:00:23
741003139202,ATUN TROC CALVO JALAP AC,ATUN TROC CALVO JALAP AC,ATUN TROC CALVO JALAP AC,insert,1,https://riba.app/imgrs/THUMBS%20500X500/251337.JPG,https://tusitio.com/tabs/detalle-producto/251337,0,0,0,USD,1,,"{""MARCA"":[""CALVO""],""CATEGORIA"":[""Conservas""]}","[""Conservas""]",,https://riba.app/imgrs/THUMBS%20500X500/251337.JPG,0,0,88,0,2026-05-08 10:00:23
741003139289,ATUN EN ACEITE VEGETAL CUADRIT,ATUN EN ACEITE VEGETAL CUADRIT,ATUN EN ACEITE VEGETAL CUADRIT,insert,1,https://riba.app/imgrs/THUMBS%20500X500/173898.JPG,https://tusitio.com/tabs/detalle-producto/173898,0,0,0,USD,1,,"{""MARCA"":[""CALVO""],""CATEGORIA"":[""Conservas""]}","[""Conservas""]",,https://riba.app/imgrs/THUMBS%20500X500/173898.JPG,0,0,88,0,2026-05-08 10:00:23
741003139290,ATUN EN ACEITE VEGETAL CUADRIT,ATUN EN ACEITE VEGETAL CUADRIT,ATUN EN ACEITE VEGETAL CUADRIT,insert,1,https://riba.app/imgrs/THUMBS%20500X500/123726.JPG,https://tusitio.com/tabs/detalle-producto/123726,0,0,0,USD,1,,"{""MARCA"":[""CALVO""],""CATEGORIA"":[""Conservas""]}","[""Conservas""]",,https://riba.app/imgrs/THUMBS%20500X500/123726.JPG,0,0,88,0,2026-05-08 10:00:23
741003139291,ATUN LOMO EN TROZOS EN AGUA,ATUN LOMO EN TROZOS EN AGUA,ATUN LOMO EN TROZOS EN AGUA,insert,1,https://riba.app/imgrs/THUMBS%20500X500/123727.JPG,https://tusitio.com/tabs/detalle-producto/123727,0,0,0,USD,1,,"{""MARCA"":[""CALVO""],""CATEGORIA"":[""Conservas""]}","[""Conservas""]",,https://riba.app/imgrs/THUMBS%20500X500/123727.JPG,0,0,88,0,2026-05-08 10:00:23
741003139292,ATUN CON VEGETALES EN CUADRITO,ATUN CON VEGETALES EN CUADRITO,ATUN CON VEGETALES EN CUADRITO,insert,1,https://riba.app/imgrs/THUMBS%20500X500/127046.JPG,https://tusitio.com/tabs/detalle-producto/127046,0,0,0,USD,1,,"{""MARCA"":[""CALVO""],""CATEGORIA"":[""Conservas""]}","[""Conservas""]",,https://riba.app/imgrs/THUMBS%20500X500/127046.JPG,0,0,88,0,2026-05-08 10:00:23
741003139295,ATUN EN TROZO  AHUMADO,ATUN EN TROZO  AHUMADO,ATUN EN TROZO  AHUMADO,insert,1,https://riba.app/imgrs/THUMBS%20500X500/230076.JPG,https://tusitio.com/tabs/detalle-producto/230076,0,0,0,USD,1,,"{""MARCA"":[""CALVO""],""CATEGORIA"":[""Conservas""]}","[""Conservas""]",,https://riba.app/imgrs/THUMBS%20500X500/230076.JPG,0,0,88,0,2026-05-08 10:00:23
741003139296,ATUN CON MAIZ EN CUADRITOS,ATUN CON MAIZ EN CUADRITOS,ATUN CON MAIZ EN CUADRITOS,insert,1,https://riba.app/imgrs/THUMBS%20500X500/129600.JPG,https://tusitio.com/tabs/detalle-producto/129600,0,0,0,USD,1,,"{""MARCA"":[""CALVO""],""CATEGORIA"":[""Conservas""]}","[""Conservas""]",,https://riba.app/imgrs/THUMBS%20500X500/129600.JPG,0,0,88,0,2026-05-08 10:00:23
741003139307,CALVO ATUN CON VEGETALES,CALVO ATUN CON VEGETALES,CALVO ATUN CON VEGETALES,insert,1,https://riba.app/imgrs/THUMBS%20500X500/287173.JPG,https://tusitio.com/tabs/detalle-producto/287173,0,0,0,USD,1,,"{""MARCA"":[""CALVO""],""CATEGORIA"":[""Conservas""]}","[""Conservas""]",,https://riba.app/imgrs/THUMBS%20500X500/287173.JPG,0,0,88,0,2026-05-08 10:00:23
741003139315,TROZOS ACEITE VEGETAL 142G,TROZOS ACEITE VEGETAL 142G,TROZOS ACEITE VEGETAL 142G,insert,1,https://riba.app/imgrs/THUMBS%20500X500/278761.JPG,https://tusitio.com/tabs/detalle-producto/278761,0,0,0,USD,1,,"{""MARCA"":[""MAR DE PLATA ""],""CATEGORIA"":[""Conservas""]}","[""Conservas""]",,https://riba.app/imgrs/THUMBS%20500X500/278761.JPG,0,0,88,0,2026-05-08 10:00:23
741003139318,ATUN VEGET MAR D PLATA 142G,ATUN VEGET MAR D PLATA 142G,ATUN VEGET MAR D PLATA 142G,insert,1,https://riba.app/imgrs/THUMBS%20500X500/278760.JPG,https://tusitio.com/tabs/detalle-producto/278760,0,0,0,USD,1,,"{""MARCA"":[""MAR DE PLATA ""],""CATEGORIA"":[""Conservas""]}","[""Conservas""]",,https://riba.app/imgrs/THUMBS%20500X500/278760.JPG,0,0,88,0,2026-05-08 10:00:23
741003139366,ATUN EN AGUA LOMO DIETA,ATUN EN AGUA LOMO DIETA,ATUN EN AGUA LOMO DIETA,insert,1,https://riba.app/imgrs/THUMBS%20500X500/123725.JPG,https://tusitio.com/tabs/detalle-producto/123725,0,0,0,USD,1,,"{""MARCA"":[""CALVO""],""CATEGORIA"":[""Conservas""]}","[""Conservas""]",,https://riba.app/imgrs/THUMBS%20500X500/123725.JPG,0,0,88,0,2026-05-08 10:00:23
741003139494,FIL ATUN ACEITE CON JALAPEÑO,FIL ATUN ACEITE CON JALAPEÑO,FIL ATUN ACEITE CON JALAPEÑO,insert,1,https://riba.app/imgrs/THUMBS%20500X500/267752.JPG,https://tusitio.com/tabs/detalle-producto/267752,0,0,0,USD,1,,"{""MARCA"":[""CALVO""],""CATEGORIA"":[""Conservas""]}","[""Conservas""]",,https://riba.app/imgrs/THUMBS%20500X500/267752.JPG,0,0,88,0,2026-05-08 10:00:23
741003139495,FILETES ATUN ACEITE OLIVA,FILETES ATUN ACEITE OLIVA,FILETES ATUN ACEITE OLIVA,insert,1,https://riba.app/imgrs/THUMBS%20500X500/267753.JPG,https://tusitio.com/tabs/detalle-producto/267753,0,0,0,USD,1,,"{""MARCA"":[""CALVO""],""CATEGORIA"":[""Conservas""]}","[""Conservas""]",,https://riba.app/imgrs/THUMBS%20500X500/267753.JPG,0,0,88,0,2026-05-08 10:00:23
741003139594,FILETE ATUN EN AGUA,FILETE ATUN EN AGUA,FILETE ATUN EN AGUA,insert,1,https://riba.app/imgrs/THUMBS%20500X500/272720.JPG,https://tusitio.com/tabs/detalle-producto/272720,0,0,0,USD,1,,"{""MARCA"":[""CALVO""],""CATEGORIA"":[""Conservas""]}","[""Conservas""]",,https://riba.app/imgrs/THUMBS%20500X500/272720.JPG,0,0,88,0,2026-05-08 10:00:23
741003139632,TROZOS DE ATUN AHUMADO CALVO,TROZOS DE ATUN AHUMADO CALVO,TROZOS DE ATUN AHUMADO CALVO,insert,1,https://riba.app/imgrs/THUMBS%20500X500/351769.JPG,https://tusitio.com/tabs/detalle-producto/351769,0,0,0,USD,1,,"{""MARCA"":[""CALVO""],""CATEGORIA"":[""Conservas""]}","[""Conservas""]",,https://riba.app/imgrs/THUMBS%20500X500/351769.JPG,0,0,88,0,2026-05-08 10:00:23
741003139708,CALVO ATUN TROZO ACE VEGE,CALVO ATUN TROZO ACE VEGE,CALVO ATUN TROZO ACE VEGE,insert,1,https://riba.app/imgrs/THUMBS%20500X500/287174.JPG,https://tusitio.com/tabs/detalle-producto/287174,0,0,0,USD,1,,"{""MARCA"":[""CALVO""],""CATEGORIA"":[""Conservas""]}","[""Conservas""]",,https://riba.app/imgrs/THUMBS%20500X500/287174.JPG,0,0,88,0,2026-05-08 10:00:23
741003139731,CALVO ATUN TROZ AGUA 142G,CALVO ATUN TROZ AGUA 142G,CALVO ATUN TROZ AGUA 142G,insert,1,https://riba.app/imgrs/THUMBS%20500X500/287175.JPG,https://tusitio.com/tabs/detalle-producto/287175,0,0,0,USD,1,,"{""MARCA"":[""CALVO""],""CATEGORIA"":[""Conservas""]}","[""Conservas""]",,https://riba.app/imgrs/THUMBS%20500X500/287175.JPG,0,0,88,0,2026-05-08 10:00:23
741003139750,3PK ATUN AHUMADO CALVO,3PK ATUN AHUMADO CALVO,3PK ATUN AHUMADO CALVO,insert,1,https://riba.app/imgrs/THUMBS%20500X500/319163.JPG,https://tusitio.com/tabs/detalle-producto/319163,0,0,0,USD,1,,"{""MARCA"":[""CALVO""],""CATEGORIA"":[""Conservas""]}","[""Conservas""]",,https://riba.app/imgrs/THUMBS%20500X500/319163.JPG,0,0,88,0,2026-05-08 10:00:23
741003139830,MAR DE PLATA TROZOS ATUN AGUA,MAR DE PLATA TROZOS ATUN AGUA,MAR DE PLATA TROZOS ATUN AGUA,insert,1,https://riba.app/imgrs/THUMBS%20500X500/332726.JPG,https://tusitio.com/tabs/detalle-producto/332726,0,0,0,USD,1,,"{""MARCA"":[""MAR DE PLATA ""],""CATEGORIA"":[""Conservas""]}","[""Conservas""]",,https://riba.app/imgrs/THUMBS%20500X500/332726.JPG,0,0,88,0,2026-05-08 10:00:23
741003139887,ATUN TROZO EN ACEITE VEGETAL,ATUN TROZO EN ACEITE VEGETAL,ATUN TROZO EN ACEITE VEGETAL,insert,1,https://riba.app/imgrs/THUMBS%20500X500/355751.JPG,https://tusitio.com/tabs/detalle-producto/355751,0,0,0,USD,1,,"{""MARCA"":[""CALVO""],""CATEGORIA"":[""Conservas""]}","[""Conservas""]",,https://riba.app/imgrs/THUMBS%20500X500/355751.JPG,0,0,88,0,2026-05-08 10:00:23
741003139888,ATUN EN TROZO CON VEGETALES,ATUN EN TROZO CON VEGETALES,ATUN EN TROZO CON VEGETALES,insert,1,https://riba.app/imgrs/THUMBS%20500X500/355755.JPG,https://tusitio.com/tabs/detalle-producto/355755,0,0,0,USD,1,,"{""MARCA"":[""CALVO""],""CATEGORIA"":[""Conservas""]}","[""Conservas""]",,https://riba.app/imgrs/THUMBS%20500X500/355755.JPG,0,0,88,0,2026-05-08 10:00:23
741003139890,ATUN CALVO TROZOS EN AGUA,ATUN CALVO TROZOS EN AGUA,ATUN CALVO TROZOS EN AGUA,insert,1,https://riba.app/imgrs/THUMBS%20500X500/353881.JPG,https://tusitio.com/tabs/detalle-producto/353881,0,0,0,USD,1,,"{""MARCA"":[""CALVO""],""CATEGORIA"":[""Conservas""]}","[""Conservas""]",,https://riba.app/imgrs/THUMBS%20500X500/353881.JPG,0,0,88,0,2026-05-08 10:00:23
741003139910,4PACK ATUN TROZOS ACEITE VEGET,4PACK ATUN TROZOS ACEITE VEGET,4PACK ATUN TROZOS ACEITE VEGET,insert,1,https://riba.app/imgrs/THUMBS%20500X500/355749.JPG,https://tusitio.com/tabs/detalle-producto/355749,0,0,0,USD,1,,"{""MARCA"":[""CALVO""],""CATEGORIA"":[""Conservas""]}","[""Conservas""]",,https://riba.app/imgrs/THUMBS%20500X500/355749.JPG,0,0,88,0,2026-05-08 10:00:23
741003139911,4PK ATUN CALVO TROZOS AGUA,4PK ATUN CALVO TROZOS AGUA,4PK ATUN CALVO TROZOS AGUA,insert,1,https://riba.app/imgrs/THUMBS%20500X500/353879.JPG,https://tusitio.com/tabs/detalle-producto/353879,0,0,0,USD,1,,"{""MARCA"":[""CALVO""],""CATEGORIA"":[""Conservas""]}","[""Conservas""]",,https://riba.app/imgrs/THUMBS%20500X500/353879.JPG,0,0,88,0,2026-05-08 10:00:23
741003139913,ATUN LOMO TROZO CON VEGTAL 4PK,ATUN LOMO TROZO CON VEGTAL 4PK,ATUN LOMO TROZO CON VEGTAL 4PK,insert,1,https://riba.app/imgrs/THUMBS%20500X500/355750.JPG,https://tusitio.com/tabs/detalle-producto/355750,0,0,0,USD,1,,"{""MARCA"":[""CALVO""],""CATEGORIA"":[""Conservas""]}","[""Conservas""]",,https://riba.app/imgrs/THUMBS%20500X500/355750.JPG,0,0,88,0,2026-05-08 10:00:23
741003139965,ATUN TROCITOS AHUMADO ACEITE,ATUN TROCITOS AHUMADO ACEITE,ATUN TROCITOS AHUMADO ACEITE,insert,1,https://riba.app/imgrs/THUMBS%20500X500/357859.JPG,https://tusitio.com/tabs/detalle-producto/357859,0,0,0,USD,1,,"{""MARCA"":[""CALVO""],""CATEGORIA"":[""Conservas""]}","[""Conservas""]",,https://riba.app/imgrs/THUMBS%20500X500/357859.JPG,0,0,88,0,2026-05-08 10:00:23
741003139983,ATUN 3PACK AHUMADO CALVO,ATUN 3PACK AHUMADO CALVO,ATUN 3PACK AHUMADO CALVO,insert,1,https://riba.app/imgrs/THUMBS%20500X500/357860.JPG,https://tusitio.com/tabs/detalle-producto/357860,0,0,0,USD,1,,"{""MARCA"":[""CALVO""],""CATEGORIA"":[""Conservas""]}","[""Conservas""]",,https://riba.app/imgrs/THUMBS%20500X500/357860.JPG,0,0,88,0,2026-05-08 10:00:23
744100260455,ATUN CON JALAPEÑO EN AGUA,ATUN CON JALAPEÑO EN AGUA,ATUN CON JALAPEÑO EN AGUA,insert,1,https://riba.app/imgrs/THUMBS%20500X500/4244.JPG,https://tusitio.com/tabs/detalle-producto/4244,0,0,0,USD,1,,"{""MARCA"":[""BLUE PACIFIC""],""CATEGORIA"":[""Conservas""]}","[""Conservas""]",,https://riba.app/imgrs/THUMBS%20500X500/4244.JPG,0,0,88,0,2026-05-08 10:00:23
744100260477,ATUN EN ACEITE AHUMADO & TROZO,ATUN EN ACEITE AHUMADO & TROZO,ATUN EN ACEITE AHUMADO & TROZO,insert,1,https://riba.app/imgrs/THUMBS%20500X500/4256.JPG,https://tusitio.com/tabs/detalle-producto/4256,0,0,0,USD,1,,"{""MARCA"":[""BLUE PACIFIC""],""CATEGORIA"":[""Conservas""]}","[""Conservas""]",,https://riba.app/imgrs/THUMBS%20500X500/4256.JPG,0,0,88,0,2026-05-08 10:00:23
744100260478,ATUN CON MAIZ DULCE EN TROZOS,ATUN CON MAIZ DULCE EN TROZOS,ATUN CON MAIZ DULCE EN TROZOS,insert,1,https://riba.app/imgrs/THUMBS%20500X500/4257.JPG,https://tusitio.com/tabs/detalle-producto/4257,0,0,0,USD,1,,"{""MARCA"":[""BLUE PACIFIC""],""CATEGORIA"":[""Conservas""]}","[""Conservas""]",,https://riba.app/imgrs/THUMBS%20500X500/4257.JPG,0,0,88,0,2026-05-08 10:00:23
744100263324,ATUN CON VEGETALES EN AGUA DIE,ATUN CON VEGETALES EN AGUA DIE,ATUN CON VEGETALES EN AGUA DIE,insert,1,https://riba.app/imgrs/THUMBS%20500X500/184610.JPG,https://tusitio.com/tabs/detalle-producto/184610,0,0,0,USD,1,,"{""MARCA"":[""BLUE PACIFIC""],""CATEGORIA"":[""Conservas""]}","[""Conservas""]",,https://riba.app/imgrs/THUMBS%20500X500/184610.JPG,0,0,88,0,2026-05-08 10:00:23
744100263404,ATUN AHUMADO DIETA & TROZOS,ATUN AHUMADO DIETA & TROZOS,ATUN AHUMADO DIETA & TROZOS,insert,1,https://riba.app/imgrs/THUMBS%20500X500/201869.JPG,https://tusitio.com/tabs/detalle-producto/201869,0,0,0,USD,1,,"{""MARCA"":[""BLUE PACIFIC""],""CATEGORIA"":[""Conservas""]}","[""Conservas""]",,https://riba.app/imgrs/THUMBS%20500X500/201869.JPG,0,0,88,0,2026-05-08 10:00:23
744100263569,SARDINA BLUE PACIFIC PICANTE,SARDINA BLUE PACIFIC PICANTE,SARDINA BLUE PACIFIC PICANTE,insert,1,https://riba.app/imgrs/THUMBS%20500X500/301050.JPG,https://tusitio.com/tabs/detalle-producto/301050,0,0,0,USD,1,,"{""MARCA"":[""BLUE PACIFIC""],""CATEGORIA"":[""Conservas""]}","[""Conservas""]",,https://riba.app/imgrs/THUMBS%20500X500/301050.JPG,0,0,88,0,2026-05-08 10:00:23
744100263605,SARDINA BPACIFIC DULCE,SARDINA BPACIFIC DULCE,SARDINA BPACIFIC DULCE,insert,1,https://riba.app/imgrs/THUMBS%20500X500/301049.JPG,https://tusitio.com/tabs/detalle-producto/301049,0,0,0,USD,1,,"{""MARCA"":[""BLUE PACIFIC""],""CATEGORIA"":[""Conservas""]}","[""Conservas""]",,https://riba.app/imgrs/THUMBS%20500X500/301049.JPG,0,0,88,0,2026-05-08 10:00:23
744100263690,FILETE ATUN OREGANO,FILETE ATUN OREGANO,FILETE ATUN OREGANO,insert,1,https://riba.app/imgrs/THUMBS%20500X500/260848.JPG,https://tusitio.com/tabs/detalle-producto/260848,0,0,0,USD,1,,"{""MARCA"":[""TONNINO""],""CATEGORIA"":[""Conservas""]}","[""Conservas""]",,https://riba.app/imgrs/THUMBS%20500X500/260848.JPG,0,0,88,0,2026-05-08 10:00:23
744100263760,ATUN VENTRESCAS JALAPEÑO,ATUN VENTRESCAS JALAPEÑO,ATUN VENTRESCAS JALAPEÑO,insert,1,https://riba.app/imgrs/THUMBS%20500X500/260849.JPG,https://tusitio.com/tabs/detalle-producto/260849,0,0,0,USD,1,,"{""MARCA"":[""TONNINO""],""CATEGORIA"":[""Conservas""]}","[""Conservas""]",,https://riba.app/imgrs/THUMBS%20500X500/260849.JPG,0,0,88,0,2026-05-08 10:00:23
744100263761,TONNINO FILETE DE ATUN EN AGUA,TONNINO FILETE DE ATUN EN AGUA,TONNINO FILETE DE ATUN EN AGUA,insert,1,https://riba.app/imgrs/THUMBS%20500X500/292951.JPG,https://tusitio.com/tabs/detalle-producto/292951,0,0,0,USD,1,,"{""MARCA"":[""BLUE PACIFIC""],""CATEGORIA"":[""Conservas""]}","[""Conservas""]",,https://riba.app/imgrs/THUMBS%20500X500/292951.JPG,0,0,88,0,2026-05-08 10:00:23
744100263765,ATUN VENTRESCA ACEITE OLIVA,ATUN VENTRESCA ACEITE OLIVA,ATUN VENTRESCA ACEITE OLIVA,insert,1,https://riba.app/imgrs/THUMBS%20500X500/247814.JPG,https://tusitio.com/tabs/detalle-producto/247814,0,0,0,USD,1,,"{""MARCA"":[""TONNINO""],""CATEGORIA"":[""Conservas""]}","[""Conservas""]",,https://riba.app/imgrs/THUMBS%20500X500/247814.JPG,0,0,88,0,2026-05-08 10:00:23
744100263796,ATUN TROCITOS Y VEGETALES SPLA,ATUN TROCITOS Y VEGETALES SPLA,ATUN TROCITOS Y VEGETALES SPLA,insert,1,https://riba.app/imgrs/THUMBS%20500X500/341035.JPG,https://tusitio.com/tabs/detalle-producto/341035,0,0,0,USD,1,,"{""MARCA"":[""SPLASH""],""CATEGORIA"":[""Conservas""]}","[""Conservas""]",,https://riba.app/imgrs/THUMBS%20500X500/341035.JPG,0,0,88,0,2026-05-08 10:00:23
744100263798,ATUN TROZOS ACEITE SPLASH,ATUN TROZOS ACEITE SPLASH,ATUN TROZOS ACEITE SPLASH,insert,1,https://riba.app/imgrs/THUMBS%20500X500/341025.JPG,https://tusitio.com/tabs/detalle-producto/341025,0,0,0,USD,1,,"{""MARCA"":[""SPLASH""],""CATEGORIA"":[""Conservas""]}","[""Conservas""]",,https://riba.app/imgrs/THUMBS%20500X500/341025.JPG,0,0,88,0,2026-05-08 10:00:23
744100263945,FILETE ATUN OLIVA,FILETE ATUN OLIVA,FILETE ATUN OLIVA,insert,1,https://riba.app/imgrs/THUMBS%20500X500/260850.JPG,https://tusitio.com/tabs/detalle-producto/260850,0,0,0,USD,1,,"{""MARCA"":[""TONNINO""],""CATEGORIA"":[""Conservas""]}","[""Conservas""]",,https://riba.app/imgrs/THUMBS%20500X500/260850.JPG,0,0,88,0,2026-05-08 10:00:23
744100264529,ATUN EN TROZOS AGUA BAJO SAL,ATUN EN TROZOS AGUA BAJO SAL,ATUN EN TROZOS AGUA BAJO SAL,insert,1,https://riba.app/imgrs/THUMBS%20500X500/340802.JPG,https://tusitio.com/tabs/detalle-producto/340802,0,0,0,USD,1,,"{""MARCA"":[""BLUE PACIFIC""],""CATEGORIA"":[""Conservas""]}","[""Conservas""]",,https://riba.app/imgrs/THUMBS%20500X500/340802.JPG,0,0,88,0,2026-05-08 10:00:23
744100264910,ATUN SPLASH TROCO EN AGUAS,ATUN SPLASH TROCO EN AGUAS,ATUN SPLASH TROCO EN AGUAS,insert,1,https://riba.app/imgrs/THUMBS%20500X500/341023.JPG,https://tusitio.com/tabs/detalle-producto/341023,0,0,0,USD,1,,"{""MARCA"":[""SPLASH""],""CATEGORIA"":[""Conservas""]}","[""Conservas""]",,https://riba.app/imgrs/THUMBS%20500X500/341023.JPG,0,0,88,0,2026-05-08 10:00:23
744100265072,ATUN EN LOMOS ACEITE OLIVA,ATUN EN LOMOS ACEITE OLIVA,ATUN EN LOMOS ACEITE OLIVA,insert,1,https://riba.app/imgrs/THUMBS%20500X500/336350.JPG,https://tusitio.com/tabs/detalle-producto/336350,0,0,0,USD,1,,"{""MARCA"":[""BLUE PACIFIC""],""CATEGORIA"":[""Conservas""]}","[""Conservas""]",,https://riba.app/imgrs/THUMBS%20500X500/336350.JPG,0,0,88,0,2026-05-08 10:00:23
744100265073,ATUN BP LOMO EN ACEITE,ATUN BP LOMO EN ACEITE,ATUN BP LOMO EN ACEITE,insert,1,https://riba.app/imgrs/THUMBS%20500X500/336351.JPG,https://tusitio.com/tabs/detalle-producto/336351,0,0,0,USD,1,,"{""MARCA"":[""BLUE PACIFIC""],""CATEGORIA"":[""Conservas""]}","[""Conservas""]",,https://riba.app/imgrs/THUMBS%20500X500/336351.JPG,0,0,88,0,2026-05-08 10:00:23
744100265074,ATUN EN LOMO AGUA BLUE PACIFIC,ATUN EN LOMO AGUA BLUE PACIFIC,ATUN EN LOMO AGUA BLUE PACIFIC,insert,1,https://riba.app/imgrs/THUMBS%20500X500/336353.JPG,https://tusitio.com/tabs/detalle-producto/336353,0,0,0,USD,1,,"{""MARCA"":[""BLUE PACIFIC""],""CATEGORIA"":[""Conservas""]}","[""Conservas""]",,https://riba.app/imgrs/THUMBS%20500X500/336353.JPG,0,0,88,0,2026-05-08 10:00:23
744100265097,ATUN BLUE P VEGETALES EN LOMO,ATUN BLUE P VEGETALES EN LOMO,ATUN BLUE P VEGETALES EN LOMO,insert,1,https://riba.app/imgrs/THUMBS%20500X500/328927.JPG,https://tusitio.com/tabs/detalle-producto/328927,0,0,0,USD,1,,"{""MARCA"":[""BLUE PACIFIC""],""CATEGORIA"":[""Conservas""]}","[""Conservas""]",,https://riba.app/imgrs/THUMBS%20500X500/328927.JPG,0,0,88,0,2026-05-08 10:00:23
744100265098,ATUN BP LOMO TROZOS EN AGUA,ATUN BP LOMO TROZOS EN AGUA,ATUN BP LOMO TROZOS EN AGUA,insert,1,https://riba.app/imgrs/THUMBS%20500X500/328928.JPG,https://tusitio.com/tabs/detalle-producto/328928,0,0,0,USD,1,,"{""MARCA"":[""BLUE PACIFIC""],""CATEGORIA"":[""Conservas""]}","[""Conservas""]",,https://riba.app/imgrs/THUMBS%20500X500/328928.JPG,0,0,88,0,2026-05-08 10:00:23
744100265099,ATUN BP LOMO EN ACEITES,ATUN BP LOMO EN ACEITES,ATUN BP LOMO EN ACEITES,insert,1,https://riba.app/imgrs/THUMBS%20500X500/328929.JPG,https://tusitio.com/tabs/detalle-producto/328929,0,0,0,USD,1,,"{""MARCA"":[""BLUE PACIFIC""],""CATEGORIA"":[""Conservas""]}","[""Conservas""]",,https://riba.app/imgrs/THUMBS%20500X500/328929.JPG,0,0,88,0,2026-05-08 10:00:23
744100265248,ATUN EN ACEITE SOYA AHUMADO,ATUN EN ACEITE SOYA AHUMADO,ATUN EN ACEITE SOYA AHUMADO,insert,1,https://riba.app/imgrs/THUMBS%20500X500/341036.JPG,https://tusitio.com/tabs/detalle-producto/341036,0,0,0,USD,1,,"{""MARCA"":[""SPLASH""],""CATEGORIA"":[""Conservas""]}","[""Conservas""]",,https://riba.app/imgrs/THUMBS%20500X500/341036.JPG,0,0,88,0,2026-05-08 10:00:23
744100265249,ATUN ACEITE SOYA Y JALAPENO,ATUN ACEITE SOYA Y JALAPENO,ATUN ACEITE SOYA Y JALAPENO,insert,1,https://riba.app/imgrs/THUMBS%20500X500/341037.JPG,https://tusitio.com/tabs/detalle-producto/341037,0,0,0,USD,1,,"{""MARCA"":[""SPLASH""],""CATEGORIA"":[""Conservas""]}","[""Conservas""]",,https://riba.app/imgrs/THUMBS%20500X500/341037.JPG,0,0,88,0,2026-05-08 10:00:23
744100265370,ATUN TROZOS EN ACEITE 3PCK,ATUN TROZOS EN ACEITE 3PCK,ATUN TROZOS EN ACEITE 3PCK,insert,1,https://riba.app/imgrs/THUMBS%20500X500/336203.JPG,https://tusitio.com/tabs/detalle-producto/336203,0,0,0,USD,1,,"{""MARCA"":[""BLUE PACIFIC""],""CATEGORIA"":[""Conservas""]}","[""Conservas""]",,https://riba.app/imgrs/THUMBS%20500X500/336203.JPG,0,0,88,0,2026-05-08 10:00:23
744100265371,ATUN VEGETALES TROZOS 3PACK,ATUN VEGETALES TROZOS 3PACK,ATUN VEGETALES TROZOS 3PACK,insert,1,https://riba.app/imgrs/THUMBS%20500X500/336202.JPG,https://tusitio.com/tabs/detalle-producto/336202,0,0,0,USD,1,,"{""MARCA"":[""BLUE PACIFIC""],""CATEGORIA"":[""Conservas""]}","[""Conservas""]",,https://riba.app/imgrs/THUMBS%20500X500/336202.JPG,0,0,88,0,2026-05-08 10:00:23
744100265372,ATUN TROZOS 3PACK EN AGUA,ATUN TROZOS 3PACK EN AGUA,ATUN TROZOS 3PACK EN AGUA,insert,1,https://riba.app/imgrs/THUMBS%20500X500/336201.JPG,https://tusitio.com/tabs/detalle-producto/336201,0,0,0,USD,1,,"{""MARCA"":[""BLUE PACIFIC""],""CATEGORIA"":[""Conservas""]}","[""Conservas""]",,https://riba.app/imgrs/THUMBS%20500X500/336201.JPG,0,0,88,0,2026-05-08 10:00:23
744100265380,TUNA AHUMADA TROCITOS 3PK,TUNA AHUMADA TROCITOS 3PK,TUNA AHUMADA TROCITOS 3PK,insert,1,https://riba.app/imgrs/THUMBS%20500X500/336204.JPG,https://tusitio.com/tabs/detalle-producto/336204,0,0,0,USD,1,,"{""MARCA"":[""BLUE PACIFIC""],""CATEGORIA"":[""Conservas""]}","[""Conservas""]",,https://riba.app/imgrs/THUMBS%20500X500/336204.JPG,0,0,88,0,2026-05-08 10:00:23
744100265445,SARDINA EN SALSA CRIOLLA,SARDINA EN SALSA CRIOLLA,SARDINA EN SALSA CRIOLLA,insert,1,https://riba.app/imgrs/THUMBS%20500X500/354432.JPG,https://tusitio.com/tabs/detalle-producto/354432,0,0,0,USD,1,,"{""MARCA"":[""BLUE PACIFIC""],""CATEGORIA"":[""Conservas""]}","[""Conservas""]",,https://riba.app/imgrs/THUMBS%20500X500/354432.JPG,0,0,88,0,2026-05-08 10:00:23
744100265446,SARDINA SALSA CRIOLLA PICANTE,SARDINA SALSA CRIOLLA PICANTE,SARDINA SALSA CRIOLLA PICANTE,insert,1,https://riba.app/imgrs/THUMBS%20500X500/354431.JPG,https://tusitio.com/tabs/detalle-producto/354431,0,0,0,USD,1,,"{""MARCA"":[""BLUE PACIFIC""],""CATEGORIA"":[""Conservas""]}","[""Conservas""]",,https://riba.app/imgrs/THUMBS%20500X500/354431.JPG,0,0,88,0,2026-05-08 10:00:23
745102251210,FILETE ATUN EN ACEITE LA PARMI,FILETE ATUN EN ACEITE LA PARMI,FILETE ATUN EN ACEITE LA PARMI,insert,1,https://riba.app/imgrs/THUMBS%20500X500/319932.JPG,https://tusitio.com/tabs/detalle-producto/319932,0,0,0,USD,1,,"{""MARCA"":[""LA PARMIGIANA""],""CATEGORIA"":[""Conservas""]}","[""Conservas""]",,https://riba.app/imgrs/THUMBS%20500X500/319932.JPG,0,0,88,0,2026-05-08 10:00:23
745102251211,FILETE DE ATUN PEPERONCINO,FILETE DE ATUN PEPERONCINO,FILETE DE ATUN PEPERONCINO,insert,1,https://riba.app/imgrs/THUMBS%20500X500/319931.JPG,https://tusitio.com/tabs/detalle-producto/319931,0,0,0,USD,1,,"{""MARCA"":[""LA PARMIGIANA""],""CATEGORIA"":[""Conservas""]}","[""Conservas""]",,https://riba.app/imgrs/THUMBS%20500X500/319931.JPG,0,0,88,0,2026-05-08 10:00:23
745102251212,ATUN NATURAL LA PARMIGIANA,ATUN NATURAL LA PARMIGIANA,ATUN NATURAL LA PARMIGIANA,insert,1,https://riba.app/imgrs/THUMBS%20500X500/319930.JPG,https://tusitio.com/tabs/detalle-producto/319930,0,0,0,USD,1,,"{""MARCA"":[""LA PARMIGIANA""],""CATEGORIA"":[""Conservas""]}","[""Conservas""]",,https://riba.app/imgrs/THUMBS%20500X500/319930.JPG,0,0,88,0,2026-05-08 10:00:23
745102251213,FILETE ANCHOA LA PARMIGIANA,FILETE ANCHOA LA PARMIGIANA,FILETE ANCHOA LA PARMIGIANA,insert,1,https://riba.app/imgrs/THUMBS%20500X500/319929.JPG,https://tusitio.com/tabs/detalle-producto/319929,0,0,0,USD,1,,"{""MARCA"":[""LA PARMIGIANA""],""CATEGORIA"":[""Conservas""]}","[""Conservas""]",,https://riba.app/imgrs/THUMBS%20500X500/319929.JPG,0,0,88,0,2026-05-08 10:00:23
745107280004,ATUN 300G,ATUN 300G,ATUN 300G,insert,1,https://riba.app/imgrs/THUMBS%20500X500/162466.JPG,https://tusitio.com/tabs/detalle-producto/162466,0,0,0,USD,1,,"{""MARCA"":[""FRESH WIND SEAFOOD""],""CATEGORIA"":[""Pescados""]}","[""Pescados""]",,https://riba.app/imgrs/THUMBS%20500X500/162466.JPG,0,0,103,0,2026-05-08 10:00:23
745107281001,CAMARON PELADO 454 GR,CAMARON PELADO 454 GR,CAMARON PELADO 454 GR,insert,1,https://riba.app/imgrs/THUMBS%20500X500/3690.JPG,https://tusitio.com/tabs/detalle-producto/3690,0,0,0,USD,1,,"{""MARCA"":[""FRESH WIND SEAFOOD""],""CATEGORIA"":[""Frutos Del Mar""]}","[""Frutos Del Mar""]",,https://riba.app/imgrs/THUMBS%20500X500/3690.JPG,0,0,102,0,2026-05-08 10:00:23
745107281002,MARISCOS MIXTOS 454 GR,MARISCOS MIXTOS 454 GR,MARISCOS MIXTOS 454 GR,insert,1,https://riba.app/imgrs/THUMBS%20500X500/3688.JPG,https://tusitio.com/tabs/detalle-producto/3688,0,0,0,USD,1,,"{""MARCA"":[""FRESH WIND SEAFOOD""],""CATEGORIA"":[""Frutos Del Mar""]}","[""Frutos Del Mar""]",,https://riba.app/imgrs/THUMBS%20500X500/3688.JPG,0,0,102,0,2026-05-08 10:00:23
745107281010,ALMEJAS LIMPIAS 454 GR,ALMEJAS LIMPIAS 454 GR,ALMEJAS LIMPIAS 454 GR,insert,1,https://riba.app/imgrs/THUMBS%20500X500/3687.JPG,https://tusitio.com/tabs/detalle-producto/3687,0,0,0,USD,1,,"{""MARCA"":[""FRESH WIND SEAFOOD""],""CATEGORIA"":[""Frutos Del Mar""]}","[""Frutos Del Mar""]",,https://riba.app/imgrs/THUMBS%20500X500/3687.JPG,0,0,102,0,2026-05-08 10:00:23
745107281025,CAMARON ROJO PELADO MEDIANO,CAMARON ROJO PELADO MEDIANO,CAMARON ROJO PELADO MEDIANO,insert,1,https://riba.app/imgrs/THUMBS%20500X500/327550.JPG,https://tusitio.com/tabs/detalle-producto/327550,0,0,0,USD,1,,"{""MARCA"":[""FRESH WIND SEAFOOD""],""CATEGORIA"":[""Frutos Del Mar""]}","[""Frutos Del Mar""]",,https://riba.app/imgrs/THUMBS%20500X500/327550.JPG,0,0,102,0,2026-05-08 10:00:23
745107281026,CAMARONES PELADOS JUMBO,CAMARONES PELADOS JUMBO,CAMARONES PELADOS JUMBO,insert,1,https://riba.app/imgrs/THUMBS%20500X500/327551.JPG,https://tusitio.com/tabs/detalle-producto/327551,0,0,0,USD,1,,"{""MARCA"":[""FRESH WIND SEAFOOD""],""CATEGORIA"":[""Frutos Del Mar""]}","[""Frutos Del Mar""]",,https://riba.app/imgrs/THUMBS%20500X500/327551.JPG,0,0,102,0,2026-05-08 10:00:23
745107281044,ALMEJAS LIMPIAS 340 G,ALMEJAS LIMPIAS 340 G,ALMEJAS LIMPIAS 340 G,insert,1,https://riba.app/imgrs/THUMBS%20500X500/327555.JPG,https://tusitio.com/tabs/detalle-producto/327555,0,0,0,USD,1,,"{""MARCA"":[""FRESH WIND SEAFOOD""],""CATEGORIA"":[""Frutos Del Mar""]}","[""Frutos Del Mar""]",,https://riba.app/imgrs/THUMBS%20500X500/327555.JPG,0,0,102,0,2026-05-08 10:00:23
745107281045,MIXTO DE MARISCOS 340G,MIXTO DE MARISCOS 340G,MIXTO DE MARISCOS 340G,insert,1,https://riba.app/imgrs/THUMBS%20500X500/327553.JPG,https://tusitio.com/tabs/detalle-producto/327553,0,0,0,USD,1,,"{""MARCA"":[""FRESH WIND SEAFOOD""],""CATEGORIA"":[""Frutos Del Mar""]}","[""Frutos Del Mar""]",,https://riba.app/imgrs/THUMBS%20500X500/327553.JPG,0,0,102,0,2026-05-08 10:00:23
745107281046,CAMARON PELADO 340G,CAMARON PELADO 340G,CAMARON PELADO 340G,insert,1,https://riba.app/imgrs/THUMBS%20500X500/327552.JPG,https://tusitio.com/tabs/detalle-producto/327552,0,0,0,USD,1,,"{""MARCA"":[""FRESH WIND SEAFOOD""],""CATEGORIA"":[""Frutos Del Mar""]}","[""Frutos Del Mar""]",,https://riba.app/imgrs/THUMBS%20500X500/327552.JPG,0,0,102,0,2026-05-08 10:00:23
745107640001,MARISCOS MIXTOS,MARISCOS MIXTOS,MARISCOS MIXTOS,insert,1,https://riba.app/imgrs/THUMBS%20500X500/31985.JPG,https://tusitio.com/tabs/detalle-producto/31985,0,0,0,USD,1,,"{""MARCA"":[""TROPI MAR""],""CATEGORIA"":[""Frutos Del Mar""]}","[""Frutos Del Mar""]",,https://riba.app/imgrs/THUMBS%20500X500/31985.JPG,0,0,102,0,2026-05-08 10:00:23
745107640002,CAMARON ROJO PELADO,CAMARON ROJO PELADO,CAMARON ROJO PELADO,insert,1,https://riba.app/imgrs/THUMBS%20500X500/31986.JPG,https://tusitio.com/tabs/detalle-producto/31986,0,0,0,USD,1,,"{""MARCA"":[""TROPI MAR""],""CATEGORIA"":[""Frutos Del Mar""]}","[""Frutos Del Mar""]",,https://riba.app/imgrs/THUMBS%20500X500/31986.JPG,0,0,102,0,2026-05-08 10:00:23
745108810067,CEVICHE DE CORVINA 16 OZ,CEVICHE DE CORVINA 16 OZ,CEVICHE DE CORVINA 16 OZ,insert,1,https://riba.app/imgrs/THUMBS%20500X500/284730.JPG,https://tusitio.com/tabs/detalle-producto/284730,0,0,0,USD,1,,"{""MARCA"":[""DELI FISH""],""CATEGORIA"":[""Ceviche""]}","[""Ceviche""]",,https://riba.app/imgrs/THUMBS%20500X500/284730.JPG,0,0,105,0,2026-05-08 10:00:23
745108810068,CEVICHE COMBINACION 16OZ,CEVICHE COMBINACION 16OZ,CEVICHE COMBINACION 16OZ,insert,1,https://riba.app/imgrs/THUMBS%20500X500/284732.JPG,https://tusitio.com/tabs/detalle-producto/284732,0,0,0,USD,1,,"{""MARCA"":[""DELI FISH""],""CATEGORIA"":[""Ceviche""]}","[""Ceviche""]",,https://riba.app/imgrs/THUMBS%20500X500/284732.JPG,0,0,105,0,2026-05-08 10:00:23
745108810069,CEVICHE CAMARON 16OZ,CEVICHE CAMARON 16OZ,CEVICHE CAMARON 16OZ,insert,1,https://riba.app/imgrs/THUMBS%20500X500/284733.JPG,https://tusitio.com/tabs/detalle-producto/284733,0,0,0,USD,1,,"{""MARCA"":[""DELI FISH""],""CATEGORIA"":[""Ceviche""]}","[""Ceviche""]",,https://riba.app/imgrs/THUMBS%20500X500/284733.JPG,0,0,105,0,2026-05-08 10:00:23
745108810070,CEVICHE DE PULPO 16OZ,CEVICHE DE PULPO 16OZ,CEVICHE DE PULPO 16OZ,insert,1,https://riba.app/imgrs/THUMBS%20500X500/284735.JPG,https://tusitio.com/tabs/detalle-producto/284735,0,0,0,USD,1,,"{""MARCA"":[""DELI FISH""],""CATEGORIA"":[""Ceviche""]}","[""Ceviche""]",,https://riba.app/imgrs/THUMBS%20500X500/284735.JPG,0,0,105,0,2026-05-08 10:00:23
745108810091,CEVICHE DE PULPO 8OZ,CEVICHE DE PULPO 8OZ,CEVICHE DE PULPO 8OZ,insert,1,https://riba.app/imgrs/THUMBS%20500X500/284741.JPG,https://tusitio.com/tabs/detalle-producto/284741,0,0,0,USD,1,,"{""MARCA"":[""DELI FISH""],""CATEGORIA"":[""Ceviche""]}","[""Ceviche""]",,https://riba.app/imgrs/THUMBS%20500X500/284741.JPG,0,0,105,0,2026-05-08 10:00:23
745108810093,CEVICHE DE COMBINACION 8OZ,CEVICHE DE COMBINACION 8OZ,CEVICHE DE COMBINACION 8OZ,insert,1,https://riba.app/imgrs/THUMBS%20500X500/284739.JPG,https://tusitio.com/tabs/detalle-producto/284739,0,0,0,USD,1,,"{""MARCA"":[""DELI FISH""],""CATEGORIA"":[""Ceviche""]}","[""Ceviche""]",,https://riba.app/imgrs/THUMBS%20500X500/284739.JPG,0,0,105,0,2026-05-08 10:00:23
745108810094,CEVICHE DE CAMARON 8OZ,CEVICHE DE CAMARON 8OZ,CEVICHE DE CAMARON 8OZ,insert,1,https://riba.app/imgrs/THUMBS%20500X500/284740.JPG,https://tusitio.com/tabs/detalle-producto/284740,0,0,0,USD,1,,"{""MARCA"":[""DELI FISH""],""CATEGORIA"":[""Ceviche""]}","[""Ceviche""]",,https://riba.app/imgrs/THUMBS%20500X500/284740.JPG,0,0,105,0,2026-05-08 10:00:23
745108810095,CEVICHE DE CORVINA 8OZ,CEVICHE DE CORVINA 8OZ,CEVICHE DE CORVINA 8OZ,insert,1,https://riba.app/imgrs/THUMBS%20500X500/284737.JPG,https://tusitio.com/tabs/detalle-producto/284737,0,0,0,USD,1,,"{""MARCA"":[""DELI FISH""],""CATEGORIA"":[""Ceviche""]}","[""Ceviche""]",,https://riba.app/imgrs/THUMBS%20500X500/284737.JPG,0,0,105,0,2026-05-08 10:00:23
745108810105,CEVICHE CORVINA Y MANZANA,CEVICHE CORVINA Y MANZANA,CEVICHE CORVINA Y MANZANA,insert,1,https://riba.app/imgrs/THUMBS%20500X500/284736.JPG,https://tusitio.com/tabs/detalle-producto/284736,0,0,0,USD,1,,"{""MARCA"":[""DELI FISH""],""CATEGORIA"":[""Ceviche""]}","[""Ceviche""]",,https://riba.app/imgrs/THUMBS%20500X500/284736.JPG,0,0,105,0,2026-05-08 10:00:23
745108810110,CEVICHE DE COMBINACION 32 OZ,CEVICHE DE COMBINACION 32 OZ,CEVICHE DE COMBINACION 32 OZ,insert,1,https://riba.app/imgrs/THUMBS%20500X500/284743.JPG,https://tusitio.com/tabs/detalle-producto/284743,0,0,0,USD,1,,"{""MARCA"":[""DELI FISH""],""CATEGORIA"":[""Ceviche""]}","[""Ceviche""]",,https://riba.app/imgrs/THUMBS%20500X500/284743.JPG,0,0,105,0,2026-05-08 10:00:23
745108810111,CEVICHE DE CORVINA32 OZ,CEVICHE DE CORVINA32 OZ,CEVICHE DE CORVINA32 OZ,insert,1,https://riba.app/imgrs/THUMBS%20500X500/284742.JPG,https://tusitio.com/tabs/detalle-producto/284742,0,0,0,USD,1,,"{""MARCA"":[""DELI FISH""],""CATEGORIA"":[""Ceviche""]}","[""Ceviche""]",,https://riba.app/imgrs/THUMBS%20500X500/284742.JPG,0,0,105,0,2026-05-08 10:00:23
745110155710,ATUN CON MAIZ EN TROZOS,ATUN CON MAIZ EN TROZOS,ATUN CON MAIZ EN TROZOS,insert,1,https://riba.app/imgrs/THUMBS%20500X500/185572.JPG,https://tusitio.com/tabs/detalle-producto/185572,0,0,0,USD,1,,"{""MARCA"":[""BAMA""],""CATEGORIA"":[""Conservas""]}","[""Conservas""]",,https://riba.app/imgrs/THUMBS%20500X500/185572.JPG,0,0,88,0,2026-05-08 10:00:23
745110155711,TUNA SAZONADA EN TROZOS,TUNA SAZONADA EN TROZOS,TUNA SAZONADA EN TROZOS,insert,1,https://riba.app/imgrs/THUMBS%20500X500/185573.JPG,https://tusitio.com/tabs/detalle-producto/185573,0,0,0,USD,1,,"{""MARCA"":[""BAMA""],""CATEGORIA"":[""Conservas""]}","[""Conservas""]",,https://riba.app/imgrs/THUMBS%20500X500/185573.JPG,0,0,88,0,2026-05-08 10:00:23
745110155736,TUNA AL AJILLO BAMA,TUNA AL AJILLO BAMA,TUNA AL AJILLO BAMA,insert,1,https://riba.app/imgrs/THUMBS%20500X500/355168.JPG,https://tusitio.com/tabs/detalle-producto/355168,0,0,0,USD,1,,"{""MARCA"":[""BAMA""],""CATEGORIA"":[""Conservas""]}","[""Conservas""]",,https://riba.app/imgrs/THUMBS%20500X500/355168.JPG,0,0,88,0,2026-05-08 10:00:23
745110155776,ATUN EN AGUA & TROZOS,ATUN EN AGUA & TROZOS,ATUN EN AGUA & TROZOS,insert,1,https://riba.app/imgrs/THUMBS%20500X500/169349.JPG,https://tusitio.com/tabs/detalle-producto/169349,0,0,0,USD,1,,"{""MARCA"":[""BAMA""],""CATEGORIA"":[""Conservas""]}","[""Conservas""]",,https://riba.app/imgrs/THUMBS%20500X500/169349.JPG,0,0,88,0,2026-05-08 10:00:23
745110155777,ATUN EN ACEITE & TROZOS,ATUN EN ACEITE & TROZOS,ATUN EN ACEITE & TROZOS,insert,1,https://riba.app/imgrs/THUMBS%20500X500/169350.JPG,https://tusitio.com/tabs/detalle-producto/169350,0,0,0,USD,1,,"{""MARCA"":[""BAMA""],""CATEGORIA"":[""Conservas""]}","[""Conservas""]",,https://riba.app/imgrs/THUMBS%20500X500/169350.JPG,0,0,88,0,2026-05-08 10:00:23
745110155778,ATUN CON VEGETALES EN TROZOS,ATUN CON VEGETALES EN TROZOS,ATUN CON VEGETALES EN TROZOS,insert,1,https://riba.app/imgrs/THUMBS%20500X500/169351.JPG,https://tusitio.com/tabs/detalle-producto/169351,0,0,0,USD,1,,"{""MARCA"":[""BAMA""],""CATEGORIA"":[""Conservas""]}","[""Conservas""]",,https://riba.app/imgrs/THUMBS%20500X500/169351.JPG,0,0,88,0,2026-05-08 10:00:23
745110232001,CEVICHE D CORVINA A LA INGLESA,CEVICHE D CORVINA A LA INGLESA,CEVICHE D CORVINA A LA INGLESA,insert,1,https://riba.app/imgrs/THUMBS%20500X500/82557.JPG,https://tusitio.com/tabs/detalle-producto/82557,0,0,0,USD,1,,"{""MARCA"":[""AGASAJOS CHEZ MARIE""],""CATEGORIA"":[""Ceviche""]}","[""Ceviche""]",,https://riba.app/imgrs/THUMBS%20500X500/82557.JPG,0,0,105,0,2026-05-08 10:00:23
745110305001,CEVICHE MIXTO 1/2,CEVICHE MIXTO 1/2,CEVICHE MIXTO 1/2,insert,1,https://riba.app/imgrs/THUMBS%20500X500/223605.JPG,https://tusitio.com/tabs/detalle-producto/223605,0,0,0,USD,1,,"{""MARCA"":[""TIO CAIMAN  ""],""CATEGORIA"":[""Ceviche""]}","[""Ceviche""]",,https://riba.app/imgrs/THUMBS%20500X500/223605.JPG,0,0,105,0,2026-05-08 10:00:23
745110305002,CEVICHE DE PULPO 1/2,CEVICHE DE PULPO 1/2,CEVICHE DE PULPO 1/2,insert,1,https://riba.app/imgrs/THUMBS%20500X500/223606.JPG,https://tusitio.com/tabs/detalle-producto/223606,0,0,0,USD,1,,"{""MARCA"":[""TIO CAIMAN  ""],""CATEGORIA"":[""Ceviche""]}","[""Ceviche""]",,https://riba.app/imgrs/THUMBS%20500X500/223606.JPG,0,0,105,0,2026-05-08 10:00:23
745110305003,CEVICHE DE CAMARON 1/2,CEVICHE DE CAMARON 1/2,CEVICHE DE CAMARON 1/2,insert,1,https://riba.app/imgrs/THUMBS%20500X500/223604.JPG,https://tusitio.com/tabs/detalle-producto/223604,0,0,0,USD,1,,"{""MARCA"":[""TIO CAIMAN  ""],""CATEGORIA"":[""Ceviche""]}","[""Ceviche""]",,https://riba.app/imgrs/THUMBS%20500X500/223604.JPG,0,0,105,0,2026-05-08 10:00:23
745110305004,CEVICHE DE PESCADO 1/2,CEVICHE DE PESCADO 1/2,CEVICHE DE PESCADO 1/2,insert,1,https://riba.app/imgrs/THUMBS%20500X500/223603.JPG,https://tusitio.com/tabs/detalle-producto/223603,0,0,0,USD,1,,"{""MARCA"":[""TIO CAIMAN  ""],""CATEGORIA"":[""Ceviche""]}","[""Ceviche""]",,https://riba.app/imgrs/THUMBS%20500X500/223603.JPG,0,0,105,0,2026-05-08 10:00:23
745110305005,CEVICHE PESCADO 1/8,CEVICHE PESCADO 1/8,CEVICHE PESCADO 1/8,insert,1,https://riba.app/imgrs/THUMBS%20500X500/321720.JPG,https://tusitio.com/tabs/detalle-producto/321720,0,0,0,USD,1,,"{""MARCA"":[""TIO CAIMAN  ""],""CATEGORIA"":[""Ceviche""]}","[""Ceviche""]",,https://riba.app/imgrs/THUMBS%20500X500/321720.JPG,0,0,105,0,2026-05-08 10:00:23
745110305006,CEVICHE DE PESCADO 1/4,CEVICHE DE PESCADO 1/4,CEVICHE DE PESCADO 1/4,insert,1,https://riba.app/imgrs/THUMBS%20500X500/321711.JPG,https://tusitio.com/tabs/detalle-producto/321711,0,0,0,USD,1,,"{""MARCA"":[""TIO CAIMAN  ""],""CATEGORIA"":[""Ceviche""]}","[""Ceviche""]",,https://riba.app/imgrs/THUMBS%20500X500/321711.JPG,0,0,105,0,2026-05-08 10:00:23
745110305007,CEVICHE CAMARON 1/8,CEVICHE CAMARON 1/8,CEVICHE CAMARON 1/8,insert,1,https://riba.app/imgrs/THUMBS%20500X500/321722.JPG,https://tusitio.com/tabs/detalle-producto/321722,0,0,0,USD,1,,"{""MARCA"":[""TIO CAIMAN  ""],""CATEGORIA"":[""Ceviche""]}","[""Ceviche""]",,https://riba.app/imgrs/THUMBS%20500X500/321722.JPG,0,0,105,0,2026-05-08 10:00:23
745110305008,CEVICHE CAMARON 1/4,CEVICHE CAMARON 1/4,CEVICHE CAMARON 1/4,insert,1,https://riba.app/imgrs/THUMBS%20500X500/321721.JPG,https://tusitio.com/tabs/detalle-producto/321721,0,0,0,USD,1,,"{""MARCA"":[""TIO CAIMAN  ""],""CATEGORIA"":[""Ceviche""]}","[""Ceviche""]",,https://riba.app/imgrs/THUMBS%20500X500/321721.JPG,0,0,105,0,2026-05-08 10:00:23
745110305009,CEVICHE PULPO 1/8,CEVICHE PULPO 1/8,CEVICHE PULPO 1/8,insert,1,https://riba.app/imgrs/THUMBS%20500X500/321726.JPG,https://tusitio.com/tabs/detalle-producto/321726,0,0,0,USD,1,,"{""MARCA"":[""TIO CAIMAN  ""],""CATEGORIA"":[""Ceviche""]}","[""Ceviche""]",,https://riba.app/imgrs/THUMBS%20500X500/321726.JPG,0,0,105,0,2026-05-08 10:00:23
745110305010,CEVICHE DE PULPO 1/4,CEVICHE DE PULPO 1/4,CEVICHE DE PULPO 1/4,insert,1,https://riba.app/imgrs/THUMBS%20500X500/321725.JPG,https://tusitio.com/tabs/detalle-producto/321725,0,0,0,USD,1,,"{""MARCA"":[""TIO CAIMAN  ""],""CATEGORIA"":[""Ceviche""]}","[""Ceviche""]",,https://riba.app/imgrs/THUMBS%20500X500/321725.JPG,0,0,105,0,2026-05-08 10:00:23
745110305011,CEVICHE MIXTO 1/8,CEVICHE MIXTO 1/8,CEVICHE MIXTO 1/8,insert,1,https://riba.app/imgrs/THUMBS%20500X500/321724.JPG,https://tusitio.com/tabs/detalle-producto/321724,0,0,0,USD,1,,"{""MARCA"":[""TIO CAIMAN  ""],""CATEGORIA"":[""Ceviche""]}","[""Ceviche""]",,https://riba.app/imgrs/THUMBS%20500X500/321724.JPG,0,0,105,0,2026-05-08 10:00:23
745110305012,CEVICHE MIXTO 1/4,CEVICHE MIXTO 1/4,CEVICHE MIXTO 1/4,insert,1,https://riba.app/imgrs/THUMBS%20500X500/321723.JPG,https://tusitio.com/tabs/detalle-producto/321723,0,0,0,USD,1,,"{""MARCA"":[""TIO CAIMAN  ""],""CATEGORIA"":[""Ceviche""]}","[""Ceviche""]",,https://riba.app/imgrs/THUMBS%20500X500/321723.JPG,0,0,105,0,2026-05-08 10:00:23
745110468005,FILETE DE TILAPIA,FILETE DE TILAPIA,FILETE DE TILAPIA,insert,1,https://riba.app/imgrs/THUMBS%20500X500/181177.JPG,https://tusitio.com/tabs/detalle-producto/181177,0,0,0,USD,1,,"{""MARCA"":[""OCEAN GOURMET""],""CATEGORIA"":[""Pescados""]}","[""Pescados""]",,https://riba.app/imgrs/THUMBS%20500X500/181177.JPG,0,0,103,0,2026-05-08 10:00:23
745110468027,MIXTO DE MARISCO,MIXTO DE MARISCO,MIXTO DE MARISCO,insert,1,https://riba.app/imgrs/THUMBS%20500X500/192326.JPG,https://tusitio.com/tabs/detalle-producto/192326,0,0,0,USD,1,,"{""MARCA"":[""OCEAN GOURMET""],""CATEGORIA"":[""Frutos Del Mar""]}","[""Frutos Del Mar""]",,https://riba.app/imgrs/THUMBS%20500X500/192326.JPG,0,0,102,0,2026-05-08 10:00:23
745110511007,CAMARON PRE COCIDO MEDIANO,CAMARON PRE COCIDO MEDIANO,CAMARON PRE COCIDO MEDIANO,insert,1,https://riba.app/imgrs/THUMBS%20500X500/172763.JPG,https://tusitio.com/tabs/detalle-producto/172763,0,0,0,USD,1,,"{""MARCA"":[""FARALLON""],""CATEGORIA"":[""Frutos Del Mar""]}","[""Frutos Del Mar""]",,https://riba.app/imgrs/THUMBS%20500X500/172763.JPG,0,0,102,0,2026-05-08 10:00:23
745110511025,CAMARONES CRUDOS 21/25,CAMARONES CRUDOS 21/25,CAMARONES CRUDOS 21/25,insert,1,https://riba.app/imgrs/THUMBS%20500X500/272038.JPG,https://tusitio.com/tabs/detalle-producto/272038,0,0,0,USD,1,,"{""MARCA"":[""FARALLON""],""CATEGORIA"":[""Frutos Del Mar""]}","[""Frutos Del Mar""]",,https://riba.app/imgrs/THUMBS%20500X500/272038.JPG,0,0,102,0,2026-05-08 10:00:23
745110511026,COLA CAMARON LARGE (26-35),COLA CAMARON LARGE (26-35),COLA CAMARON LARGE (26-35),insert,1,https://riba.app/imgrs/THUMBS%20500X500/282375.JPG,https://tusitio.com/tabs/detalle-producto/282375,0,0,0,USD,1,,"{""MARCA"":[""FARALLON""],""CATEGORIA"":[""Frutos Del Mar""]}","[""Frutos Del Mar""]",,https://riba.app/imgrs/THUMBS%20500X500/282375.JPG,0,0,102,0,2026-05-08 10:00:23
745110511029,MIXTO DE MARISCOS COCIDOS,MIXTO DE MARISCOS COCIDOS,MIXTO DE MARISCOS COCIDOS,insert,1,https://riba.app/imgrs/THUMBS%20500X500/333542.JPG,https://tusitio.com/tabs/detalle-producto/333542,0,0,0,USD,1,,"{""MARCA"":[""FARALLON""],""CATEGORIA"":[""Frutos Del Mar""]}","[""Frutos Del Mar""]",,https://riba.app/imgrs/THUMBS%20500X500/333542.JPG,0,0,102,0,2026-05-08 10:00:23
745110511043,CAMARONES COCIDOS PELADOS DESV,CAMARONES COCIDOS PELADOS DESV,CAMARONES COCIDOS PELADOS DESV,insert,1,https://riba.app/imgrs/THUMBS%20500X500/345120.JPG,https://tusitio.com/tabs/detalle-producto/345120,0,0,0,USD,1,,"{""MARCA"":[""FARALLON""],""CATEGORIA"":[""Frutos Del Mar""]}","[""Frutos Del Mar""]",,https://riba.app/imgrs/THUMBS%20500X500/345120.JPG,0,0,102,0,2026-05-08 10:00:23
745110511051,LANGOSTN D MAR COCIDOS PLDOS D,LANGOSTN D MAR COCIDOS PLDOS D,LANGOSTN D MAR COCIDOS PLDOS D,insert,1,https://riba.app/imgrs/THUMBS%20500X500/353062.JPG,https://tusitio.com/tabs/detalle-producto/353062,0,0,0,USD,1,,"{""MARCA"":[""FARALLON""],""CATEGORIA"":[""Frutos Del Mar""]}","[""Frutos Del Mar""]",,https://riba.app/imgrs/THUMBS%20500X500/353062.JPG,0,0,102,0,2026-05-08 10:00:23
745110866010,FILETE DE CORVINA,FILETE DE CORVINA,FILETE DE CORVINA,insert,1,https://riba.app/imgrs/THUMBS%20500X500/281299.JPG,https://tusitio.com/tabs/detalle-producto/281299,0,0,0,USD,1,,"{""MARCA"":[""COMACA FOODS""],""CATEGORIA"":[""Pescados""]}","[""Pescados""]",,https://riba.app/imgrs/THUMBS%20500X500/281299.JPG,0,0,103,0,2026-05-08 10:00:23
745110866011,FILETE DE ROBALO,FILETE DE ROBALO,FILETE DE ROBALO,insert,1,https://riba.app/imgrs/THUMBS%20500X500/281300.JPG,https://tusitio.com/tabs/detalle-producto/281300,0,0,0,USD,1,,"{""MARCA"":[""COMACA FOODS""],""CATEGORIA"":[""Pescados""]}","[""Pescados""]",,https://riba.app/imgrs/THUMBS%20500X500/281300.JPG,0,0,103,0,2026-05-08 10:00:23
745110866012,FILETE DE ATUN,FILETE DE ATUN,FILETE DE ATUN,insert,1,https://riba.app/imgrs/THUMBS%20500X500/281301.JPG,https://tusitio.com/tabs/detalle-producto/281301,0,0,0,USD,1,,"{""MARCA"":[""COMACA FOODS""],""CATEGORIA"":[""Pescados""]}","[""Pescados""]",,https://riba.app/imgrs/THUMBS%20500X500/281301.JPG,0,0,103,0,2026-05-08 10:00:23
745201766670,SARDINAS  SALSA TOMATE 48 5,SARDINAS  SALSA TOMATE 48 5,SARDINAS  SALSA TOMATE 48 5,insert,1,https://riba.app/imgrs/THUMBS%20500X500/74740.JPG,https://tusitio.com/tabs/detalle-producto/74740,0,0,0,USD,1,,"{""MARCA"":[""DEL MONTE""],""CATEGORIA"":[""Conservas""]}","[""Conservas""]",,https://riba.app/imgrs/THUMBS%20500X500/74740.JPG,0,0,88,0,2026-05-08 10:00:23
745201766671,SARDINA EN SALSA TOMATE,SARDINA EN SALSA TOMATE,SARDINA EN SALSA TOMATE,insert,1,https://riba.app/imgrs/THUMBS%20500X500/9551.JPG,https://tusitio.com/tabs/detalle-producto/9551,0,0,0,USD,1,,"{""MARCA"":[""DEL MONTE""],""CATEGORIA"":[""Conservas""]}","[""Conservas""]",,https://riba.app/imgrs/THUMBS%20500X500/9551.JPG,0,0,88,0,2026-05-08 10:00:23
745201766673,SARDINA DEL MONTE PICANTE,SARDINA DEL MONTE PICANTE,SARDINA DEL MONTE PICANTE,insert,1,https://riba.app/imgrs/THUMBS%20500X500/305026.JPG,https://tusitio.com/tabs/detalle-producto/305026,0,0,0,USD,1,,"{""MARCA"":[""DEL MONTE""],""CATEGORIA"":[""Conservas""]}","[""Conservas""]",,https://riba.app/imgrs/THUMBS%20500X500/305026.JPG,0,0,88,0,2026-05-08 10:00:23
745210034012,TUNA CHUNKS EN AGUA,TUNA CHUNKS EN AGUA,TUNA CHUNKS EN AGUA,insert,1,https://riba.app/imgrs/THUMBS%20500X500/219340.JPG,https://tusitio.com/tabs/detalle-producto/219340,0,0,0,USD,1,,"{""MARCA"":[""TWO OCEANS ""],""CATEGORIA"":[""Conservas""]}","[""Conservas""]",,https://riba.app/imgrs/THUMBS%20500X500/219340.JPG,0,0,88,0,2026-05-08 10:00:23
745210034013,TUNA VEGETALES 170GR TWO OCEAN,TUNA VEGETALES 170GR TWO OCEAN,TUNA VEGETALES 170GR TWO OCEAN,insert,1,https://riba.app/imgrs/THUMBS%20500X500/251160.JPG,https://tusitio.com/tabs/detalle-producto/251160,0,0,0,USD,1,,"{""MARCA"":[""TWO OCEANS ""],""CATEGORIA"":[""Conservas""]}","[""Conservas""]",,https://riba.app/imgrs/THUMBS%20500X500/251160.JPG,0,0,88,0,2026-05-08 10:00:23
745210034014,TUNA CHUNKS EN ACEITE,TUNA CHUNKS EN ACEITE,TUNA CHUNKS EN ACEITE,insert,1,https://riba.app/imgrs/THUMBS%20500X500/251157.JPG,https://tusitio.com/tabs/detalle-producto/251157,0,0,0,USD,1,,"{""MARCA"":[""TWO OCEANS ""],""CATEGORIA"":[""Conservas""]}","[""Conservas""]",,https://riba.app/imgrs/THUMBS%20500X500/251157.JPG,0,0,88,0,2026-05-08 10:00:23
745210034016,TUNA JALAPENOS 170GR TWO OCEAN,TUNA JALAPENOS 170GR TWO OCEAN,TUNA JALAPENOS 170GR TWO OCEAN,insert,1,https://riba.app/imgrs/THUMBS%20500X500/251159.JPG,https://tusitio.com/tabs/detalle-producto/251159,0,0,0,USD,1,,"{""MARCA"":[""TWO OCEANS ""],""CATEGORIA"":[""Conservas""]}","[""Conservas""]",,https://riba.app/imgrs/THUMBS%20500X500/251159.JPG,0,0,88,0,2026-05-08 10:00:23
745210164006,SALMON AHUMADO 8 OZ,SALMON AHUMADO 8 OZ,SALMON AHUMADO 8 OZ,insert,1,https://riba.app/imgrs/THUMBS%20500X500/246178.JPG,https://tusitio.com/tabs/detalle-producto/246178,0,0,0,USD,1,,"{""MARCA"":[""RIQUEZAS DEL MAR ""],""CATEGORIA"":[""Pescados""]}","[""Pescados""]",,https://riba.app/imgrs/THUMBS%20500X500/246178.JPG,0,0,103,0,2026-05-08 10:00:23
745210164007,SALMON FRESCO FAMILYPACK,SALMON FRESCO FAMILYPACK,SALMON FRESCO FAMILYPACK,insert,1,https://riba.app/imgrs/THUMBS%20500X500/216553.JPG,https://tusitio.com/tabs/detalle-producto/216553,0,0,0,USD,1,,"{""MARCA"":[""RIQUEZAS DEL MAR ""],""CATEGORIA"":[""Pescados""]}","[""Pescados""]",,https://riba.app/imgrs/THUMBS%20500X500/216553.JPG,0,0,103,0,2026-05-08 10:00:23
745210164008,SALMON FRESCO 8 OZ,SALMON FRESCO 8 OZ,SALMON FRESCO 8 OZ,insert,1,https://riba.app/imgrs/THUMBS%20500X500/216554.JPG,https://tusitio.com/tabs/detalle-producto/216554,0,0,0,USD,1,,"{""MARCA"":[""RIQUEZAS DEL MAR ""],""CATEGORIA"":[""Pescados""]}","[""Pescados""]",,https://riba.app/imgrs/THUMBS%20500X500/216554.JPG,0,0,103,0,2026-05-08 10:00:23
745210164014,ATUN EN PORCION,ATUN EN PORCION,ATUN EN PORCION,insert,1,https://riba.app/imgrs/THUMBS%20500X500/246180.JPG,https://tusitio.com/tabs/detalle-producto/246180,0,0,0,USD,1,,"{""MARCA"":[""RIQUEZAS DEL MAR ""],""CATEGORIA"":[""Pescados""]}","[""Pescados""]",,https://riba.app/imgrs/THUMBS%20500X500/246180.JPG,0,0,103,0,2026-05-08 10:00:23
745210164023,CORVINA FAMILY PACK,CORVINA FAMILY PACK,CORVINA FAMILY PACK,insert,1,https://riba.app/imgrs/THUMBS%20500X500/289610.JPG,https://tusitio.com/tabs/detalle-producto/289610,0,0,0,USD,1,,"{""MARCA"":[""RIQUEZAS DEL MAR ""],""CATEGORIA"":[""Pescados""]}","[""Pescados""]",,https://riba.app/imgrs/THUMBS%20500X500/289610.JPG,0,0,103,0,2026-05-08 10:00:23
745210537067,CARNE DE ALMEJAS IQF,CARNE DE ALMEJAS IQF,CARNE DE ALMEJAS IQF,insert,1,https://riba.app/imgrs/THUMBS%20500X500/329645.JPG,https://tusitio.com/tabs/detalle-producto/329645,0,0,0,USD,1,,"{""MARCA"":[""HI FISH""],""CATEGORIA"":[""Frutos Del Mar""]}","[""Frutos Del Mar""]",,https://riba.app/imgrs/THUMBS%20500X500/329645.JPG,0,0,102,0,2026-05-08 10:00:23
745210537070,CAMARON PELADO I.Q.F.,CAMARON PELADO I.Q.F.,CAMARON PELADO I.Q.F.,insert,1,https://riba.app/imgrs/THUMBS%20500X500/329646.JPG,https://tusitio.com/tabs/detalle-producto/329646,0,0,0,USD,1,,"{""MARCA"":[""HI FISH""],""CATEGORIA"":[""Frutos Del Mar""]}","[""Frutos Del Mar""]",,https://riba.app/imgrs/THUMBS%20500X500/329646.JPG,0,0,102,0,2026-05-08 10:00:23
745210537074,MIXTO DE MARISCOS,MIXTO DE MARISCOS,MIXTO DE MARISCOS,insert,1,https://riba.app/imgrs/THUMBS%20500X500/329644.JPG,https://tusitio.com/tabs/detalle-producto/329644,0,0,0,USD,1,,"{""MARCA"":[""HI FISH""],""CATEGORIA"":[""Frutos Del Mar""]}","[""Frutos Del Mar""]",,https://riba.app/imgrs/THUMBS%20500X500/329644.JPG,0,0,102,0,2026-05-08 10:00:23
745210537080,PULPO PICADO,PULPO PICADO,PULPO PICADO,insert,1,https://riba.app/imgrs/THUMBS%20500X500/329647.JPG,https://tusitio.com/tabs/detalle-producto/329647,0,0,0,USD,1,,"{""MARCA"":[""HI FISH""],""CATEGORIA"":[""Frutos Del Mar""]}","[""Frutos Del Mar""]",,https://riba.app/imgrs/THUMBS%20500X500/329647.JPG,0,0,102,0,2026-05-08 10:00:23
745210537086,FILETE DE CORVINA,FILETE DE CORVINA,FILETE DE CORVINA,insert,1,https://riba.app/imgrs/THUMBS%20500X500/329648.JPG,https://tusitio.com/tabs/detalle-producto/329648,0,0,0,USD,1,,"{""MARCA"":[""HI FISH""],""CATEGORIA"":[""Pescados""]}","[""Pescados""]",,https://riba.app/imgrs/THUMBS%20500X500/329648.JPG,0,0,103,0,2026-05-08 10:00:23
745210537090,FILETE DE TILAPIA,FILETE DE TILAPIA,FILETE DE TILAPIA,insert,1,https://riba.app/imgrs/THUMBS%20500X500/329649.JPG,https://tusitio.com/tabs/detalle-producto/329649,0,0,0,USD,1,,"{""MARCA"":[""HI FISH""],""CATEGORIA"":[""Pescados""]}","[""Pescados""]",,https://riba.app/imgrs/THUMBS%20500X500/329649.JPG,0,0,103,0,2026-05-08 10:00:23
745301470734,BACALAO SAITHE EN BOLSA,BACALAO SAITHE EN BOLSA,BACALAO SAITHE EN BOLSA,insert,1,https://riba.app/imgrs/THUMBS%20500X500/22313.JPG,https://tusitio.com/tabs/detalle-producto/22313,0,0,0,USD,1,,"{""MARCA"":[""HERMANOS/GAGO""],""CATEGORIA"":[""Pescados""]}","[""Pescados""]",,https://riba.app/imgrs/THUMBS%20500X500/22313.JPG,0,0,103,0,2026-05-08 10:00:23
750302770934,TUNA ACEITE 3PACK MONARCH,TUNA ACEITE 3PACK MONARCH,TUNA ACEITE 3PACK MONARCH,insert,1,https://riba.app/imgrs/THUMBS%20500X500/203269.JPG,https://tusitio.com/tabs/detalle-producto/203269,0,0,0,USD,1,,"{""MARCA"":[""MONARCH""],""CATEGORIA"":[""Conservas""]}","[""Conservas""]",,https://riba.app/imgrs/THUMBS%20500X500/203269.JPG,0,0,88,0,2026-05-08 10:00:23
7537000545,SARDINA EN SALSA TOMATE CONCHI,SARDINA EN SALSA TOMATE CONCHI,SARDINA EN SALSA TOMATE CONCHI,insert,1,https://riba.app/imgrs/THUMBS%20500X500/49432.JPG,https://tusitio.com/tabs/detalle-producto/49432,0,0,0,USD,1,,"{""MARCA"":[""CONCHITA""],""CATEGORIA"":[""Conservas""]}","[""Conservas""]",,https://riba.app/imgrs/THUMBS%20500X500/49432.JPG,0,0,88,0,2026-05-08 10:00:23
76333145180,COLA LANGOSTA DEL PACIFICO,COLA LANGOSTA DEL PACIFICO,COLA LANGOSTA DEL PACIFICO,insert,1,https://riba.app/imgrs/THUMBS%20500X500/342248.JPG,https://tusitio.com/tabs/detalle-producto/342248,0,0,0,USD,1,,"{""MARCA"":[""ISTMO FISHER""],""CATEGORIA"":[""Frutos Del Mar""]}","[""Frutos Del Mar""]",,https://riba.app/imgrs/THUMBS%20500X500/342248.JPG,0,0,102,0,2026-05-08 10:00:23
76333145182,FILETE CORVINATA 1 LB,FILETE CORVINATA 1 LB,FILETE CORVINATA 1 LB,insert,1,https://riba.app/imgrs/THUMBS%20500X500/309530.JPG,https://tusitio.com/tabs/detalle-producto/309530,0,0,0,USD,1,,"{""MARCA"":[""COMACA FOODS""],""CATEGORIA"":[""Pescados""]}","[""Pescados""]",,https://riba.app/imgrs/THUMBS%20500X500/309530.JPG,0,0,103,0,2026-05-08 10:00:23
76333145183,FILETE DE TILAPIA 1 LB,FILETE DE TILAPIA 1 LB,FILETE DE TILAPIA 1 LB,insert,1,https://riba.app/imgrs/THUMBS%20500X500/309532.JPG,https://tusitio.com/tabs/detalle-producto/309532,0,0,0,USD,1,,"{""MARCA"":[""COMACA FOODS""],""CATEGORIA"":[""Pescados""]}","[""Pescados""]",,https://riba.app/imgrs/THUMBS%20500X500/309532.JPG,0,0,103,0,2026-05-08 10:00:23
76506677569,CAMARON LIMPIO DEVENADO,CAMARON LIMPIO DEVENADO,CAMARON LIMPIO DEVENADO,insert,1,https://riba.app/imgrs/THUMBS%20500X500/308861.JPG,https://tusitio.com/tabs/detalle-producto/308861,0,0,0,USD,1,,"{""MARCA"":[""RIQUEZAS DEL MAR ""],""CATEGORIA"":[""Frutos Del Mar""]}","[""Frutos Del Mar""]",,https://riba.app/imgrs/THUMBS%20500X500/308861.JPG,0,0,102,0,2026-05-08 10:00:23
7677019682,TUNA AGUA 3PACK MONARCH,TUNA AGUA 3PACK MONARCH,TUNA AGUA 3PACK MONARCH,insert,1,https://riba.app/imgrs/THUMBS%20500X500/203276.JPG,https://tusitio.com/tabs/detalle-producto/203276,0,0,0,USD,1,,"{""MARCA"":[""MONARCH""],""CATEGORIA"":[""Conservas""]}","[""Conservas""]",,https://riba.app/imgrs/THUMBS%20500X500/203276.JPG,0,0,88,0,2026-05-08 10:00:23
7677029510,TUNA EN AGUA DIETA,TUNA EN AGUA DIETA,TUNA EN AGUA DIETA,insert,1,https://riba.app/imgrs/THUMBS%20500X500/22551.JPG,https://tusitio.com/tabs/detalle-producto/22551,0,0,0,USD,1,,"{""MARCA"":[""MONARCH""],""CATEGORIA"":[""Conservas""]}","[""Conservas""]",,https://riba.app/imgrs/THUMBS%20500X500/22551.JPG,0,0,88,0,2026-05-08 10:00:23
7677029515,TUNA EN TROZOS LIVIANA MONARCH,TUNA EN TROZOS LIVIANA MONARCH,TUNA EN TROZOS LIVIANA MONARCH,insert,1,https://riba.app/imgrs/THUMBS%20500X500/359555.JPG,https://tusitio.com/tabs/detalle-producto/359555,0,0,0,USD,1,,"{""MARCA"":[""MONARCH""],""CATEGORIA"":[""Conservas""]}","[""Conservas""]",,https://riba.app/imgrs/THUMBS%20500X500/359555.JPG,0,0,88,0,2026-05-08 10:00:23
7677029519,ATUN EN ACEITE Y DIETA,ATUN EN ACEITE Y DIETA,ATUN EN ACEITE Y DIETA,insert,1,https://riba.app/imgrs/THUMBS%20500X500/22552.JPG,https://tusitio.com/tabs/detalle-producto/22552,0,0,0,USD,1,,"{""MARCA"":[""MONARCH""],""CATEGORIA"":[""Conservas""]}","[""Conservas""]",,https://riba.app/imgrs/THUMBS%20500X500/22552.JPG,0,0,88,0,2026-05-08 10:00:23
7677029520,TROZOS DE TUNA LIVIANA MONARCH,TROZOS DE TUNA LIVIANA MONARCH,TROZOS DE TUNA LIVIANA MONARCH,insert,1,https://riba.app/imgrs/THUMBS%20500X500/360150.JPG,https://tusitio.com/tabs/detalle-producto/360150,0,0,0,USD,1,,"{""MARCA"":[""MONARCH""],""CATEGORIA"":[""Conservas""]}","[""Conservas""]",,https://riba.app/imgrs/THUMBS%20500X500/360150.JPG,0,0,88,0,2026-05-08 10:00:23
7677030149,MONARCH SARDINA PICANTE,MONARCH SARDINA PICANTE,MONARCH SARDINA PICANTE,insert,1,https://riba.app/imgrs/THUMBS%20500X500/287460.JPG,https://tusitio.com/tabs/detalle-producto/287460,0,0,0,USD,1,,"{""MARCA"":[""MONARCH""],""CATEGORIA"":[""Conservas""]}","[""Conservas""]",,https://riba.app/imgrs/THUMBS%20500X500/287460.JPG,0,0,88,0,2026-05-08 10:00:23
7677030169,MONARCH SARDINA EN SALSA,MONARCH SARDINA EN SALSA,MONARCH SARDINA EN SALSA,insert,1,https://riba.app/imgrs/THUMBS%20500X500/287459.JPG,https://tusitio.com/tabs/detalle-producto/287459,0,0,0,USD,1,,"{""MARCA"":[""MONARCH""],""CATEGORIA"":[""Conservas""]}","[""Conservas""]",,https://riba.app/imgrs/THUMBS%20500X500/287459.JPG,0,0,88,0,2026-05-08 10:00:23
7677030302,ENSALADA TUNA ESTILO ASIATICA,ENSALADA TUNA ESTILO ASIATICA,ENSALADA TUNA ESTILO ASIATICA,insert,1,https://riba.app/imgrs/THUMBS%20500X500/335095.JPG,https://tusitio.com/tabs/detalle-producto/335095,0,0,0,USD,1,,"{""MARCA"":[""MONARCH""],""CATEGORIA"":[""Conservas""]}","[""Conservas""]",,https://riba.app/imgrs/THUMBS%20500X500/335095.JPG,0,0,88,0,2026-05-08 10:00:23
7677030322,TUNA CON PASTA ASIATICA,TUNA CON PASTA ASIATICA,TUNA CON PASTA ASIATICA,insert,1,https://riba.app/imgrs/THUMBS%20500X500/348532.JPG,https://tusitio.com/tabs/detalle-producto/348532,0,0,0,USD,1,,"{""MARCA"":[""MONARCH""],""CATEGORIA"":[""Conservas""]}","[""Conservas""]",,https://riba.app/imgrs/THUMBS%20500X500/348532.JPG,0,0,88,0,2026-05-08 10:00:23
7677030342,ATUN CON PASTA MEDITERRANEA,ATUN CON PASTA MEDITERRANEA,ATUN CON PASTA MEDITERRANEA,insert,1,https://riba.app/imgrs/THUMBS%20500X500/348531.JPG,https://tusitio.com/tabs/detalle-producto/348531,0,0,0,USD,1,,"{""MARCA"":[""MONARCH""],""CATEGORIA"":[""Conservas""]}","[""Conservas""]",,https://riba.app/imgrs/THUMBS%20500X500/348531.JPG,0,0,88,0,2026-05-08 10:00:23
770236700040,ATUN EN ACEITE OLIVA,ATUN EN ACEITE OLIVA,ATUN EN ACEITE OLIVA,insert,1,https://riba.app/imgrs/THUMBS%20500X500/141665.JPG,https://tusitio.com/tabs/detalle-producto/141665,0,0,0,USD,1,,"{""MARCA"":[""VAN CAMP S""],""CATEGORIA"":[""Conservas""]}","[""Conservas""]",,https://riba.app/imgrs/THUMBS%20500X500/141665.JPG,0,0,88,0,2026-05-08 10:00:23
770236700055,ATUN EN AGUA,ATUN EN AGUA,ATUN EN AGUA,insert,1,https://riba.app/imgrs/THUMBS%20500X500/141664.JPG,https://tusitio.com/tabs/detalle-producto/141664,0,0,0,USD,1,,"{""MARCA"":[""VAN CAMP S""],""CATEGORIA"":[""Conservas""]}","[""Conservas""]",,https://riba.app/imgrs/THUMBS%20500X500/141664.JPG,0,0,88,0,2026-05-08 10:00:23
770236700098,ATUN EN AGUA LIGHT SAL 16X3,ATUN EN AGUA LIGHT SAL 16X3,ATUN EN AGUA LIGHT SAL 16X3,insert,1,https://riba.app/imgrs/THUMBS%20500X500/157448.JPG,https://tusitio.com/tabs/detalle-producto/157448,0,0,0,USD,1,,"{""MARCA"":[""VAN CAMP S""],""CATEGORIA"":[""Conservas""]}","[""Conservas""]",,https://riba.app/imgrs/THUMBS%20500X500/157448.JPG,0,0,88,0,2026-05-08 10:00:23
770236700102,ATUN ACEITE 3 PACK,ATUN ACEITE 3 PACK,ATUN ACEITE 3 PACK,insert,1,https://riba.app/imgrs/THUMBS%20500X500/210090.JPG,https://tusitio.com/tabs/detalle-producto/210090,0,0,0,USD,1,,"{""MARCA"":[""VAN CAMP S""],""CATEGORIA"":[""Conservas""]}","[""Conservas""]",,https://riba.app/imgrs/THUMBS%20500X500/210090.JPG,0,0,88,0,2026-05-08 10:00:23
770236700261,ATUN EN ACEITE LOMOS,ATUN EN ACEITE LOMOS,ATUN EN ACEITE LOMOS,insert,1,https://riba.app/imgrs/THUMBS%20500X500/141661.JPG,https://tusitio.com/tabs/detalle-producto/141661,0,0,0,USD,1,,"{""MARCA"":[""VAN CAMP S""],""CATEGORIA"":[""Conservas""]}","[""Conservas""]",,https://riba.app/imgrs/THUMBS%20500X500/141661.JPG,0,0,88,0,2026-05-08 10:00:23
770236700262,ATUN EN AGUA 48 X 160 GR,ATUN EN AGUA 48 X 160 GR,ATUN EN AGUA 48 X 160 GR,insert,1,https://riba.app/imgrs/THUMBS%20500X500/141662.JPG,https://tusitio.com/tabs/detalle-producto/141662,0,0,0,USD,1,,"{""MARCA"":[""VAN CAMP S""],""CATEGORIA"":[""Conservas""]}","[""Conservas""]",,https://riba.app/imgrs/THUMBS%20500X500/141662.JPG,0,0,88,0,2026-05-08 10:00:23
770236700351,ATUN EN ACEITE DE OLIVA,ATUN EN ACEITE DE OLIVA,ATUN EN ACEITE DE OLIVA,insert,1,https://riba.app/imgrs/THUMBS%20500X500/149133.JPG,https://tusitio.com/tabs/detalle-producto/149133,0,0,0,USD,1,,"{""MARCA"":[""VAN CAMP S""],""CATEGORIA"":[""Conservas""]}","[""Conservas""]",,https://riba.app/imgrs/THUMBS%20500X500/149133.JPG,0,0,88,0,2026-05-08 10:00:23
770236700360,ATUN ACETE OLIVA 12PK,ATUN ACETE OLIVA 12PK,ATUN ACETE OLIVA 12PK,insert,1,https://riba.app/imgrs/THUMBS%20500X500/360032.JPG,https://tusitio.com/tabs/detalle-producto/360032,0,0,0,USD,1,,"{""MARCA"":[""VAN CAMP´S""],""CATEGORIA"":[""Conservas""]}","[""Conservas""]",,https://riba.app/imgrs/THUMBS%20500X500/360032.JPG,0,0,88,0,2026-05-08 10:00:23
770236700403,ATUN EN AGUA 12PK VCAMPS,ATUN EN AGUA 12PK VCAMPS,ATUN EN AGUA 12PK VCAMPS,insert,1,https://riba.app/imgrs/THUMBS%20500X500/360033.JPG,https://tusitio.com/tabs/detalle-producto/360033,0,0,0,USD,1,,"{""MARCA"":[""VAN CAMP´S""],""CATEGORIA"":[""Conservas""]}","[""Conservas""]",,https://riba.app/imgrs/THUMBS%20500X500/360033.JPG,0,0,88,0,2026-05-08 10:00:23
770236779949,LOMOS DE ATUN EN GIRASOL 12PK,LOMOS DE ATUN EN GIRASOL 12PK,LOMOS DE ATUN EN GIRASOL 12PK,insert,1,https://riba.app/imgrs/THUMBS%20500X500/360034.JPG,https://tusitio.com/tabs/detalle-producto/360034,0,0,0,USD,1,,"{""MARCA"":[""VAN CAMP´S""],""CATEGORIA"":[""Conservas""]}","[""Conservas""]",,https://riba.app/imgrs/THUMBS%20500X500/360034.JPG,0,0,88,0,2026-05-08 10:00:23
776736018207,CAMARONES GRANDES ROYAL SEAFOO,CAMARONES GRANDES ROYAL SEAFOO,CAMARONES GRANDES ROYAL SEAFOO,insert,1,https://riba.app/imgrs/THUMBS%20500X500/340495.JPG,https://tusitio.com/tabs/detalle-producto/340495,0,0,0,USD,1,,"{""MARCA"":[""ROYAL SEAFOODS""],""CATEGORIA"":[""Frutos Del Mar""]}","[""Frutos Del Mar""]",,https://riba.app/imgrs/THUMBS%20500X500/340495.JPG,0,0,102,0,2026-05-08 10:00:23
776736018586,ATUN LOMOS ACEITE TRUFA,ATUN LOMOS ACEITE TRUFA,ATUN LOMOS ACEITE TRUFA,insert,1,https://riba.app/imgrs/THUMBS%20500X500/340520.JPG,https://tusitio.com/tabs/detalle-producto/340520,0,0,0,USD,1,,"{""MARCA"":[""ROYAL PRINCE""],""CATEGORIA"":[""Conservas""]}","[""Conservas""]",,https://riba.app/imgrs/THUMBS%20500X500/340520.JPG,0,0,88,0,2026-05-08 10:00:23
776736018964,ALMEJAS EN CONCHA RSF,ALMEJAS EN CONCHA RSF,ALMEJAS EN CONCHA RSF,insert,1,https://riba.app/imgrs/THUMBS%20500X500/345300.JPG,https://tusitio.com/tabs/detalle-producto/345300,0,0,0,USD,1,,"{""MARCA"":[""ROYAL SEAFOODS""],""CATEGORIA"":[""Frutos Del Mar""]}","[""Frutos Del Mar""]",,https://riba.app/imgrs/THUMBS%20500X500/345300.JPG,0,0,102,0,2026-05-08 10:00:23
776736019185,TENTACULOS DE PULPO CONGELADO,TENTACULOS DE PULPO CONGELADO,TENTACULOS DE PULPO CONGELADO,insert,1,https://riba.app/imgrs/THUMBS%20500X500/345299.JPG,https://tusitio.com/tabs/detalle-producto/345299,0,0,0,USD,1,,"{""MARCA"":[""ROYAL SEAFOODS""],""CATEGORIA"":[""Frutos Del Mar""]}","[""Frutos Del Mar""]",,https://riba.app/imgrs/THUMBS%20500X500/345299.JPG,0,0,102,0,2026-05-08 10:00:23
780123500240,LOMO DE JUREL EN AGUA,LOMO DE JUREL EN AGUA,LOMO DE JUREL EN AGUA,insert,1,https://riba.app/imgrs/THUMBS%20500X500/341387.JPG,https://tusitio.com/tabs/detalle-producto/341387,0,0,0,USD,1,,"{""MARCA"":[""SAN JOSE ""],""CATEGORIA"":[""Conservas""]}","[""Conservas""]",,https://riba.app/imgrs/THUMBS%20500X500/341387.JPG,0,0,88,0,2026-05-08 10:00:23
780123500241,LOMO DE JUREL EN ACEITE,LOMO DE JUREL EN ACEITE,LOMO DE JUREL EN ACEITE,insert,1,https://riba.app/imgrs/THUMBS%20500X500/341426.JPG,https://tusitio.com/tabs/detalle-producto/341426,0,0,0,USD,1,,"{""MARCA"":[""SAN JOSE ""],""CATEGORIA"":[""Conservas""]}","[""Conservas""]",,https://riba.app/imgrs/THUMBS%20500X500/341426.JPG,0,0,88,0,2026-05-08 10:00:23
780123500242,LOMO DE JUREL AHUMADO,LOMO DE JUREL AHUMADO,LOMO DE JUREL AHUMADO,insert,1,https://riba.app/imgrs/THUMBS%20500X500/341391.JPG,https://tusitio.com/tabs/detalle-producto/341391,0,0,0,USD,1,,"{""MARCA"":[""SAN JOSE ""],""CATEGORIA"":[""Conservas""]}","[""Conservas""]",,https://riba.app/imgrs/THUMBS%20500X500/341391.JPG,0,0,88,0,2026-05-08 10:00:23
786122301247,DEDITOS DE PESCADO,DEDITOS DE PESCADO,DEDITOS DE PESCADO,insert,1,https://riba.app/imgrs/THUMBS%20500X500/348559.JPG,https://tusitio.com/tabs/detalle-producto/348559,0,0,0,USD,1,,"{""MARCA"":[""MR. FISH""],""CATEGORIA"":[""Comidas Preparadas""]}","[""Comidas Preparadas""]",,https://riba.app/imgrs/THUMBS%20500X500/348559.JPG,0,0,91,0,2026-05-08 10:00:23
786122301250,CROQUETAS DE PESCADO,CROQUETAS DE PESCADO,CROQUETAS DE PESCADO,insert,1,https://riba.app/imgrs/THUMBS%20500X500/348561.JPG,https://tusitio.com/tabs/detalle-producto/348561,0,0,0,USD,1,,"{""MARCA"":[""MR. FISH""],""CATEGORIA"":[""Comidas Preparadas""]}","[""Comidas Preparadas""]",,https://riba.app/imgrs/THUMBS%20500X500/348561.JPG,0,0,91,0,2026-05-08 10:00:23
786122301251,CROQUETA MUNDO MARINO,CROQUETA MUNDO MARINO,CROQUETA MUNDO MARINO,insert,1,https://riba.app/imgrs/THUMBS%20500X500/348564.JPG,https://tusitio.com/tabs/detalle-producto/348564,0,0,0,USD,1,,"{""MARCA"":[""MR. FISH""],""CATEGORIA"":[""Comidas Preparadas""]}","[""Comidas Preparadas""]",,https://riba.app/imgrs/THUMBS%20500X500/348564.JPG,0,0,91,0,2026-05-08 10:00:23
8000000334,TUNA STAR KIST AGUA 12 ONZ,TUNA STAR KIST AGUA 12 ONZ,TUNA STAR KIST AGUA 12 ONZ,insert,1,https://riba.app/imgrs/THUMBS%20500X500/10169.JPG,https://tusitio.com/tabs/detalle-producto/10169,0,0,0,USD,1,,"{""MARCA"":[""STAR KIST""],""CATEGORIA"":[""Conservas""]}","[""Conservas""]",,https://riba.app/imgrs/THUMBS%20500X500/10169.JPG,0,0,88,0,2026-05-08 10:00:23
8000000671,CHUNK WHITE ALBACOR TUNA WATER,CHUNK WHITE ALBACOR TUNA WATER,CHUNK WHITE ALBACOR TUNA WATER,insert,1,https://riba.app/imgrs/THUMBS%20500X500/155527.JPG,https://tusitio.com/tabs/detalle-producto/155527,0,0,0,USD,1,,"{""MARCA"":[""STAR KIST""],""CATEGORIA"":[""Conservas""]}","[""Conservas""]",,https://riba.app/imgrs/THUMBS%20500X500/155527.JPG,0,0,88,0,2026-05-08 10:00:23
8000000672,SKIST SOLD WHITE TUNA IN WATER,SKIST SOLD WHITE TUNA IN WATER,SKIST SOLD WHITE TUNA IN WATER,insert,1,https://riba.app/imgrs/THUMBS%20500X500/156410.JPG,https://tusitio.com/tabs/detalle-producto/156410,0,0,0,USD,1,,"{""MARCA"":[""STAR KIST""],""CATEGORIA"":[""Conservas""]}","[""Conservas""]",,https://riba.app/imgrs/THUMBS%20500X500/156410.JPG,0,0,88,0,2026-05-08 10:00:23
8000000676,SKIST GOURMET SOLID LIGHT WTR,SKIST GOURMET SOLID LIGHT WTR,SKIST GOURMET SOLID LIGHT WTR,insert,1,https://riba.app/imgrs/THUMBS%20500X500/157035.JPG,https://tusitio.com/tabs/detalle-producto/157035,0,0,0,USD,1,,"{""MARCA"":[""STAR KIST""],""CATEGORIA"":[""Conservas""]}","[""Conservas""]",,https://riba.app/imgrs/THUMBS%20500X500/157035.JPG,0,0,88,0,2026-05-08 10:00:23
8000000677,SKIST SOLID LIGHT TUNA OIL,SKIST SOLID LIGHT TUNA OIL,SKIST SOLID LIGHT TUNA OIL,insert,1,https://riba.app/imgrs/THUMBS%20500X500/155869.JPG,https://tusitio.com/tabs/detalle-producto/155869,0,0,0,USD,1,,"{""MARCA"":[""STAR KIST""],""CATEGORIA"":[""Conservas""]}","[""Conservas""]",,https://riba.app/imgrs/THUMBS%20500X500/155869.JPG,0,0,88,0,2026-05-08 10:00:23
8000001484,SK SOLID WHT WATER 9 OZ STARKI,SK SOLID WHT WATER 9 OZ STARKI,SK SOLID WHT WATER 9 OZ STARKI,insert,1,https://riba.app/imgrs/THUMBS%20500X500/44551.JPG,https://tusitio.com/tabs/detalle-producto/44551,0,0,0,USD,1,,"{""MARCA"":[""STAR KIST""],""CATEGORIA"":[""Conservas""]}","[""Conservas""]",,https://riba.app/imgrs/THUMBS%20500X500/44551.JPG,0,0,88,0,2026-05-08 10:00:23
8000049522,S/KIST CHNK WHT TUNA IN W,S/KIST CHNK WHT TUNA IN W,S/KIST CHNK WHT TUNA IN W,insert,1,https://riba.app/imgrs/THUMBS%20500X500/157760.JPG,https://tusitio.com/tabs/detalle-producto/157760,0,0,0,USD,1,,"{""MARCA"":[""STAR KIST""],""CATEGORIA"":[""Conservas""]}","[""Conservas""]",,https://riba.app/imgrs/THUMBS%20500X500/157760.JPG,0,0,88,0,2026-05-08 10:00:23
8000049525,SKIST CHUNKLIGHT TUNA IN WATER,SKIST CHUNKLIGHT TUNA IN WATER,SKIST CHUNKLIGHT TUNA IN WATER,insert,1,https://riba.app/imgrs/THUMBS%20500X500/156713.JPG,https://tusitio.com/tabs/detalle-producto/156713,0,0,0,USD,1,,"{""MARCA"":[""STAR KIST""],""CATEGORIA"":[""Conservas""]}","[""Conservas""]",,https://riba.app/imgrs/THUMBS%20500X500/156713.JPG,0,0,88,0,2026-05-08 10:00:23
8000049542,SKIST LUNCH TO GO ALBACORE,SKIST LUNCH TO GO ALBACORE,SKIST LUNCH TO GO ALBACORE,insert,1,https://riba.app/imgrs/THUMBS%20500X500/156411.JPG,https://tusitio.com/tabs/detalle-producto/156411,0,0,0,USD,1,,"{""MARCA"":[""STAR KIST""],""CATEGORIA"":[""Conservas""]}","[""Conservas""]",,https://riba.app/imgrs/THUMBS%20500X500/156411.JPG,0,0,88,0,2026-05-08 10:00:23
8000050528,SKIST LOW SODIUM ALBACORE TUNA,SKIST LOW SODIUM ALBACORE TUNA,SKIST LOW SODIUM ALBACORE TUNA,insert,1,https://riba.app/imgrs/THUMBS%20500X500/200566.JPG,https://tusitio.com/tabs/detalle-producto/200566,0,0,0,USD,1,,"{""MARCA"":[""STAR KIST""],""CATEGORIA"":[""Conservas""]}","[""Conservas""]",,https://riba.app/imgrs/THUMBS%20500X500/200566.JPG,0,0,88,0,2026-05-08 10:00:23
8000051092,TUNA CHUNK LIGHT AGUA ST  KIST,TUNA CHUNK LIGHT AGUA ST  KIST,TUNA CHUNK LIGHT AGUA ST  KIST,insert,1,https://riba.app/imgrs/THUMBS%20500X500/10165.JPG,https://tusitio.com/tabs/detalle-producto/10165,0,0,0,USD,1,,"{""MARCA"":[""STAR KIST""],""CATEGORIA"":[""Conservas""]}","[""Conservas""]",,https://riba.app/imgrs/THUMBS%20500X500/10165.JPG,0,0,88,0,2026-05-08 10:00:23
8000051093,ATUN TROZOS ACEITE VEG DIETA,ATUN TROZOS ACEITE VEG DIETA,ATUN TROZOS ACEITE VEG DIETA,insert,1,https://riba.app/imgrs/THUMBS%20500X500/10166.JPG,https://tusitio.com/tabs/detalle-producto/10166,0,0,0,USD,1,,"{""MARCA"":[""STAR KIST""],""CATEGORIA"":[""Conservas""]}","[""Conservas""]",,https://riba.app/imgrs/THUMBS%20500X500/10166.JPG,0,0,88,0,2026-05-08 10:00:23
8000051094,ATUN SOLIDA EN AGUA DIETA,ATUN SOLIDA EN AGUA DIETA,ATUN SOLIDA EN AGUA DIETA,insert,1,https://riba.app/imgrs/THUMBS%20500X500/137382.JPG,https://tusitio.com/tabs/detalle-producto/137382,0,0,0,USD,1,,"{""MARCA"":[""STAR KIST""],""CATEGORIA"":[""Conservas""]}","[""Conservas""]",,https://riba.app/imgrs/THUMBS%20500X500/137382.JPG,0,0,88,0,2026-05-08 10:00:23
8000051103,ATUN SOLIDA  ACEITE VEG DIETA,ATUN SOLIDA  ACEITE VEG DIETA,ATUN SOLIDA  ACEITE VEG DIETA,insert,1,https://riba.app/imgrs/THUMBS%20500X500/137383.JPG,https://tusitio.com/tabs/detalle-producto/137383,0,0,0,USD,1,,"{""MARCA"":[""STAR KIST""],""CATEGORIA"":[""Conservas""]}","[""Conservas""]",,https://riba.app/imgrs/THUMBS%20500X500/137383.JPG,0,0,88,0,2026-05-08 10:00:23
8000051308,SKIST TUNA CREAT SWEET SPICY,SKIST TUNA CREAT SWEET SPICY,SKIST TUNA CREAT SWEET SPICY,insert,1,https://riba.app/imgrs/THUMBS%20500X500/203416.JPG,https://tusitio.com/tabs/detalle-producto/203416,0,0,0,USD,1,,"{""MARCA"":[""STAR KIST""],""CATEGORIA"":[""Conservas""]}","[""Conservas""]",,https://riba.app/imgrs/THUMBS%20500X500/203416.JPG,0,0,88,0,2026-05-08 10:00:23
8000051309,SKIST TUNA ZESTY LEMON PEPPER,SKIST TUNA ZESTY LEMON PEPPER,SKIST TUNA ZESTY LEMON PEPPER,insert,1,https://riba.app/imgrs/THUMBS%20500X500/202784.JPG,https://tusitio.com/tabs/detalle-producto/202784,0,0,0,USD,1,,"{""MARCA"":[""STAR KIST""],""CATEGORIA"":[""Conservas""]}","[""Conservas""]",,https://riba.app/imgrs/THUMBS%20500X500/202784.JPG,0,0,88,0,2026-05-08 10:00:23
803360975226,FILETE DE SGOMBRO LISO,FILETE DE SGOMBRO LISO,FILETE DE SGOMBRO LISO,insert,1,https://riba.app/imgrs/THUMBS%20500X500/338769.JPG,https://tusitio.com/tabs/detalle-producto/338769,0,0,0,USD,1,,"{""MARCA"":[""LISOLA D ORO""],""CATEGORIA"":[""Conservas""]}","[""Conservas""]",,https://riba.app/imgrs/THUMBS%20500X500/338769.JPG,0,0,88,0,2026-05-08 10:00:23
803360975309,FILETE ATUN ACEITE OLIVA TONNO,FILETE ATUN ACEITE OLIVA TONNO,FILETE ATUN ACEITE OLIVA TONNO,insert,1,https://riba.app/imgrs/THUMBS%20500X500/338372.JPG,https://tusitio.com/tabs/detalle-producto/338372,0,0,0,USD,1,,"{""MARCA"":[""LISOLA D ORO""],""CATEGORIA"":[""Conservas""]}","[""Conservas""]",,https://riba.app/imgrs/THUMBS%20500X500/338372.JPG,0,0,88,0,2026-05-08 10:00:23
805053825080,ATUN EN ACEITE,ATUN EN ACEITE,ATUN EN ACEITE,insert,1,https://riba.app/imgrs/THUMBS%20500X500/286667.JPG,https://tusitio.com/tabs/detalle-producto/286667,0,0,0,USD,1,,"{""MARCA"":[""TUNA HAT ""],""CATEGORIA"":[""Conservas""]}","[""Conservas""]",,https://riba.app/imgrs/THUMBS%20500X500/286667.JPG,0,0,88,0,2026-05-08 10:00:23
805053825081,ATUN EN AGUA,ATUN EN AGUA,ATUN EN AGUA,insert,1,https://riba.app/imgrs/THUMBS%20500X500/286666.JPG,https://tusitio.com/tabs/detalle-producto/286666,0,0,0,USD,1,,"{""MARCA"":[""TUNA HAT ""],""CATEGORIA"":[""Conservas""]}","[""Conservas""]",,https://riba.app/imgrs/THUMBS%20500X500/286666.JPG,0,0,88,0,2026-05-08 10:00:23
805053825082,ATUN EN ACEITE DE OLIVA,ATUN EN ACEITE DE OLIVA,ATUN EN ACEITE DE OLIVA,insert,1,https://riba.app/imgrs/THUMBS%20500X500/286669.JPG,https://tusitio.com/tabs/detalle-producto/286669,0,0,0,USD,1,,"{""MARCA"":[""TUNA HAT ""],""CATEGORIA"":[""Conservas""]}","[""Conservas""]",,https://riba.app/imgrs/THUMBS%20500X500/286669.JPG,0,0,88,0,2026-05-08 10:00:23
805053825083,ATUN EN ACEITE AHUMADA,ATUN EN ACEITE AHUMADA,ATUN EN ACEITE AHUMADA,insert,1,https://riba.app/imgrs/THUMBS%20500X500/286668.JPG,https://tusitio.com/tabs/detalle-producto/286668,0,0,0,USD,1,,"{""MARCA"":[""TUNA HAT ""],""CATEGORIA"":[""Conservas""]}","[""Conservas""]",,https://riba.app/imgrs/THUMBS%20500X500/286668.JPG,0,0,88,0,2026-05-08 10:00:23
8081652,FILETES DE ANCHOA BUCANIERI,FILETES DE ANCHOA BUCANIERI,FILETES DE ANCHOA BUCANIERI,insert,1,https://riba.app/imgrs/THUMBS%20500X500/308051.JPG,https://tusitio.com/tabs/detalle-producto/308051,0,0,0,USD,1,,"{""MARCA"":[""BUCANIERI""],""CATEGORIA"":[""Conservas""]}","[""Conservas""]",,https://riba.app/imgrs/THUMBS%20500X500/308051.JPG,0,0,88,0,2026-05-08 10:00:23
81011563259,PANAMEI SALMON PORTION,PANAMEI SALMON PORTION,PANAMEI SALMON PORTION,insert,1,https://riba.app/imgrs/THUMBS%20500X500/301724.JPG,https://tusitio.com/tabs/detalle-producto/301724,0,0,0,USD,1,,"{""MARCA"":[""PANAMEI SEAFOOD""],""CATEGORIA"":[""Pescados""]}","[""Pescados""]",,https://riba.app/imgrs/THUMBS%20500X500/301724.JPG,0,0,103,0,2026-05-08 10:00:23
81120703030,DUO PACK  DE OB  COBIA,DUO PACK  DE OB  COBIA,DUO PACK  DE OB  COBIA,insert,1,https://riba.app/imgrs/THUMBS%20500X500/291455.JPG,https://tusitio.com/tabs/detalle-producto/291455,0,0,0,USD,1,,"{""MARCA"":[""OPEN BLUE ""],""CATEGORIA"":[""Pescados""]}","[""Pescados""]",,https://riba.app/imgrs/THUMBS%20500X500/291455.JPG,0,0,103,0,2026-05-08 10:00:23
81120703031,FAMILY  PACK DE OB COBIA,FAMILY  PACK DE OB COBIA,FAMILY  PACK DE OB COBIA,insert,1,https://riba.app/imgrs/THUMBS%20500X500/291457.JPG,https://tusitio.com/tabs/detalle-producto/291457,0,0,0,USD,1,,"{""MARCA"":[""OPEN BLUE ""],""CATEGORIA"":[""Pescados""]}","[""Pescados""]",,https://riba.app/imgrs/THUMBS%20500X500/291457.JPG,0,0,103,0,2026-05-08 10:00:23
81120703043,PESCADO COBIA BLANCO,PESCADO COBIA BLANCO,PESCADO COBIA BLANCO,insert,1,https://riba.app/imgrs/THUMBS%20500X500/314451.JPG,https://tusitio.com/tabs/detalle-producto/314451,0,0,0,USD,1,,"{""MARCA"":[""OPEN BLUE ""],""CATEGORIA"":[""Pescados""]}","[""Pescados""]",,https://riba.app/imgrs/THUMBS%20500X500/314451.JPG,0,0,103,0,2026-05-08 10:00:23
81120703048,HAMBURGUESAS DE COIBA,HAMBURGUESAS DE COIBA,HAMBURGUESAS DE COIBA,insert,1,https://riba.app/imgrs/THUMBS%20500X500/346762.JPG,https://tusitio.com/tabs/detalle-producto/346762,0,0,0,USD,1,,"{""MARCA"":[""OPEN BLUE ""],""CATEGORIA"":[""Comidas Preparadas""]}","[""Comidas Preparadas""]",,https://riba.app/imgrs/THUMBS%20500X500/346762.JPG,0,0,91,0,2026-05-08 10:00:23
81807202003,ST. JAMES GRVADLAX SMKD SALMON,ST. JAMES GRVADLAX SMKD SALMON,ST. JAMES GRVADLAX SMKD SALMON,insert,1,https://riba.app/imgrs/THUMBS%20500X500/349996.JPG,https://tusitio.com/tabs/detalle-producto/349996,0,0,0,USD,1,,"{""MARCA"":[""ST. JAMES""],""CATEGORIA"":[""Pescados""]}","[""Pescados""]",,https://riba.app/imgrs/THUMBS%20500X500/349996.JPG,0,0,103,0,2026-05-08 10:00:23
81807202013,ST. JAMES WHISKY HONEY SALMON,ST. JAMES WHISKY HONEY SALMON,ST. JAMES WHISKY HONEY SALMON,insert,1,https://riba.app/imgrs/THUMBS%20500X500/349999.JPG,https://tusitio.com/tabs/detalle-producto/349999,0,0,0,USD,1,,"{""MARCA"":[""ST. JAMES""],""CATEGORIA"":[""Pescados""]}","[""Pescados""]",,https://riba.app/imgrs/THUMBS%20500X500/349999.JPG,0,0,103,0,2026-05-08 10:00:23
81807202032,ST. JAMES PASTRAMI SMKD SALMON,ST. JAMES PASTRAMI SMKD SALMON,ST. JAMES PASTRAMI SMKD SALMON,insert,1,https://riba.app/imgrs/THUMBS%20500X500/350000.JPG,https://tusitio.com/tabs/detalle-producto/350000,0,0,0,USD,1,,"{""MARCA"":[""ST. JAMES""],""CATEGORIA"":[""Pescados""]}","[""Pescados""]",,https://riba.app/imgrs/THUMBS%20500X500/350000.JPG,0,0,103,0,2026-05-08 10:00:23
82085600002,LOMITOS DE PESCADO APANADO,LOMITOS DE PESCADO APANADO,LOMITOS DE PESCADO APANADO,insert,1,https://riba.app/imgrs/THUMBS%20500X500/66172.JPG,https://tusitio.com/tabs/detalle-producto/66172,0,0,0,USD,1,,"{""MARCA"":[""SEA MAID ""],""CATEGORIA"":[""Comidas Preparadas""]}","[""Comidas Preparadas""]",,https://riba.app/imgrs/THUMBS%20500X500/66172.JPG,0,0,91,0,2026-05-08 10:00:23
82085600003,DEDITOS DE PESCADO APANADO,DEDITOS DE PESCADO APANADO,DEDITOS DE PESCADO APANADO,insert,1,https://riba.app/imgrs/THUMBS%20500X500/69622.JPG,https://tusitio.com/tabs/detalle-producto/69622,0,0,0,USD,1,,"{""MARCA"":[""SEA MAID ""],""CATEGORIA"":[""Comidas Preparadas""]}","[""Comidas Preparadas""]",,https://riba.app/imgrs/THUMBS%20500X500/69622.JPG,0,0,91,0,2026-05-08 10:00:23
82085600014,MIXTO MARISCO SALSA ROJA,MIXTO MARISCO SALSA ROJA,MIXTO MARISCO SALSA ROJA,insert,1,https://riba.app/imgrs/THUMBS%20500X500/74570.JPG,https://tusitio.com/tabs/detalle-producto/74570,0,0,0,USD,1,,"{""MARCA"":[""SEA MAID ""],""CATEGORIA"":[""Frutos Del Mar""]}","[""Frutos Del Mar""]",,https://riba.app/imgrs/THUMBS%20500X500/74570.JPG,0,0,102,0,2026-05-08 10:00:23
82085600029,CAMARON PELADO 397GR,CAMARON PELADO 397GR,CAMARON PELADO 397GR,insert,1,https://riba.app/imgrs/THUMBS%20500X500/329643.JPG,https://tusitio.com/tabs/detalle-producto/329643,0,0,0,USD,1,,"{""MARCA"":[""SEA MAID ""],""CATEGORIA"":[""Frutos Del Mar""]}","[""Frutos Del Mar""]",,https://riba.app/imgrs/THUMBS%20500X500/329643.JPG,0,0,102,0,2026-05-08 10:00:23
82085600141,CAMARON ROJO DESVENADO,CAMARON ROJO DESVENADO,CAMARON ROJO DESVENADO,insert,1,https://riba.app/imgrs/THUMBS%20500X500/226451.JPG,https://tusitio.com/tabs/detalle-producto/226451,0,0,0,USD,1,,"{""MARCA"":[""SEA MAID""],""CATEGORIA"":[""Frutos Del Mar""]}","[""Frutos Del Mar""]",,https://riba.app/imgrs/THUMBS%20500X500/226451.JPG,0,0,102,0,2026-05-08 10:00:23
82085600199,NUGGETS DE CAMARON,NUGGETS DE CAMARON,NUGGETS DE CAMARON,insert,1,https://riba.app/imgrs/THUMBS%20500X500/226447.JPG,https://tusitio.com/tabs/detalle-producto/226447,0,0,0,USD,1,,"{""MARCA"":[""SEA MAID ""],""CATEGORIA"":[""Frutos Del Mar""]}","[""Frutos Del Mar""]",,https://riba.app/imgrs/THUMBS%20500X500/226447.JPG,0,0,102,0,2026-05-08 10:00:23
82085600211,ANILLOS DE CALAMAR,ANILLOS DE CALAMAR,ANILLOS DE CALAMAR,insert,1,https://riba.app/imgrs/THUMBS%20500X500/200618.JPG,https://tusitio.com/tabs/detalle-producto/200618,0,0,0,USD,1,,"{""MARCA"":[""SEA MAID ""],""CATEGORIA"":[""Frutos Del Mar""]}","[""Frutos Del Mar""]",,https://riba.app/imgrs/THUMBS%20500X500/200618.JPG,0,0,102,0,2026-05-08 10:00:23
82085600260,DEDITOS DE  PESCADOS,DEDITOS DE  PESCADOS,DEDITOS DE  PESCADOS,insert,1,https://riba.app/imgrs/THUMBS%20500X500/200620.JPG,https://tusitio.com/tabs/detalle-producto/200620,0,0,0,USD,1,,"{""MARCA"":[""SEA MAID ""],""CATEGORIA"":[""Comidas Preparadas""]}","[""Comidas Preparadas""]",,https://riba.app/imgrs/THUMBS%20500X500/200620.JPG,0,0,91,0,2026-05-08 10:00:23
82085600350,MEJILLONES EN CARNE,MEJILLONES EN CARNE,MEJILLONES EN CARNE,insert,1,https://riba.app/imgrs/THUMBS%20500X500/226450.JPG,https://tusitio.com/tabs/detalle-producto/226450,0,0,0,USD,1,,"{""MARCA"":[""SEA MAID ""],""CATEGORIA"":[""Frutos Del Mar""]}","[""Frutos Del Mar""]",,https://riba.app/imgrs/THUMBS%20500X500/226450.JPG,0,0,102,0,2026-05-08 10:00:23
82085600360,ARANITAS DE CALAMAR,ARANITAS DE CALAMAR,ARANITAS DE CALAMAR,insert,1,https://riba.app/imgrs/THUMBS%20500X500/341053.JPG,https://tusitio.com/tabs/detalle-producto/341053,0,0,0,USD,1,,"{""MARCA"":[""SEA MAID ""],""CATEGORIA"":[""Frutos Del Mar""]}","[""Frutos Del Mar""]",,https://riba.app/imgrs/THUMBS%20500X500/341053.JPG,0,0,102,0,2026-05-08 10:00:23
82085600672,MIXTO DE MARISCOS SEA MAID,MIXTO DE MARISCOS SEA MAID,MIXTO DE MARISCOS SEA MAID,insert,1,https://riba.app/imgrs/THUMBS%20500X500/341052.JPG,https://tusitio.com/tabs/detalle-producto/341052,0,0,0,USD,1,,"{""MARCA"":[""SEA MAID ""],""CATEGORIA"":[""Frutos Del Mar""]}","[""Frutos Del Mar""]",,https://riba.app/imgrs/THUMBS%20500X500/341052.JPG,0,0,102,0,2026-05-08 10:00:23
82471022123,BLACKENED SALMON PORTI PIER33,BLACKENED SALMON PORTI PIER33,BLACKENED SALMON PORTI PIER33,insert,1,https://riba.app/imgrs/THUMBS%20500X500/328973.JPG,https://tusitio.com/tabs/detalle-producto/328973,0,0,0,USD,1,,"{""MARCA"":[""PIER 33 GOURMET ""],""CATEGORIA"":[""Pescados""]}","[""Pescados""]",,https://riba.app/imgrs/THUMBS%20500X500/328973.JPG,0,0,103,0,2026-05-08 10:00:23
82471022124,BOURBON SALMON PIER 33,BOURBON SALMON PIER 33,BOURBON SALMON PIER 33,insert,1,https://riba.app/imgrs/THUMBS%20500X500/328974.JPG,https://tusitio.com/tabs/detalle-producto/328974,0,0,0,USD,1,,"{""MARCA"":[""PIER 33 GOURMET ""],""CATEGORIA"":[""Pescados""]}","[""Pescados""]",,https://riba.app/imgrs/THUMBS%20500X500/328974.JPG,0,0,103,0,2026-05-08 10:00:23
82471033315,ATLANTIC SALMON VALU PIER 33,ATLANTIC SALMON VALU PIER 33,ATLANTIC SALMON VALU PIER 33,insert,1,https://riba.app/imgrs/THUMBS%20500X500/328976.JPG,https://tusitio.com/tabs/detalle-producto/328976,0,0,0,USD,1,,"{""MARCA"":[""PIER 33 GOURMET ""],""CATEGORIA"":[""Pescados""]}","[""Pescados""]",,https://riba.app/imgrs/THUMBS%20500X500/328976.JPG,0,0,103,0,2026-05-08 10:00:23
82969600080,WILDPLNT SRDINE XTR VRGN O OIL,WILDPLNT SRDINE XTR VRGN O OIL,WILDPLNT SRDINE XTR VRGN O OIL,insert,1,https://riba.app/imgrs/THUMBS%20500X500/205197.JPG,https://tusitio.com/tabs/detalle-producto/205197,0,0,0,USD,1,,"{""MARCA"":[""WILD PLANET ""],""CATEGORIA"":[""Conservas""]}","[""Conservas""]",,https://riba.app/imgrs/THUMBS%20500X500/205197.JPG,0,0,88,0,2026-05-08 10:00:23
841004212210,ATUN CLARO EN ACEITE DE OLIVA,ATUN CLARO EN ACEITE DE OLIVA,ATUN CLARO EN ACEITE DE OLIVA,insert,1,https://riba.app/imgrs/THUMBS%20500X500/277621.JPG,https://tusitio.com/tabs/detalle-producto/277621,0,0,0,USD,1,,"{""MARCA"":[""PAY PAY""],""CATEGORIA"":[""Conservas""]}","[""Conservas""]",,https://riba.app/imgrs/THUMBS%20500X500/277621.JPG,0,0,88,0,2026-05-08 10:00:23
841004212251,ATUN CLARO AL NATURAL,ATUN CLARO AL NATURAL,ATUN CLARO AL NATURAL,insert,1,https://riba.app/imgrs/THUMBS%20500X500/277624.JPG,https://tusitio.com/tabs/detalle-producto/277624,0,0,0,USD,1,,"{""MARCA"":[""PAY PAY""],""CATEGORIA"":[""Conservas""]}","[""Conservas""]",,https://riba.app/imgrs/THUMBS%20500X500/277624.JPG,0,0,88,0,2026-05-08 10:00:23
841004214530,BERBERECHOS AL NATURAL,BERBERECHOS AL NATURAL,BERBERECHOS AL NATURAL,insert,1,https://riba.app/imgrs/THUMBS%20500X500/277628.JPG,https://tusitio.com/tabs/detalle-producto/277628,0,0,0,USD,1,,"{""MARCA"":[""PAY PAY""],""CATEGORIA"":[""Conservas""]}","[""Conservas""]",,https://riba.app/imgrs/THUMBS%20500X500/277628.JPG,0,0,88,0,2026-05-08 10:00:23
841004215630,CALAMARES EN SALSA AMERICANA,CALAMARES EN SALSA AMERICANA,CALAMARES EN SALSA AMERICANA,insert,1,https://riba.app/imgrs/THUMBS%20500X500/277630.JPG,https://tusitio.com/tabs/detalle-producto/277630,0,0,0,USD,1,,"{""MARCA"":[""PAY PAY""],""CATEGORIA"":[""Conservas""]}","[""Conservas""]",,https://riba.app/imgrs/THUMBS%20500X500/277630.JPG,0,0,88,0,2026-05-08 10:00:23
841004215640,CALAMARES TROZOS EN SU TINTA,CALAMARES TROZOS EN SU TINTA,CALAMARES TROZOS EN SU TINTA,insert,1,https://riba.app/imgrs/THUMBS%20500X500/277629.JPG,https://tusitio.com/tabs/detalle-producto/277629,0,0,0,USD,1,,"{""MARCA"":[""PAY PAY""],""CATEGORIA"":[""Conservas""]}","[""Conservas""]",,https://riba.app/imgrs/THUMBS%20500X500/277629.JPG,0,0,88,0,2026-05-08 10:00:23
841004216400,DELICIAS DEL MAR AL AJILLO PIC,DELICIAS DEL MAR AL AJILLO PIC,DELICIAS DEL MAR AL AJILLO PIC,insert,1,https://riba.app/imgrs/THUMBS%20500X500/277625.JPG,https://tusitio.com/tabs/detalle-producto/277625,0,0,0,USD,1,,"{""MARCA"":[""PAY PAY""],""CATEGORIA"":[""Conservas""]}","[""Conservas""]",,https://riba.app/imgrs/THUMBS%20500X500/277625.JPG,0,0,88,0,2026-05-08 10:00:23
841004217340,MEJILLONES EN ESCABECHE,MEJILLONES EN ESCABECHE,MEJILLONES EN ESCABECHE,insert,1,https://riba.app/imgrs/THUMBS%20500X500/277627.JPG,https://tusitio.com/tabs/detalle-producto/277627,0,0,0,USD,1,,"{""MARCA"":[""PAY PAY""],""CATEGORIA"":[""Conservas""]}","[""Conservas""]",,https://riba.app/imgrs/THUMBS%20500X500/277627.JPG,0,0,88,0,2026-05-08 10:00:23
841004217375,MEJILLONES AL NATURAL,MEJILLONES AL NATURAL,MEJILLONES AL NATURAL,insert,1,https://riba.app/imgrs/THUMBS%20500X500/277626.JPG,https://tusitio.com/tabs/detalle-producto/277626,0,0,0,USD,1,,"{""MARCA"":[""PAY PAY""],""CATEGORIA"":[""Conservas""]}","[""Conservas""]",,https://riba.app/imgrs/THUMBS%20500X500/277626.JPG,0,0,88,0,2026-05-08 10:00:23
841004218805,SARDINAS PICANTES EN ACEITE,SARDINAS PICANTES EN ACEITE,SARDINAS PICANTES EN ACEITE,insert,1,https://riba.app/imgrs/THUMBS%20500X500/277620.JPG,https://tusitio.com/tabs/detalle-producto/277620,0,0,0,USD,1,,"{""MARCA"":[""PAY PAY""],""CATEGORIA"":[""Conservas""]}","[""Conservas""]",,https://riba.app/imgrs/THUMBS%20500X500/277620.JPG,0,0,88,0,2026-05-08 10:00:23
841004218850,SARDINAS EN ESCABECHE,SARDINAS EN ESCABECHE,SARDINAS EN ESCABECHE,insert,1,https://riba.app/imgrs/THUMBS%20500X500/277619.JPG,https://tusitio.com/tabs/detalle-producto/277619,0,0,0,USD,1,,"{""MARCA"":[""PAY PAY""],""CATEGORIA"":[""Conservas""]}","[""Conservas""]",,https://riba.app/imgrs/THUMBS%20500X500/277619.JPG,0,0,88,0,2026-05-08 10:00:23
841004218855,SARDINAS EN TOMATE,SARDINAS EN TOMATE,SARDINAS EN TOMATE,insert,1,https://riba.app/imgrs/THUMBS%20500X500/277618.JPG,https://tusitio.com/tabs/detalle-producto/277618,0,0,0,USD,1,,"{""MARCA"":[""PAY PAY""],""CATEGORIA"":[""Conservas""]}","[""Conservas""]",,https://riba.app/imgrs/THUMBS%20500X500/277618.JPG,0,0,88,0,2026-05-08 10:00:23
841004218912,SARDINILLAS EN ACEITE DE OLIVA,SARDINILLAS EN ACEITE DE OLIVA,SARDINILLAS EN ACEITE DE OLIVA,insert,1,https://riba.app/imgrs/THUMBS%20500X500/277616.JPG,https://tusitio.com/tabs/detalle-producto/277616,0,0,0,USD,1,,"{""MARCA"":[""PAY PAY""],""CATEGORIA"":[""Conservas""]}","[""Conservas""]",,https://riba.app/imgrs/THUMBS%20500X500/277616.JPG,0,0,88,0,2026-05-08 10:00:23
841009004387,ATUN LOMOS ACEITE OLIVA,ATUN LOMOS ACEITE OLIVA,ATUN LOMOS ACEITE OLIVA,insert,1,https://riba.app/imgrs/THUMBS%20500X500/123723.JPG,https://tusitio.com/tabs/detalle-producto/123723,0,0,0,USD,1,,"{""MARCA"":[""CALVO""],""CATEGORIA"":[""Conservas""]}","[""Conservas""]",,https://riba.app/imgrs/THUMBS%20500X500/123723.JPG,0,0,88,0,2026-05-08 10:00:23
841009005108,ATUN ACEITE DE OLIVA BAJO SAL,ATUN ACEITE DE OLIVA BAJO SAL,ATUN ACEITE DE OLIVA BAJO SAL,insert,1,https://riba.app/imgrs/THUMBS%20500X500/160002.JPG,https://tusitio.com/tabs/detalle-producto/160002,0,0,0,USD,1,,"{""MARCA"":[""CALVO""],""CATEGORIA"":[""Conservas""]}","[""Conservas""]",,https://riba.app/imgrs/THUMBS%20500X500/160002.JPG,0,0,88,0,2026-05-08 10:00:23
841009037542,ATUN CLARO AL NATURAL B SAL,ATUN CLARO AL NATURAL B SAL,ATUN CLARO AL NATURAL B SAL,insert,1,https://riba.app/imgrs/THUMBS%20500X500/78944.JPG,https://tusitio.com/tabs/detalle-producto/78944,0,0,0,USD,1,,"{""MARCA"":[""CALVO""],""CATEGORIA"":[""Conservas""]}","[""Conservas""]",,https://riba.app/imgrs/THUMBS%20500X500/78944.JPG,0,0,88,0,2026-05-08 10:00:23
841009061063,ATUN CLARO AL NATURAL SIN ACEI,ATUN CLARO AL NATURAL SIN ACEI,ATUN CLARO AL NATURAL SIN ACEI,insert,1,https://riba.app/imgrs/THUMBS%20500X500/27107.JPG,https://tusitio.com/tabs/detalle-producto/27107,0,0,0,USD,1,,"{""MARCA"":[""CALVO""],""CATEGORIA"":[""Conservas""]}","[""Conservas""]",,https://riba.app/imgrs/THUMBS%20500X500/27107.JPG,0,0,88,0,2026-05-08 10:00:23
841009066128,PATE ATUN CLARO,PATE ATUN CLARO,PATE ATUN CLARO,insert,1,https://riba.app/imgrs/THUMBS%20500X500/160014.JPG,https://tusitio.com/tabs/detalle-producto/160014,0,0,0,USD,1,,"{""MARCA"":[""CALVO""],""CATEGORIA"":[""Conservas""]}","[""Conservas""]",,https://riba.app/imgrs/THUMBS%20500X500/160014.JPG,0,0,88,0,2026-05-08 10:00:23
841009071054,MEJILLONES EN ESCABECHE,MEJILLONES EN ESCABECHE,MEJILLONES EN ESCABECHE,insert,1,https://riba.app/imgrs/THUMBS%20500X500/27113.JPG,https://tusitio.com/tabs/detalle-producto/27113,0,0,0,USD,1,,"{""MARCA"":[""CALVO""],""CATEGORIA"":[""Conservas""]}","[""Conservas""]",,https://riba.app/imgrs/THUMBS%20500X500/27113.JPG,0,0,88,0,2026-05-08 10:00:23
841237011004,CALAMARES EN SU TINTA 50 115GR,CALAMARES EN SU TINTA 50 115GR,CALAMARES EN SU TINTA 50 115GR,insert,1,https://riba.app/imgrs/THUMBS%20500X500/15131.JPG,https://tusitio.com/tabs/detalle-producto/15131,0,0,0,USD,1,,"{""MARCA"":[""ORBE""],""CATEGORIA"":[""Conservas""]}","[""Conservas""]",,https://riba.app/imgrs/THUMBS%20500X500/15131.JPG,0,0,88,0,2026-05-08 10:00:23
841237011008,CALAMARES RELLENOS EN TINTA,CALAMARES RELLENOS EN TINTA,CALAMARES RELLENOS EN TINTA,insert,1,https://riba.app/imgrs/THUMBS%20500X500/15132.JPG,https://tusitio.com/tabs/detalle-producto/15132,0,0,0,USD,1,,"{""MARCA"":[""ORBE""],""CATEGORIA"":[""Conservas""]}","[""Conservas""]",,https://riba.app/imgrs/THUMBS%20500X500/15132.JPG,0,0,88,0,2026-05-08 10:00:23
841237022015,PULPO EN ACEITE VEGETAL,PULPO EN ACEITE VEGETAL,PULPO EN ACEITE VEGETAL,insert,1,https://riba.app/imgrs/THUMBS%20500X500/15137.JPG,https://tusitio.com/tabs/detalle-producto/15137,0,0,0,USD,1,,"{""MARCA"":[""ORBE""],""CATEGORIA"":[""Conservas""]}","[""Conservas""]",,https://riba.app/imgrs/THUMBS%20500X500/15137.JPG,0,0,88,0,2026-05-08 10:00:23
841237022016,PULPO A LA  MARINERA,PULPO A LA  MARINERA,PULPO A LA  MARINERA,insert,1,https://riba.app/imgrs/THUMBS%20500X500/15138.JPG,https://tusitio.com/tabs/detalle-producto/15138,0,0,0,USD,1,,"{""MARCA"":[""ORBE""],""CATEGORIA"":[""Conservas""]}","[""Conservas""]",,https://riba.app/imgrs/THUMBS%20500X500/15138.JPG,0,0,88,0,2026-05-08 10:00:23
841237022017,PULPO AL AJILLO,PULPO AL AJILLO,PULPO AL AJILLO,insert,1,https://riba.app/imgrs/THUMBS%20500X500/15066.JPG,https://tusitio.com/tabs/detalle-producto/15066,0,0,0,USD,1,,"{""MARCA"":[""ORBE""],""CATEGORIA"":[""Conservas""]}","[""Conservas""]",,https://riba.app/imgrs/THUMBS%20500X500/15066.JPG,0,0,88,0,2026-05-08 10:00:23
841237033020,SARDINAS EN ACEITE,SARDINAS EN ACEITE,SARDINAS EN ACEITE,insert,1,https://riba.app/imgrs/THUMBS%20500X500/15139.JPG,https://tusitio.com/tabs/detalle-producto/15139,0,0,0,USD,1,,"{""MARCA"":[""ORBE""],""CATEGORIA"":[""Conservas""]}","[""Conservas""]",,https://riba.app/imgrs/THUMBS%20500X500/15139.JPG,0,0,88,0,2026-05-08 10:00:23
841237033022,SARDINAS EN TOMATE 50 125GR,SARDINAS EN TOMATE 50 125GR,SARDINAS EN TOMATE 50 125GR,insert,1,https://riba.app/imgrs/THUMBS%20500X500/15254.JPG,https://tusitio.com/tabs/detalle-producto/15254,0,0,0,USD,1,,"{""MARCA"":[""ORBE""],""CATEGORIA"":[""Conservas""]}","[""Conservas""]",,https://riba.app/imgrs/THUMBS%20500X500/15254.JPG,0,0,88,0,2026-05-08 10:00:23
841237033024,SARDINAS EN ESCABECHE,SARDINAS EN ESCABECHE,SARDINAS EN ESCABECHE,insert,1,https://riba.app/imgrs/THUMBS%20500X500/15140.JPG,https://tusitio.com/tabs/detalle-producto/15140,0,0,0,USD,1,,"{""MARCA"":[""ORBE""],""CATEGORIA"":[""Conservas""]}","[""Conservas""]",,https://riba.app/imgrs/THUMBS%20500X500/15140.JPG,0,0,88,0,2026-05-08 10:00:23
841237033025,SARDINAS EN ACEITE VEG PICANTE,SARDINAS EN ACEITE VEG PICANTE,SARDINAS EN ACEITE VEG PICANTE,insert,1,https://riba.app/imgrs/THUMBS%20500X500/15142.JPG,https://tusitio.com/tabs/detalle-producto/15142,0,0,0,USD,1,,"{""MARCA"":[""ORBE""],""CATEGORIA"":[""Conservas""]}","[""Conservas""]",,https://riba.app/imgrs/THUMBS%20500X500/15142.JPG,0,0,88,0,2026-05-08 10:00:23
841237033027,SARDINAS EN ACEITE CON LIMON,SARDINAS EN ACEITE CON LIMON,SARDINAS EN ACEITE CON LIMON,insert,1,https://riba.app/imgrs/THUMBS%20500X500/15064.JPG,https://tusitio.com/tabs/detalle-producto/15064,0,0,0,USD,1,,"{""MARCA"":[""ORBE""],""CATEGORIA"":[""Conservas""]}","[""Conservas""]",,https://riba.app/imgrs/THUMBS%20500X500/15064.JPG,0,0,88,0,2026-05-08 10:00:23
841237033028,SARDINAS A LA CAZUELA,SARDINAS A LA CAZUELA,SARDINAS A LA CAZUELA,insert,1,https://riba.app/imgrs/THUMBS%20500X500/15062.JPG,https://tusitio.com/tabs/detalle-producto/15062,0,0,0,USD,1,,"{""MARCA"":[""ORBE""],""CATEGORIA"":[""Conservas""]}","[""Conservas""]",,https://riba.app/imgrs/THUMBS%20500X500/15062.JPG,0,0,88,0,2026-05-08 10:00:23
841237044041,MEJILLONE EN ESCABECHE PICANTE,MEJILLONE EN ESCABECHE PICANTE,MEJILLONE EN ESCABECHE PICANTE,insert,1,https://riba.app/imgrs/THUMBS%20500X500/15136.JPG,https://tusitio.com/tabs/detalle-producto/15136,0,0,0,USD,1,,"{""MARCA"":[""ORBE""],""CATEGORIA"":[""Conservas""]}","[""Conservas""]",,https://riba.app/imgrs/THUMBS%20500X500/15136.JPG,0,0,88,0,2026-05-08 10:00:23
841237044042,MEJILLONES AL NATURAL,MEJILLONES AL NATURAL,MEJILLONES AL NATURAL,insert,1,https://riba.app/imgrs/THUMBS%20500X500/15134.JPG,https://tusitio.com/tabs/detalle-producto/15134,0,0,0,USD,1,,"{""MARCA"":[""ORBE""],""CATEGORIA"":[""Conservas""]}","[""Conservas""]",,https://riba.app/imgrs/THUMBS%20500X500/15134.JPG,0,0,88,0,2026-05-08 10:00:23
841237044043,MEJILLONE AL AJILLO,MEJILLONE AL AJILLO,MEJILLONE AL AJILLO,insert,1,https://riba.app/imgrs/THUMBS%20500X500/15067.JPG,https://tusitio.com/tabs/detalle-producto/15067,0,0,0,USD,1,,"{""MARCA"":[""ORBE""],""CATEGORIA"":[""Conservas""]}","[""Conservas""]",,https://riba.app/imgrs/THUMBS%20500X500/15067.JPG,0,0,88,0,2026-05-08 10:00:23
841237044044,MEJILLONES EN ESCABECHE,MEJILLONES EN ESCABECHE,MEJILLONES EN ESCABECHE,insert,1,https://riba.app/imgrs/THUMBS%20500X500/15135.JPG,https://tusitio.com/tabs/detalle-producto/15135,0,0,0,USD,1,,"{""MARCA"":[""ORBE""],""CATEGORIA"":[""Conservas""]}","[""Conservas""]",,https://riba.app/imgrs/THUMBS%20500X500/15135.JPG,0,0,88,0,2026-05-08 10:00:23
841237055053,ATUN CLARO EN ACEITE VEGETAL,ATUN CLARO EN ACEITE VEGETAL,ATUN CLARO EN ACEITE VEGETAL,insert,1,https://riba.app/imgrs/THUMBS%20500X500/15128.JPG,https://tusitio.com/tabs/detalle-producto/15128,0,0,0,USD,1,,"{""MARCA"":[""ORBE""],""CATEGORIA"":[""Conservas""]}","[""Conservas""]",,https://riba.app/imgrs/THUMBS%20500X500/15128.JPG,0,0,88,0,2026-05-08 10:00:23
841237066087,BERBERECHOS AL NATURAL,BERBERECHOS AL NATURAL,BERBERECHOS AL NATURAL,insert,1,https://riba.app/imgrs/THUMBS%20500X500/15130.JPG,https://tusitio.com/tabs/detalle-producto/15130,0,0,0,USD,1,,"{""MARCA"":[""ORBE""],""CATEGORIA"":[""Conservas""]}","[""Conservas""]",,https://riba.app/imgrs/THUMBS%20500X500/15130.JPG,0,0,88,0,2026-05-08 10:00:23
841237077003,BACALAO A LA VIZCAINA,BACALAO A LA VIZCAINA,BACALAO A LA VIZCAINA,insert,1,https://riba.app/imgrs/THUMBS%20500X500/15129.JPG,https://tusitio.com/tabs/detalle-producto/15129,0,0,0,USD,1,,"{""MARCA"":[""ORBE""],""CATEGORIA"":[""Conservas""]}","[""Conservas""]",,https://riba.app/imgrs/THUMBS%20500X500/15129.JPG,0,0,88,0,2026-05-08 10:00:23
841361070166,MEJILLON ESCABECHE OLIVAS,MEJILLON ESCABECHE OLIVAS,MEJILLON ESCABECHE OLIVAS,insert,1,https://riba.app/imgrs/THUMBS%20500X500/258066.JPG,https://tusitio.com/tabs/detalle-producto/258066,0,0,0,USD,1,,"{""MARCA"":[""CONSERVAS DE CAMBADOS""],""CATEGORIA"":[""Conservas""]}","[""Conservas""]",,https://riba.app/imgrs/THUMBS%20500X500/258066.JPG,0,0,88,0,2026-05-08 10:00:23
84223400166,GARDEIN FISHLESS FILET,GARDEIN FISHLESS FILET,GARDEIN FISHLESS FILET,insert,1,https://riba.app/imgrs/THUMBS%20500X500/306946.JPG,https://tusitio.com/tabs/detalle-producto/306946,0,0,0,USD,1,,"{""MARCA"":[""GARDEIN""],""CATEGORIA"":[""Comidas Preparadas""]}","[""Comidas Preparadas""]",,https://riba.app/imgrs/THUMBS%20500X500/306946.JPG,0,0,91,0,2026-05-08 10:00:23
842593001006,ATUN CLARO EN ACEITE DE OLIVA,ATUN CLARO EN ACEITE DE OLIVA,ATUN CLARO EN ACEITE DE OLIVA,insert,1,https://riba.app/imgrs/THUMBS%20500X500/221917.JPG,https://tusitio.com/tabs/detalle-producto/221917,0,0,0,USD,1,,"{""MARCA"":[""BAYMAR GOURMET""],""CATEGORIA"":[""Conservas""]}","[""Conservas""]",,https://riba.app/imgrs/THUMBS%20500X500/221917.JPG,0,0,88,0,2026-05-08 10:00:23
842593004001,BONITO DEL NORTE EN ACEITE OLI,BONITO DEL NORTE EN ACEITE OLI,BONITO DEL NORTE EN ACEITE OLI,insert,1,https://riba.app/imgrs/THUMBS%20500X500/221916.JPG,https://tusitio.com/tabs/detalle-producto/221916,0,0,0,USD,1,,"{""MARCA"":[""BAYMAR GOURMET""],""CATEGORIA"":[""Conservas""]}","[""Conservas""]",,https://riba.app/imgrs/THUMBS%20500X500/221916.JPG,0,0,88,0,2026-05-08 10:00:23
842593011300,DELICIAS AL AJILLO,DELICIAS AL AJILLO,DELICIAS AL AJILLO,insert,1,https://riba.app/imgrs/THUMBS%20500X500/201479.JPG,https://tusitio.com/tabs/detalle-producto/201479,0,0,0,USD,1,,"{""MARCA"":[""BAYMAR GOURMET""],""CATEGORIA"":[""Conservas""]}","[""Conservas""]",,https://riba.app/imgrs/THUMBS%20500X500/201479.JPG,0,0,88,0,2026-05-08 10:00:23
842593014202,BAYMAR GOURMET MEJILLONES ESCA,BAYMAR GOURMET MEJILLONES ESCA,BAYMAR GOURMET MEJILLONES ESCA,insert,1,https://riba.app/imgrs/THUMBS%20500X500/237117.JPG,https://tusitio.com/tabs/detalle-producto/237117,0,0,0,USD,1,,"{""MARCA"":[""BAYMAR GOURMET""],""CATEGORIA"":[""Conservas""]}","[""Conservas""]",,https://riba.app/imgrs/THUMBS%20500X500/237117.JPG,0,0,88,0,2026-05-08 10:00:23
842593014208,ATUN CLARO EN ACEITE OLIVA,ATUN CLARO EN ACEITE OLIVA,ATUN CLARO EN ACEITE OLIVA,insert,1,https://riba.app/imgrs/THUMBS%20500X500/201476.JPG,https://tusitio.com/tabs/detalle-producto/201476,0,0,0,USD,1,,"{""MARCA"":[""BAYMAR GOURMET""],""CATEGORIA"":[""Conservas""]}","[""Conservas""]",,https://riba.app/imgrs/THUMBS%20500X500/201476.JPG,0,0,88,0,2026-05-08 10:00:23
842593014209,BONITO DEL NORTE EN ACEITE OLI,BONITO DEL NORTE EN ACEITE OLI,BONITO DEL NORTE EN ACEITE OLI,insert,1,https://riba.app/imgrs/THUMBS%20500X500/201480.JPG,https://tusitio.com/tabs/detalle-producto/201480,0,0,0,USD,1,,"{""MARCA"":[""BAYMAR GOURMET""],""CATEGORIA"":[""Conservas""]}","[""Conservas""]",,https://riba.app/imgrs/THUMBS%20500X500/201480.JPG,0,0,88,0,2026-05-08 10:00:23
842716330180,TINTA DE SEPIA,TINTA DE SEPIA,TINTA DE SEPIA,insert,1,https://riba.app/imgrs/THUMBS%20500X500/290565.JPG,https://tusitio.com/tabs/detalle-producto/290565,0,0,0,USD,1,,"{""MARCA"":[""NORTINDAL ""],""CATEGORIA"":[""Conservas""]}","[""Conservas""]",,https://riba.app/imgrs/THUMBS%20500X500/290565.JPG,0,0,88,0,2026-05-08 10:00:23
843601520361,CHIPIRONES RELLENOS ACEITE OLI,CHIPIRONES RELLENOS ACEITE OLI,CHIPIRONES RELLENOS ACEITE OLI,insert,1,https://riba.app/imgrs/THUMBS%20500X500/300349.JPG,https://tusitio.com/tabs/detalle-producto/300349,0,0,0,USD,1,,"{""MARCA"":[""CONSERVAS DE CAMBADOS""],""CATEGORIA"":[""Conservas""]}","[""Conservas""]",,https://riba.app/imgrs/THUMBS%20500X500/300349.JPG,0,0,88,0,2026-05-08 10:00:23
843601520362,CHIPIRONES RELLENOS EN TINTA,CHIPIRONES RELLENOS EN TINTA,CHIPIRONES RELLENOS EN TINTA,insert,1,https://riba.app/imgrs/THUMBS%20500X500/283879.JPG,https://tusitio.com/tabs/detalle-producto/283879,0,0,0,USD,1,,"{""MARCA"":[""CONSERVAS DE CAMBADOS""],""CATEGORIA"":[""Conservas""]}","[""Conservas""]",,https://riba.app/imgrs/THUMBS%20500X500/283879.JPG,0,0,88,0,2026-05-08 10:00:23
843601520381,BONITO FRESC BURELA EN ACEITE,BONITO FRESC BURELA EN ACEITE,BONITO FRESC BURELA EN ACEITE,insert,1,https://riba.app/imgrs/THUMBS%20500X500/260151.JPG,https://tusitio.com/tabs/detalle-producto/260151,0,0,0,USD,1,,"{""MARCA"":[""CONSERVAS DE CAMBADOS""],""CATEGORIA"":[""Conservas""]}","[""Conservas""]",,https://riba.app/imgrs/THUMBS%20500X500/260151.JPG,0,0,88,0,2026-05-08 10:00:23
843601520688,VENTRESCA BONITO BURELA ACEITE,VENTRESCA BONITO BURELA ACEITE,VENTRESCA BONITO BURELA ACEITE,insert,1,https://riba.app/imgrs/THUMBS%20500X500/260155.JPG,https://tusitio.com/tabs/detalle-producto/260155,0,0,0,USD,1,,"{""MARCA"":[""CONSERVAS DE CAMBADOS""],""CATEGORIA"":[""Conservas""]}","[""Conservas""]",,https://riba.app/imgrs/THUMBS%20500X500/260155.JPG,0,0,88,0,2026-05-08 10:00:23
843601520714,CCANVADOS BONITO NORTE TOMATE,CCANVADOS BONITO NORTE TOMATE,CCANVADOS BONITO NORTE TOMATE,insert,1,https://riba.app/imgrs/THUMBS%20500X500/307280.JPG,https://tusitio.com/tabs/detalle-producto/307280,0,0,0,USD,1,,"{""MARCA"":[""CONSERVAS DE CAMBADOS""],""CATEGORIA"":[""Conservas""]}","[""Conservas""]",,https://riba.app/imgrs/THUMBS%20500X500/307280.JPG,0,0,88,0,2026-05-08 10:00:23
843601520715,PULPO A LA GALLEGA,PULPO A LA GALLEGA,PULPO A LA GALLEGA,insert,1,https://riba.app/imgrs/THUMBS%20500X500/258072.JPG,https://tusitio.com/tabs/detalle-producto/258072,0,0,0,USD,1,,"{""MARCA"":[""CONSERVAS DE CAMBADOS""],""CATEGORIA"":[""Conservas""]}","[""Conservas""]",,https://riba.app/imgrs/THUMBS%20500X500/258072.JPG,0,0,88,0,2026-05-08 10:00:23
843601520716,PULPO EN ACEITE DE OLIVA,PULPO EN ACEITE DE OLIVA,PULPO EN ACEITE DE OLIVA,insert,1,https://riba.app/imgrs/THUMBS%20500X500/258071.JPG,https://tusitio.com/tabs/detalle-producto/258071,0,0,0,USD,1,,"{""MARCA"":[""CONSERVAS DE CAMBADOS""],""CATEGORIA"":[""Conservas""]}","[""Conservas""]",,https://riba.app/imgrs/THUMBS%20500X500/258071.JPG,0,0,88,0,2026-05-08 10:00:23
843601520744,SARDINA EN ACEITE OLIVA,SARDINA EN ACEITE OLIVA,SARDINA EN ACEITE OLIVA,insert,1,https://riba.app/imgrs/THUMBS%20500X500/260153.JPG,https://tusitio.com/tabs/detalle-producto/260153,0,0,0,USD,1,,"{""MARCA"":[""CONSERVAS DE CAMBADOS""],""CATEGORIA"":[""Conservas""]}","[""Conservas""]",,https://riba.app/imgrs/THUMBS%20500X500/260153.JPG,0,0,88,0,2026-05-08 10:00:23
843601520748,ATUN CLAR ACEITE OLIVA VENTRIS,ATUN CLAR ACEITE OLIVA VENTRIS,ATUN CLAR ACEITE OLIVA VENTRIS,insert,1,https://riba.app/imgrs/THUMBS%20500X500/260154.JPG,https://tusitio.com/tabs/detalle-producto/260154,0,0,0,USD,1,,"{""MARCA"":[""CONSERVAS DE CAMBADOS""],""CATEGORIA"":[""Conservas""]}","[""Conservas""]",,https://riba.app/imgrs/THUMBS%20500X500/260154.JPG,0,0,88,0,2026-05-08 10:00:23
843601520767,DELICIAS DE ATUN ROJO,DELICIAS DE ATUN ROJO,DELICIAS DE ATUN ROJO,insert,1,https://riba.app/imgrs/THUMBS%20500X500/258068.JPG,https://tusitio.com/tabs/detalle-producto/258068,0,0,0,USD,1,,"{""MARCA"":[""CONSERVAS DE CAMBADOS""],""CATEGORIA"":[""Conservas""]}","[""Conservas""]",,https://riba.app/imgrs/THUMBS%20500X500/258068.JPG,0,0,88,0,2026-05-08 10:00:23
843601520779,BERBERECHOS DE LA RIAS GALLEGA,BERBERECHOS DE LA RIAS GALLEGA,BERBERECHOS DE LA RIAS GALLEGA,insert,1,https://riba.app/imgrs/THUMBS%20500X500/283878.JPG,https://tusitio.com/tabs/detalle-producto/283878,0,0,0,USD,1,,"{""MARCA"":[""CONSERVAS DE CAMBADOS""],""CATEGORIA"":[""Conservas""]}","[""Conservas""]",,https://riba.app/imgrs/THUMBS%20500X500/283878.JPG,0,0,88,0,2026-05-08 10:00:23
843601520792,SALMON EN ACEITE OLIVA,SALMON EN ACEITE OLIVA,SALMON EN ACEITE OLIVA,insert,1,https://riba.app/imgrs/THUMBS%20500X500/258069.JPG,https://tusitio.com/tabs/detalle-producto/258069,0,0,0,USD,1,,"{""MARCA"":[""CONSERVAS DE CAMBADOS""],""CATEGORIA"":[""Conservas""]}","[""Conservas""]",,https://riba.app/imgrs/THUMBS%20500X500/258069.JPG,0,0,88,0,2026-05-08 10:00:23
843601520837,CHIRIPONES CONSERVA DE CAMBADO,CHIRIPONES CONSERVA DE CAMBADO,CHIRIPONES CONSERVA DE CAMBADO,insert,1,https://riba.app/imgrs/THUMBS%20500X500/301231.JPG,https://tusitio.com/tabs/detalle-producto/301231,0,0,0,USD,1,,"{""MARCA"":[""CONSERVAS DE CAMBADOS""],""CATEGORIA"":[""Conservas""]}","[""Conservas""]",,https://riba.app/imgrs/THUMBS%20500X500/301231.JPG,0,0,88,0,2026-05-08 10:00:23
843601520854,VENTRESCA DE ATUN ROJO,VENTRESCA DE ATUN ROJO,VENTRESCA DE ATUN ROJO,insert,1,https://riba.app/imgrs/THUMBS%20500X500/322571.JPG,https://tusitio.com/tabs/detalle-producto/322571,0,0,0,USD,1,,"{""MARCA"":[""CONSERVAS DE CAMBADOS""],""CATEGORIA"":[""Conservas""]}","[""Conservas""]",,https://riba.app/imgrs/THUMBS%20500X500/322571.JPG,0,0,88,0,2026-05-08 10:00:23
843601743148,CAMARON PRECOCIDO 16 20,CAMARON PRECOCIDO 16 20,CAMARON PRECOCIDO 16 20,insert,1,https://riba.app/imgrs/THUMBS%20500X500/327025.JPG,https://tusitio.com/tabs/detalle-producto/327025,0,0,0,USD,1,,"{""MARCA"":[""VIMA""],""CATEGORIA"":[""Frutos Del Mar""]}","[""Frutos Del Mar""]",,https://riba.app/imgrs/THUMBS%20500X500/327025.JPG,0,0,102,0,2026-05-08 10:00:23
843601743149,CAMARON PRECOCIDO 21 25,CAMARON PRECOCIDO 21 25,CAMARON PRECOCIDO 21 25,insert,1,https://riba.app/imgrs/THUMBS%20500X500/327026.JPG,https://tusitio.com/tabs/detalle-producto/327026,0,0,0,USD,1,,"{""MARCA"":[""VIMA""],""CATEGORIA"":[""Frutos Del Mar""]}","[""Frutos Del Mar""]",,https://riba.app/imgrs/THUMBS%20500X500/327026.JPG,0,0,102,0,2026-05-08 10:00:23
843601743150,CAMARON VIMA DE 31 40,CAMARON VIMA DE 31 40,CAMARON VIMA DE 31 40,insert,1,https://riba.app/imgrs/THUMBS%20500X500/346670.JPG,https://tusitio.com/tabs/detalle-producto/346670,0,0,0,USD,1,,"{""MARCA"":[""VIMA""],""CATEGORIA"":[""Frutos Del Mar""]}","[""Frutos Del Mar""]",,https://riba.app/imgrs/THUMBS%20500X500/346670.JPG,0,0,102,0,2026-05-08 10:00:23
843601743199,CAMARONES VIMA DE 41 50,CAMARONES VIMA DE 41 50,CAMARONES VIMA DE 41 50,insert,1,https://riba.app/imgrs/THUMBS%20500X500/346681.JPG,https://tusitio.com/tabs/detalle-producto/346681,0,0,0,USD,1,,"{""MARCA"":[""VIMA""],""CATEGORIA"":[""Frutos Del Mar""]}","[""Frutos Del Mar""]",,https://riba.app/imgrs/THUMBS%20500X500/346681.JPG,0,0,102,0,2026-05-08 10:00:23
843601743254,SALMON AHUMADO 100G VIMA FOODS,SALMON AHUMADO 100G VIMA FOODS,SALMON AHUMADO 100G VIMA FOODS,insert,1,https://riba.app/imgrs/THUMBS%20500X500/304155.JPG,https://tusitio.com/tabs/detalle-producto/304155,0,0,0,USD,1,,"{""MARCA"":[""VIMA""],""CATEGORIA"":[""Pescados""]}","[""Pescados""]",,https://riba.app/imgrs/THUMBS%20500X500/304155.JPG,0,0,103,0,2026-05-08 10:00:23
843601743467,MEJILLON CONCHA DOYZIP,MEJILLON CONCHA DOYZIP,MEJILLON CONCHA DOYZIP,insert,1,https://riba.app/imgrs/THUMBS%20500X500/304152.JPG,https://tusitio.com/tabs/detalle-producto/304152,0,0,0,USD,1,,"{""MARCA"":[""VIMA""],""CATEGORIA"":[""Frutos Del Mar""]}","[""Frutos Del Mar""]",,https://riba.app/imgrs/THUMBS%20500X500/304152.JPG,0,0,102,0,2026-05-08 10:00:23
843601743468,SALPICON MARISCOS DOYZIP VIMA,SALPICON MARISCOS DOYZIP VIMA,SALPICON MARISCOS DOYZIP VIMA,insert,1,https://riba.app/imgrs/THUMBS%20500X500/304153.JPG,https://tusitio.com/tabs/detalle-producto/304153,0,0,0,USD,1,,"{""MARCA"":[""VIMA""],""CATEGORIA"":[""Frutos Del Mar""]}","[""Frutos Del Mar""]",,https://riba.app/imgrs/THUMBS%20500X500/304153.JPG,0,0,102,0,2026-05-08 10:00:23
843601743707,PATA DE PULPO COC 300 GR,PATA DE PULPO COC 300 GR,PATA DE PULPO COC 300 GR,insert,1,https://riba.app/imgrs/THUMBS%20500X500/316285.JPG,https://tusitio.com/tabs/detalle-producto/316285,0,0,0,USD,1,,"{""MARCA"":[""VIMA""],""CATEGORIA"":[""Frutos Del Mar""]}","[""Frutos Del Mar""]",,https://riba.app/imgrs/THUMBS%20500X500/316285.JPG,0,0,102,0,2026-05-08 10:00:23
843601743942,CALAMAR ANILLA 454GR,CALAMAR ANILLA 454GR,CALAMAR ANILLA 454GR,insert,1,https://riba.app/imgrs/THUMBS%20500X500/316283.JPG,https://tusitio.com/tabs/detalle-producto/316283,0,0,0,USD,1,,"{""MARCA"":[""VIMA""],""CATEGORIA"":[""Frutos Del Mar""]}","[""Frutos Del Mar""]",,https://riba.app/imgrs/THUMBS%20500X500/316283.JPG,0,0,102,0,2026-05-08 10:00:23
843601743960,MAHI PORCION 1 LBS DOYZIP VIMA,MAHI PORCION 1 LBS DOYZIP VIMA,MAHI PORCION 1 LBS DOYZIP VIMA,insert,1,https://riba.app/imgrs/THUMBS%20500X500/304154.JPG,https://tusitio.com/tabs/detalle-producto/304154,0,0,0,USD,1,,"{""MARCA"":[""VIMA""],""CATEGORIA"":[""Pescados""]}","[""Pescados""]",,https://riba.app/imgrs/THUMBS%20500X500/304154.JPG,0,0,103,0,2026-05-08 10:00:23
843701658241,BERBERECHUS COMODORO,BERBERECHUS COMODORO,BERBERECHUS COMODORO,insert,1,https://riba.app/imgrs/THUMBS%20500X500/333160.JPG,https://tusitio.com/tabs/detalle-producto/333160,0,0,0,USD,1,,"{""MARCA"":[""COMODORO ""],""CATEGORIA"":[""Conservas""]}","[""Conservas""]",,https://riba.app/imgrs/THUMBS%20500X500/333160.JPG,0,0,88,0,2026-05-08 10:00:23
843701658270,MEJILLONES EN ESCABECHE,MEJILLONES EN ESCABECHE,MEJILLONES EN ESCABECHE,insert,1,https://riba.app/imgrs/THUMBS%20500X500/333161.JPG,https://tusitio.com/tabs/detalle-producto/333161,0,0,0,USD,1,,"{""MARCA"":[""COMODORO ""],""CATEGORIA"":[""Conservas""]}","[""Conservas""]",,https://riba.app/imgrs/THUMBS%20500X500/333161.JPG,0,0,88,0,2026-05-08 10:00:23
843701658275,ANGULAS AL AJILLO,ANGULAS AL AJILLO,ANGULAS AL AJILLO,insert,1,https://riba.app/imgrs/THUMBS%20500X500/333167.JPG,https://tusitio.com/tabs/detalle-producto/333167,0,0,0,USD,1,,"{""MARCA"":[""COMODORO ""],""CATEGORIA"":[""Conservas""]}","[""Conservas""]",,https://riba.app/imgrs/THUMBS%20500X500/333167.JPG,0,0,88,0,2026-05-08 10:00:23
843701658276,ANGULAS EN ACEITE AL PICANTE,ANGULAS EN ACEITE AL PICANTE,ANGULAS EN ACEITE AL PICANTE,insert,1,https://riba.app/imgrs/THUMBS%20500X500/333164.JPG,https://tusitio.com/tabs/detalle-producto/333164,0,0,0,USD,1,,"{""MARCA"":[""COMODORO ""],""CATEGORIA"":[""Conservas""]}","[""Conservas""]",,https://riba.app/imgrs/THUMBS%20500X500/333164.JPG,0,0,88,0,2026-05-08 10:00:23
843701658280,BACALAO A LA VIZCAINA,BACALAO A LA VIZCAINA,BACALAO A LA VIZCAINA,insert,1,https://riba.app/imgrs/THUMBS%20500X500/333168.JPG,https://tusitio.com/tabs/detalle-producto/333168,0,0,0,USD,1,,"{""MARCA"":[""COMODORO ""],""CATEGORIA"":[""Conservas""]}","[""Conservas""]",,https://riba.app/imgrs/THUMBS%20500X500/333168.JPG,0,0,88,0,2026-05-08 10:00:23
843701658290,MEJILLONES A LA GALLEGA,MEJILLONES A LA GALLEGA,MEJILLONES A LA GALLEGA,insert,1,https://riba.app/imgrs/THUMBS%20500X500/333171.JPG,https://tusitio.com/tabs/detalle-producto/333171,0,0,0,USD,1,,"{""MARCA"":[""COMODORO ""],""CATEGORIA"":[""Conservas""]}","[""Conservas""]",,https://riba.app/imgrs/THUMBS%20500X500/333171.JPG,0,0,88,0,2026-05-08 10:00:23
843701658291,MEJILLONES AL ESCABECHES,MEJILLONES AL ESCABECHES,MEJILLONES AL ESCABECHES,insert,1,https://riba.app/imgrs/THUMBS%20500X500/333183.JPG,https://tusitio.com/tabs/detalle-producto/333183,0,0,0,USD,1,,"{""MARCA"":[""COMODORO ""],""CATEGORIA"":[""Conservas""]}","[""Conservas""]",,https://riba.app/imgrs/THUMBS%20500X500/333183.JPG,0,0,88,0,2026-05-08 10:00:23
843701658296,TENTACULOS AL HORNO,TENTACULOS AL HORNO,TENTACULOS AL HORNO,insert,1,https://riba.app/imgrs/THUMBS%20500X500/333180.JPG,https://tusitio.com/tabs/detalle-producto/333180,0,0,0,USD,1,,"{""MARCA"":[""COMODORO ""],""CATEGORIA"":[""Conservas""]}","[""Conservas""]",,https://riba.app/imgrs/THUMBS%20500X500/333180.JPG,0,0,88,0,2026-05-08 10:00:23
843701658297,TENTACULOS AL AJILLO,TENTACULOS AL AJILLO,TENTACULOS AL AJILLO,insert,1,https://riba.app/imgrs/THUMBS%20500X500/333178.JPG,https://tusitio.com/tabs/detalle-producto/333178,0,0,0,USD,1,,"{""MARCA"":[""COMODORO ""],""CATEGORIA"":[""Conservas""]}","[""Conservas""]",,https://riba.app/imgrs/THUMBS%20500X500/333178.JPG,0,0,88,0,2026-05-08 10:00:23
843701658298,TENTACULOS EN ACEITE,TENTACULOS EN ACEITE,TENTACULOS EN ACEITE,insert,1,https://riba.app/imgrs/THUMBS%20500X500/333163.JPG,https://tusitio.com/tabs/detalle-producto/333163,0,0,0,USD,1,,"{""MARCA"":[""COMODORO ""],""CATEGORIA"":[""Conservas""]}","[""Conservas""]",,https://riba.app/imgrs/THUMBS%20500X500/333163.JPG,0,0,88,0,2026-05-08 10:00:23
843701658299,TENTACULOS A LA GALLEGA,TENTACULOS A LA GALLEGA,TENTACULOS A LA GALLEGA,insert,1,https://riba.app/imgrs/THUMBS%20500X500/333176.JPG,https://tusitio.com/tabs/detalle-producto/333176,0,0,0,USD,1,,"{""MARCA"":[""COMODORO ""],""CATEGORIA"":[""Conservas""]}","[""Conservas""]",,https://riba.app/imgrs/THUMBS%20500X500/333176.JPG,0,0,88,0,2026-05-08 10:00:23
8660000001,BB SOLID WHITE TUNA WATER 12OZ,BB SOLID WHITE TUNA WATER 12OZ,BB SOLID WHITE TUNA WATER 12OZ,insert,1,https://riba.app/imgrs/THUMBS%20500X500/44537.JPG,https://tusitio.com/tabs/detalle-producto/44537,0,0,0,USD,1,,"{""MARCA"":[""BUMBLE BEE""],""CATEGORIA"":[""Conservas""]}","[""Conservas""]",,https://riba.app/imgrs/THUMBS%20500X500/44537.JPG,0,0,88,0,2026-05-08 10:00:23
8660000031,TUNA BUMBLE BEE AGUA 12 OZ,TUNA BUMBLE BEE AGUA 12 OZ,TUNA BUMBLE BEE AGUA 12 OZ,insert,1,https://riba.app/imgrs/THUMBS%20500X500/44538.JPG,https://tusitio.com/tabs/detalle-producto/44538,0,0,0,USD,1,,"{""MARCA"":[""BUMBLE BEE""],""CATEGORIA"":[""Conservas""]}","[""Conservas""]",,https://riba.app/imgrs/THUMBS%20500X500/44538.JPG,0,0,88,0,2026-05-08 10:00:23
8660000690,BUMBLE BEE FLK TUNA CORN,BUMBLE BEE FLK TUNA CORN,BUMBLE BEE FLK TUNA CORN,insert,1,https://riba.app/imgrs/THUMBS%20500X500/226459.JPG,https://tusitio.com/tabs/detalle-producto/226459,0,0,0,USD,1,,"{""MARCA"":[""BUMBLE BEE""],""CATEGORIA"":[""Conservas""]}","[""Conservas""]",,https://riba.app/imgrs/THUMBS%20500X500/226459.JPG,0,0,88,0,2026-05-08 10:00:23
8660000827,TUNA CON VEGETALES,TUNA CON VEGETALES,TUNA CON VEGETALES,insert,1,https://riba.app/imgrs/THUMBS%20500X500/193515.JPG,https://tusitio.com/tabs/detalle-producto/193515,0,0,0,USD,1,,"{""MARCA"":[""BUMBLE BEE""],""CATEGORIA"":[""Conservas""]}","[""Conservas""]",,https://riba.app/imgrs/THUMBS%20500X500/193515.JPG,0,0,88,0,2026-05-08 10:00:23
8660000832,ATUN EN TROZOS 3PK EN AGUA,ATUN EN TROZOS 3PK EN AGUA,ATUN EN TROZOS 3PK EN AGUA,insert,1,https://riba.app/imgrs/THUMBS%20500X500/336807.JPG,https://tusitio.com/tabs/detalle-producto/336807,0,0,0,USD,1,,"{""MARCA"":[""BUMBLE BEE""],""CATEGORIA"":[""Conservas""]}","[""Conservas""]",,https://riba.app/imgrs/THUMBS%20500X500/336807.JPG,0,0,88,0,2026-05-08 10:00:23
8660000847,3PACK DE TUNA CON VEGETALES BB,3PACK DE TUNA CON VEGETALES BB,3PACK DE TUNA CON VEGETALES BB,insert,1,https://riba.app/imgrs/THUMBS%20500X500/346615.JPG,https://tusitio.com/tabs/detalle-producto/346615,0,0,0,USD,1,,"{""MARCA"":[""BUMBLE BEE""],""CATEGORIA"":[""Conservas""]}","[""Conservas""]",,https://riba.app/imgrs/THUMBS%20500X500/346615.JPG,0,0,88,0,2026-05-08 10:00:23
8660000850,LIGHT MEAT FLAKED TUNA OIL 48,LIGHT MEAT FLAKED TUNA OIL 48,LIGHT MEAT FLAKED TUNA OIL 48,insert,1,https://riba.app/imgrs/THUMBS%20500X500/78050.JPG,https://tusitio.com/tabs/detalle-producto/78050,0,0,0,USD,1,,"{""MARCA"":[""BUMBLE BEE""],""CATEGORIA"":[""Conservas""]}","[""Conservas""]",,https://riba.app/imgrs/THUMBS%20500X500/78050.JPG,0,0,88,0,2026-05-08 10:00:23
8660000857,ATUN DESMENUZADO EN AGUA,ATUN DESMENUZADO EN AGUA,ATUN DESMENUZADO EN AGUA,insert,1,https://riba.app/imgrs/THUMBS%20500X500/117832.JPG,https://tusitio.com/tabs/detalle-producto/117832,0,0,0,USD,1,,"{""MARCA"":[""BUMBLE BEE""],""CATEGORIA"":[""Conservas""]}","[""Conservas""]",,https://riba.app/imgrs/THUMBS%20500X500/117832.JPG,0,0,88,0,2026-05-08 10:00:23
8660000896,ATUN EN ACEITE VEG & TROZOS  D,ATUN EN ACEITE VEG & TROZOS  D,ATUN EN ACEITE VEG & TROZOS  D,insert,1,https://riba.app/imgrs/THUMBS%20500X500/1074.JPG,https://tusitio.com/tabs/detalle-producto/1074,0,0,0,USD,1,,"{""MARCA"":[""BUMBLE BEE""],""CATEGORIA"":[""Conservas""]}","[""Conservas""]",,https://riba.app/imgrs/THUMBS%20500X500/1074.JPG,0,0,88,0,2026-05-08 10:00:23
8660000897,ATUN EN AGUA & TROZOS DIETA,ATUN EN AGUA & TROZOS DIETA,ATUN EN AGUA & TROZOS DIETA,insert,1,https://riba.app/imgrs/THUMBS%20500X500/2497.JPG,https://tusitio.com/tabs/detalle-producto/2497,0,0,0,USD,1,,"{""MARCA"":[""BUMBLE BEE""],""CATEGORIA"":[""Conservas""]}","[""Conservas""]",,https://riba.app/imgrs/THUMBS%20500X500/2497.JPG,0,0,88,0,2026-05-08 10:00:23
8660000898,ATUN EN TORZOS 3PK EN ACEITE,ATUN EN TORZOS 3PK EN ACEITE,ATUN EN TORZOS 3PK EN ACEITE,insert,1,https://riba.app/imgrs/THUMBS%20500X500/336808.JPG,https://tusitio.com/tabs/detalle-producto/336808,0,0,0,USD,1,,"{""MARCA"":[""BUMBLE BEE""],""CATEGORIA"":[""Conservas""]}","[""Conservas""]",,https://riba.app/imgrs/THUMBS%20500X500/336808.JPG,0,0,88,0,2026-05-08 10:00:23
8660010151,SOLID WHITE TUNA OIL 9 OZ,SOLID WHITE TUNA OIL 9 OZ,SOLID WHITE TUNA OIL 9 OZ,insert,1,https://riba.app/imgrs/THUMBS%20500X500/44535.JPG,https://tusitio.com/tabs/detalle-producto/44535,0,0,0,USD,1,,"{""MARCA"":[""BUMBLE BEE""],""CATEGORIA"":[""Conservas""]}","[""Conservas""]",,https://riba.app/imgrs/THUMBS%20500X500/44535.JPG,0,0,88,0,2026-05-08 10:00:23
8660010251,BB SOLID WHITE TUNA WATER 9 OZ,BB SOLID WHITE TUNA WATER 9 OZ,BB SOLID WHITE TUNA WATER 9 OZ,insert,1,https://riba.app/imgrs/THUMBS%20500X500/2506.JPG,https://tusitio.com/tabs/detalle-producto/2506,0,0,0,USD,1,,"{""MARCA"":[""BUMBLE BEE""],""CATEGORIA"":[""Conservas""]}","[""Conservas""]",,https://riba.app/imgrs/THUMBS%20500X500/2506.JPG,0,0,88,0,2026-05-08 10:00:23
8660011351,BB CHUNK LIGHT TUNA 3PACK,BB CHUNK LIGHT TUNA 3PACK,BB CHUNK LIGHT TUNA 3PACK,insert,1,https://riba.app/imgrs/THUMBS%20500X500/117667.JPG,https://tusitio.com/tabs/detalle-producto/117667,0,0,0,USD,1,,"{""MARCA"":[""BUMBLE BEE""],""CATEGORIA"":[""Conservas""]}","[""Conservas""]",,https://riba.app/imgrs/THUMBS%20500X500/117667.JPG,0,0,88,0,2026-05-08 10:00:23
8660024001,BB PREM LIGH TUNA WATER,BB PREM LIGH TUNA WATER,BB PREM LIGH TUNA WATER,insert,1,https://riba.app/imgrs/THUMBS%20500X500/197805.JPG,https://tusitio.com/tabs/detalle-producto/197805,0,0,0,USD,1,,"{""MARCA"":[""BUMBLE BEE""],""CATEGORIA"":[""Conservas""]}","[""Conservas""]",,https://riba.app/imgrs/THUMBS%20500X500/197805.JPG,0,0,88,0,2026-05-08 10:00:23
8660024011,BB POUCH ALBACORE TUNA WATER,BB POUCH ALBACORE TUNA WATER,BB POUCH ALBACORE TUNA WATER,insert,1,https://riba.app/imgrs/THUMBS%20500X500/164835.JPG,https://tusitio.com/tabs/detalle-producto/164835,0,0,0,USD,1,,"{""MARCA"":[""BUMBLE BEE""],""CATEGORIA"":[""Conservas""]}","[""Conservas""]",,https://riba.app/imgrs/THUMBS%20500X500/164835.JPG,0,0,88,0,2026-05-08 10:00:23
8660070033,BUMBLE BEE FANCY SMOKED OYSTER,BUMBLE BEE FANCY SMOKED OYSTER,BUMBLE BEE FANCY SMOKED OYSTER,insert,1,https://riba.app/imgrs/THUMBS%20500X500/151351.JPG,https://tusitio.com/tabs/detalle-producto/151351,0,0,0,USD,1,,"{""MARCA"":[""BUMBLE BEE""],""CATEGORIA"":[""Conservas""]}","[""Conservas""]",,https://riba.app/imgrs/THUMBS%20500X500/151351.JPG,0,0,88,0,2026-05-08 10:00:23
8660070777,BB RTE TUNA SALAD REG 3 5 OZ,BB RTE TUNA SALAD REG 3 5 OZ,BB RTE TUNA SALAD REG 3 5 OZ,insert,1,https://riba.app/imgrs/THUMBS%20500X500/44540.JPG,https://tusitio.com/tabs/detalle-producto/44540,0,0,0,USD,1,,"{""MARCA"":[""BUMBLE BEE""],""CATEGORIA"":[""Conservas""]}","[""Conservas""]",,https://riba.app/imgrs/THUMBS%20500X500/44540.JPG,0,0,88,0,2026-05-08 10:00:23
8660070888,BB RTE TUNA SALAD FAT FREE 3 5,BB RTE TUNA SALAD FAT FREE 3 5,BB RTE TUNA SALAD FAT FREE 3 5,insert,1,https://riba.app/imgrs/THUMBS%20500X500/44541.JPG,https://tusitio.com/tabs/detalle-producto/44541,0,0,0,USD,1,,"{""MARCA"":[""BUMBLE BEE""],""CATEGORIA"":[""Conservas""]}","[""Conservas""]",,https://riba.app/imgrs/THUMBS%20500X500/44541.JPG,0,0,88,0,2026-05-08 10:00:23
8660075182,SARDINAS EN SALSA DE TOMATE,SARDINAS EN SALSA DE TOMATE,SARDINAS EN SALSA DE TOMATE,insert,1,https://riba.app/imgrs/THUMBS%20500X500/216986.JPG,https://tusitio.com/tabs/detalle-producto/216986,0,0,0,USD,1,,"{""MARCA"":[""BUMBLE BEE""],""CATEGORIA"":[""Conservas""]}","[""Conservas""]",,https://riba.app/imgrs/THUMBS%20500X500/216986.JPG,0,0,88,0,2026-05-08 10:00:23
8660075183,SARDINA EN TOMATE PICANTE,SARDINA EN TOMATE PICANTE,SARDINA EN TOMATE PICANTE,insert,1,https://riba.app/imgrs/THUMBS%20500X500/350595.JPG,https://tusitio.com/tabs/detalle-producto/350595,0,0,0,USD,1,,"{""MARCA"":[""BUMBLE BEE""],""CATEGORIA"":[""Conservas""]}","[""Conservas""]",,https://riba.app/imgrs/THUMBS%20500X500/350595.JPG,0,0,88,0,2026-05-08 10:00:23
99892700105,ST. JAMES SMOKED SALMON,ST. JAMES SMOKED SALMON,ST. JAMES SMOKED SALMON,insert,1,https://riba.app/imgrs/THUMBS%20500X500/349994.JPG,https://tusitio.com/tabs/detalle-producto/349994,0,0,0,USD,1,,"{""MARCA"":[""ST. JAMES""],""CATEGORIA"":[""Pescados""]}","[""Pescados""]",,https://riba.app/imgrs/THUMBS%20500X500/349994.JPG,0,0,103,0,2026-05-08 10:00:23