SKU,Product Name,Short Description,Long Description,Action,Sellable,Thumbnail image url,Product page url,Price,Price min,Price max,Currency code,Visibility,Custom attributes,Attributes,Categories,Variant attributes,Full Size Image URL,Review Score,Review Count,Categories ids,Compare At Price,Creation Date
1106,CAKE 1 2 PLANCHA DE 16X12,CAKE 1 2 PLANCHA DE 16X12,CAKE 1 2 PLANCHA DE 16X12,insert,1,https://riba.app/imgrs/THUMBS%20500X500/16726.JPG,tabs/detalle-producto/16726,3.550.000,3.550.000,3.550.000,USD,1,{},"{""MARCA"": [""RIMITH""], ""CATEGORIA"": [""PANES Y DULCES""]}","[""PANES Y DULCES""]",,https://riba.app/imgrs/THUMBS%20500X500/16726.JPG,0,0,"[""269""]",3.550.000,2026-05-08 10:59:33
1426,EMPANADAS DE  POLLO,EMPANADAS DE  POLLO,EMPANADAS DE  POLLO,insert,1,https://riba.app/imgrs/THUMBS%20500X500/16620.JPG,tabs/detalle-producto/16620,90.000,90.000,90.000,USD,1,{},"{""MARCA"": [""RIMITH""], ""CATEGORIA"": [""PRODUCTOS DE MAIZ Y OTROS""]}","[""PRODUCTOS DE MAIZ Y OTROS""]",,https://riba.app/imgrs/THUMBS%20500X500/16620.JPG,0,0,"[""270""]",90.000,2026-05-08 10:59:33
1486,PASTELITO DE POLLO CJA,PASTELITO DE POLLO CJA,PASTELITO DE POLLO CJA,insert,1,https://riba.app/imgrs/THUMBS%20500X500/16667.JPG,tabs/detalle-producto/16667,75.000,75.000,75.000,USD,1,{},"{""MARCA"": [""RIMITH""], ""CATEGORIA"": [""PRODUCTOS DE MAIZ Y OTROS""]}","[""PRODUCTOS DE MAIZ Y OTROS""]",,https://riba.app/imgrs/THUMBS%20500X500/16667.JPG,0,0,"[""270""]",75.000,2026-05-08 10:59:33
1493,EMPANADAS QUESO BLANCO CRUDO,EMPANADAS QUESO BLANCO CRUDO,EMPANADAS QUESO BLANCO CRUDO,insert,1,https://riba.app/imgrs/THUMBS%20500X500/16622.JPG,tabs/detalle-producto/16622,80.000,80.000,80.000,USD,1,{},"{""MARCA"": [""RIMITH""], ""CATEGORIA"": [""PRODUCTOS DE MAIZ Y OTROS""]}","[""PRODUCTOS DE MAIZ Y OTROS""]",,https://riba.app/imgrs/THUMBS%20500X500/16622.JPG,0,0,"[""270""]",80.000,2026-05-08 10:59:33
1494,PASTELITO QUESO BLANCO CRUDO,PASTELITO QUESO BLANCO CRUDO,PASTELITO QUESO BLANCO CRUDO,insert,1,https://riba.app/imgrs/THUMBS%20500X500/16668.JPG,tabs/detalle-producto/16668,75.000,75.000,75.000,USD,1,{},"{""MARCA"": [""RIMITH""], ""CATEGORIA"": [""PRODUCTOS DE MAIZ Y OTROS""]}","[""PRODUCTOS DE MAIZ Y OTROS""]",,https://riba.app/imgrs/THUMBS%20500X500/16668.JPG,0,0,"[""270""]",75.000,2026-05-08 10:59:33
1495,EMPANADA QUESO CREMA,EMPANADA QUESO CREMA,EMPANADA QUESO CREMA,insert,1,https://riba.app/imgrs/THUMBS%20500X500/16623.JPG,tabs/detalle-producto/16623,75.000,75.000,75.000,USD,1,{},"{""MARCA"": [""RIMITH""], ""CATEGORIA"": [""PRODUCTOS DE MAIZ Y OTROS""]}","[""PRODUCTOS DE MAIZ Y OTROS""]",,https://riba.app/imgrs/THUMBS%20500X500/16623.JPG,0,0,"[""270""]",75.000,2026-05-08 10:59:33
1498,PASTELITO QUESO CREMA,PASTELITO QUESO CREMA,PASTELITO QUESO CREMA,insert,1,https://riba.app/imgrs/THUMBS%20500X500/16624.JPG,tabs/detalle-producto/16624,70.000,70.000,70.000,USD,1,{},"{""MARCA"": [""RIMITH""], ""CATEGORIA"": [""PRODUCTOS DE MAIZ Y OTROS""]}","[""PRODUCTOS DE MAIZ Y OTROS""]",,https://riba.app/imgrs/THUMBS%20500X500/16624.JPG,0,0,"[""270""]",70.000,2026-05-08 10:59:33
2053,GALLETA GINGER SNAPS TRIO,GALLETA GINGER SNAPS TRIO,GALLETA GINGER SNAPS TRIO,insert,1,https://riba.app/imgrs/THUMBS%20500X500/59119.JPG,tabs/detalle-producto/59119,65.000,65.000,65.000,USD,1,{},"{""MARCA"": [""RIMITH""], ""CATEGORIA"": [""Snacks""]}","[""Snacks""]",,https://riba.app/imgrs/THUMBS%20500X500/59119.JPG,0,0,"[""296""]",65.000,2026-05-08 10:59:33
2065,TOSTADITAS DE TRIGO CHICA,TOSTADITAS DE TRIGO CHICA,TOSTADITAS DE TRIGO CHICA,insert,1,https://riba.app/imgrs/THUMBS%20500X500/64369.JPG,tabs/detalle-producto/64369,65.000,65.000,65.000,USD,1,{},"{""MARCA"": [""RIMITH""], ""CATEGORIA"": [""PANES Y DULCES""]}","[""PANES Y DULCES""]",,https://riba.app/imgrs/THUMBS%20500X500/64369.JPG,0,0,"[""269""]",65.000,2026-05-08 10:59:33
2086,TRIO DE MANTEQUILLA 3 UND,TRIO DE MANTEQUILLA 3 UND,TRIO DE MANTEQUILLA 3 UND,insert,1,https://riba.app/imgrs/THUMBS%20500X500/68388.JPG,tabs/detalle-producto/68388,90.000,90.000,90.000,USD,1,{},"{""MARCA"": [""RIMITH""], ""CATEGORIA"": [""Snacks""]}","[""Snacks""]",,https://riba.app/imgrs/THUMBS%20500X500/68388.JPG,0,0,"[""296""]",90.000,2026-05-08 10:59:33
2087,TRIO DE ESPECIES 3 UND,TRIO DE ESPECIES 3 UND,TRIO DE ESPECIES 3 UND,insert,1,https://riba.app/imgrs/THUMBS%20500X500/68389.JPG,tabs/detalle-producto/68389,65.000,65.000,65.000,USD,1,{},"{""MARCA"": [""RIMITH""], ""CATEGORIA"": [""Snacks""]}","[""Snacks""]",,https://riba.app/imgrs/THUMBS%20500X500/68389.JPG,0,0,"[""296""]",65.000,2026-05-08 10:59:33
2089,TRIO DE FRUTAS 3 UND,TRIO DE FRUTAS 3 UND,TRIO DE FRUTAS 3 UND,insert,1,https://riba.app/imgrs/THUMBS%20500X500/68391.JPG,tabs/detalle-producto/68391,90.000,90.000,90.000,USD,1,{},"{""MARCA"": [""RIMITH""], ""CATEGORIA"": [""Snacks""]}","[""Snacks""]",,https://riba.app/imgrs/THUMBS%20500X500/68391.JPG,0,0,"[""296""]",90.000,2026-05-08 10:59:33
2090,TRIO DE COCO 3 UND,TRIO DE COCO 3 UND,TRIO DE COCO 3 UND,insert,1,https://riba.app/imgrs/THUMBS%20500X500/68392.JPG,tabs/detalle-producto/68392,70.000,70.000,70.000,USD,1,{},"{""MARCA"": [""RIMITH""], ""CATEGORIA"": [""Snacks""]}","[""Snacks""]",,https://riba.app/imgrs/THUMBS%20500X500/68392.JPG,0,0,"[""296""]",70.000,2026-05-08 10:59:33
2091,TRIO DE SHORTBREAD 3 UND,TRIO DE SHORTBREAD 3 UND,TRIO DE SHORTBREAD 3 UND,insert,1,https://riba.app/imgrs/THUMBS%20500X500/68393.JPG,tabs/detalle-producto/68393,80.000,80.000,80.000,USD,1,{},"{""MARCA"": [""RIMITH""], ""CATEGORIA"": [""Snacks""]}","[""Snacks""]",,https://riba.app/imgrs/THUMBS%20500X500/68393.JPG,0,0,"[""296""]",80.000,2026-05-08 10:59:33
2110345,MIX NAVIDEÑO GALLETAS,MIX NAVIDEÑO GALLETAS,MIX NAVIDEÑO GALLETAS,insert,1,https://riba.app/imgrs/THUMBS%20500X500/55357.JPG,tabs/detalle-producto/55357,450.000,450.000,450.000,USD,1,{},"{""MARCA"": [""RIMITH""], ""CATEGORIA"": [""Snacks""]}","[""Snacks""]",,https://riba.app/imgrs/THUMBS%20500X500/55357.JPG,0,0,"[""296""]",450.000,2026-05-08 10:59:33
2110425,MIEL DE ABEJA  12ONZ,MIEL DE ABEJA  12ONZ,MIEL DE ABEJA  12ONZ,insert,1,https://riba.app/imgrs/THUMBS%20500X500/114579.JPG,tabs/detalle-producto/114579,570.000,570.000,570.000,USD,1,{},"{""MARCA"": [""RIMITH""], ""CATEGORIA"": [""Despensa""]}","[""Despensa""]",,https://riba.app/imgrs/THUMBS%20500X500/114579.JPG,0,0,"[""264""]",570.000,2026-05-08 10:59:33
2110426,MIEL DE ABEJA  24ONZ,MIEL DE ABEJA  24ONZ,MIEL DE ABEJA  24ONZ,insert,1,https://riba.app/imgrs/THUMBS%20500X500/114580.JPG,tabs/detalle-producto/114580,1.145.000,1.145.000,1.145.000,USD,1,{},"{""MARCA"": [""RIMITH""], ""CATEGORIA"": [""Despensa""]}","[""Despensa""]",,https://riba.app/imgrs/THUMBS%20500X500/114580.JPG,0,0,"[""264""]",1.145.000,2026-05-08 10:59:33
2110428,MIEL DE ABEJA  1 LT,MIEL DE ABEJA  1 LT,MIEL DE ABEJA  1 LT,insert,1,https://riba.app/imgrs/THUMBS%20500X500/114581.JPG,tabs/detalle-producto/114581,1.615.000,1.615.000,1.615.000,USD,1,{},"{""MARCA"": [""RIMITH""], ""CATEGORIA"": [""Despensa""]}","[""Despensa""]",,https://riba.app/imgrs/THUMBS%20500X500/114581.JPG,0,0,"[""264""]",1.615.000,2026-05-08 10:59:33
2110429,MIEL DE ABEJA  4 ONZ,MIEL DE ABEJA  4 ONZ,MIEL DE ABEJA  4 ONZ,insert,1,https://riba.app/imgrs/THUMBS%20500X500/114578.JPG,tabs/detalle-producto/114578,215.000,215.000,215.000,USD,1,{},"{""MARCA"": [""RIMITH""], ""CATEGORIA"": [""Despensa""]}","[""Despensa""]",,https://riba.app/imgrs/THUMBS%20500X500/114578.JPG,0,0,"[""264""]",215.000,2026-05-08 10:59:33
2110669,TOSTADA SPEZIE  Y PARMESANO,TOSTADA SPEZIE  Y PARMESANO,TOSTADA SPEZIE  Y PARMESANO,insert,1,https://riba.app/imgrs/THUMBS%20500X500/176195.JPG,tabs/detalle-producto/176195,240.000,240.000,240.000,USD,1,{},"{""MARCA"": [""RIMITH""], ""CATEGORIA"": [""PANES Y DULCES""]}","[""PANES Y DULCES""]",,https://riba.app/imgrs/THUMBS%20500X500/176195.JPG,0,0,"[""269""]",240.000,2026-05-08 10:59:33
2110803,CARAMEL SALTED ,CARAMEL SALTED ,CARAMEL SALTED ,insert,1,https://riba.app/imgrs/THUMBS%20500X500/274213.JPG,tabs/detalle-producto/274213,1.275.000,1.275.000,1.275.000,USD,1,{},"{""MARCA"": [""RIMITH""], ""CATEGORIA"": [""PANES Y DULCES""]}","[""PANES Y DULCES""]",,https://riba.app/imgrs/THUMBS%20500X500/274213.JPG,0,0,"[""269""]",1.275.000,2026-05-08 10:59:33
2110804,RED VELVET ,RED VELVET ,RED VELVET ,insert,1,https://riba.app/imgrs/THUMBS%20500X500/274215.JPG,tabs/detalle-producto/274215,1.275.000,1.275.000,1.275.000,USD,1,{},"{""MARCA"": [""RIMITH""], ""CATEGORIA"": [""PANES Y DULCES""]}","[""PANES Y DULCES""]",,https://riba.app/imgrs/THUMBS%20500X500/274215.JPG,0,0,"[""269""]",1.275.000,2026-05-08 10:59:33
2110805,VAINILLA CELEBRATION ,VAINILLA CELEBRATION ,VAINILLA CELEBRATION ,insert,1,https://riba.app/imgrs/THUMBS%20500X500/274216.JPG,tabs/detalle-producto/274216,1.275.000,1.275.000,1.275.000,USD,1,{},"{""MARCA"": [""RIMITH""], ""CATEGORIA"": [""PANES Y DULCES""]}","[""PANES Y DULCES""]",,https://riba.app/imgrs/THUMBS%20500X500/274216.JPG,0,0,"[""269""]",1.275.000,2026-05-08 10:59:33
2110807,CHOCOLATE Y AVELLANAS ,CHOCOLATE Y AVELLANAS ,CHOCOLATE Y AVELLANAS ,insert,1,https://riba.app/imgrs/THUMBS%20500X500/274218.JPG,tabs/detalle-producto/274218,1.600.000,1.600.000,1.600.000,USD,1,{},"{""MARCA"": [""RIMITH""], ""CATEGORIA"": [""PANES Y DULCES""]}","[""PANES Y DULCES""]",,https://riba.app/imgrs/THUMBS%20500X500/274218.JPG,0,0,"[""269""]",1.600.000,2026-05-08 10:59:33
2110812,GRANOLA MIX ORIGINAL MIEL ABEJ,GRANOLA MIX ORIGINAL MIEL ABEJ,GRANOLA MIX ORIGINAL MIEL ABEJ,insert,1,https://riba.app/imgrs/THUMBS%20500X500/291401.JPG,tabs/detalle-producto/291401,585.000,585.000,585.000,USD,1,{},"{""MARCA"": [""RIMITH""], ""CATEGORIA"": [""Despensa""]}","[""Despensa""]",,https://riba.app/imgrs/THUMBS%20500X500/291401.JPG,0,0,"[""264""]",585.000,2026-05-08 10:59:33
2110813,GRANOLA CON CHISPAS DE CHOCOLA,GRANOLA CON CHISPAS DE CHOCOLA,GRANOLA CON CHISPAS DE CHOCOLA,insert,1,https://riba.app/imgrs/THUMBS%20500X500/291418.JPG,tabs/detalle-producto/291418,585.000,585.000,585.000,USD,1,{},"{""MARCA"": [""RIMITH""], ""CATEGORIA"": [""Despensa""]}","[""Despensa""]",,https://riba.app/imgrs/THUMBS%20500X500/291418.JPG,0,0,"[""264""]",585.000,2026-05-08 10:59:33
2110814,GRANOLA MANZANA CANELA,GRANOLA MANZANA CANELA,GRANOLA MANZANA CANELA,insert,1,https://riba.app/imgrs/THUMBS%20500X500/291419.JPG,tabs/detalle-producto/291419,585.000,585.000,585.000,USD,1,{},"{""MARCA"": [""RIMITH""], ""CATEGORIA"": [""Despensa""]}","[""Despensa""]",,https://riba.app/imgrs/THUMBS%20500X500/291419.JPG,0,0,"[""264""]",585.000,2026-05-08 10:59:33
2110815,GRANOLA CON ARANDANOS ROJO,GRANOLA CON ARANDANOS ROJO,GRANOLA CON ARANDANOS ROJO,insert,1,https://riba.app/imgrs/THUMBS%20500X500/291425.JPG,tabs/detalle-producto/291425,585.000,585.000,585.000,USD,1,{},"{""MARCA"": [""RIMITH""], ""CATEGORIA"": [""Despensa""]}","[""Despensa""]",,https://riba.app/imgrs/THUMBS%20500X500/291425.JPG,0,0,"[""264""]",585.000,2026-05-08 10:59:33
2110816,GRANOLA CON ARANDANOS AZUL,GRANOLA CON ARANDANOS AZUL,GRANOLA CON ARANDANOS AZUL,insert,1,https://riba.app/imgrs/THUMBS%20500X500/291426.JPG,tabs/detalle-producto/291426,585.000,585.000,585.000,USD,1,{},"{""MARCA"": [""RIMITH""], ""CATEGORIA"": [""Despensa""]}","[""Despensa""]",,https://riba.app/imgrs/THUMBS%20500X500/291426.JPG,0,0,"[""264""]",585.000,2026-05-08 10:59:33
2110817,GRANOLA MIX ORIGINAL MIEL CAÑA,GRANOLA MIX ORIGINAL MIEL CAÑA,GRANOLA MIX ORIGINAL MIEL CAÑA,insert,1,https://riba.app/imgrs/THUMBS%20500X500/291427.JPG,tabs/detalle-producto/291427,585.000,585.000,585.000,USD,1,{},"{""MARCA"": [""RIMITH""], ""CATEGORIA"": [""Despensa""]}","[""Despensa""]",,https://riba.app/imgrs/THUMBS%20500X500/291427.JPG,0,0,"[""264""]",585.000,2026-05-08 10:59:33
2110818,GRANOLA CON CHIPS DE GUINEO,GRANOLA CON CHIPS DE GUINEO,GRANOLA CON CHIPS DE GUINEO,insert,1,https://riba.app/imgrs/THUMBS%20500X500/291429.JPG,tabs/detalle-producto/291429,585.000,585.000,585.000,USD,1,{},"{""MARCA"": [""RIMITH""], ""CATEGORIA"": [""Despensa""]}","[""Despensa""]",,https://riba.app/imgrs/THUMBS%20500X500/291429.JPG,0,0,"[""264""]",585.000,2026-05-08 10:59:33
2110820,GRANOLA CON HOJUELAS DE COCO,GRANOLA CON HOJUELAS DE COCO,GRANOLA CON HOJUELAS DE COCO,insert,1,https://riba.app/imgrs/THUMBS%20500X500/291433.JPG,tabs/detalle-producto/291433,585.000,585.000,585.000,USD,1,{},"{""MARCA"": [""RIMITH""], ""CATEGORIA"": [""Despensa""]}","[""Despensa""]",,https://riba.app/imgrs/THUMBS%20500X500/291433.JPG,0,0,"[""264""]",585.000,2026-05-08 10:59:33
2110844,GRANOLA CON CEREZA ALMENDRAS R,GRANOLA CON CEREZA ALMENDRAS R,GRANOLA CON CEREZA ALMENDRAS R,insert,1,https://riba.app/imgrs/THUMBS%20500X500/297239.JPG,tabs/detalle-producto/297239,585.000,585.000,585.000,USD,1,{},"{""MARCA"": [""RIMITH""], ""CATEGORIA"": [""Despensa""]}","[""Despensa""]",,https://riba.app/imgrs/THUMBS%20500X500/297239.JPG,0,0,"[""264""]",585.000,2026-05-08 10:59:33
2110851,PAPAYA DESHIDRATADA,PAPAYA DESHIDRATADA,PAPAYA DESHIDRATADA,insert,1,https://riba.app/imgrs/THUMBS%20500X500/299934.JPG,tabs/detalle-producto/299934,195.000,195.000,195.000,USD,1,{},"{""MARCA"": [""RIMITH""], ""CATEGORIA"": [""Snacks""]}","[""Snacks""]",,https://riba.app/imgrs/THUMBS%20500X500/299934.JPG,0,0,"[""296""]",195.000,2026-05-08 10:59:33
2110852,PAPAYA DESHIDRATADA 0.20 KG,PAPAYA DESHIDRATADA 0.20 KG,PAPAYA DESHIDRATADA 0.20 KG,insert,1,https://riba.app/imgrs/THUMBS%20500X500/299936.JPG,tabs/detalle-producto/299936,530.000,530.000,530.000,USD,1,{},"{""MARCA"": [""RIMITH""], ""CATEGORIA"": [""Snacks""]}","[""Snacks""]",,https://riba.app/imgrs/THUMBS%20500X500/299936.JPG,0,0,"[""296""]",530.000,2026-05-08 10:59:33
2110854,BANANA DESHIDRATADA ,BANANA DESHIDRATADA ,BANANA DESHIDRATADA ,insert,1,https://riba.app/imgrs/THUMBS%20500X500/299940.JPG,tabs/detalle-producto/299940,195.000,195.000,195.000,USD,1,{},"{""MARCA"": [""RIMITH""], ""CATEGORIA"": [""Snacks""]}","[""Snacks""]",,https://riba.app/imgrs/THUMBS%20500X500/299940.JPG,0,0,"[""296""]",195.000,2026-05-08 10:59:33
2110870,DIP DE POLLO BUFFALO,DIP DE POLLO BUFFALO,DIP DE POLLO BUFFALO,insert,1,https://riba.app/imgrs/THUMBS%20500X500/312876.JPG,tabs/detalle-producto/312876,700.000,700.000,700.000,USD,1,{},"{""MARCA"": [""RIMITH""], ""CATEGORIA"": [""Snacks""]}","[""Snacks""]",,https://riba.app/imgrs/THUMBS%20500X500/312876.JPG,0,0,"[""296""]",700.000,2026-05-08 10:59:33
2110871,DIP DE PIZZA,DIP DE PIZZA,DIP DE PIZZA,insert,1,https://riba.app/imgrs/THUMBS%20500X500/312877.JPG,tabs/detalle-producto/312877,700.000,700.000,700.000,USD,1,{},"{""MARCA"": [""RIMITH""], ""CATEGORIA"": [""Snacks""]}","[""Snacks""]",,https://riba.app/imgrs/THUMBS%20500X500/312877.JPG,0,0,"[""296""]",700.000,2026-05-08 10:59:33
2110872,DIP PANAMEÑO,DIP PANAMEÑO,DIP PANAMEÑO,insert,1,https://riba.app/imgrs/THUMBS%20500X500/312878.JPG,tabs/detalle-producto/312878,700.000,700.000,700.000,USD,1,{},"{""MARCA"": [""RIMITH""], ""CATEGORIA"": [""Snacks""]}","[""Snacks""]",,https://riba.app/imgrs/THUMBS%20500X500/312878.JPG,0,0,"[""296""]",700.000,2026-05-08 10:59:33
21200100000,ASADO DE HORNO RIMITH,ASADO DE HORNO RIMITH,ASADO DE HORNO RIMITH,insert,1,https://riba.app/imgrs/THUMBS%20500X500/25389.JPG,tabs/detalle-producto/25389,1.103.000,1.103.000,1.103.000,USD,1,{},"{""MARCA"": [""RIMITH""], ""CATEGORIA"": [""Carnes Y Embutidos""]}","[""Carnes Y Embutidos""]",,https://riba.app/imgrs/THUMBS%20500X500/25389.JPG,0,0,"[""127""]",1.103.000,2026-05-08 10:59:33
21200200000,ASADO DE HORNO CON TOCINO,ASADO DE HORNO CON TOCINO,ASADO DE HORNO CON TOCINO,insert,1,https://riba.app/imgrs/THUMBS%20500X500/25390.JPG,tabs/detalle-producto/25390,1.179.000,1.179.000,1.179.000,USD,1,{},"{""MARCA"": [""RIMITH""], ""CATEGORIA"": [""Carnes Y Embutidos""]}","[""Carnes Y Embutidos""]",,https://riba.app/imgrs/THUMBS%20500X500/25390.JPG,0,0,"[""127""]",1.179.000,2026-05-08 10:59:33
21200300000,BISTEC AL MINUTO,BISTEC AL MINUTO,BISTEC AL MINUTO,insert,1,https://riba.app/imgrs/THUMBS%20500X500/25391.JPG,tabs/detalle-producto/25391,1.539.000,1.539.000,1.539.000,USD,1,{},"{""MARCA"": [""RIMITH""], ""CATEGORIA"": [""Carnes Y Embutidos""]}","[""Carnes Y Embutidos""]",,https://riba.app/imgrs/THUMBS%20500X500/25391.JPG,0,0,"[""127""]",1.539.000,2026-05-08 10:59:33
21200700000,BISTEC PICADO RIMITH,BISTEC PICADO RIMITH,BISTEC PICADO RIMITH,insert,1,https://riba.app/imgrs/THUMBS%20500X500/25393.JPG,tabs/detalle-producto/25393,1.461.000,1.461.000,1.461.000,USD,1,{},"{""MARCA"": [""RIMITH""], ""CATEGORIA"": [""Carnes Y Embutidos""]}","[""Carnes Y Embutidos""]",,https://riba.app/imgrs/THUMBS%20500X500/25393.JPG,0,0,"[""127""]",1.461.000,2026-05-08 10:59:33
21200800000,BOLA DE RINCON RIMITH,BOLA DE RINCON RIMITH,BOLA DE RINCON RIMITH,insert,1,https://riba.app/imgrs/THUMBS%20500X500/25394.JPG,tabs/detalle-producto/25394,1.620.000,1.620.000,1.620.000,USD,1,{},"{""MARCA"": [""RIMITH""], ""CATEGORIA"": [""Carnes Y Embutidos""]}","[""Carnes Y Embutidos""]",,https://riba.app/imgrs/THUMBS%20500X500/25394.JPG,0,0,"[""127""]",1.620.000,2026-05-08 10:59:33
21201100000,CINTA DESHUESADA,CINTA DESHUESADA,CINTA DESHUESADA,insert,1,https://riba.app/imgrs/THUMBS%20500X500/25397.JPG,tabs/detalle-producto/25397,1.444.000,1.444.000,1.444.000,USD,1,{},"{""MARCA"": [""RIMITH""], ""CATEGORIA"": [""Carnes Y Embutidos""]}","[""Carnes Y Embutidos""]",,https://riba.app/imgrs/THUMBS%20500X500/25397.JPG,0,0,"[""127""]",1.444.000,2026-05-08 10:59:33
21201200000,COSTILLA DE PIERNA RIMITH,COSTILLA DE PIERNA RIMITH,COSTILLA DE PIERNA RIMITH,insert,1,https://riba.app/imgrs/THUMBS%20500X500/25398.JPG,tabs/detalle-producto/25398,765.000,765.000,765.000,USD,1,{},"{""MARCA"": [""RIMITH""], ""CATEGORIA"": [""Carnes Y Embutidos""]}","[""Carnes Y Embutidos""]",,https://riba.app/imgrs/THUMBS%20500X500/25398.JPG,0,0,"[""127""]",765.000,2026-05-08 10:59:33
21201400000,CHOCOZUELA RIMITH,CHOCOZUELA RIMITH,CHOCOZUELA RIMITH,insert,1,https://riba.app/imgrs/THUMBS%20500X500/25400.JPG,tabs/detalle-producto/25400,259.000,259.000,259.000,USD,1,{},"{""MARCA"": [""RIMITH""], ""CATEGORIA"": [""Carnes Y Embutidos""]}","[""Carnes Y Embutidos""]",,https://riba.app/imgrs/THUMBS%20500X500/25400.JPG,0,0,"[""127""]",259.000,2026-05-08 10:59:33
21201500000,FALDA DE RES RIMITH,FALDA DE RES RIMITH,FALDA DE RES RIMITH,insert,1,https://riba.app/imgrs/THUMBS%20500X500/25401.JPG,tabs/detalle-producto/25401,1.164.000,1.164.000,1.164.000,USD,1,{},"{""MARCA"": [""RIMITH""], ""CATEGORIA"": [""Carnes Y Embutidos""]}","[""Carnes Y Embutidos""]",,https://riba.app/imgrs/THUMBS%20500X500/25401.JPG,0,0,"[""127""]",1.164.000,2026-05-08 10:59:33
21201800000,MEDALLONES DE FILETE RIMITH,MEDALLONES DE FILETE RIMITH,MEDALLONES DE FILETE RIMITH,insert,1,https://riba.app/imgrs/THUMBS%20500X500/25404.JPG,tabs/detalle-producto/25404,2.721.000,2.721.000,2.721.000,USD,1,{},"{""MARCA"": [""RIMITH""], ""CATEGORIA"": [""Carnes Y Embutidos""]}","[""Carnes Y Embutidos""]",,https://riba.app/imgrs/THUMBS%20500X500/25404.JPG,0,0,"[""127""]",2.721.000,2026-05-08 10:59:33
21202000000,FILETE DE RES,FILETE DE RES,FILETE DE RES,insert,1,https://riba.app/imgrs/THUMBS%20500X500/25405.JPG,tabs/detalle-producto/25405,2.721.000,2.721.000,2.721.000,USD,1,{},"{""MARCA"": [""RIMITH""], ""CATEGORIA"": [""Carnes Y Embutidos""]}","[""Carnes Y Embutidos""]",,https://riba.app/imgrs/THUMBS%20500X500/25405.JPG,0,0,"[""127""]",2.721.000,2026-05-08 10:59:33
21202100000,GUISADO DE RES RIMITH,GUISADO DE RES RIMITH,GUISADO DE RES RIMITH,insert,1,https://riba.app/imgrs/THUMBS%20500X500/25406.JPG,tabs/detalle-producto/25406,1.410.000,1.410.000,1.410.000,USD,1,{},"{""MARCA"": [""RIMITH""], ""CATEGORIA"": [""Carnes Y Embutidos""]}","[""Carnes Y Embutidos""]",,https://riba.app/imgrs/THUMBS%20500X500/25406.JPG,0,0,"[""127""]",1.410.000,2026-05-08 10:59:33
21202200000,HUESO DE CADERA RIMITH,HUESO DE CADERA RIMITH,HUESO DE CADERA RIMITH,insert,1,https://riba.app/imgrs/THUMBS%20500X500/25407.JPG,tabs/detalle-producto/25407,328.000,328.000,328.000,USD,1,{},"{""MARCA"": [""RIMITH""], ""CATEGORIA"": [""Carnes Y Embutidos""]}","[""Carnes Y Embutidos""]",,https://riba.app/imgrs/THUMBS%20500X500/25407.JPG,0,0,"[""127""]",328.000,2026-05-08 10:59:33
21202300000,HUESO DE CINTA RIMITH,HUESO DE CINTA RIMITH,HUESO DE CINTA RIMITH,insert,1,https://riba.app/imgrs/THUMBS%20500X500/25408.JPG,tabs/detalle-producto/25408,303.000,303.000,303.000,USD,1,{},"{""MARCA"": [""RIMITH""], ""CATEGORIA"": [""Carnes Y Embutidos""]}","[""Carnes Y Embutidos""]",,https://riba.app/imgrs/THUMBS%20500X500/25408.JPG,0,0,"[""127""]",303.000,2026-05-08 10:59:33
21202400000,RABO DE RES RIMITH,RABO DE RES RIMITH,RABO DE RES RIMITH,insert,1,https://riba.app/imgrs/THUMBS%20500X500/25409.JPG,tabs/detalle-producto/25409,774.000,774.000,774.000,USD,1,{},"{""MARCA"": [""RIMITH""], ""CATEGORIA"": [""Carnes Y Embutidos""]}","[""Carnes Y Embutidos""]",,https://riba.app/imgrs/THUMBS%20500X500/25409.JPG,0,0,"[""127""]",774.000,2026-05-08 10:59:33
21202500000,OSOBUCO DE RES BANDEJA,OSOBUCO DE RES BANDEJA,OSOBUCO DE RES BANDEJA,insert,1,https://riba.app/imgrs/THUMBS%20500X500/25410.JPG,tabs/detalle-producto/25410,841.000,841.000,841.000,USD,1,{},"{""MARCA"": [""RIMITH""], ""CATEGORIA"": [""Carnes Y Embutidos""]}","[""Carnes Y Embutidos""]",,https://riba.app/imgrs/THUMBS%20500X500/25410.JPG,0,0,"[""127""]",841.000,2026-05-08 10:59:33
21202800000,BISTEC DE RINCON RIMITH,BISTEC DE RINCON RIMITH,BISTEC DE RINCON RIMITH,insert,1,https://riba.app/imgrs/THUMBS%20500X500/25413.JPG,tabs/detalle-producto/25413,1.616.000,1.616.000,1.616.000,USD,1,{},"{""MARCA"": [""RIMITH""], ""CATEGORIA"": [""Carnes Y Embutidos""]}","[""Carnes Y Embutidos""]",,https://riba.app/imgrs/THUMBS%20500X500/25413.JPG,0,0,"[""127""]",1.616.000,2026-05-08 10:59:33
21202900000,LOMO REDONDO RIMITH,LOMO REDONDO RIMITH,LOMO REDONDO RIMITH,insert,1,https://riba.app/imgrs/THUMBS%20500X500/25414.JPG,tabs/detalle-producto/25414,1.232.000,1.232.000,1.232.000,USD,1,{},"{""MARCA"": [""RIMITH""], ""CATEGORIA"": [""Carnes Y Embutidos""]}","[""Carnes Y Embutidos""]",,https://riba.app/imgrs/THUMBS%20500X500/25414.JPG,0,0,"[""127""]",1.232.000,2026-05-08 10:59:33
21203000000,LOMITO DE RINCON RIMITH,LOMITO DE RINCON RIMITH,LOMITO DE RINCON RIMITH,insert,1,https://riba.app/imgrs/THUMBS%20500X500/25415.JPG,tabs/detalle-producto/25415,1.652.000,1.652.000,1.652.000,USD,1,{},"{""MARCA"": [""RIMITH""], ""CATEGORIA"": [""Carnes Y Embutidos""]}","[""Carnes Y Embutidos""]",,https://riba.app/imgrs/THUMBS%20500X500/25415.JPG,0,0,"[""127""]",1.652.000,2026-05-08 10:59:33
21203200000,PUNTA DE PALOMILLA RIMITH,PUNTA DE PALOMILLA RIMITH,PUNTA DE PALOMILLA RIMITH,insert,1,https://riba.app/imgrs/THUMBS%20500X500/25417.JPG,tabs/detalle-producto/25417,1.423.000,1.423.000,1.423.000,USD,1,{},"{""MARCA"": [""RIMITH""], ""CATEGORIA"": [""Carnes Y Embutidos""]}","[""Carnes Y Embutidos""]",,https://riba.app/imgrs/THUMBS%20500X500/25417.JPG,0,0,"[""127""]",1.423.000,2026-05-08 10:59:33
21203300000,PUNTA DE RINCON RIMITH,PUNTA DE RINCON RIMITH,PUNTA DE RINCON RIMITH,insert,1,https://riba.app/imgrs/THUMBS%20500X500/25418.JPG,tabs/detalle-producto/25418,1.638.000,1.638.000,1.638.000,USD,1,{},"{""MARCA"": [""RIMITH""], ""CATEGORIA"": [""Carnes Y Embutidos""]}","[""Carnes Y Embutidos""]",,https://riba.app/imgrs/THUMBS%20500X500/25418.JPG,0,0,"[""127""]",1.638.000,2026-05-08 10:59:33
21203400000,PULPA NEGRA ENTERA RIMITH,PULPA NEGRA ENTERA RIMITH,PULPA NEGRA ENTERA RIMITH,insert,1,https://riba.app/imgrs/THUMBS%20500X500/25419.JPG,tabs/detalle-producto/25419,1.504.000,1.504.000,1.504.000,USD,1,{},"{""MARCA"": [""RIMITH""], ""CATEGORIA"": [""Carnes Y Embutidos""]}","[""Carnes Y Embutidos""]",,https://riba.app/imgrs/THUMBS%20500X500/25419.JPG,0,0,"[""127""]",1.504.000,2026-05-08 10:59:33
21203600000,RIÑON RIMITH,RIÑON RIMITH,RIÑON RIMITH,insert,1,https://riba.app/imgrs/THUMBS%20500X500/25421.JPG,tabs/detalle-producto/25421,310.000,310.000,310.000,USD,1,{},"{""MARCA"": [""RIMITH""], ""CATEGORIA"": [""Carnes Y Embutidos""]}","[""Carnes Y Embutidos""]",,https://riba.app/imgrs/THUMBS%20500X500/25421.JPG,0,0,"[""127""]",310.000,2026-05-08 10:59:33
21203900000,BISTEK DE PULPA NEGRA RIMITH,BISTEK DE PULPA NEGRA RIMITH,BISTEK DE PULPA NEGRA RIMITH,insert,1,https://riba.app/imgrs/THUMBS%20500X500/25424.JPG,tabs/detalle-producto/25424,1.504.000,1.504.000,1.504.000,USD,1,{},"{""MARCA"": [""RIMITH""], ""CATEGORIA"": [""Carnes Y Embutidos""]}","[""Carnes Y Embutidos""]",,https://riba.app/imgrs/THUMBS%20500X500/25424.JPG,0,0,"[""127""]",1.504.000,2026-05-08 10:59:33
21204100000,ASADO DE CINTA RIMITH,ASADO DE CINTA RIMITH,ASADO DE CINTA RIMITH,insert,1,https://riba.app/imgrs/THUMBS%20500X500/25426.JPG,tabs/detalle-producto/25426,1.299.000,1.299.000,1.299.000,USD,1,{},"{""MARCA"": [""RIMITH""], ""CATEGORIA"": [""Carnes Y Embutidos""]}","[""Carnes Y Embutidos""]",,https://riba.app/imgrs/THUMBS%20500X500/25426.JPG,0,0,"[""127""]",1.299.000,2026-05-08 10:59:33
2120462,POLLO ASADO 1/2,POLLO ASADO 1/2,POLLO ASADO 1/2,insert,1,https://riba.app/imgrs/THUMBS%20500X500/66935.JPG,tabs/detalle-producto/66935,350.000,350.000,350.000,USD,1,{},"{""MARCA"": [""RIMITH""], ""CATEGORIA"": [""Comidas Preparadas""]}","[""Comidas Preparadas""]",,https://riba.app/imgrs/THUMBS%20500X500/66935.JPG,0,0,"[""91""]",350.000,2026-05-08 10:59:33
21204800000,ASERRIN DE HUESO RIMITH,ASERRIN DE HUESO RIMITH,ASERRIN DE HUESO RIMITH,insert,1,https://riba.app/imgrs/THUMBS%20500X500/25430.JPG,tabs/detalle-producto/25430,120.000,120.000,120.000,USD,1,{},"{""MARCA"": [""RIMITH""], ""CATEGORIA"": [""Carnes Y Embutidos""]}","[""Carnes Y Embutidos""]",,https://riba.app/imgrs/THUMBS%20500X500/25430.JPG,0,0,"[""127""]",120.000,2026-05-08 10:59:33
21205200000,BISTEC DE PULPA BLANCA BAND,BISTEC DE PULPA BLANCA BAND,BISTEC DE PULPA BLANCA BAND,insert,1,https://riba.app/imgrs/THUMBS%20500X500/25433.JPG,tabs/detalle-producto/25433,1.314.000,1.314.000,1.314.000,USD,1,{},"{""MARCA"": [""RIMITH""], ""CATEGORIA"": [""Carnes Y Embutidos""]}","[""Carnes Y Embutidos""]",,https://riba.app/imgrs/THUMBS%20500X500/25433.JPG,0,0,"[""127""]",1.314.000,2026-05-08 10:59:33
21205300000,COSTILLA ESPECIAL EN TIRA,COSTILLA ESPECIAL EN TIRA,COSTILLA ESPECIAL EN TIRA,insert,1,https://riba.app/imgrs/THUMBS%20500X500/25434.JPG,tabs/detalle-producto/25434,723.000,723.000,723.000,USD,1,{},"{""MARCA"": [""RIMITH""], ""CATEGORIA"": [""Carnes Y Embutidos""]}","[""Carnes Y Embutidos""]",,https://riba.app/imgrs/THUMBS%20500X500/25434.JPG,0,0,"[""127""]",723.000,2026-05-08 10:59:33
21205500000,TUETANO DE RES,TUETANO DE RES,TUETANO DE RES,insert,1,https://riba.app/imgrs/THUMBS%20500X500/25436.JPG,tabs/detalle-producto/25436,87.000,87.000,87.000,USD,1,{},"{""MARCA"": [""RIMITH""], ""CATEGORIA"": [""Carnes Y Embutidos""]}","[""Carnes Y Embutidos""]",,https://riba.app/imgrs/THUMBS%20500X500/25436.JPG,0,0,"[""127""]",87.000,2026-05-08 10:59:33
21205700000,BRAZUELO DE RES,BRAZUELO DE RES,BRAZUELO DE RES,insert,1,https://riba.app/imgrs/THUMBS%20500X500/25438.JPG,tabs/detalle-producto/25438,1.126.000,1.126.000,1.126.000,USD,1,{},"{""MARCA"": [""RIMITH""], ""CATEGORIA"": [""Carnes Y Embutidos""]}","[""Carnes Y Embutidos""]",,https://riba.app/imgrs/THUMBS%20500X500/25438.JPG,0,0,"[""127""]",1.126.000,2026-05-08 10:59:33
21205800000,LOMO CHATO RIMITH,LOMO CHATO RIMITH,LOMO CHATO RIMITH,insert,1,https://riba.app/imgrs/THUMBS%20500X500/25439.JPG,tabs/detalle-producto/25439,1.301.000,1.301.000,1.301.000,USD,1,{},"{""MARCA"": [""RIMITH""], ""CATEGORIA"": [""Carnes Y Embutidos""]}","[""Carnes Y Embutidos""]",,https://riba.app/imgrs/THUMBS%20500X500/25439.JPG,0,0,"[""127""]",1.301.000,2026-05-08 10:59:33
21205900000,LOMO DE COSTILLA RIMITH,LOMO DE COSTILLA RIMITH,LOMO DE COSTILLA RIMITH,insert,1,https://riba.app/imgrs/THUMBS%20500X500/25440.JPG,tabs/detalle-producto/25440,1.403.000,1.403.000,1.403.000,USD,1,{},"{""MARCA"": [""RIMITH""], ""CATEGORIA"": [""Carnes Y Embutidos""]}","[""Carnes Y Embutidos""]",,https://riba.app/imgrs/THUMBS%20500X500/25440.JPG,0,0,"[""127""]",1.403.000,2026-05-08 10:59:33
21206000000,LOMO DE PALETA RIMITH,LOMO DE PALETA RIMITH,LOMO DE PALETA RIMITH,insert,1,https://riba.app/imgrs/THUMBS%20500X500/25441.JPG,tabs/detalle-producto/25441,1.379.000,1.379.000,1.379.000,USD,1,{},"{""MARCA"": [""RIMITH""], ""CATEGORIA"": [""Carnes Y Embutidos""]}","[""Carnes Y Embutidos""]",,https://riba.app/imgrs/THUMBS%20500X500/25441.JPG,0,0,"[""127""]",1.379.000,2026-05-08 10:59:33
21206100000,COSTILLA DE PECHO ESPECIAL BAN,COSTILLA DE PECHO ESPECIAL BAN,COSTILLA DE PECHO ESPECIAL BAN,insert,1,https://riba.app/imgrs/THUMBS%20500X500/25442.JPG,tabs/detalle-producto/25442,857.000,857.000,857.000,USD,1,{},"{""MARCA"": [""RIMITH""], ""CATEGORIA"": [""Carnes Y Embutidos""]}","[""Carnes Y Embutidos""]",,https://riba.app/imgrs/THUMBS%20500X500/25442.JPG,0,0,"[""127""]",857.000,2026-05-08 10:59:33
21206300000,PUERCO LISO ESENCIAL,PUERCO LISO ESENCIAL,PUERCO LISO ESENCIAL,insert,1,https://riba.app/imgrs/THUMBS%20500X500/25444.JPG,tabs/detalle-producto/25444,686.000,686.000,686.000,USD,1,{},"{""MARCA"": [""RIMITH""], ""CATEGORIA"": [""Carnes Y Embutidos""]}","[""Carnes Y Embutidos""]",,https://riba.app/imgrs/THUMBS%20500X500/25444.JPG,0,0,"[""127""]",686.000,2026-05-08 10:59:33
21206700000,BISTEK PALETA SHOULDER,BISTEK PALETA SHOULDER,BISTEK PALETA SHOULDER,insert,1,https://riba.app/imgrs/THUMBS%20500X500/25448.JPG,tabs/detalle-producto/25448,858.000,858.000,858.000,USD,1,{},"{""MARCA"": [""RIMITH""], ""CATEGORIA"": [""Carnes Y Embutidos""]}","[""Carnes Y Embutidos""]",,https://riba.app/imgrs/THUMBS%20500X500/25448.JPG,0,0,"[""127""]",858.000,2026-05-08 10:59:33
21206800000,CHULETA DE CERDO ESENCIAL,CHULETA DE CERDO ESENCIAL,CHULETA DE CERDO ESENCIAL,insert,1,https://riba.app/imgrs/THUMBS%20500X500/50000.JPG,tabs/detalle-producto/50000,777.000,777.000,777.000,USD,1,{},"{""MARCA"": [""RIMITH""], ""CATEGORIA"": [""Carnes Y Embutidos""]}","[""Carnes Y Embutidos""]",,https://riba.app/imgrs/THUMBS%20500X500/50000.JPG,0,0,"[""127""]",777.000,2026-05-08 10:59:33
21207100000,NEW YORK STEAK ESENCIAL,NEW YORK STEAK ESENCIAL,NEW YORK STEAK ESENCIAL,insert,1,https://riba.app/imgrs/THUMBS%20500X500/50001.JPG,tabs/detalle-producto/50001,1.206.000,1.206.000,1.206.000,USD,1,{},"{""MARCA"": [""RIMITH""], ""CATEGORIA"": [""Carnes Y Embutidos""]}","[""Carnes Y Embutidos""]",,https://riba.app/imgrs/THUMBS%20500X500/50001.JPG,0,0,"[""127""]",1.206.000,2026-05-08 10:59:33
21207200000,BISTEK ESPECIAL DE COSTILLA,BISTEK ESPECIAL DE COSTILLA,BISTEK ESPECIAL DE COSTILLA,insert,1,https://riba.app/imgrs/THUMBS%20500X500/25451.JPG,tabs/detalle-producto/25451,1.174.000,1.174.000,1.174.000,USD,1,{},"{""MARCA"": [""RIMITH""], ""CATEGORIA"": [""Carnes Y Embutidos""]}","[""Carnes Y Embutidos""]",,https://riba.app/imgrs/THUMBS%20500X500/25451.JPG,0,0,"[""127""]",1.174.000,2026-05-08 10:59:33
21207700000,SIRLOIN FLAP MEAT CAB,SIRLOIN FLAP MEAT CAB,SIRLOIN FLAP MEAT CAB,insert,1,https://riba.app/imgrs/THUMBS%20500X500/264873.JPG,tabs/detalle-producto/264873,3.203.000,3.203.000,3.203.000,USD,1,{},"{""MARCA"": [""RIMITH (IMP)""], ""CATEGORIA"": [""Carnes Y Embutidos""]}","[""Carnes Y Embutidos""]",,https://riba.app/imgrs/THUMBS%20500X500/264873.JPG,0,0,"[""127""]",3.203.000,2026-05-08 10:59:33
21208200000,COWBOY CAB,COWBOY CAB,COWBOY CAB,insert,1,https://riba.app/imgrs/THUMBS%20500X500/271518.JPG,tabs/detalle-producto/271518,5.390.000,5.390.000,5.390.000,USD,1,{},"{""MARCA"": [""RIMITH (IMP)""], ""CATEGORIA"": [""Carnes Y Embutidos""]}","[""Carnes Y Embutidos""]",,https://riba.app/imgrs/THUMBS%20500X500/271518.JPG,0,0,"[""127""]",5.390.000,2026-05-08 10:59:33
21208400000,COSTILLA ESPECIAL RES EMPACADO,COSTILLA ESPECIAL RES EMPACADO,COSTILLA ESPECIAL RES EMPACADO,insert,1,https://riba.app/imgrs/THUMBS%20500X500/25453.JPG,tabs/detalle-producto/25453,765.000,765.000,765.000,USD,1,{},"{""MARCA"": [""RIMITH""], ""CATEGORIA"": [""Carnes Y Embutidos""]}","[""Carnes Y Embutidos""]",,https://riba.app/imgrs/THUMBS%20500X500/25453.JPG,0,0,"[""127""]",765.000,2026-05-08 10:59:33
21208500000,ASADO DE JIBA,ASADO DE JIBA,ASADO DE JIBA,insert,1,https://riba.app/imgrs/THUMBS%20500X500/64085.JPG,tabs/detalle-producto/64085,956.000,956.000,956.000,USD,1,{},"{""MARCA"": [""RIMITH""], ""CATEGORIA"": [""Carnes Y Embutidos""]}","[""Carnes Y Embutidos""]",,https://riba.app/imgrs/THUMBS%20500X500/64085.JPG,0,0,"[""127""]",956.000,2026-05-08 10:59:33
21208700000,PORK BUTT,PORK BUTT,PORK BUTT,insert,1,https://riba.app/imgrs/THUMBS%20500X500/74596.JPG,tabs/detalle-producto/74596,1.001.000,1.001.000,1.001.000,USD,1,{},"{""MARCA"": [""RIMITH""], ""CATEGORIA"": [""Carnes Y Embutidos""]}","[""Carnes Y Embutidos""]",,https://riba.app/imgrs/THUMBS%20500X500/74596.JPG,0,0,"[""127""]",1.001.000,2026-05-08 10:59:33
21208800000,BISTEC PICADO ESENCIAL,BISTEC PICADO ESENCIAL,BISTEC PICADO ESENCIAL,insert,1,https://riba.app/imgrs/THUMBS%20500X500/74597.JPG,tabs/detalle-producto/74597,773.000,773.000,773.000,USD,1,{},"{""MARCA"": [""RIMITH""], ""CATEGORIA"": [""Carnes Y Embutidos""]}","[""Carnes Y Embutidos""]",,https://riba.app/imgrs/THUMBS%20500X500/74597.JPG,0,0,"[""127""]",773.000,2026-05-08 10:59:33
21208900000,GUISADO DE RES ESENCIAL,GUISADO DE RES ESENCIAL,GUISADO DE RES ESENCIAL,insert,1,https://riba.app/imgrs/THUMBS%20500X500/74598.JPG,tabs/detalle-producto/74598,751.000,751.000,751.000,USD,1,{},"{""MARCA"": [""RIMITH""], ""CATEGORIA"": [""Carnes Y Embutidos""]}","[""Carnes Y Embutidos""]",,https://riba.app/imgrs/THUMBS%20500X500/74598.JPG,0,0,"[""127""]",751.000,2026-05-08 10:59:33
21209000000,ESPALDILLA (BRISKET),ESPALDILLA (BRISKET),ESPALDILLA (BRISKET),insert,1,https://riba.app/imgrs/THUMBS%20500X500/25454.JPG,tabs/detalle-producto/25454,1.310.000,1.310.000,1.310.000,USD,1,{},"{""MARCA"": [""RIMITH""], ""CATEGORIA"": [""Carnes Y Embutidos""]}","[""Carnes Y Embutidos""]",,https://riba.app/imgrs/THUMBS%20500X500/25454.JPG,0,0,"[""127""]",1.310.000,2026-05-08 10:59:33
21209200000,MOLIDA DE PUERCO Y RES ,MOLIDA DE PUERCO Y RES ,MOLIDA DE PUERCO Y RES ,insert,1,https://riba.app/imgrs/THUMBS%20500X500/83130.JPG,tabs/detalle-producto/83130,1.292.000,1.292.000,1.292.000,USD,1,{},"{""MARCA"": [""RIMITH""], ""CATEGORIA"": [""Carnes Y Embutidos""]}","[""Carnes Y Embutidos""]",,https://riba.app/imgrs/THUMBS%20500X500/83130.JPG,0,0,"[""127""]",1.292.000,2026-05-08 10:59:33
21209300000,PIERNA DE LECHON ,PIERNA DE LECHON ,PIERNA DE LECHON ,insert,1,https://riba.app/imgrs/THUMBS%20500X500/83131.JPG,tabs/detalle-producto/83131,1.340.000,1.340.000,1.340.000,USD,1,{},"{""MARCA"": [""RIMITH""], ""CATEGORIA"": [""Carnes Y Embutidos""]}","[""Carnes Y Embutidos""]",,https://riba.app/imgrs/THUMBS%20500X500/83131.JPG,0,0,"[""127""]",1.340.000,2026-05-08 10:59:33
21209500000,MOLIDA PREMIUM  TJ TRABAJADORE,MOLIDA PREMIUM  TJ TRABAJADORE,MOLIDA PREMIUM  TJ TRABAJADORE,insert,1,https://riba.app/imgrs/THUMBS%20500X500/139901.JPG,tabs/detalle-producto/139901,715.000,715.000,715.000,USD,1,{},"{""MARCA"": [""RIMITH""], ""CATEGORIA"": [""Carnes Y Embutidos""]}","[""Carnes Y Embutidos""]",,https://riba.app/imgrs/THUMBS%20500X500/139901.JPG,0,0,"[""127""]",715.000,2026-05-08 10:59:33
21209600000,BISTEK PICADO T&J,BISTEK PICADO T&J,BISTEK PICADO T&J,insert,1,https://riba.app/imgrs/THUMBS%20500X500/139898.JPG,tabs/detalle-producto/139898,1.186.000,1.186.000,1.186.000,USD,1,{},"{""MARCA"": [""RIMITH""], ""CATEGORIA"": [""Carnes Y Embutidos""]}","[""Carnes Y Embutidos""]",,https://riba.app/imgrs/THUMBS%20500X500/139898.JPG,0,0,"[""127""]",1.186.000,2026-05-08 10:59:33
21210100000,ASADO DE TERNERA,ASADO DE TERNERA,ASADO DE TERNERA,insert,1,https://riba.app/imgrs/THUMBS%20500X500/25455.JPG,tabs/detalle-producto/25455,1.119.000,1.119.000,1.119.000,USD,1,{},"{""MARCA"": [""RIMITH""], ""CATEGORIA"": [""Carnes Y Embutidos""]}","[""Carnes Y Embutidos""]",,https://riba.app/imgrs/THUMBS%20500X500/25455.JPG,0,0,"[""127""]",1.119.000,2026-05-08 10:59:33
21210200000,BISTEK DE TERNERA,BISTEK DE TERNERA,BISTEK DE TERNERA,insert,1,https://riba.app/imgrs/THUMBS%20500X500/25456.JPG,tabs/detalle-producto/25456,1.219.000,1.219.000,1.219.000,USD,1,{},"{""MARCA"": [""RIMITH""], ""CATEGORIA"": [""Carnes Y Embutidos""]}","[""Carnes Y Embutidos""]",,https://riba.app/imgrs/THUMBS%20500X500/25456.JPG,0,0,"[""127""]",1.219.000,2026-05-08 10:59:33
21210300000,COSTILLA DE TERNERA,COSTILLA DE TERNERA,COSTILLA DE TERNERA,insert,1,https://riba.app/imgrs/THUMBS%20500X500/25457.JPG,tabs/detalle-producto/25457,667.000,667.000,667.000,USD,1,{},"{""MARCA"": [""RIMITH""], ""CATEGORIA"": [""Carnes Y Embutidos""]}","[""Carnes Y Embutidos""]",,https://riba.app/imgrs/THUMBS%20500X500/25457.JPG,0,0,"[""127""]",667.000,2026-05-08 10:59:33
21210500000,CHULETA DE TERNERA,CHULETA DE TERNERA,CHULETA DE TERNERA,insert,1,https://riba.app/imgrs/THUMBS%20500X500/25459.JPG,tabs/detalle-producto/25459,1.119.000,1.119.000,1.119.000,USD,1,{},"{""MARCA"": [""RIMITH""], ""CATEGORIA"": [""Carnes Y Embutidos""]}","[""Carnes Y Embutidos""]",,https://riba.app/imgrs/THUMBS%20500X500/25459.JPG,0,0,"[""127""]",1.119.000,2026-05-08 10:59:33
21210800000,FILETE DE TERNERA,FILETE DE TERNERA,FILETE DE TERNERA,insert,1,https://riba.app/imgrs/THUMBS%20500X500/25462.JPG,tabs/detalle-producto/25462,2.347.000,2.347.000,2.347.000,USD,1,{},"{""MARCA"": [""RIMITH""], ""CATEGORIA"": [""Carnes Y Embutidos""]}","[""Carnes Y Embutidos""]",,https://riba.app/imgrs/THUMBS%20500X500/25462.JPG,0,0,"[""127""]",2.347.000,2026-05-08 10:59:33
21210900000,GUISO DE TERNERA,GUISO DE TERNERA,GUISO DE TERNERA,insert,1,https://riba.app/imgrs/THUMBS%20500X500/25463.JPG,tabs/detalle-producto/25463,1.022.000,1.022.000,1.022.000,USD,1,{},"{""MARCA"": [""RIMITH""], ""CATEGORIA"": [""Carnes Y Embutidos""]}","[""Carnes Y Embutidos""]",,https://riba.app/imgrs/THUMBS%20500X500/25463.JPG,0,0,"[""127""]",1.022.000,2026-05-08 10:59:33
21211000000,HUESO DE TERNERA,HUESO DE TERNERA,HUESO DE TERNERA,insert,1,https://riba.app/imgrs/THUMBS%20500X500/25464.JPG,tabs/detalle-producto/25464,164.000,164.000,164.000,USD,1,{},"{""MARCA"": [""RIMITH""], ""CATEGORIA"": [""Carnes Y Embutidos""]}","[""Carnes Y Embutidos""]",,https://riba.app/imgrs/THUMBS%20500X500/25464.JPG,0,0,"[""127""]",164.000,2026-05-08 10:59:33
21211100000,OSOBUCO DE TERNERA,OSOBUCO DE TERNERA,OSOBUCO DE TERNERA,insert,1,https://riba.app/imgrs/THUMBS%20500X500/25465.JPG,tabs/detalle-producto/25465,528.000,528.000,528.000,USD,1,{},"{""MARCA"": [""RIMITH""], ""CATEGORIA"": [""Carnes Y Embutidos""]}","[""Carnes Y Embutidos""]",,https://riba.app/imgrs/THUMBS%20500X500/25465.JPG,0,0,"[""127""]",528.000,2026-05-08 10:59:33
21211200000,LOMO DE TERNERA,LOMO DE TERNERA,LOMO DE TERNERA,insert,1,https://riba.app/imgrs/THUMBS%20500X500/25466.JPG,tabs/detalle-producto/25466,1.219.000,1.219.000,1.219.000,USD,1,{},"{""MARCA"": [""RIMITH""], ""CATEGORIA"": [""Carnes Y Embutidos""]}","[""Carnes Y Embutidos""]",,https://riba.app/imgrs/THUMBS%20500X500/25466.JPG,0,0,"[""127""]",1.219.000,2026-05-08 10:59:33
21211300000,PECHO DE TERNERA,PECHO DE TERNERA,PECHO DE TERNERA,insert,1,https://riba.app/imgrs/THUMBS%20500X500/25467.JPG,tabs/detalle-producto/25467,528.000,528.000,528.000,USD,1,{},"{""MARCA"": [""RIMITH""], ""CATEGORIA"": [""Carnes Y Embutidos""]}","[""Carnes Y Embutidos""]",,https://riba.app/imgrs/THUMBS%20500X500/25467.JPG,0,0,"[""127""]",528.000,2026-05-08 10:59:33
21211400000,PIERNA DE TERNERA ENTERA,PIERNA DE TERNERA ENTERA,PIERNA DE TERNERA ENTERA,insert,1,https://riba.app/imgrs/THUMBS%20500X500/25468.JPG,tabs/detalle-producto/25468,944.000,944.000,944.000,USD,1,{},"{""MARCA"": [""RIMITH""], ""CATEGORIA"": [""Carnes Y Embutidos""]}","[""Carnes Y Embutidos""]",,https://riba.app/imgrs/THUMBS%20500X500/25468.JPG,0,0,"[""127""]",944.000,2026-05-08 10:59:33
21211500000,RABO DE TERNERA,RABO DE TERNERA,RABO DE TERNERA,insert,1,https://riba.app/imgrs/THUMBS%20500X500/25469.JPG,tabs/detalle-producto/25469,528.000,528.000,528.000,USD,1,{},"{""MARCA"": [""RIMITH""], ""CATEGORIA"": [""Carnes Y Embutidos""]}","[""Carnes Y Embutidos""]",,https://riba.app/imgrs/THUMBS%20500X500/25469.JPG,0,0,"[""127""]",528.000,2026-05-08 10:59:33
21211700000,CHOCOZUELA DE TERNERA,CHOCOZUELA DE TERNERA,CHOCOZUELA DE TERNERA,insert,1,https://riba.app/imgrs/THUMBS%20500X500/25471.JPG,tabs/detalle-producto/25471,108.000,108.000,108.000,USD,1,{},"{""MARCA"": [""RIMITH""], ""CATEGORIA"": [""Carnes Y Embutidos""]}","[""Carnes Y Embutidos""]",,https://riba.app/imgrs/THUMBS%20500X500/25471.JPG,0,0,"[""127""]",108.000,2026-05-08 10:59:33
21211900000,FALDA BLANCA  1 LB,FALDA BLANCA  1 LB,FALDA BLANCA  1 LB,insert,1,https://riba.app/imgrs/THUMBS%20500X500/78983.JPG,tabs/detalle-producto/78983,707.000,707.000,707.000,USD,1,{},"{""MARCA"": [""RIMITH""], ""CATEGORIA"": [""Carnes Y Embutidos""]}","[""Carnes Y Embutidos""]",,https://riba.app/imgrs/THUMBS%20500X500/78983.JPG,0,0,"[""127""]",707.000,2026-05-08 10:59:33
21212000000,PTA DE PALOMILLA DE TERNERA,PTA DE PALOMILLA DE TERNERA,PTA DE PALOMILLA DE TERNERA,insert,1,https://riba.app/imgrs/THUMBS%20500X500/25473.JPG,tabs/detalle-producto/25473,1.219.000,1.219.000,1.219.000,USD,1,{},"{""MARCA"": [""RIMITH""], ""CATEGORIA"": [""Carnes Y Embutidos""]}","[""Carnes Y Embutidos""]",,https://riba.app/imgrs/THUMBS%20500X500/25473.JPG,0,0,"[""127""]",1.219.000,2026-05-08 10:59:33
21212100000,MILANESA,MILANESA,MILANESA,insert,1,https://riba.app/imgrs/THUMBS%20500X500/60285.JPG,tabs/detalle-producto/60285,1.541.000,1.541.000,1.541.000,USD,1,{},"{""MARCA"": [""RIMITH""], ""CATEGORIA"": [""Carnes Y Embutidos""]}","[""Carnes Y Embutidos""]",,https://riba.app/imgrs/THUMBS%20500X500/60285.JPG,0,0,"[""127""]",1.541.000,2026-05-08 10:59:33
21212300000,RIBEYE,RIBEYE,RIBEYE,insert,1,https://riba.app/imgrs/THUMBS%20500X500/60287.JPG,tabs/detalle-producto/60287,1.492.000,1.492.000,1.492.000,USD,1,{},"{""MARCA"": [""RIMITH""], ""CATEGORIA"": [""Carnes Y Embutidos""]}","[""Carnes Y Embutidos""]",,https://riba.app/imgrs/THUMBS%20500X500/60287.JPG,0,0,"[""127""]",1.492.000,2026-05-08 10:59:33
21212400000,PUNTA DE PALOMILLA REBANADA,PUNTA DE PALOMILLA REBANADA,PUNTA DE PALOMILLA REBANADA,insert,1,https://riba.app/imgrs/THUMBS%20500X500/60288.JPG,tabs/detalle-producto/60288,1.423.000,1.423.000,1.423.000,USD,1,{},"{""MARCA"": [""RIMITH""], ""CATEGORIA"": [""Carnes Y Embutidos""]}","[""Carnes Y Embutidos""]",,https://riba.app/imgrs/THUMBS%20500X500/60288.JPG,0,0,"[""127""]",1.423.000,2026-05-08 10:59:33
21212500000,LOMO REDONDO EN RODAJAS,LOMO REDONDO EN RODAJAS,LOMO REDONDO EN RODAJAS,insert,1,https://riba.app/imgrs/THUMBS%20500X500/60289.JPG,tabs/detalle-producto/60289,1.270.000,1.270.000,1.270.000,USD,1,{},"{""MARCA"": [""RIMITH""], ""CATEGORIA"": [""Carnes Y Embutidos""]}","[""Carnes Y Embutidos""]",,https://riba.app/imgrs/THUMBS%20500X500/60289.JPG,0,0,"[""127""]",1.270.000,2026-05-08 10:59:33
21212600000,PUNTA DE RINCON REBANADA,PUNTA DE RINCON REBANADA,PUNTA DE RINCON REBANADA,insert,1,https://riba.app/imgrs/THUMBS%20500X500/60290.JPG,tabs/detalle-producto/60290,1.638.000,1.638.000,1.638.000,USD,1,{},"{""MARCA"": [""RIMITH""], ""CATEGORIA"": [""Carnes Y Embutidos""]}","[""Carnes Y Embutidos""]",,https://riba.app/imgrs/THUMBS%20500X500/60290.JPG,0,0,"[""127""]",1.638.000,2026-05-08 10:59:33
21212700000,TIRA DE COSTILLA ESPECIAL,TIRA DE COSTILLA ESPECIAL,TIRA DE COSTILLA ESPECIAL,insert,1,https://riba.app/imgrs/THUMBS%20500X500/60291.JPG,tabs/detalle-producto/60291,1.228.000,1.228.000,1.228.000,USD,1,{},"{""MARCA"": [""RIMITH""], ""CATEGORIA"": [""Carnes Y Embutidos""]}","[""Carnes Y Embutidos""]",,https://riba.app/imgrs/THUMBS%20500X500/60291.JPG,0,0,"[""127""]",1.228.000,2026-05-08 10:59:33
21212800000,COSTILLA ESPEC CORTE INDIVIDUA,COSTILLA ESPEC CORTE INDIVIDUA,COSTILLA ESPEC CORTE INDIVIDUA,insert,1,https://riba.app/imgrs/THUMBS%20500X500/60292.JPG,tabs/detalle-producto/60292,1.228.000,1.228.000,1.228.000,USD,1,{},"{""MARCA"": [""RIMITH""], ""CATEGORIA"": [""Carnes Y Embutidos""]}","[""Carnes Y Embutidos""]",,https://riba.app/imgrs/THUMBS%20500X500/60292.JPG,0,0,"[""127""]",1.228.000,2026-05-08 10:59:33
21213000000,PUNTAS DE FILETES,PUNTAS DE FILETES,PUNTAS DE FILETES,insert,1,https://riba.app/imgrs/THUMBS%20500X500/60294.JPG,tabs/detalle-producto/60294,2.721.000,2.721.000,2.721.000,USD,1,{},"{""MARCA"": [""RIMITH""], ""CATEGORIA"": [""Carnes Y Embutidos""]}","[""Carnes Y Embutidos""]",,https://riba.app/imgrs/THUMBS%20500X500/60294.JPG,0,0,"[""127""]",2.721.000,2026-05-08 10:59:33
21213100000,MALAYA,MALAYA,MALAYA,insert,1,https://riba.app/imgrs/THUMBS%20500X500/60295.JPG,tabs/detalle-producto/60295,248.000,248.000,248.000,USD,1,{},"{""MARCA"": [""RIMITH""], ""CATEGORIA"": [""Carnes Y Embutidos""]}","[""Carnes Y Embutidos""]",,https://riba.app/imgrs/THUMBS%20500X500/60295.JPG,0,0,"[""127""]",248.000,2026-05-08 10:59:33
21213200000,ASADO DE CHULETA S HUESO,ASADO DE CHULETA S HUESO,ASADO DE CHULETA S HUESO,insert,1,https://riba.app/imgrs/THUMBS%20500X500/60296.JPG,tabs/detalle-producto/60296,1.824.000,1.824.000,1.824.000,USD,1,{},"{""MARCA"": [""RIMITH""], ""CATEGORIA"": [""Carnes Y Embutidos""]}","[""Carnes Y Embutidos""]",,https://riba.app/imgrs/THUMBS%20500X500/60296.JPG,0,0,"[""127""]",1.824.000,2026-05-08 10:59:33
21213300000,LOMITO DE ENTREÑA  EMP ,LOMITO DE ENTREÑA  EMP ,LOMITO DE ENTREÑA  EMP ,insert,1,https://riba.app/imgrs/THUMBS%20500X500/65243.JPG,tabs/detalle-producto/65243,1.464.000,1.464.000,1.464.000,USD,1,{},"{""MARCA"": [""RIMITH""], ""CATEGORIA"": [""Carnes Y Embutidos""]}","[""Carnes Y Embutidos""]",,https://riba.app/imgrs/THUMBS%20500X500/65243.JPG,0,0,"[""127""]",1.464.000,2026-05-08 10:59:33
21214000000,RIBEYE STEAK ESENCIAL,RIBEYE STEAK ESENCIAL,RIBEYE STEAK ESENCIAL,insert,1,https://riba.app/imgrs/THUMBS%20500X500/125284.JPG,tabs/detalle-producto/125284,1.218.000,1.218.000,1.218.000,USD,1,{},"{""MARCA"": [""RIMITH""], ""CATEGORIA"": [""Carnes Y Embutidos""]}","[""Carnes Y Embutidos""]",,https://riba.app/imgrs/THUMBS%20500X500/125284.JPG,0,0,"[""127""]",1.218.000,2026-05-08 10:59:33
21214300000,MILANESA DE CERDO    ,MILANESA DE CERDO    ,MILANESA DE CERDO    ,insert,1,https://riba.app/imgrs/THUMBS%20500X500/253330.JPG,tabs/detalle-producto/253330,844.000,844.000,844.000,USD,1,{},"{""MARCA"": [""RIMITH""], ""CATEGORIA"": [""Comidas Preparadas""]}","[""Comidas Preparadas""]",,https://riba.app/imgrs/THUMBS%20500X500/253330.JPG,0,0,"[""91""]",844.000,2026-05-08 10:59:33
21214400000,TROCITOS DE CERDO    ,TROCITOS DE CERDO    ,TROCITOS DE CERDO    ,insert,1,https://riba.app/imgrs/THUMBS%20500X500/253331.JPG,tabs/detalle-producto/253331,722.000,722.000,722.000,USD,1,{},"{""MARCA"": [""RIMITH""], ""CATEGORIA"": [""Carnes Y Embutidos""]}","[""Carnes Y Embutidos""]",,https://riba.app/imgrs/THUMBS%20500X500/253331.JPG,0,0,"[""127""]",722.000,2026-05-08 10:59:33
21214500000,FAJITAS DE CERDO     ,FAJITAS DE CERDO     ,FAJITAS DE CERDO     ,insert,1,https://riba.app/imgrs/THUMBS%20500X500/253332.JPG,tabs/detalle-producto/253332,722.000,722.000,722.000,USD,1,{},"{""MARCA"": [""RIMITH""], ""CATEGORIA"": [""Carnes Y Embutidos""]}","[""Carnes Y Embutidos""]",,https://riba.app/imgrs/THUMBS%20500X500/253332.JPG,0,0,"[""127""]",722.000,2026-05-08 10:59:33
21214600000,BISTEC LOMO PALOMILLA CERDO,BISTEC LOMO PALOMILLA CERDO,BISTEC LOMO PALOMILLA CERDO,insert,1,https://riba.app/imgrs/THUMBS%20500X500/253333.JPG,tabs/detalle-producto/253333,797.000,797.000,797.000,USD,1,{},"{""MARCA"": [""RIMITH""], ""CATEGORIA"": [""Carnes Y Embutidos""]}","[""Carnes Y Embutidos""]",,https://riba.app/imgrs/THUMBS%20500X500/253333.JPG,0,0,"[""127""]",797.000,2026-05-08 10:59:33
21214700000,PUNTA PALOMILLA CERDO,PUNTA PALOMILLA CERDO,PUNTA PALOMILLA CERDO,insert,1,https://riba.app/imgrs/THUMBS%20500X500/253334.JPG,tabs/detalle-producto/253334,797.000,797.000,797.000,USD,1,{},"{""MARCA"": [""RIMITH""], ""CATEGORIA"": [""Carnes Y Embutidos""]}","[""Carnes Y Embutidos""]",,https://riba.app/imgrs/THUMBS%20500X500/253334.JPG,0,0,"[""127""]",797.000,2026-05-08 10:59:33
21214800000,PUNTA PALOMILLA CERDO REBANADA,PUNTA PALOMILLA CERDO REBANADA,PUNTA PALOMILLA CERDO REBANADA,insert,1,https://riba.app/imgrs/THUMBS%20500X500/253335.JPG,tabs/detalle-producto/253335,840.000,840.000,840.000,USD,1,{},"{""MARCA"": [""RIMITH""], ""CATEGORIA"": [""Carnes Y Embutidos""]}","[""Carnes Y Embutidos""]",,https://riba.app/imgrs/THUMBS%20500X500/253335.JPG,0,0,"[""127""]",840.000,2026-05-08 10:59:33
21215100000,BOFE,BOFE,BOFE,insert,1,https://riba.app/imgrs/THUMBS%20500X500/25475.JPG,tabs/detalle-producto/25475,387.000,387.000,387.000,USD,1,{},"{""MARCA"": [""RIMITH""], ""CATEGORIA"": [""Carnes Y Embutidos""]}","[""Carnes Y Embutidos""]",,https://riba.app/imgrs/THUMBS%20500X500/25475.JPG,0,0,"[""127""]",387.000,2026-05-08 10:59:33
21215200000,CORAZON,CORAZON,CORAZON,insert,1,https://riba.app/imgrs/THUMBS%20500X500/25476.JPG,tabs/detalle-producto/25476,507.000,507.000,507.000,USD,1,{},"{""MARCA"": [""RIMITH""], ""CATEGORIA"": [""Carnes Y Embutidos""]}","[""Carnes Y Embutidos""]",,https://riba.app/imgrs/THUMBS%20500X500/25476.JPG,0,0,"[""127""]",507.000,2026-05-08 10:59:33
21215300000,HIGADO,HIGADO,HIGADO,insert,1,https://riba.app/imgrs/THUMBS%20500X500/25477.JPG,tabs/detalle-producto/25477,674.000,674.000,674.000,USD,1,{},"{""MARCA"": [""RIMITH""], ""CATEGORIA"": [""Carnes Y Embutidos""]}","[""Carnes Y Embutidos""]",,https://riba.app/imgrs/THUMBS%20500X500/25477.JPG,0,0,"[""127""]",674.000,2026-05-08 10:59:33
21215400000,MONDONGO,MONDONGO,MONDONGO,insert,1,https://riba.app/imgrs/THUMBS%20500X500/25478.JPG,tabs/detalle-producto/25478,307.000,307.000,307.000,USD,1,{},"{""MARCA"": [""RIMITH""], ""CATEGORIA"": [""Carnes Y Embutidos""]}","[""Carnes Y Embutidos""]",,https://riba.app/imgrs/THUMBS%20500X500/25478.JPG,0,0,"[""127""]",307.000,2026-05-08 10:59:33
21215600000,PAJARILLA,PAJARILLA,PAJARILLA,insert,1,https://riba.app/imgrs/THUMBS%20500X500/25480.JPG,tabs/detalle-producto/25480,220.000,220.000,220.000,USD,1,{},"{""MARCA"": [""RIMITH""], ""CATEGORIA"": [""Carnes Y Embutidos""]}","[""Carnes Y Embutidos""]",,https://riba.app/imgrs/THUMBS%20500X500/25480.JPG,0,0,"[""127""]",220.000,2026-05-08 10:59:33
21215700000,PATA DE RES,PATA DE RES,PATA DE RES,insert,1,https://riba.app/imgrs/THUMBS%20500X500/25481.JPG,tabs/detalle-producto/25481,170.000,170.000,170.000,USD,1,{},"{""MARCA"": [""RIMITH""], ""CATEGORIA"": [""Carnes Y Embutidos""]}","[""Carnes Y Embutidos""]",,https://riba.app/imgrs/THUMBS%20500X500/25481.JPG,0,0,"[""127""]",170.000,2026-05-08 10:59:33
21215800000,LENGUA DE RES,LENGUA DE RES,LENGUA DE RES,insert,1,https://riba.app/imgrs/THUMBS%20500X500/25482.JPG,tabs/detalle-producto/25482,1.007.000,1.007.000,1.007.000,USD,1,{},"{""MARCA"": [""RIMITH""], ""CATEGORIA"": [""Carnes Y Embutidos""]}","[""Carnes Y Embutidos""]",,https://riba.app/imgrs/THUMBS%20500X500/25482.JPG,0,0,"[""127""]",1.007.000,2026-05-08 10:59:33
21216300000,PIERNA CERDO DESHUESADA,PIERNA CERDO DESHUESADA,PIERNA CERDO DESHUESADA,insert,1,https://riba.app/imgrs/THUMBS%20500X500/253336.JPG,tabs/detalle-producto/253336,797.000,797.000,797.000,USD,1,{},"{""MARCA"": [""RIMITH""], ""CATEGORIA"": [""Carnes Y Embutidos""]}","[""Carnes Y Embutidos""]",,https://riba.app/imgrs/THUMBS%20500X500/253336.JPG,0,0,"[""127""]",797.000,2026-05-08 10:59:33
21216400000,COSTILLAS DE CERDO PORCION,COSTILLAS DE CERDO PORCION,COSTILLAS DE CERDO PORCION,insert,1,https://riba.app/imgrs/THUMBS%20500X500/138070.JPG,tabs/detalle-producto/138070,1.448.000,1.448.000,1.448.000,USD,1,{},"{""MARCA"": [""RIMITH""], ""CATEGORIA"": [""Carnes Y Embutidos""]}","[""Carnes Y Embutidos""]",,https://riba.app/imgrs/THUMBS%20500X500/138070.JPG,0,0,"[""127""]",1.448.000,2026-05-08 10:59:33
21216800000,MILANESA DE RES T&J,MILANESA DE RES T&J,MILANESA DE RES T&J,insert,1,https://riba.app/imgrs/THUMBS%20500X500/138345.JPG,tabs/detalle-producto/138345,1.231.000,1.231.000,1.231.000,USD,1,{},"{""MARCA"": [""RIMITH""], ""CATEGORIA"": [""Carnes Y Embutidos""]}","[""Carnes Y Embutidos""]",,https://riba.app/imgrs/THUMBS%20500X500/138345.JPG,0,0,"[""127""]",1.231.000,2026-05-08 10:59:33
21216900000,BISTEK AL MINUTO T&J,BISTEK AL MINUTO T&J,BISTEK AL MINUTO T&J,insert,1,https://riba.app/imgrs/THUMBS%20500X500/138346.JPG,tabs/detalle-producto/138346,1.231.000,1.231.000,1.231.000,USD,1,{},"{""MARCA"": [""RIMITH""], ""CATEGORIA"": [""Carnes Y Embutidos""]}","[""Carnes Y Embutidos""]",,https://riba.app/imgrs/THUMBS%20500X500/138346.JPG,0,0,"[""127""]",1.231.000,2026-05-08 10:59:33
21217000000,PUNTA DE PALOMILLA REB T&J,PUNTA DE PALOMILLA REB T&J,PUNTA DE PALOMILLA REB T&J,insert,1,https://riba.app/imgrs/THUMBS%20500X500/138347.JPG,tabs/detalle-producto/138347,1.116.000,1.116.000,1.116.000,USD,1,{},"{""MARCA"": [""RIMITH""], ""CATEGORIA"": [""Carnes Y Embutidos""]}","[""Carnes Y Embutidos""]",,https://riba.app/imgrs/THUMBS%20500X500/138347.JPG,0,0,"[""127""]",1.116.000,2026-05-08 10:59:33
21217100000,ENTRAÑA FINA T&J,ENTRAÑA FINA T&J,ENTRAÑA FINA T&J,insert,1,https://riba.app/imgrs/THUMBS%20500X500/233200.JPG,tabs/detalle-producto/233200,1.127.000,1.127.000,1.127.000,USD,1,{},"{""MARCA"": [""RIMITH""], ""CATEGORIA"": [""Carnes Y Embutidos""]}","[""Carnes Y Embutidos""]",,https://riba.app/imgrs/THUMBS%20500X500/233200.JPG,0,0,"[""127""]",1.127.000,2026-05-08 10:59:33
21217200000,PORK BELLY,PORK BELLY,PORK BELLY,insert,1,https://riba.app/imgrs/THUMBS%20500X500/138348.JPG,tabs/detalle-producto/138348,1.228.000,1.228.000,1.228.000,USD,1,{},"{""MARCA"": [""RIMITH""], ""CATEGORIA"": [""Carnes Y Embutidos""]}","[""Carnes Y Embutidos""]",,https://riba.app/imgrs/THUMBS%20500X500/138348.JPG,0,0,"[""127""]",1.228.000,2026-05-08 10:59:33
21217300000,PUNTA DE PALOMILLA ENTERA T&J,PUNTA DE PALOMILLA ENTERA T&J,PUNTA DE PALOMILLA ENTERA T&J,insert,1,https://riba.app/imgrs/THUMBS%20500X500/138350.JPG,tabs/detalle-producto/138350,1.127.000,1.127.000,1.127.000,USD,1,{},"{""MARCA"": [""RIMITH""], ""CATEGORIA"": [""Carnes Y Embutidos""]}","[""Carnes Y Embutidos""]",,https://riba.app/imgrs/THUMBS%20500X500/138350.JPG,0,0,"[""127""]",1.127.000,2026-05-08 10:59:33
21217800000,CARNE MOLIDA ESENCIAL,CARNE MOLIDA ESENCIAL,CARNE MOLIDA ESENCIAL,insert,1,https://riba.app/imgrs/THUMBS%20500X500/114899.JPG,tabs/detalle-producto/114899,645.000,645.000,645.000,USD,1,{},"{""MARCA"": [""RIMITH""], ""CATEGORIA"": [""Carnes Y Embutidos""]}","[""Carnes Y Embutidos""]",,https://riba.app/imgrs/THUMBS%20500X500/114899.JPG,0,0,"[""127""]",645.000,2026-05-08 10:59:33
21218100000,CHULETA DE CERDO T&J,CHULETA DE CERDO T&J,CHULETA DE CERDO T&J,insert,1,https://riba.app/imgrs/THUMBS%20500X500/138358.JPG,tabs/detalle-producto/138358,941.000,941.000,941.000,USD,1,{},"{""MARCA"": [""RIMITH""], ""CATEGORIA"": [""Carnes Y Embutidos""]}","[""Carnes Y Embutidos""]",,https://riba.app/imgrs/THUMBS%20500X500/138358.JPG,0,0,"[""127""]",941.000,2026-05-08 10:59:33
21218200000,LOMO REDONDO LBS,LOMO REDONDO LBS,LOMO REDONDO LBS,insert,1,https://riba.app/imgrs/THUMBS%20500X500/138359.JPG,tabs/detalle-producto/138359,1.164.000,1.164.000,1.164.000,USD,1,{},"{""MARCA"": [""RIMITH""], ""CATEGORIA"": [""Carnes Y Embutidos""]}","[""Carnes Y Embutidos""]",,https://riba.app/imgrs/THUMBS%20500X500/138359.JPG,0,0,"[""127""]",1.164.000,2026-05-08 10:59:33
21218400000,FALDA DE RES T&J,FALDA DE RES T&J,FALDA DE RES T&J,insert,1,https://riba.app/imgrs/THUMBS%20500X500/233187.JPG,tabs/detalle-producto/233187,929.000,929.000,929.000,USD,1,{},"{""MARCA"": [""RIMITH""], ""CATEGORIA"": [""Carnes Y Embutidos""]}","[""Carnes Y Embutidos""]",,https://riba.app/imgrs/THUMBS%20500X500/233187.JPG,0,0,"[""127""]",929.000,2026-05-08 10:59:33
21218500000,MEDALLONES DE FILETE T&J,MEDALLONES DE FILETE T&J,MEDALLONES DE FILETE T&J,insert,1,https://riba.app/imgrs/THUMBS%20500X500/233188.JPG,tabs/detalle-producto/233188,3.000.000,3.000.000,3.000.000,USD,1,{},"{""MARCA"": [""RIMITH""], ""CATEGORIA"": [""Carnes Y Embutidos""]}","[""Carnes Y Embutidos""]",,https://riba.app/imgrs/THUMBS%20500X500/233188.JPG,0,0,"[""127""]",3.000.000,2026-05-08 10:59:33
21218600000,FILETE DE RES T&J,FILETE DE RES T&J,FILETE DE RES T&J,insert,1,https://riba.app/imgrs/THUMBS%20500X500/233189.JPG,tabs/detalle-producto/233189,2.263.000,2.263.000,2.263.000,USD,1,{},"{""MARCA"": [""RIMITH""], ""CATEGORIA"": [""Carnes Y Embutidos""]}","[""Carnes Y Embutidos""]",,https://riba.app/imgrs/THUMBS%20500X500/233189.JPG,0,0,"[""127""]",2.263.000,2026-05-08 10:59:33
21218700000,LOMITO DE RINCON T&J,LOMITO DE RINCON T&J,LOMITO DE RINCON T&J,insert,1,https://riba.app/imgrs/THUMBS%20500X500/233190.JPG,tabs/detalle-producto/233190,1.381.000,1.381.000,1.381.000,USD,1,{},"{""MARCA"": [""RIMITH""], ""CATEGORIA"": [""Carnes Y Embutidos""]}","[""Carnes Y Embutidos""]",,https://riba.app/imgrs/THUMBS%20500X500/233190.JPG,0,0,"[""127""]",1.381.000,2026-05-08 10:59:33
21218800000,PUNTA DE RINCON T&J,PUNTA DE RINCON T&J,PUNTA DE RINCON T&J,insert,1,https://riba.app/imgrs/THUMBS%20500X500/233191.JPG,tabs/detalle-producto/233191,1.380.000,1.380.000,1.380.000,USD,1,{},"{""MARCA"": [""RIMITH""], ""CATEGORIA"": [""Carnes Y Embutidos""]}","[""Carnes Y Embutidos""]",,https://riba.app/imgrs/THUMBS%20500X500/233191.JPG,0,0,"[""127""]",1.380.000,2026-05-08 10:59:33
21218900000,BISTEK DE PULPA NEGRA T&J,BISTEK DE PULPA NEGRA T&J,BISTEK DE PULPA NEGRA T&J,insert,1,https://riba.app/imgrs/THUMBS%20500X500/233192.JPG,tabs/detalle-producto/233192,1.184.000,1.184.000,1.184.000,USD,1,{},"{""MARCA"": [""RIMITH""], ""CATEGORIA"": [""Carnes Y Embutidos""]}","[""Carnes Y Embutidos""]",,https://riba.app/imgrs/THUMBS%20500X500/233192.JPG,0,0,"[""127""]",1.184.000,2026-05-08 10:59:33
21219000000,PUNTA DE RINCON REBANADA T&J,PUNTA DE RINCON REBANADA T&J,PUNTA DE RINCON REBANADA T&J,insert,1,https://riba.app/imgrs/THUMBS%20500X500/233193.JPG,tabs/detalle-producto/233193,1.301.000,1.301.000,1.301.000,USD,1,{},"{""MARCA"": [""RIMITH""], ""CATEGORIA"": [""Carnes Y Embutidos""]}","[""Carnes Y Embutidos""]",,https://riba.app/imgrs/THUMBS%20500X500/233193.JPG,0,0,"[""127""]",1.301.000,2026-05-08 10:59:33
21219100000,BOLA DE RINCON T&J,BOLA DE RINCON T&J,BOLA DE RINCON T&J,insert,1,https://riba.app/imgrs/THUMBS%20500X500/233186.JPG,tabs/detalle-producto/233186,1.312.000,1.312.000,1.312.000,USD,1,{},"{""MARCA"": [""RIMITH""], ""CATEGORIA"": [""Carnes Y Embutidos""]}","[""Carnes Y Embutidos""]",,https://riba.app/imgrs/THUMBS%20500X500/233186.JPG,0,0,"[""127""]",1.312.000,2026-05-08 10:59:33
21219400000,LOMO REDONDO REBANADO T&J,LOMO REDONDO REBANADO T&J,LOMO REDONDO REBANADO T&J,insert,1,https://riba.app/imgrs/THUMBS%20500X500/233194.JPG,tabs/detalle-producto/233194,1.305.000,1.305.000,1.305.000,USD,1,{},"{""MARCA"": [""RIMITH""], ""CATEGORIA"": [""Carnes Y Embutidos""]}","[""Carnes Y Embutidos""]",,https://riba.app/imgrs/THUMBS%20500X500/233194.JPG,0,0,"[""127""]",1.305.000,2026-05-08 10:59:33
21219500000,PUERCO LISO T&J,PUERCO LISO T&J,PUERCO LISO T&J,insert,1,https://riba.app/imgrs/THUMBS%20500X500/233202.JPG,tabs/detalle-producto/233202,1.300.000,1.300.000,1.300.000,USD,1,{},"{""MARCA"": [""RIMITH""], ""CATEGORIA"": [""Carnes Y Embutidos""]}","[""Carnes Y Embutidos""]",,https://riba.app/imgrs/THUMBS%20500X500/233202.JPG,0,0,"[""127""]",1.300.000,2026-05-08 10:59:33
21219600000,LOMO CHATO T&J,LOMO CHATO T&J,LOMO CHATO T&J,insert,1,https://riba.app/imgrs/THUMBS%20500X500/233196.JPG,tabs/detalle-producto/233196,1.066.000,1.066.000,1.066.000,USD,1,{},"{""MARCA"": [""RIMITH""], ""CATEGORIA"": [""Carnes Y Embutidos""]}","[""Carnes Y Embutidos""]",,https://riba.app/imgrs/THUMBS%20500X500/233196.JPG,0,0,"[""127""]",1.066.000,2026-05-08 10:59:33
21219700000,LOMO DE COSTILLA T&J,LOMO DE COSTILLA T&J,LOMO DE COSTILLA T&J,insert,1,https://riba.app/imgrs/THUMBS%20500X500/233197.JPG,tabs/detalle-producto/233197,1.166.000,1.166.000,1.166.000,USD,1,{},"{""MARCA"": [""RIMITH""], ""CATEGORIA"": [""Carnes Y Embutidos""]}","[""Carnes Y Embutidos""]",,https://riba.app/imgrs/THUMBS%20500X500/233197.JPG,0,0,"[""127""]",1.166.000,2026-05-08 10:59:33
21219800000,LOMO DE PALETA T&J,LOMO DE PALETA T&J,LOMO DE PALETA T&J,insert,1,https://riba.app/imgrs/THUMBS%20500X500/233198.JPG,tabs/detalle-producto/233198,1.079.000,1.079.000,1.079.000,USD,1,{},"{""MARCA"": [""RIMITH""], ""CATEGORIA"": [""Carnes Y Embutidos""]}","[""Carnes Y Embutidos""]",,https://riba.app/imgrs/THUMBS%20500X500/233198.JPG,0,0,"[""127""]",1.079.000,2026-05-08 10:59:33
21220000000,PICAÑA ESENCIAL,PICAÑA ESENCIAL,PICAÑA ESENCIAL,insert,1,https://riba.app/imgrs/THUMBS%20500X500/25485.JPG,tabs/detalle-producto/25485,1.398.000,1.398.000,1.398.000,USD,1,{},"{""MARCA"": [""RIMITH""], ""CATEGORIA"": [""Carnes Y Embutidos""]}","[""Carnes Y Embutidos""]",,https://riba.app/imgrs/THUMBS%20500X500/25485.JPG,0,0,"[""127""]",1.398.000,2026-05-08 10:59:33
21220100000,ASADO DE CERDO RIMITH,ASADO DE CERDO RIMITH,ASADO DE CERDO RIMITH,insert,1,https://riba.app/imgrs/THUMBS%20500X500/25486.JPG,tabs/detalle-producto/25486,1.817.000,1.817.000,1.817.000,USD,1,{},"{""MARCA"": [""RIMITH""], ""CATEGORIA"": [""Carnes Y Embutidos""]}","[""Carnes Y Embutidos""]",,https://riba.app/imgrs/THUMBS%20500X500/25486.JPG,0,0,"[""127""]",1.817.000,2026-05-08 10:59:33
21220200000,CHULETA PREMIUM BAND,CHULETA PREMIUM BAND,CHULETA PREMIUM BAND,insert,1,https://riba.app/imgrs/THUMBS%20500X500/25487.JPG,tabs/detalle-producto/25487,1.191.000,1.191.000,1.191.000,USD,1,{},"{""MARCA"": [""RIMITH""], ""CATEGORIA"": [""Carnes Y Embutidos""]}","[""Carnes Y Embutidos""]",,https://riba.app/imgrs/THUMBS%20500X500/25487.JPG,0,0,"[""127""]",1.191.000,2026-05-08 10:59:33
21220300000,CODILLO DE CERDO,CODILLO DE CERDO,CODILLO DE CERDO,insert,1,https://riba.app/imgrs/THUMBS%20500X500/25488.JPG,tabs/detalle-producto/25488,777.000,777.000,777.000,USD,1,{},"{""MARCA"": [""RIMITH""], ""CATEGORIA"": [""Carnes Y Embutidos""]}","[""Carnes Y Embutidos""]",,https://riba.app/imgrs/THUMBS%20500X500/25488.JPG,0,0,"[""127""]",777.000,2026-05-08 10:59:33
21220400000,COSTILLA ESPECIAL DE CERDO,COSTILLA ESPECIAL DE CERDO,COSTILLA ESPECIAL DE CERDO,insert,1,https://riba.app/imgrs/THUMBS%20500X500/25489.JPG,tabs/detalle-producto/25489,1.117.000,1.117.000,1.117.000,USD,1,{},"{""MARCA"": [""RIMITH""], ""CATEGORIA"": [""Carnes Y Embutidos""]}","[""Carnes Y Embutidos""]",,https://riba.app/imgrs/THUMBS%20500X500/25489.JPG,0,0,"[""127""]",1.117.000,2026-05-08 10:59:33
21220500000,COSTILLA DE CERDO CON TOCINO,COSTILLA DE CERDO CON TOCINO,COSTILLA DE CERDO CON TOCINO,insert,1,https://riba.app/imgrs/THUMBS%20500X500/25490.JPG,tabs/detalle-producto/25490,1.096.000,1.096.000,1.096.000,USD,1,{},"{""MARCA"": [""RIMITH""], ""CATEGORIA"": [""Carnes Y Embutidos""]}","[""Carnes Y Embutidos""]",,https://riba.app/imgrs/THUMBS%20500X500/25490.JPG,0,0,"[""127""]",1.096.000,2026-05-08 10:59:33
21220600000,COSTILLITAS (SPARE RIBS),COSTILLITAS (SPARE RIBS),COSTILLITAS (SPARE RIBS),insert,1,https://riba.app/imgrs/THUMBS%20500X500/25491.JPG,tabs/detalle-producto/25491,1.443.000,1.443.000,1.443.000,USD,1,{},"{""MARCA"": [""RIMITH""], ""CATEGORIA"": [""Carnes Y Embutidos""]}","[""Carnes Y Embutidos""]",,https://riba.app/imgrs/THUMBS%20500X500/25491.JPG,0,0,"[""127""]",1.443.000,2026-05-08 10:59:33
21220800000,LONJA DE CERDO,LONJA DE CERDO,LONJA DE CERDO,insert,1,https://riba.app/imgrs/THUMBS%20500X500/25493.JPG,tabs/detalle-producto/25493,492.000,492.000,492.000,USD,1,{},"{""MARCA"": [""RIMITH""], ""CATEGORIA"": [""Carnes Y Embutidos""]}","[""Carnes Y Embutidos""]",,https://riba.app/imgrs/THUMBS%20500X500/25493.JPG,0,0,"[""127""]",492.000,2026-05-08 10:59:33
21220900000,PATITA DE CERDO,PATITA DE CERDO,PATITA DE CERDO,insert,1,https://riba.app/imgrs/THUMBS%20500X500/25494.JPG,tabs/detalle-producto/25494,375.000,375.000,375.000,USD,1,{},"{""MARCA"": [""RIMITH""], ""CATEGORIA"": [""Carnes Y Embutidos""]}","[""Carnes Y Embutidos""]",,https://riba.app/imgrs/THUMBS%20500X500/25494.JPG,0,0,"[""127""]",375.000,2026-05-08 10:59:33
21221000000,ASADO DE PIERNA,ASADO DE PIERNA,ASADO DE PIERNA,insert,1,https://riba.app/imgrs/THUMBS%20500X500/25496.JPG,tabs/detalle-producto/25496,1.817.000,1.817.000,1.817.000,USD,1,{},"{""MARCA"": [""RIMITH""], ""CATEGORIA"": [""Carnes Y Embutidos""]}","[""Carnes Y Embutidos""]",,https://riba.app/imgrs/THUMBS%20500X500/25496.JPG,0,0,"[""127""]",1.817.000,2026-05-08 10:59:33
21221100000,PERNIL DE CERDO PRECIO POR KILOGRAMO,PERNIL DE CERDO PRECIO POR KILOGRAMO,PERNIL DE CERDO PRECIO POR KILOGRAMO,insert,1,https://riba.app/imgrs/THUMBS%20500X500/25497.JPG,tabs/detalle-producto/25497,1.010.000,1.010.000,1.010.000,USD,1,{},"{""MARCA"": [""RIMITH""], ""CATEGORIA"": [""Carnes Y Embutidos""]}","[""Carnes Y Embutidos""]",,https://riba.app/imgrs/THUMBS%20500X500/25497.JPG,0,0,"[""127""]",1.010.000,2026-05-08 10:59:33
21221400000,PUERCO LISO,PUERCO LISO,PUERCO LISO,insert,1,https://riba.app/imgrs/THUMBS%20500X500/25500.JPG,tabs/detalle-producto/25500,829.000,829.000,829.000,USD,1,{},"{""MARCA"": [""RIMITH""], ""CATEGORIA"": [""Carnes Y Embutidos""]}","[""Carnes Y Embutidos""]",,https://riba.app/imgrs/THUMBS%20500X500/25500.JPG,0,0,"[""127""]",829.000,2026-05-08 10:59:33
21221500000,RABO DE CERDO,RABO DE CERDO,RABO DE CERDO,insert,1,https://riba.app/imgrs/THUMBS%20500X500/25501.JPG,tabs/detalle-producto/25501,670.000,670.000,670.000,USD,1,{},"{""MARCA"": [""RIMITH""], ""CATEGORIA"": [""Carnes Y Embutidos""]}","[""Carnes Y Embutidos""]",,https://riba.app/imgrs/THUMBS%20500X500/25501.JPG,0,0,"[""127""]",670.000,2026-05-08 10:59:33
21221600000,FILETE DE CERDO,FILETE DE CERDO,FILETE DE CERDO,insert,1,https://riba.app/imgrs/THUMBS%20500X500/25502.JPG,tabs/detalle-producto/25502,2.247.000,2.247.000,2.247.000,USD,1,{},"{""MARCA"": [""RIMITH""], ""CATEGORIA"": [""Carnes Y Embutidos""]}","[""Carnes Y Embutidos""]",,https://riba.app/imgrs/THUMBS%20500X500/25502.JPG,0,0,"[""127""]",2.247.000,2026-05-08 10:59:33
21221900000,CHURRASCO DE CERDO,CHURRASCO DE CERDO,CHURRASCO DE CERDO,insert,1,https://riba.app/imgrs/THUMBS%20500X500/25505.JPG,tabs/detalle-producto/25505,848.000,848.000,848.000,USD,1,{},"{""MARCA"": [""RIMITH""], ""CATEGORIA"": [""Carnes Y Embutidos""]}","[""Carnes Y Embutidos""]",,https://riba.app/imgrs/THUMBS%20500X500/25505.JPG,0,0,"[""127""]",848.000,2026-05-08 10:59:33
21222200000,CHULETA DE CERDO DESHUESADA,CHULETA DE CERDO DESHUESADA,CHULETA DE CERDO DESHUESADA,insert,1,https://riba.app/imgrs/THUMBS%20500X500/25508.JPG,tabs/detalle-producto/25508,1.228.000,1.228.000,1.228.000,USD,1,{},"{""MARCA"": [""RIMITH""], ""CATEGORIA"": [""Carnes Y Embutidos""]}","[""Carnes Y Embutidos""]",,https://riba.app/imgrs/THUMBS%20500X500/25508.JPG,0,0,"[""127""]",1.228.000,2026-05-08 10:59:33
21222500000,FALDA DE CERDO,FALDA DE CERDO,FALDA DE CERDO,insert,1,https://riba.app/imgrs/THUMBS%20500X500/25510.JPG,tabs/detalle-producto/25510,1.443.000,1.443.000,1.443.000,USD,1,{},"{""MARCA"": [""RIMITH""], ""CATEGORIA"": [""Carnes Y Embutidos""]}","[""Carnes Y Embutidos""]",,https://riba.app/imgrs/THUMBS%20500X500/25510.JPG,0,0,"[""127""]",1.443.000,2026-05-08 10:59:33
21222600000,PAPADA DE CERDO,PAPADA DE CERDO,PAPADA DE CERDO,insert,1,https://riba.app/imgrs/THUMBS%20500X500/25511.JPG,tabs/detalle-producto/25511,647.000,647.000,647.000,USD,1,{},"{""MARCA"": [""RIMITH""], ""CATEGORIA"": [""Carnes Y Embutidos""]}","[""Carnes Y Embutidos""]",,https://riba.app/imgrs/THUMBS%20500X500/25511.JPG,0,0,"[""127""]",647.000,2026-05-08 10:59:33
21222800000,GUISADO DE CERDO,GUISADO DE CERDO,GUISADO DE CERDO,insert,1,https://riba.app/imgrs/THUMBS%20500X500/25513.JPG,tabs/detalle-producto/25513,797.000,797.000,797.000,USD,1,{},"{""MARCA"": [""RIMITH""], ""CATEGORIA"": [""Carnes Y Embutidos""]}","[""Carnes Y Embutidos""]",,https://riba.app/imgrs/THUMBS%20500X500/25513.JPG,0,0,"[""127""]",797.000,2026-05-08 10:59:33
21222900000,BISTEC PICADO ESENCIAL,BISTEC PICADO ESENCIAL,BISTEC PICADO ESENCIAL,insert,1,https://riba.app/imgrs/THUMBS%20500X500/47735.JPG,tabs/detalle-producto/47735,859.000,859.000,859.000,USD,1,{},"{""MARCA"": [""RIMITH""], ""CATEGORIA"": [""Carnes Y Embutidos""]}","[""Carnes Y Embutidos""]",,https://riba.app/imgrs/THUMBS%20500X500/47735.JPG,0,0,"[""127""]",859.000,2026-05-08 10:59:33
21223100000,ASADO DE CHULETA,ASADO DE CHULETA,ASADO DE CHULETA,insert,1,https://riba.app/imgrs/THUMBS%20500X500/25515.JPG,tabs/detalle-producto/25515,1.169.000,1.169.000,1.169.000,USD,1,{},"{""MARCA"": [""RIMITH""], ""CATEGORIA"": [""Carnes Y Embutidos""]}","[""Carnes Y Embutidos""]",,https://riba.app/imgrs/THUMBS%20500X500/25515.JPG,0,0,"[""127""]",1.169.000,2026-05-08 10:59:33
21223300000,CODILLO DE CERDO ENTERO,CODILLO DE CERDO ENTERO,CODILLO DE CERDO ENTERO,insert,1,https://riba.app/imgrs/THUMBS%20500X500/25516.JPG,tabs/detalle-producto/25516,1.001.000,1.001.000,1.001.000,USD,1,{},"{""MARCA"": [""RIMITH""], ""CATEGORIA"": [""Carnes Y Embutidos""]}","[""Carnes Y Embutidos""]",,https://riba.app/imgrs/THUMBS%20500X500/25516.JPG,0,0,"[""127""]",1.001.000,2026-05-08 10:59:33
21223600000,CHULETA SELECTA LBS,CHULETA SELECTA LBS,CHULETA SELECTA LBS,insert,1,https://riba.app/imgrs/THUMBS%20500X500/25517.JPG,tabs/detalle-producto/25517,1.228.000,1.228.000,1.228.000,USD,1,{},"{""MARCA"": [""RIMITH""], ""CATEGORIA"": [""Carnes Y Embutidos""]}","[""Carnes Y Embutidos""]",,https://riba.app/imgrs/THUMBS%20500X500/25517.JPG,0,0,"[""127""]",1.228.000,2026-05-08 10:59:33
21223700000,COSTILLA DE CHULETA (BABY B RI,COSTILLA DE CHULETA (BABY B RI,COSTILLA DE CHULETA (BABY B RI,insert,1,https://riba.app/imgrs/THUMBS%20500X500/25518.JPG,tabs/detalle-producto/25518,1.756.000,1.756.000,1.756.000,USD,1,{},"{""MARCA"": [""RIMITH""], ""CATEGORIA"": [""Carnes Y Embutidos""]}","[""Carnes Y Embutidos""]",,https://riba.app/imgrs/THUMBS%20500X500/25518.JPG,0,0,"[""127""]",1.756.000,2026-05-08 10:59:33
21223800000,BISTEK DE CERDO,BISTEK DE CERDO,BISTEK DE CERDO,insert,1,https://riba.app/imgrs/THUMBS%20500X500/25519.JPG,tabs/detalle-producto/25519,797.000,797.000,797.000,USD,1,{},"{""MARCA"": [""RIMITH""], ""CATEGORIA"": [""Carnes Y Embutidos""]}","[""Carnes Y Embutidos""]",,https://riba.app/imgrs/THUMBS%20500X500/25519.JPG,0,0,"[""127""]",797.000,2026-05-08 10:59:33
21223900000,LOMITO DE CERDO,LOMITO DE CERDO,LOMITO DE CERDO,insert,1,https://riba.app/imgrs/THUMBS%20500X500/25520.JPG,tabs/detalle-producto/25520,797.000,797.000,797.000,USD,1,{},"{""MARCA"": [""RIMITH""], ""CATEGORIA"": [""Carnes Y Embutidos""]}","[""Carnes Y Embutidos""]",,https://riba.app/imgrs/THUMBS%20500X500/25520.JPG,0,0,"[""127""]",797.000,2026-05-08 10:59:33
21224300000,PICNIC FRESCO PRECIO POR KILOGRAMO,PICNIC FRESCO PRECIO POR KILOGRAMO,PICNIC FRESCO PRECIO POR KILOGRAMO,insert,1,https://riba.app/imgrs/THUMBS%20500X500/25524.JPG,tabs/detalle-producto/25524,970.000,970.000,970.000,USD,1,{},"{""MARCA"": [""RIMITH""], ""CATEGORIA"": [""Carnes Y Embutidos""]}","[""Carnes Y Embutidos""]",,https://riba.app/imgrs/THUMBS%20500X500/25524.JPG,0,0,"[""127""]",970.000,2026-05-08 10:59:33
21224400000,PUNTAS DE FILETES CERDO,PUNTAS DE FILETES CERDO,PUNTAS DE FILETES CERDO,insert,1,https://riba.app/imgrs/THUMBS%20500X500/71479.JPG,tabs/detalle-producto/71479,2.247.000,2.247.000,2.247.000,USD,1,{},"{""MARCA"": [""RIMITH""], ""CATEGORIA"": [""Carnes Y Embutidos""]}","[""Carnes Y Embutidos""]",,https://riba.app/imgrs/THUMBS%20500X500/71479.JPG,0,0,"[""127""]",2.247.000,2026-05-08 10:59:33
21224600000,LECHON ENTERO 30-35 LBS,LECHON ENTERO 30-35 LBS,LECHON ENTERO 30-35 LBS,insert,1,https://riba.app/imgrs/THUMBS%20500X500/25526.JPG,tabs/detalle-producto/25526,1.879.000,1.879.000,1.879.000,USD,1,{},"{""MARCA"": [""RIMITH""], ""CATEGORIA"": [""Carnes Y Embutidos""]}","[""Carnes Y Embutidos""]",,https://riba.app/imgrs/THUMBS%20500X500/25526.JPG,0,0,"[""127""]",1.879.000,2026-05-08 10:59:33
21225100000,MOLIDA PREMIUM 95-5,MOLIDA PREMIUM 95-5,MOLIDA PREMIUM 95-5,insert,1,https://riba.app/imgrs/THUMBS%20500X500/25528.JPG,tabs/detalle-producto/25528,1.127.000,1.127.000,1.127.000,USD,1,{},"{""MARCA"": [""RIMITH""], ""CATEGORIA"": [""Carnes Y Embutidos""]}","[""Carnes Y Embutidos""]",,https://riba.app/imgrs/THUMBS%20500X500/25528.JPG,0,0,"[""127""]",1.127.000,2026-05-08 10:59:33
21225500000,CHULETA AHUMADA EN PLATO,CHULETA AHUMADA EN PLATO,CHULETA AHUMADA EN PLATO,insert,1,https://riba.app/imgrs/THUMBS%20500X500/23835.JPG,tabs/detalle-producto/23835,1.264.000,1.264.000,1.264.000,USD,1,{},"{""MARCA"": [""RIMITH""], ""CATEGORIA"": [""Carnes Y Embutidos""]}","[""Carnes Y Embutidos""]",,https://riba.app/imgrs/THUMBS%20500X500/23835.JPG,0,0,"[""127""]",1.264.000,2026-05-08 10:59:33
21225700000,PUERCO MOLIDO,PUERCO MOLIDO,PUERCO MOLIDO,insert,1,https://riba.app/imgrs/THUMBS%20500X500/25531.JPG,tabs/detalle-producto/25531,1.255.000,1.255.000,1.255.000,USD,1,{},"{""MARCA"": [""RIMITH""], ""CATEGORIA"": [""Carnes Y Embutidos""]}","[""Carnes Y Embutidos""]",,https://riba.app/imgrs/THUMBS%20500X500/25531.JPG,0,0,"[""127""]",1.255.000,2026-05-08 10:59:33
21226200000,CHURRASCO DE CERDO T&J,CHURRASCO DE CERDO T&J,CHURRASCO DE CERDO T&J,insert,1,https://riba.app/imgrs/THUMBS%20500X500/252563.JPG,tabs/detalle-producto/252563,700.000,700.000,700.000,USD,1,{},"{""MARCA"": [""RIMITH""], ""CATEGORIA"": [""Carnes Y Embutidos""]}","[""Carnes Y Embutidos""]",,https://riba.app/imgrs/THUMBS%20500X500/252563.JPG,0,0,"[""127""]",700.000,2026-05-08 10:59:33
21226300000,TIRAS DE RES-BEEF STRIPS,TIRAS DE RES-BEEF STRIPS,TIRAS DE RES-BEEF STRIPS,insert,1,https://riba.app/imgrs/THUMBS%20500X500/252564.JPG,tabs/detalle-producto/252564,523.000,523.000,523.000,USD,1,{},"{""MARCA"": [""RIMITH""], ""CATEGORIA"": [""Carnes Y Embutidos""]}","[""Carnes Y Embutidos""]",,https://riba.app/imgrs/THUMBS%20500X500/252564.JPG,0,0,"[""127""]",523.000,2026-05-08 10:59:33
21226400000,HUESO DE SOPA,HUESO DE SOPA,HUESO DE SOPA,insert,1,https://riba.app/imgrs/THUMBS%20500X500/252712.JPG,tabs/detalle-producto/252712,282.000,282.000,282.000,USD,1,{},"{""MARCA"": [""RIMITH""], ""CATEGORIA"": [""Carnes Y Embutidos""]}","[""Carnes Y Embutidos""]",,https://riba.app/imgrs/THUMBS%20500X500/252712.JPG,0,0,"[""127""]",282.000,2026-05-08 10:59:33
21226600000,CLUB STEAK CAB CONG,CLUB STEAK CAB CONG,CLUB STEAK CAB CONG,insert,1,https://riba.app/imgrs/THUMBS%20500X500/144172.JPG,tabs/detalle-producto/144172,3.361.000,3.361.000,3.361.000,USD,1,{},"{""MARCA"": [""RIMITH (IMP)""], ""CATEGORIA"": [""Carnes Y Embutidos""]}","[""Carnes Y Embutidos""]",,https://riba.app/imgrs/THUMBS%20500X500/144172.JPG,0,0,"[""127""]",3.361.000,2026-05-08 10:59:33
21226800000,PORTER HOUSE CAB CONG,PORTER HOUSE CAB CONG,PORTER HOUSE CAB CONG,insert,1,https://riba.app/imgrs/THUMBS%20500X500/147160.JPG,tabs/detalle-producto/147160,4.019.000,4.019.000,4.019.000,USD,1,{},"{""MARCA"": [""RIMITH (IMP)""], ""CATEGORIA"": [""Carnes Y Embutidos""]}","[""Carnes Y Embutidos""]",,https://riba.app/imgrs/THUMBS%20500X500/147160.JPG,0,0,"[""127""]",4.019.000,2026-05-08 10:59:33
21227200000,RIBEYE CAB CONG,RIBEYE CAB CONG,RIBEYE CAB CONG,insert,1,https://riba.app/imgrs/THUMBS%20500X500/145408.JPG,tabs/detalle-producto/145408,4.914.000,4.914.000,4.914.000,USD,1,{},"{""MARCA"": [""RIMITH (IMP)""], ""CATEGORIA"": [""Carnes Y Embutidos""]}","[""Carnes Y Embutidos""]",,https://riba.app/imgrs/THUMBS%20500X500/145408.JPG,0,0,"[""127""]",4.914.000,2026-05-08 10:59:33
21227400000,COSTILLAS BABY BACK LB,COSTILLAS BABY BACK LB,COSTILLAS BABY BACK LB,insert,1,https://riba.app/imgrs/THUMBS%20500X500/78617.JPG,tabs/detalle-producto/78617,1.921.000,1.921.000,1.921.000,USD,1,{},"{""MARCA"": [""RIMITH""], ""CATEGORIA"": [""Carnes Y Embutidos""]}","[""Carnes Y Embutidos""]",,https://riba.app/imgrs/THUMBS%20500X500/78617.JPG,0,0,"[""127""]",1.921.000,2026-05-08 10:59:33
21227600000,T-BONE CAB CONG,T-BONE CAB CONG,T-BONE CAB CONG,insert,1,https://riba.app/imgrs/THUMBS%20500X500/53768.JPG,tabs/detalle-producto/53768,4.019.000,4.019.000,4.019.000,USD,1,{},"{""MARCA"": [""RIMITH (IMP)""], ""CATEGORIA"": [""Carnes Y Embutidos""]}","[""Carnes Y Embutidos""]",,https://riba.app/imgrs/THUMBS%20500X500/53768.JPG,0,0,"[""127""]",4.019.000,2026-05-08 10:59:33
21227900000,STRIP LOIN,STRIP LOIN,STRIP LOIN,insert,1,https://riba.app/imgrs/THUMBS%20500X500/254650.JPG,tabs/detalle-producto/254650,1.580.000,1.580.000,1.580.000,USD,1,{},"{""MARCA"": [""RIMITH""], ""CATEGORIA"": [""Carnes Y Embutidos""]}","[""Carnes Y Embutidos""]",,https://riba.app/imgrs/THUMBS%20500X500/254650.JPG,0,0,"[""127""]",1.580.000,2026-05-08 10:59:33
21228000000,BRISKET CAB CONG,BRISKET CAB CONG,BRISKET CAB CONG,insert,1,https://riba.app/imgrs/THUMBS%20500X500/53865.JPG,tabs/detalle-producto/53865,2.267.000,2.267.000,2.267.000,USD,1,{},"{""MARCA"": [""RIMITH (IMP)""], ""CATEGORIA"": [""Carnes Y Embutidos""]}","[""Carnes Y Embutidos""]",,https://riba.app/imgrs/THUMBS%20500X500/53865.JPG,0,0,"[""127""]",2.267.000,2026-05-08 10:59:33
21228100000,HAMBURGUESA DE RES 100%,HAMBURGUESA DE RES 100%,HAMBURGUESA DE RES 100%,insert,1,https://riba.app/imgrs/THUMBS%20500X500/53866.JPG,tabs/detalle-producto/53866,1.260.000,1.260.000,1.260.000,USD,1,{},"{""MARCA"": [""RIMITH""], ""CATEGORIA"": [""Carnes Y Embutidos""]}","[""Carnes Y Embutidos""]",,https://riba.app/imgrs/THUMBS%20500X500/53866.JPG,0,0,"[""127""]",1.260.000,2026-05-08 10:59:33
21228200000,LOIN STRIP CAB NY CONG,LOIN STRIP CAB NY CONG,LOIN STRIP CAB NY CONG,insert,1,https://riba.app/imgrs/THUMBS%20500X500/53770.JPG,tabs/detalle-producto/53770,3.521.000,3.521.000,3.521.000,USD,1,{},"{""MARCA"": [""RIMITH (IMP)""], ""CATEGORIA"": [""Carnes Y Embutidos""]}","[""Carnes Y Embutidos""]",,https://riba.app/imgrs/THUMBS%20500X500/53770.JPG,0,0,"[""127""]",3.521.000,2026-05-08 10:59:33
21228300000,ALBONDIGAS DE RES,ALBONDIGAS DE RES,ALBONDIGAS DE RES,insert,1,https://riba.app/imgrs/THUMBS%20500X500/53771.JPG,tabs/detalle-producto/53771,920.000,920.000,920.000,USD,1,{},"{""MARCA"": [""RIMITH""], ""CATEGORIA"": [""Carnes Y Embutidos""]}","[""Carnes Y Embutidos""]",,https://riba.app/imgrs/THUMBS%20500X500/53771.JPG,0,0,"[""127""]",920.000,2026-05-08 10:59:33
21228500000,TIRA DE CHULETA BBQ,TIRA DE CHULETA BBQ,TIRA DE CHULETA BBQ,insert,1,https://riba.app/imgrs/THUMBS%20500X500/25536.JPG,tabs/detalle-producto/25536,1.191.000,1.191.000,1.191.000,USD,1,{},"{""MARCA"": [""RIMITH""], ""CATEGORIA"": [""Carnes Y Embutidos""]}","[""Carnes Y Embutidos""]",,https://riba.app/imgrs/THUMBS%20500X500/25536.JPG,0,0,"[""127""]",1.191.000,2026-05-08 10:59:33
21228600000,FLAP MEAT CAB CONG,FLAP MEAT CAB CONG,FLAP MEAT CAB CONG,insert,1,https://riba.app/imgrs/THUMBS%20500X500/53764.JPG,tabs/detalle-producto/53764,3.203.000,3.203.000,3.203.000,USD,1,{},"{""MARCA"": [""RIMITH (IMP)""], ""CATEGORIA"": [""Carnes Y Embutidos""]}","[""Carnes Y Embutidos""]",,https://riba.app/imgrs/THUMBS%20500X500/53764.JPG,0,0,"[""127""]",3.203.000,2026-05-08 10:59:33
21228900000,OUT SIDE SKIRT CAB CONG,OUT SIDE SKIRT CAB CONG,OUT SIDE SKIRT CAB CONG,insert,1,https://riba.app/imgrs/THUMBS%20500X500/63066.JPG,tabs/detalle-producto/63066,5.760.000,5.760.000,5.760.000,USD,1,{},"{""MARCA"": [""RIMITH (IMP)""], ""CATEGORIA"": [""Carnes Y Embutidos""]}","[""Carnes Y Embutidos""]",,https://riba.app/imgrs/THUMBS%20500X500/63066.JPG,0,0,"[""127""]",5.760.000,2026-05-08 10:59:33
21229200000,SHORT RIBS CAB CONG,SHORT RIBS CAB CONG,SHORT RIBS CAB CONG,insert,1,https://riba.app/imgrs/THUMBS%20500X500/144869.JPG,tabs/detalle-producto/144869,3.310.000,3.310.000,3.310.000,USD,1,{},"{""MARCA"": [""RIMITH (IMP)""], ""CATEGORIA"": [""Carnes Y Embutidos""]}","[""Carnes Y Embutidos""]",,https://riba.app/imgrs/THUMBS%20500X500/144869.JPG,0,0,"[""127""]",3.310.000,2026-05-08 10:59:33
21229300000,FILETE DE SOBREPALETA,FILETE DE SOBREPALETA,FILETE DE SOBREPALETA,insert,1,https://riba.app/imgrs/THUMBS%20500X500/70304.JPG,tabs/detalle-producto/70304,1.678.000,1.678.000,1.678.000,USD,1,{},"{""MARCA"": [""RIMITH""], ""CATEGORIA"": [""Carnes Y Embutidos""]}","[""Carnes Y Embutidos""]",,https://riba.app/imgrs/THUMBS%20500X500/70304.JPG,0,0,"[""127""]",1.678.000,2026-05-08 10:59:33
21229400000,MEDALLONES DE CERDO,MEDALLONES DE CERDO,MEDALLONES DE CERDO,insert,1,https://riba.app/imgrs/THUMBS%20500X500/70305.JPG,tabs/detalle-producto/70305,1.228.000,1.228.000,1.228.000,USD,1,{},"{""MARCA"": [""RIMITH""], ""CATEGORIA"": [""Carnes Y Embutidos""]}","[""Carnes Y Embutidos""]",,https://riba.app/imgrs/THUMBS%20500X500/70305.JPG,0,0,"[""127""]",1.228.000,2026-05-08 10:59:33
21229600000,BRAZUELO DE CERDO,BRAZUELO DE CERDO,BRAZUELO DE CERDO,insert,1,https://riba.app/imgrs/THUMBS%20500X500/70307.JPG,tabs/detalle-producto/70307,797.000,797.000,797.000,USD,1,{},"{""MARCA"": [""RIMITH""], ""CATEGORIA"": [""Carnes Y Embutidos""]}","[""Carnes Y Embutidos""]",,https://riba.app/imgrs/THUMBS%20500X500/70307.JPG,0,0,"[""127""]",797.000,2026-05-08 10:59:33
21230000000,HAMBURGUESA DE PAVO,HAMBURGUESA DE PAVO,HAMBURGUESA DE PAVO,insert,1,https://riba.app/imgrs/THUMBS%20500X500/53827.JPG,tabs/detalle-producto/53827,1.050.000,1.050.000,1.050.000,USD,1,{},"{""MARCA"": [""RIMITH""], ""CATEGORIA"": [""Carnes Y Embutidos""]}","[""Carnes Y Embutidos""]",,https://riba.app/imgrs/THUMBS%20500X500/53827.JPG,0,0,"[""127""]",1.050.000,2026-05-08 10:59:33
21230100000,PUNTA DE RINCON,PUNTA DE RINCON,PUNTA DE RINCON,insert,1,https://riba.app/imgrs/THUMBS%20500X500/25537.JPG,tabs/detalle-producto/25537,1.792.000,1.792.000,1.792.000,USD,1,{},"{""MARCA"": [""RIMITH""], ""CATEGORIA"": [""Carnes Y Embutidos""]}","[""Carnes Y Embutidos""]",,https://riba.app/imgrs/THUMBS%20500X500/25537.JPG,0,0,"[""127""]",1.792.000,2026-05-08 10:59:33
21230200000,RINCON,RINCON,RINCON,insert,1,https://riba.app/imgrs/THUMBS%20500X500/25538.JPG,tabs/detalle-producto/25538,1.768.000,1.768.000,1.768.000,USD,1,{},"{""MARCA"": [""RIMITH""], ""CATEGORIA"": [""Carnes Y Embutidos""]}","[""Carnes Y Embutidos""]",,https://riba.app/imgrs/THUMBS%20500X500/25538.JPG,0,0,"[""127""]",1.768.000,2026-05-08 10:59:33
21230300000,PULPA NEGRA,PULPA NEGRA,PULPA NEGRA,insert,1,https://riba.app/imgrs/THUMBS%20500X500/25539.JPG,tabs/detalle-producto/25539,1.646.000,1.646.000,1.646.000,USD,1,{},"{""MARCA"": [""RIMITH""], ""CATEGORIA"": [""Carnes Y Embutidos""]}","[""Carnes Y Embutidos""]",,https://riba.app/imgrs/THUMBS%20500X500/25539.JPG,0,0,"[""127""]",1.646.000,2026-05-08 10:59:33
21230500000,PALOMILLA,PALOMILLA,PALOMILLA,insert,1,https://riba.app/imgrs/THUMBS%20500X500/25541.JPG,tabs/detalle-producto/25541,1.641.000,1.641.000,1.641.000,USD,1,{},"{""MARCA"": [""RIMITH""], ""CATEGORIA"": [""Carnes Y Embutidos""]}","[""Carnes Y Embutidos""]",,https://riba.app/imgrs/THUMBS%20500X500/25541.JPG,0,0,"[""127""]",1.641.000,2026-05-08 10:59:33
21230600000,PUNTA DE PALOMILLA,PUNTA DE PALOMILLA,PUNTA DE PALOMILLA,insert,1,https://riba.app/imgrs/THUMBS%20500X500/25542.JPG,tabs/detalle-producto/25542,1.556.000,1.556.000,1.556.000,USD,1,{},"{""MARCA"": [""RIMITH""], ""CATEGORIA"": [""Carnes Y Embutidos""]}","[""Carnes Y Embutidos""]",,https://riba.app/imgrs/THUMBS%20500X500/25542.JPG,0,0,"[""127""]",1.556.000,2026-05-08 10:59:33
21230700000,LOMO REDONDO,LOMO REDONDO,LOMO REDONDO,insert,1,https://riba.app/imgrs/THUMBS%20500X500/25543.JPG,tabs/detalle-producto/25543,1.494.000,1.494.000,1.494.000,USD,1,{},"{""MARCA"": [""RIMITH""], ""CATEGORIA"": [""Carnes Y Embutidos""]}","[""Carnes Y Embutidos""]",,https://riba.app/imgrs/THUMBS%20500X500/25543.JPG,0,0,"[""127""]",1.494.000,2026-05-08 10:59:33
21230800000,LOMO CHATO,LOMO CHATO,LOMO CHATO,insert,1,https://riba.app/imgrs/THUMBS%20500X500/25544.JPG,tabs/detalle-producto/25544,1.424.000,1.424.000,1.424.000,USD,1,{},"{""MARCA"": [""RIMITH""], ""CATEGORIA"": [""Carnes Y Embutidos""]}","[""Carnes Y Embutidos""]",,https://riba.app/imgrs/THUMBS%20500X500/25544.JPG,0,0,"[""127""]",1.424.000,2026-05-08 10:59:33
21230900000,LOMO DE PALETA,LOMO DE PALETA,LOMO DE PALETA,insert,1,https://riba.app/imgrs/THUMBS%20500X500/25545.JPG,tabs/detalle-producto/25545,1.509.000,1.509.000,1.509.000,USD,1,{},"{""MARCA"": [""RIMITH""], ""CATEGORIA"": [""Carnes Y Embutidos""]}","[""Carnes Y Embutidos""]",,https://riba.app/imgrs/THUMBS%20500X500/25545.JPG,0,0,"[""127""]",1.509.000,2026-05-08 10:59:33
21231100000,CINTA DESHUESADA,CINTA DESHUESADA,CINTA DESHUESADA,insert,1,https://riba.app/imgrs/THUMBS%20500X500/25547.JPG,tabs/detalle-producto/25547,1.580.000,1.580.000,1.580.000,USD,1,{},"{""MARCA"": [""RIMITH""], ""CATEGORIA"": [""Carnes Y Embutidos""]}","[""Carnes Y Embutidos""]",,https://riba.app/imgrs/THUMBS%20500X500/25547.JPG,0,0,"[""127""]",1.580.000,2026-05-08 10:59:33
21231200000,FALDA,FALDA,FALDA,insert,1,https://riba.app/imgrs/THUMBS%20500X500/25548.JPG,tabs/detalle-producto/25548,1.274.000,1.274.000,1.274.000,USD,1,{},"{""MARCA"": [""RIMITH""], ""CATEGORIA"": [""Carnes Y Embutidos""]}","[""Carnes Y Embutidos""]",,https://riba.app/imgrs/THUMBS%20500X500/25548.JPG,0,0,"[""127""]",1.274.000,2026-05-08 10:59:33
21231300000,COSTILLON,COSTILLON,COSTILLON,insert,1,https://riba.app/imgrs/THUMBS%20500X500/25549.JPG,tabs/detalle-producto/25549,1.535.000,1.535.000,1.535.000,USD,1,{},"{""MARCA"": [""RIMITH""], ""CATEGORIA"": [""Carnes Y Embutidos""]}","[""Carnes Y Embutidos""]",,https://riba.app/imgrs/THUMBS%20500X500/25549.JPG,0,0,"[""127""]",1.535.000,2026-05-08 10:59:33
21231400000,PUERCO LISO,PUERCO LISO,PUERCO LISO,insert,1,https://riba.app/imgrs/THUMBS%20500X500/25550.JPG,tabs/detalle-producto/25550,907.000,907.000,907.000,USD,1,{},"{""MARCA"": [""RIMITH""], ""CATEGORIA"": [""Carnes Y Embutidos""]}","[""Carnes Y Embutidos""]",,https://riba.app/imgrs/THUMBS%20500X500/25550.JPG,0,0,"[""127""]",907.000,2026-05-08 10:59:33
21231500000,COSTILLA ESPECIAL DE CERDO,COSTILLA ESPECIAL DE CERDO,COSTILLA ESPECIAL DE CERDO,insert,1,https://riba.app/imgrs/THUMBS%20500X500/25551.JPG,tabs/detalle-producto/25551,1.222.000,1.222.000,1.222.000,USD,1,{},"{""MARCA"": [""RIMITH""], ""CATEGORIA"": [""Carnes Y Embutidos""]}","[""Carnes Y Embutidos""]",,https://riba.app/imgrs/THUMBS%20500X500/25551.JPG,0,0,"[""127""]",1.222.000,2026-05-08 10:59:33
21231600000,COSTILLA DE CERDO C TOCINO,COSTILLA DE CERDO C TOCINO,COSTILLA DE CERDO C TOCINO,insert,1,https://riba.app/imgrs/THUMBS%20500X500/25552.JPG,tabs/detalle-producto/25552,1.199.000,1.199.000,1.199.000,USD,1,{},"{""MARCA"": [""RIMITH""], ""CATEGORIA"": [""Carnes Y Embutidos""]}","[""Carnes Y Embutidos""]",,https://riba.app/imgrs/THUMBS%20500X500/25552.JPG,0,0,"[""127""]",1.199.000,2026-05-08 10:59:33
21231700000,CHULETA DE CERDO ,CHULETA DE CERDO ,CHULETA DE CERDO ,insert,1,https://riba.app/imgrs/THUMBS%20500X500/25553.JPG,tabs/detalle-producto/25553,1.303.000,1.303.000,1.303.000,USD,1,{},"{""MARCA"": [""RIMITH""], ""CATEGORIA"": [""Carnes Y Embutidos""]}","[""Carnes Y Embutidos""]",,https://riba.app/imgrs/THUMBS%20500X500/25553.JPG,0,0,"[""127""]",1.303.000,2026-05-08 10:59:33
21231800000,SPARE RIBS NEVERA ,SPARE RIBS NEVERA ,SPARE RIBS NEVERA ,insert,1,https://riba.app/imgrs/THUMBS%20500X500/25554.JPG,tabs/detalle-producto/25554,1.578.000,1.578.000,1.578.000,USD,1,{},"{""MARCA"": [""RIMITH""], ""CATEGORIA"": [""Carnes Y Embutidos""]}","[""Carnes Y Embutidos""]",,https://riba.app/imgrs/THUMBS%20500X500/25554.JPG,0,0,"[""127""]",1.578.000,2026-05-08 10:59:33
21231900000,COSTILLA DE PECHO ESPECIAL,COSTILLA DE PECHO ESPECIAL,COSTILLA DE PECHO ESPECIAL,insert,1,https://riba.app/imgrs/THUMBS%20500X500/25555.JPG,tabs/detalle-producto/25555,866.000,866.000,866.000,USD,1,{},"{""MARCA"": [""RIMITH""], ""CATEGORIA"": [""Carnes Y Embutidos""]}","[""Carnes Y Embutidos""]",,https://riba.app/imgrs/THUMBS%20500X500/25555.JPG,0,0,"[""127""]",866.000,2026-05-08 10:59:33
21232000000,OSOBUCO DE RES,OSOBUCO DE RES,OSOBUCO DE RES,insert,1,https://riba.app/imgrs/THUMBS%20500X500/25556.JPG,tabs/detalle-producto/25556,920.000,920.000,920.000,USD,1,{},"{""MARCA"": [""RIMITH""], ""CATEGORIA"": [""Carnes Y Embutidos""]}","[""Carnes Y Embutidos""]",,https://riba.app/imgrs/THUMBS%20500X500/25556.JPG,0,0,"[""127""]",920.000,2026-05-08 10:59:33
21232200000,CARNE MOLIDA,CARNE MOLIDA,CARNE MOLIDA,insert,1,https://riba.app/imgrs/THUMBS%20500X500/25558.JPG,tabs/detalle-producto/25558,1.246.000,1.246.000,1.246.000,USD,1,{},"{""MARCA"": [""RIMITH""], ""CATEGORIA"": [""Carnes Y Embutidos""]}","[""Carnes Y Embutidos""]",,https://riba.app/imgrs/THUMBS%20500X500/25558.JPG,0,0,"[""127""]",1.246.000,2026-05-08 10:59:33
21232300000,GUISADO DE RES,GUISADO DE RES,GUISADO DE RES,insert,1,https://riba.app/imgrs/THUMBS%20500X500/25559.JPG,tabs/detalle-producto/25559,1.543.000,1.543.000,1.543.000,USD,1,{},"{""MARCA"": [""RIMITH""], ""CATEGORIA"": [""Carnes Y Embutidos""]}","[""Carnes Y Embutidos""]",,https://riba.app/imgrs/THUMBS%20500X500/25559.JPG,0,0,"[""127""]",1.543.000,2026-05-08 10:59:33
21232400000,BISTEC PICADO,BISTEC PICADO,BISTEC PICADO,insert,1,https://riba.app/imgrs/THUMBS%20500X500/25560.JPG,tabs/detalle-producto/25560,1.598.000,1.598.000,1.598.000,USD,1,{},"{""MARCA"": [""RIMITH""], ""CATEGORIA"": [""Carnes Y Embutidos""]}","[""Carnes Y Embutidos""]",,https://riba.app/imgrs/THUMBS%20500X500/25560.JPG,0,0,"[""127""]",1.598.000,2026-05-08 10:59:33
21234300000,HAMBURGUESA GRILL ,HAMBURGUESA GRILL ,HAMBURGUESA GRILL ,insert,1,https://riba.app/imgrs/THUMBS%20500X500/132730.JPG,tabs/detalle-producto/132730,1.304.000,1.304.000,1.304.000,USD,1,{},"{""MARCA"": [""RIMITH""], ""CATEGORIA"": [""Carnes Y Embutidos""]}","[""Carnes Y Embutidos""]",,https://riba.app/imgrs/THUMBS%20500X500/132730.JPG,0,0,"[""127""]",1.304.000,2026-05-08 10:59:33
21234400000,RANCH STEAK CAB,RANCH STEAK CAB,RANCH STEAK CAB,insert,1,https://riba.app/imgrs/THUMBS%20500X500/158406.JPG,tabs/detalle-producto/158406,1.839.000,1.839.000,1.839.000,USD,1,{},"{""MARCA"": [""RIMITH (IMP)""], ""CATEGORIA"": [""Carnes Y Embutidos""]}","[""Carnes Y Embutidos""]",,https://riba.app/imgrs/THUMBS%20500X500/158406.JPG,0,0,"[""127""]",1.839.000,2026-05-08 10:59:33
21234700000,SHOULDER CENTER STEAK CAB,SHOULDER CENTER STEAK CAB,SHOULDER CENTER STEAK CAB,insert,1,https://riba.app/imgrs/THUMBS%20500X500/163693.JPG,tabs/detalle-producto/163693,1.839.000,1.839.000,1.839.000,USD,1,{},"{""MARCA"": [""RIMITH (IMP)""], ""CATEGORIA"": [""Carnes Y Embutidos""]}","[""Carnes Y Embutidos""]",,https://riba.app/imgrs/THUMBS%20500X500/163693.JPG,0,0,"[""127""]",1.839.000,2026-05-08 10:59:33
21234900000,SHOULDER TENDER CAB,SHOULDER TENDER CAB,SHOULDER TENDER CAB,insert,1,https://riba.app/imgrs/THUMBS%20500X500/163695.JPG,tabs/detalle-producto/163695,1.839.000,1.839.000,1.839.000,USD,1,{},"{""MARCA"": [""RIMITH (IMP)""], ""CATEGORIA"": [""Carnes Y Embutidos""]}","[""Carnes Y Embutidos""]",,https://riba.app/imgrs/THUMBS%20500X500/163695.JPG,0,0,"[""127""]",1.839.000,2026-05-08 10:59:33
21235200000,PULPA BLANCA DE NEVERA,PULPA BLANCA DE NEVERA,PULPA BLANCA DE NEVERA,insert,1,https://riba.app/imgrs/THUMBS%20500X500/25563.JPG,tabs/detalle-producto/25563,1.437.000,1.437.000,1.437.000,USD,1,{},"{""MARCA"": [""RIMITH""], ""CATEGORIA"": [""Carnes Y Embutidos""]}","[""Carnes Y Embutidos""]",,https://riba.app/imgrs/THUMBS%20500X500/25563.JPG,0,0,"[""127""]",1.437.000,2026-05-08 10:59:33
21235600000,SKIRT CAB,SKIRT CAB,SKIRT CAB,insert,1,https://riba.app/imgrs/THUMBS%20500X500/67284.JPG,tabs/detalle-producto/67284,1.839.000,1.839.000,1.839.000,USD,1,{},"{""MARCA"": [""RIMITH (IMP)""], ""CATEGORIA"": [""Carnes Y Embutidos""]}","[""Carnes Y Embutidos""]",,https://riba.app/imgrs/THUMBS%20500X500/67284.JPG,0,0,"[""127""]",1.839.000,2026-05-08 10:59:33
21235800000,TOP SIRLOIN CAB,TOP SIRLOIN CAB,TOP SIRLOIN CAB,insert,1,https://riba.app/imgrs/THUMBS%20500X500/175337.JPG,tabs/detalle-producto/175337,2.527.000,2.527.000,2.527.000,USD,1,{},"{""MARCA"": [""RIMITH (IMP)""], ""CATEGORIA"": [""Carnes Y Embutidos""]}","[""Carnes Y Embutidos""]",,https://riba.app/imgrs/THUMBS%20500X500/175337.JPG,0,0,"[""127""]",2.527.000,2026-05-08 10:59:33
21236100000,TOP SIRLOIN CENTER CAB,TOP SIRLOIN CENTER CAB,TOP SIRLOIN CENTER CAB,insert,1,https://riba.app/imgrs/THUMBS%20500X500/181561.JPG,tabs/detalle-producto/181561,2.527.000,2.527.000,2.527.000,USD,1,{},"{""MARCA"": [""RIMITH (IMP)""], ""CATEGORIA"": [""Carnes Y Embutidos""]}","[""Carnes Y Embutidos""]",,https://riba.app/imgrs/THUMBS%20500X500/181561.JPG,0,0,"[""127""]",2.527.000,2026-05-08 10:59:33
21236200000,ENTRAÑA FINA ,ENTRAÑA FINA ,ENTRAÑA FINA ,insert,1,https://riba.app/imgrs/THUMBS%20500X500/181562.JPG,tabs/detalle-producto/181562,1.367.000,1.367.000,1.367.000,USD,1,{},"{""MARCA"": [""RIMITH""], ""CATEGORIA"": [""Carnes Y Embutidos""]}","[""Carnes Y Embutidos""]",,https://riba.app/imgrs/THUMBS%20500X500/181562.JPG,0,0,"[""127""]",1.367.000,2026-05-08 10:59:33
21236500000,LOMO REDONDO AL VACIO,LOMO REDONDO AL VACIO,LOMO REDONDO AL VACIO,insert,1,https://riba.app/imgrs/THUMBS%20500X500/190290.JPG,tabs/detalle-producto/190290,1.141.000,1.141.000,1.141.000,USD,1,{},"{""MARCA"": [""RIMITH""], ""CATEGORIA"": [""Carnes Y Embutidos""]}","[""Carnes Y Embutidos""]",,https://riba.app/imgrs/THUMBS%20500X500/190290.JPG,0,0,"[""127""]",1.141.000,2026-05-08 10:59:33
21236900000,TRI-TIP CAB,TRI-TIP CAB,TRI-TIP CAB,insert,1,https://riba.app/imgrs/THUMBS%20500X500/201206.JPG,tabs/detalle-producto/201206,2.125.000,2.125.000,2.125.000,USD,1,{},"{""MARCA"": [""RIMITH (IMP)""], ""CATEGORIA"": [""Carnes Y Embutidos""]}","[""Carnes Y Embutidos""]",,https://riba.app/imgrs/THUMBS%20500X500/201206.JPG,0,0,"[""127""]",2.125.000,2026-05-08 10:59:33
21237000000,CRIADILLAS DE TORO,CRIADILLAS DE TORO,CRIADILLAS DE TORO,insert,1,https://riba.app/imgrs/THUMBS%20500X500/166621.JPG,tabs/detalle-producto/166621,241.000,241.000,241.000,USD,1,{},"{""MARCA"": [""RIMITH""], ""CATEGORIA"": [""Carnes Y Embutidos""]}","[""Carnes Y Embutidos""]",,https://riba.app/imgrs/THUMBS%20500X500/166621.JPG,0,0,"[""127""]",241.000,2026-05-08 10:59:33
21237100000,SESOS DE RES LBS,SESOS DE RES LBS,SESOS DE RES LBS,insert,1,https://riba.app/imgrs/THUMBS%20500X500/166901.JPG,tabs/detalle-producto/166901,171.000,171.000,171.000,USD,1,{},"{""MARCA"": [""RIMITH""], ""CATEGORIA"": [""Carnes Y Embutidos""]}","[""Carnes Y Embutidos""]",,https://riba.app/imgrs/THUMBS%20500X500/166901.JPG,0,0,"[""127""]",171.000,2026-05-08 10:59:33
21237600000,MUSLITOS DE  CERDO,MUSLITOS DE  CERDO,MUSLITOS DE  CERDO,insert,1,https://riba.app/imgrs/THUMBS%20500X500/201471.JPG,tabs/detalle-producto/201471,797.000,797.000,797.000,USD,1,{},"{""MARCA"": [""RIMITH""], ""CATEGORIA"": [""Carnes Y Embutidos""]}","[""Carnes Y Embutidos""]",,https://riba.app/imgrs/THUMBS%20500X500/201471.JPG,0,0,"[""127""]",797.000,2026-05-08 10:59:33
21238000000,SECRETO DE CERDO ,SECRETO DE CERDO ,SECRETO DE CERDO ,insert,1,https://riba.app/imgrs/THUMBS%20500X500/203598.JPG,tabs/detalle-producto/203598,1.658.000,1.658.000,1.658.000,USD,1,{},"{""MARCA"": [""RIMITH""], ""CATEGORIA"": [""Carnes Y Embutidos""]}","[""Carnes Y Embutidos""]",,https://riba.app/imgrs/THUMBS%20500X500/203598.JPG,0,0,"[""127""]",1.658.000,2026-05-08 10:59:33
21238100000,SIERRA STEAK CAB,SIERRA STEAK CAB,SIERRA STEAK CAB,insert,1,https://riba.app/imgrs/THUMBS%20500X500/123428.JPG,tabs/detalle-producto/123428,2.038.000,2.038.000,2.038.000,USD,1,{},"{""MARCA"": [""RIMITH (IMP)""], ""CATEGORIA"": [""Carnes Y Embutidos""]}","[""Carnes Y Embutidos""]",,https://riba.app/imgrs/THUMBS%20500X500/123428.JPG,0,0,"[""127""]",2.038.000,2026-05-08 10:59:33
21238400000,CARRILLERA DE CERDO,CARRILLERA DE CERDO,CARRILLERA DE CERDO,insert,1,https://riba.app/imgrs/THUMBS%20500X500/203599.JPG,tabs/detalle-producto/203599,725.000,725.000,725.000,USD,1,{},"{""MARCA"": [""RIMITH""], ""CATEGORIA"": [""Carnes Y Embutidos""]}","[""Carnes Y Embutidos""]",,https://riba.app/imgrs/THUMBS%20500X500/203599.JPG,0,0,"[""127""]",725.000,2026-05-08 10:59:33
21239300000,TIRAS DE FILETE DE RES,TIRAS DE FILETE DE RES,TIRAS DE FILETE DE RES,insert,1,https://riba.app/imgrs/THUMBS%20500X500/285300.JPG,tabs/detalle-producto/285300,2.477.000,2.477.000,2.477.000,USD,1,{},"{""MARCA"": [""RIMITH""], ""CATEGORIA"": [""Carnes Y Embutidos""]}","[""Carnes Y Embutidos""]",,https://riba.app/imgrs/THUMBS%20500X500/285300.JPG,0,0,"[""127""]",2.477.000,2026-05-08 10:59:33
21239800000,CLUB STEAK CAB,CLUB STEAK CAB,CLUB STEAK CAB,insert,1,https://riba.app/imgrs/THUMBS%20500X500/264865.JPG,tabs/detalle-producto/264865,3.361.000,3.361.000,3.361.000,USD,1,{},"{""MARCA"": [""RIMITH (IMP)""], ""CATEGORIA"": [""Carnes Y Embutidos""]}","[""Carnes Y Embutidos""]",,https://riba.app/imgrs/THUMBS%20500X500/264865.JPG,0,0,"[""127""]",3.361.000,2026-05-08 10:59:33
21240200000,HANGING TENDER CAB,HANGING TENDER CAB,HANGING TENDER CAB,insert,1,https://riba.app/imgrs/THUMBS%20500X500/53774.JPG,tabs/detalle-producto/53774,2.759.000,2.759.000,2.759.000,USD,1,{},"{""MARCA"": [""RIMITH (IMP)""], ""CATEGORIA"": [""Carnes Y Embutidos""]}","[""Carnes Y Embutidos""]",,https://riba.app/imgrs/THUMBS%20500X500/53774.JPG,0,0,"[""127""]",2.759.000,2026-05-08 10:59:33
21240600000,FLANK STEAK CAB,FLANK STEAK CAB,FLANK STEAK CAB,insert,1,https://riba.app/imgrs/THUMBS%20500X500/53778.JPG,tabs/detalle-producto/53778,2.998.000,2.998.000,2.998.000,USD,1,{},"{""MARCA"": [""RIMITH (IMP)""], ""CATEGORIA"": [""Carnes Y Embutidos""]}","[""Carnes Y Embutidos""]",,https://riba.app/imgrs/THUMBS%20500X500/53778.JPG,0,0,"[""127""]",2.998.000,2026-05-08 10:59:33
21240900000,CHUCK EYE STEAK CAB,CHUCK EYE STEAK CAB,CHUCK EYE STEAK CAB,insert,1,https://riba.app/imgrs/THUMBS%20500X500/53781.JPG,tabs/detalle-producto/53781,2.295.000,2.295.000,2.295.000,USD,1,{},"{""MARCA"": [""RIMITH (IMP)""], ""CATEGORIA"": [""Carnes Y Embutidos""]}","[""Carnes Y Embutidos""]",,https://riba.app/imgrs/THUMBS%20500X500/53781.JPG,0,0,"[""127""]",2.295.000,2026-05-08 10:59:33
21241000000,DENVER STEAK CAB,DENVER STEAK CAB,DENVER STEAK CAB,insert,1,https://riba.app/imgrs/THUMBS%20500X500/53782.JPG,tabs/detalle-producto/53782,2.295.000,2.295.000,2.295.000,USD,1,{},"{""MARCA"": [""RIMITH (IMP)""], ""CATEGORIA"": [""Carnes Y Embutidos""]}","[""Carnes Y Embutidos""]",,https://riba.app/imgrs/THUMBS%20500X500/53782.JPG,0,0,"[""127""]",2.295.000,2026-05-08 10:59:33
21241100000,TOMAHAWK CAB CONG,TOMAHAWK CAB CONG,TOMAHAWK CAB CONG,insert,1,https://riba.app/imgrs/THUMBS%20500X500/53783.JPG,tabs/detalle-producto/53783,4.088.000,4.088.000,4.088.000,USD,1,{},"{""MARCA"": [""RIMITH (IMP)""], ""CATEGORIA"": [""Carnes Y Embutidos""]}","[""Carnes Y Embutidos""]",,https://riba.app/imgrs/THUMBS%20500X500/53783.JPG,0,0,"[""127""]",4.088.000,2026-05-08 10:59:33
21241800000,BISTEC DE PULPA BLANCA ESENCIA,BISTEC DE PULPA BLANCA ESENCIA,BISTEC DE PULPA BLANCA ESENCIA,insert,1,https://riba.app/imgrs/THUMBS%20500X500/9193.JPG,tabs/detalle-producto/9193,867.000,867.000,867.000,USD,1,{},"{""MARCA"": [""RIMITH""], ""CATEGORIA"": [""Carnes Y Embutidos""]}","[""Carnes Y Embutidos""]",,https://riba.app/imgrs/THUMBS%20500X500/9193.JPG,0,0,"[""127""]",867.000,2026-05-08 10:59:33
21242200000,RIBEYE DE CERDO,RIBEYE DE CERDO,RIBEYE DE CERDO,insert,1,https://riba.app/imgrs/THUMBS%20500X500/59495.JPG,tabs/detalle-producto/59495,802.000,802.000,802.000,USD,1,{},"{""MARCA"": [""RIMITH""], ""CATEGORIA"": [""Carnes Y Embutidos""]}","[""Carnes Y Embutidos""]",,https://riba.app/imgrs/THUMBS%20500X500/59495.JPG,0,0,"[""127""]",802.000,2026-05-08 10:59:33
21242500000,TIRAS DE RIBEYE DE CERDO,TIRAS DE RIBEYE DE CERDO,TIRAS DE RIBEYE DE CERDO,insert,1,https://riba.app/imgrs/THUMBS%20500X500/59441.JPG,tabs/detalle-producto/59441,802.000,802.000,802.000,USD,1,{},"{""MARCA"": [""RIMITH""], ""CATEGORIA"": [""Carnes Y Embutidos""]}","[""Carnes Y Embutidos""]",,https://riba.app/imgrs/THUMBS%20500X500/59441.JPG,0,0,"[""127""]",802.000,2026-05-08 10:59:33
21243900000,BISTEC DE PULPA NEGRA ESENCIAL,BISTEC DE PULPA NEGRA ESENCIAL,BISTEC DE PULPA NEGRA ESENCIAL,insert,1,https://riba.app/imgrs/THUMBS%20500X500/119279.JPG,tabs/detalle-producto/119279,1.195.000,1.195.000,1.195.000,USD,1,{},"{""MARCA"": [""RIMITH""], ""CATEGORIA"": [""Carnes Y Embutidos""]}","[""Carnes Y Embutidos""]",,https://riba.app/imgrs/THUMBS%20500X500/119279.JPG,0,0,"[""127""]",1.195.000,2026-05-08 10:59:33
21246100000,POLLO ASADO ENTERO,POLLO ASADO ENTERO,POLLO ASADO ENTERO,insert,1,https://riba.app/imgrs/THUMBS%20500X500/66933.JPG,tabs/detalle-producto/66933,625.000,625.000,625.000,USD,1,{},"{""MARCA"": [""RIMITH""], ""CATEGORIA"": [""Comidas Preparadas""]}","[""Comidas Preparadas""]",,https://riba.app/imgrs/THUMBS%20500X500/66933.JPG,0,0,"[""91""]",625.000,2026-05-08 10:59:33
21248000000,LOMO REDONDO ESENCIAL,LOMO REDONDO ESENCIAL,LOMO REDONDO ESENCIAL,insert,1,https://riba.app/imgrs/THUMBS%20500X500/53792.JPG,tabs/detalle-producto/53792,719.000,719.000,719.000,USD,1,{},"{""MARCA"": [""RIMITH""], ""CATEGORIA"": [""Carnes Y Embutidos""]}","[""Carnes Y Embutidos""]",,https://riba.app/imgrs/THUMBS%20500X500/53792.JPG,0,0,"[""127""]",719.000,2026-05-08 10:59:33
21248100000,BISTEC DE RINCON ESENCIAL,BISTEC DE RINCON ESENCIAL,BISTEC DE RINCON ESENCIAL,insert,1,https://riba.app/imgrs/THUMBS%20500X500/53793.JPG,tabs/detalle-producto/53793,1.131.000,1.131.000,1.131.000,USD,1,{},"{""MARCA"": [""RIMITH""], ""CATEGORIA"": [""Carnes Y Embutidos""]}","[""Carnes Y Embutidos""]",,https://riba.app/imgrs/THUMBS%20500X500/53793.JPG,0,0,"[""127""]",1.131.000,2026-05-08 10:59:33
21249800000,PULPA NEGRA ESENCIAL ENTERA,PULPA NEGRA ESENCIAL ENTERA,PULPA NEGRA ESENCIAL ENTERA,insert,1,https://riba.app/imgrs/THUMBS%20500X500/53799.JPG,tabs/detalle-producto/53799,1.383.000,1.383.000,1.383.000,USD,1,{},"{""MARCA"": [""RIMITH""], ""CATEGORIA"": [""Carnes Y Embutidos""]}","[""Carnes Y Embutidos""]",,https://riba.app/imgrs/THUMBS%20500X500/53799.JPG,0,0,"[""127""]",1.383.000,2026-05-08 10:59:33
21252100000,BROCHETAS DE POLLO,BROCHETAS DE POLLO,BROCHETAS DE POLLO,insert,1,https://riba.app/imgrs/THUMBS%20500X500/53800.JPG,tabs/detalle-producto/53800,1.150.000,1.150.000,1.150.000,USD,1,{},"{""MARCA"": [""RIMITH""], ""CATEGORIA"": [""Carnes Y Embutidos""]}","[""Carnes Y Embutidos""]",,https://riba.app/imgrs/THUMBS%20500X500/53800.JPG,0,0,"[""127""]",1.150.000,2026-05-08 10:59:33
21252600000,FILETE DE RES ESENCIAL ,FILETE DE RES ESENCIAL ,FILETE DE RES ESENCIAL ,insert,1,https://riba.app/imgrs/THUMBS%20500X500/300482.JPG,tabs/detalle-producto/300482,1.796.000,1.796.000,1.796.000,USD,1,{},"{""MARCA"": [""RIMITH""], ""CATEGORIA"": [""Carnes Y Embutidos""]}","[""Carnes Y Embutidos""]",,https://riba.app/imgrs/THUMBS%20500X500/300482.JPG,0,0,"[""127""]",1.796.000,2026-05-08 10:59:33
21252700000,PUNTA DE PALOMILLA    ESENCIAL,PUNTA DE PALOMILLA    ESENCIAL,PUNTA DE PALOMILLA    ESENCIAL,insert,1,https://riba.app/imgrs/THUMBS%20500X500/300483.JPG,tabs/detalle-producto/300483,1.365.000,1.365.000,1.365.000,USD,1,{},"{""MARCA"": [""RIMITH""], ""CATEGORIA"": [""Carnes Y Embutidos""]}","[""Carnes Y Embutidos""]",,https://riba.app/imgrs/THUMBS%20500X500/300483.JPG,0,0,"[""127""]",1.365.000,2026-05-08 10:59:33
21252800000,NEW YORK AL  VACIO ESENCIAL ,NEW YORK AL  VACIO ESENCIAL ,NEW YORK AL  VACIO ESENCIAL ,insert,1,https://riba.app/imgrs/THUMBS%20500X500/300484.JPG,tabs/detalle-producto/300484,1.151.000,1.151.000,1.151.000,USD,1,{},"{""MARCA"": [""RIMITH""], ""CATEGORIA"": [""Carnes Y Embutidos""]}","[""Carnes Y Embutidos""]",,https://riba.app/imgrs/THUMBS%20500X500/300484.JPG,0,0,"[""127""]",1.151.000,2026-05-08 10:59:33
21252900000,RIBEYE  AL  VACIO  ESENCIAL,RIBEYE  AL  VACIO  ESENCIAL,RIBEYE  AL  VACIO  ESENCIAL,insert,1,https://riba.app/imgrs/THUMBS%20500X500/300485.JPG,tabs/detalle-producto/300485,1.141.000,1.141.000,1.141.000,USD,1,{},"{""MARCA"": [""RIMITH""], ""CATEGORIA"": [""Carnes Y Embutidos""]}","[""Carnes Y Embutidos""]",,https://riba.app/imgrs/THUMBS%20500X500/300485.JPG,0,0,"[""127""]",1.141.000,2026-05-08 10:59:33
21254200000,MILANESA DE CERDO APANADO,MILANESA DE CERDO APANADO,MILANESA DE CERDO APANADO,insert,1,https://riba.app/imgrs/THUMBS%20500X500/111943.JPG,tabs/detalle-producto/111943,1.403.000,1.403.000,1.403.000,USD,1,{},"{""MARCA"": [""RIMITH""], ""CATEGORIA"": [""Comidas Preparadas""]}","[""Comidas Preparadas""]",,https://riba.app/imgrs/THUMBS%20500X500/111943.JPG,0,0,"[""91""]",1.403.000,2026-05-08 10:59:33
21254500000,CARNE DE RES A LA PIMIENTA ,CARNE DE RES A LA PIMIENTA ,CARNE DE RES A LA PIMIENTA ,insert,1,https://riba.app/imgrs/THUMBS%20500X500/112624.JPG,tabs/detalle-producto/112624,1.436.000,1.436.000,1.436.000,USD,1,{},"{""MARCA"": [""RIMITH""], ""CATEGORIA"": [""Carnes Y Embutidos""]}","[""Carnes Y Embutidos""]",,https://riba.app/imgrs/THUMBS%20500X500/112624.JPG,0,0,"[""127""]",1.436.000,2026-05-08 10:59:33
21255100000,CARNE PARA FREIR,CARNE PARA FREIR,CARNE PARA FREIR,insert,1,https://riba.app/imgrs/THUMBS%20500X500/112630.JPG,tabs/detalle-producto/112630,715.000,715.000,715.000,USD,1,{},"{""MARCA"": [""RIMITH""], ""CATEGORIA"": [""Carnes Y Embutidos""]}","[""Carnes Y Embutidos""]",,https://riba.app/imgrs/THUMBS%20500X500/112630.JPG,0,0,"[""127""]",715.000,2026-05-08 10:59:33
21255400000,PUERCO LISO ESENCIAL ENTERO,PUERCO LISO ESENCIAL ENTERO,PUERCO LISO ESENCIAL ENTERO,insert,1,https://riba.app/imgrs/THUMBS%20500X500/112533.JPG,tabs/detalle-producto/112533,750.000,750.000,750.000,USD,1,{},"{""MARCA"": [""RIMITH""], ""CATEGORIA"": [""Carnes Y Embutidos""]}","[""Carnes Y Embutidos""]",,https://riba.app/imgrs/THUMBS%20500X500/112533.JPG,0,0,"[""127""]",750.000,2026-05-08 10:59:33
21255600000,PICAÑA CAB REBANADA CONG,PICAÑA CAB REBANADA CONG,PICAÑA CAB REBANADA CONG,insert,1,https://riba.app/imgrs/THUMBS%20500X500/65367.JPG,tabs/detalle-producto/65367,2.630.000,2.630.000,2.630.000,USD,1,{},"{""MARCA"": [""RIMITH (IMP)""], ""CATEGORIA"": [""Carnes Y Embutidos""]}","[""Carnes Y Embutidos""]",,https://riba.app/imgrs/THUMBS%20500X500/65367.JPG,0,0,"[""127""]",2.630.000,2026-05-08 10:59:33
21259500000,PICAÑA CAB ENTERA CONG,PICAÑA CAB ENTERA CONG,PICAÑA CAB ENTERA CONG,insert,1,https://riba.app/imgrs/THUMBS%20500X500/139446.JPG,tabs/detalle-producto/139446,2.630.000,2.630.000,2.630.000,USD,1,{},"{""MARCA"": [""RIMITH (IMP)""], ""CATEGORIA"": [""Carnes Y Embutidos""]}","[""Carnes Y Embutidos""]",,https://riba.app/imgrs/THUMBS%20500X500/139446.JPG,0,0,"[""127""]",2.630.000,2026-05-08 10:59:33
21259600000,TOCINO DEL PERNIL,TOCINO DEL PERNIL,TOCINO DEL PERNIL,insert,1,https://riba.app/imgrs/THUMBS%20500X500/147239.JPG,tabs/detalle-producto/147239,895.000,895.000,895.000,USD,1,{},"{""MARCA"": [""RIMITH""], ""CATEGORIA"": [""Carnes Y Embutidos""]}","[""Carnes Y Embutidos""]",,https://riba.app/imgrs/THUMBS%20500X500/147239.JPG,0,0,"[""127""]",895.000,2026-05-08 10:59:33
21259700000,BISTEC DE CERDO ESENCIAL,BISTEC DE CERDO ESENCIAL,BISTEC DE CERDO ESENCIAL,insert,1,https://riba.app/imgrs/THUMBS%20500X500/147240.JPG,tabs/detalle-producto/147240,727.000,727.000,727.000,USD,1,{},"{""MARCA"": [""RIMITH""], ""CATEGORIA"": [""Carnes Y Embutidos""]}","[""Carnes Y Embutidos""]",,https://riba.app/imgrs/THUMBS%20500X500/147240.JPG,0,0,"[""127""]",727.000,2026-05-08 10:59:33
21260000000,CHICHARRONCITO,CHICHARRONCITO,CHICHARRONCITO,insert,1,https://riba.app/imgrs/THUMBS%20500X500/53801.JPG,tabs/detalle-producto/53801,895.000,895.000,895.000,USD,1,{},"{""MARCA"": [""RIMITH""], ""CATEGORIA"": [""Carnes Y Embutidos""]}","[""Carnes Y Embutidos""]",,https://riba.app/imgrs/THUMBS%20500X500/53801.JPG,0,0,"[""127""]",895.000,2026-05-08 10:59:33
21261800000,BREAKFAST SAUSAGE,BREAKFAST SAUSAGE,BREAKFAST SAUSAGE,insert,1,https://riba.app/imgrs/THUMBS%20500X500/63061.JPG,tabs/detalle-producto/63061,840.000,840.000,840.000,USD,1,{},"{""MARCA"": [""RIMITH""], ""CATEGORIA"": [""Carnes Y Embutidos""]}","[""Carnes Y Embutidos""]",,https://riba.app/imgrs/THUMBS%20500X500/63061.JPG,0,0,"[""127""]",840.000,2026-05-08 10:59:33
21262100000,BISTEC PICADO DE CERDO ESENCIA,BISTEC PICADO DE CERDO ESENCIA,BISTEC PICADO DE CERDO ESENCIA,insert,1,https://riba.app/imgrs/THUMBS%20500X500/147241.JPG,tabs/detalle-producto/147241,699.000,699.000,699.000,USD,1,{},"{""MARCA"": [""RIMITH""], ""CATEGORIA"": [""Carnes Y Embutidos""]}","[""Carnes Y Embutidos""]",,https://riba.app/imgrs/THUMBS%20500X500/147241.JPG,0,0,"[""127""]",699.000,2026-05-08 10:59:33
21263000000,LONGANIZA DE CERDO,LONGANIZA DE CERDO,LONGANIZA DE CERDO,insert,1,https://riba.app/imgrs/THUMBS%20500X500/23869.JPG,tabs/detalle-producto/23869,967.000,967.000,967.000,USD,1,{},"{""MARCA"": [""RIMITH""], ""CATEGORIA"": [""Carnes Y Embutidos""]}","[""Carnes Y Embutidos""]",,https://riba.app/imgrs/THUMBS%20500X500/23869.JPG,0,0,"[""127""]",967.000,2026-05-08 10:59:33
21263100000,GUISADO ESENCIAL,GUISADO ESENCIAL,GUISADO ESENCIAL,insert,1,https://riba.app/imgrs/THUMBS%20500X500/53813.JPG,tabs/detalle-producto/53813,822.000,822.000,822.000,USD,1,{},"{""MARCA"": [""RIMITH""], ""CATEGORIA"": [""Carnes Y Embutidos""]}","[""Carnes Y Embutidos""]",,https://riba.app/imgrs/THUMBS%20500X500/53813.JPG,0,0,"[""127""]",822.000,2026-05-08 10:59:33
21263200000,MILANESAS DE POLLO APANADO,MILANESAS DE POLLO APANADO,MILANESAS DE POLLO APANADO,insert,1,https://riba.app/imgrs/THUMBS%20500X500/63062.JPG,tabs/detalle-producto/63062,1.060.000,1.060.000,1.060.000,USD,1,{},"{""MARCA"": [""RIMITH""], ""CATEGORIA"": [""Comidas Preparadas""]}","[""Comidas Preparadas""]",,https://riba.app/imgrs/THUMBS%20500X500/63062.JPG,0,0,"[""91""]",1.060.000,2026-05-08 10:59:33
21264000000,CHORIZO FRESCO CERDO AL AJO,CHORIZO FRESCO CERDO AL AJO,CHORIZO FRESCO CERDO AL AJO,insert,1,https://riba.app/imgrs/THUMBS%20500X500/23870.JPG,tabs/detalle-producto/23870,1.090.000,1.090.000,1.090.000,USD,1,{},"{""MARCA"": [""RIMITH""], ""CATEGORIA"": [""Carnes Y Embutidos""]}","[""Carnes Y Embutidos""]",,https://riba.app/imgrs/THUMBS%20500X500/23870.JPG,0,0,"[""127""]",1.090.000,2026-05-08 10:59:33
21264100000,SIRLOIN CHOPS,SIRLOIN CHOPS,SIRLOIN CHOPS,insert,1,https://riba.app/imgrs/THUMBS%20500X500/277149.JPG,tabs/detalle-producto/277149,825.000,825.000,825.000,USD,1,{},"{""MARCA"": [""RIMITH""], ""CATEGORIA"": [""Carnes Y Embutidos""]}","[""Carnes Y Embutidos""]",,https://riba.app/imgrs/THUMBS%20500X500/277149.JPG,0,0,"[""127""]",825.000,2026-05-08 10:59:33
21264200000,PORTER HOUSE CHOPS,PORTER HOUSE CHOPS,PORTER HOUSE CHOPS,insert,1,https://riba.app/imgrs/THUMBS%20500X500/277150.JPG,tabs/detalle-producto/277150,825.000,825.000,825.000,USD,1,{},"{""MARCA"": [""RIMITH""], ""CATEGORIA"": [""Carnes Y Embutidos""]}","[""Carnes Y Embutidos""]",,https://riba.app/imgrs/THUMBS%20500X500/277150.JPG,0,0,"[""127""]",825.000,2026-05-08 10:59:33
21264300000,T-BONE CHOPS,T-BONE CHOPS,T-BONE CHOPS,insert,1,https://riba.app/imgrs/THUMBS%20500X500/277151.JPG,tabs/detalle-producto/277151,825.000,825.000,825.000,USD,1,{},"{""MARCA"": [""RIMITH""], ""CATEGORIA"": [""Carnes Y Embutidos""]}","[""Carnes Y Embutidos""]",,https://riba.app/imgrs/THUMBS%20500X500/277151.JPG,0,0,"[""127""]",825.000,2026-05-08 10:59:33
21264400000,RIBEYE CHOPS,RIBEYE CHOPS,RIBEYE CHOPS,insert,1,https://riba.app/imgrs/THUMBS%20500X500/277152.JPG,tabs/detalle-producto/277152,825.000,825.000,825.000,USD,1,{},"{""MARCA"": [""RIMITH""], ""CATEGORIA"": [""Carnes Y Embutidos""]}","[""Carnes Y Embutidos""]",,https://riba.app/imgrs/THUMBS%20500X500/277152.JPG,0,0,"[""127""]",825.000,2026-05-08 10:59:33
21264600000,RIBEYE CHOPS S/H,RIBEYE CHOPS S/H,RIBEYE CHOPS S/H,insert,1,https://riba.app/imgrs/THUMBS%20500X500/277153.JPG,tabs/detalle-producto/277153,825.000,825.000,825.000,USD,1,{},"{""MARCA"": [""RIMITH""], ""CATEGORIA"": [""Carnes Y Embutidos""]}","[""Carnes Y Embutidos""]",,https://riba.app/imgrs/THUMBS%20500X500/277153.JPG,0,0,"[""127""]",825.000,2026-05-08 10:59:33
21264700000,FILETE ESPECIAL DE CERDO,FILETE ESPECIAL DE CERDO,FILETE ESPECIAL DE CERDO,insert,1,https://riba.app/imgrs/THUMBS%20500X500/277154.JPG,tabs/detalle-producto/277154,1.375.000,1.375.000,1.375.000,USD,1,{},"{""MARCA"": [""RIMITH""], ""CATEGORIA"": [""Carnes Y Embutidos""]}","[""Carnes Y Embutidos""]",,https://riba.app/imgrs/THUMBS%20500X500/277154.JPG,0,0,"[""127""]",1.375.000,2026-05-08 10:59:33
21264800000,LOMO CHATO AL VACIO,LOMO CHATO AL VACIO,LOMO CHATO AL VACIO,insert,1,https://riba.app/imgrs/THUMBS%20500X500/289482.JPG,tabs/detalle-producto/289482,1.173.000,1.173.000,1.173.000,USD,1,{},"{""MARCA"": [""RIMITH""], ""CATEGORIA"": [""Carnes Y Embutidos""]}","[""Carnes Y Embutidos""]",,https://riba.app/imgrs/THUMBS%20500X500/289482.JPG,0,0,"[""127""]",1.173.000,2026-05-08 10:59:33
21271100000,RABO DE RES ,RABO DE RES ,RABO DE RES ,insert,1,https://riba.app/imgrs/THUMBS%20500X500/50091.JPG,tabs/detalle-producto/50091,847.000,847.000,847.000,USD,1,{},"{""MARCA"": [""RIMITH""], ""CATEGORIA"": [""Carnes Y Embutidos""]}","[""Carnes Y Embutidos""]",,https://riba.app/imgrs/THUMBS%20500X500/50091.JPG,0,0,"[""127""]",847.000,2026-05-08 10:59:33
21271200000,CHURRASCO DE PERNIL ESENCIAL,CHURRASCO DE PERNIL ESENCIAL,CHURRASCO DE PERNIL ESENCIAL,insert,1,https://riba.app/imgrs/THUMBS%20500X500/50090.JPG,tabs/detalle-producto/50090,861.000,861.000,861.000,USD,1,{},"{""MARCA"": [""RIMITH""], ""CATEGORIA"": [""Carnes Y Embutidos""]}","[""Carnes Y Embutidos""]",,https://riba.app/imgrs/THUMBS%20500X500/50090.JPG,0,0,"[""127""]",861.000,2026-05-08 10:59:33
21271600000,TROCITOS PERNIL MARINADO CRIOL,TROCITOS PERNIL MARINADO CRIOL,TROCITOS PERNIL MARINADO CRIOL,insert,1,https://riba.app/imgrs/THUMBS%20500X500/50092.JPG,tabs/detalle-producto/50092,795.000,795.000,795.000,USD,1,{},"{""MARCA"": [""RIMITH""], ""CATEGORIA"": [""Comidas Preparadas""]}","[""Comidas Preparadas""]",,https://riba.app/imgrs/THUMBS%20500X500/50092.JPG,0,0,"[""91""]",795.000,2026-05-08 10:59:33
21272200000,ASADO DE AGUJA,ASADO DE AGUJA,ASADO DE AGUJA,insert,1,https://riba.app/imgrs/THUMBS%20500X500/49048.JPG,tabs/detalle-producto/49048,1.108.000,1.108.000,1.108.000,USD,1,{},"{""MARCA"": [""RIMITH""], ""CATEGORIA"": [""Carnes Y Embutidos""]}","[""Carnes Y Embutidos""]",,https://riba.app/imgrs/THUMBS%20500X500/49048.JPG,0,0,"[""127""]",1.108.000,2026-05-08 10:59:33
21272300000,CHULETA CON TOCINO ESENCIAL,CHULETA CON TOCINO ESENCIAL,CHULETA CON TOCINO ESENCIAL,insert,1,https://riba.app/imgrs/THUMBS%20500X500/47929.JPG,tabs/detalle-producto/47929,777.000,777.000,777.000,USD,1,{},"{""MARCA"": [""RIMITH""], ""CATEGORIA"": [""Carnes Y Embutidos""]}","[""Carnes Y Embutidos""]",,https://riba.app/imgrs/THUMBS%20500X500/47929.JPG,0,0,"[""127""]",777.000,2026-05-08 10:59:33
21275200000,ALA DE PAVO PRECIO POR KILOGRAMO,ALA DE PAVO PRECIO POR KILOGRAMO,ALA DE PAVO PRECIO POR KILOGRAMO,insert,1,https://riba.app/imgrs/THUMBS%20500X500/49387.JPG,tabs/detalle-producto/49387,569.000,569.000,569.000,USD,1,{},"{""MARCA"": [""RIMITH""], ""CATEGORIA"": [""Carnes Y Embutidos""]}","[""Carnes Y Embutidos""]",,https://riba.app/imgrs/THUMBS%20500X500/49387.JPG,0,0,"[""127""]",569.000,2026-05-08 10:59:33
21275300000,PECHUGA DE PAVO PRECIO POR KILOGRAMO,PECHUGA DE PAVO PRECIO POR KILOGRAMO,PECHUGA DE PAVO PRECIO POR KILOGRAMO,insert,1,https://riba.app/imgrs/THUMBS%20500X500/49388.JPG,tabs/detalle-producto/49388,890.000,890.000,890.000,USD,1,{},"{""MARCA"": [""RIMITH""], ""CATEGORIA"": [""Carnes Y Embutidos""]}","[""Carnes Y Embutidos""]",,https://riba.app/imgrs/THUMBS%20500X500/49388.JPG,0,0,"[""127""]",890.000,2026-05-08 10:59:33
21275400000,MUSLO DE PAVO PRECIO POR KILOGRAMO,MUSLO DE PAVO PRECIO POR KILOGRAMO,MUSLO DE PAVO PRECIO POR KILOGRAMO,insert,1,https://riba.app/imgrs/THUMBS%20500X500/49389.JPG,tabs/detalle-producto/49389,682.000,682.000,682.000,USD,1,{},"{""MARCA"": [""RIMITH""], ""CATEGORIA"": [""Carnes Y Embutidos""]}","[""Carnes Y Embutidos""]",,https://riba.app/imgrs/THUMBS%20500X500/49389.JPG,0,0,"[""127""]",682.000,2026-05-08 10:59:33
21275500000,ENCUENTRO DE PAVO PRECIO POR KILOGRAMO,ENCUENTRO DE PAVO PRECIO POR KILOGRAMO,ENCUENTRO DE PAVO PRECIO POR KILOGRAMO,insert,1,https://riba.app/imgrs/THUMBS%20500X500/49390.JPG,tabs/detalle-producto/49390,568.000,568.000,568.000,USD,1,{},"{""MARCA"": [""RIMITH""], ""CATEGORIA"": [""Carnes Y Embutidos""]}","[""Carnes Y Embutidos""]",,https://riba.app/imgrs/THUMBS%20500X500/49390.JPG,0,0,"[""127""]",568.000,2026-05-08 10:59:33
21276600000,RIBEYE STEAK,RIBEYE STEAK,RIBEYE STEAK,insert,1,https://riba.app/imgrs/THUMBS%20500X500/254645.JPG,tabs/detalle-producto/254645,1.632.000,1.632.000,1.632.000,USD,1,{},"{""MARCA"": [""RIMITH""], ""CATEGORIA"": [""Carnes Y Embutidos""]}","[""Carnes Y Embutidos""]",,https://riba.app/imgrs/THUMBS%20500X500/254645.JPG,0,0,"[""127""]",1.632.000,2026-05-08 10:59:33
21276700000,FALDA BLANCA,FALDA BLANCA,FALDA BLANCA,insert,1,https://riba.app/imgrs/THUMBS%20500X500/254647.JPG,tabs/detalle-producto/254647,774.000,774.000,774.000,USD,1,{},"{""MARCA"": [""RIMITH""], ""CATEGORIA"": [""Carnes Y Embutidos""]}","[""Carnes Y Embutidos""]",,https://riba.app/imgrs/THUMBS%20500X500/254647.JPG,0,0,"[""127""]",774.000,2026-05-08 10:59:33
21278300000,RIBEYE CON HUESO CAB,RIBEYE CON HUESO CAB,RIBEYE CON HUESO CAB,insert,1,https://riba.app/imgrs/THUMBS%20500X500/213119.JPG,tabs/detalle-producto/213119,4.743.000,4.743.000,4.743.000,USD,1,{},"{""MARCA"": [""RIMITH (IMP)""], ""CATEGORIA"": [""Carnes Y Embutidos""]}","[""Carnes Y Embutidos""]",,https://riba.app/imgrs/THUMBS%20500X500/213119.JPG,0,0,"[""127""]",4.743.000,2026-05-08 10:59:33
21279000000,PINCHOS DE RES ,PINCHOS DE RES ,PINCHOS DE RES ,insert,1,https://riba.app/imgrs/THUMBS%20500X500/254635.JPG,tabs/detalle-producto/254635,952.000,952.000,952.000,USD,1,{},"{""MARCA"": [""RIMITH""], ""CATEGORIA"": [""Carnes Y Embutidos""]}","[""Carnes Y Embutidos""]",,https://riba.app/imgrs/THUMBS%20500X500/254635.JPG,0,0,"[""127""]",952.000,2026-05-08 10:59:33
21279100000,PINCHOS DE CERDO,PINCHOS DE CERDO,PINCHOS DE CERDO,insert,1,https://riba.app/imgrs/THUMBS%20500X500/254639.JPG,tabs/detalle-producto/254639,1.146.000,1.146.000,1.146.000,USD,1,{},"{""MARCA"": [""RIMITH""], ""CATEGORIA"": [""Carnes Y Embutidos""]}","[""Carnes Y Embutidos""]",,https://riba.app/imgrs/THUMBS%20500X500/254639.JPG,0,0,"[""127""]",1.146.000,2026-05-08 10:59:33
21279200000,CHULETA SELECTA,CHULETA SELECTA,CHULETA SELECTA,insert,1,https://riba.app/imgrs/THUMBS%20500X500/254640.JPG,tabs/detalle-producto/254640,1.343.000,1.343.000,1.343.000,USD,1,{},"{""MARCA"": [""RIMITH""], ""CATEGORIA"": [""Carnes Y Embutidos""]}","[""Carnes Y Embutidos""]",,https://riba.app/imgrs/THUMBS%20500X500/254640.JPG,0,0,"[""127""]",1.343.000,2026-05-08 10:59:33
21279300000,MILANESA DE CERDO,MILANESA DE CERDO,MILANESA DE CERDO,insert,1,https://riba.app/imgrs/THUMBS%20500X500/254642.JPG,tabs/detalle-producto/254642,924.000,924.000,924.000,USD,1,{},"{""MARCA"": [""RIMITH""], ""CATEGORIA"": [""Comidas Preparadas""]}","[""Comidas Preparadas""]",,https://riba.app/imgrs/THUMBS%20500X500/254642.JPG,0,0,"[""91""]",924.000,2026-05-08 10:59:33
21279400000,PUNTA DE PALOMILLA CERDO REBAN,PUNTA DE PALOMILLA CERDO REBAN,PUNTA DE PALOMILLA CERDO REBAN,insert,1,https://riba.app/imgrs/THUMBS%20500X500/254644.JPG,tabs/detalle-producto/254644,919.000,919.000,919.000,USD,1,{},"{""MARCA"": [""RIMITH""], ""CATEGORIA"": [""Carnes Y Embutidos""]}","[""Carnes Y Embutidos""]",,https://riba.app/imgrs/THUMBS%20500X500/254644.JPG,0,0,"[""127""]",919.000,2026-05-08 10:59:33
21281100000,BABILLA  CP,BABILLA  CP,BABILLA  CP,insert,1,https://riba.app/imgrs/THUMBS%20500X500/219315.JPG,tabs/detalle-producto/219315,660.000,660.000,660.000,USD,1,{},"{""MARCA"": [""RIMITH""], ""CATEGORIA"": [""Carnes Y Embutidos""]}","[""Carnes Y Embutidos""]",,https://riba.app/imgrs/THUMBS%20500X500/219315.JPG,0,0,"[""127""]",660.000,2026-05-08 10:59:33
21281200000,BISTEC DE CINTA CON HUESO  CP,BISTEC DE CINTA CON HUESO  CP,BISTEC DE CINTA CON HUESO  CP,insert,1,https://riba.app/imgrs/THUMBS%20500X500/219316.JPG,tabs/detalle-producto/219316,562.000,562.000,562.000,USD,1,{},"{""MARCA"": [""RIMITH""], ""CATEGORIA"": [""Carnes Y Embutidos""]}","[""Carnes Y Embutidos""]",,https://riba.app/imgrs/THUMBS%20500X500/219316.JPG,0,0,"[""127""]",562.000,2026-05-08 10:59:33
21281300000,JARRETE  CP,JARRETE  CP,JARRETE  CP,insert,1,https://riba.app/imgrs/THUMBS%20500X500/219317.JPG,tabs/detalle-producto/219317,615.000,615.000,615.000,USD,1,{},"{""MARCA"": [""RIMITH""], ""CATEGORIA"": [""Carnes Y Embutidos""]}","[""Carnes Y Embutidos""]",,https://riba.app/imgrs/THUMBS%20500X500/219317.JPG,0,0,"[""127""]",615.000,2026-05-08 10:59:33
21281400000,CHULETA CERDO COGOTE REG  CP,CHULETA CERDO COGOTE REG  CP,CHULETA CERDO COGOTE REG  CP,insert,1,https://riba.app/imgrs/THUMBS%20500X500/219319.JPG,tabs/detalle-producto/219319,636.000,636.000,636.000,USD,1,{},"{""MARCA"": [""RIMITH""], ""CATEGORIA"": [""Carnes Y Embutidos""]}","[""Carnes Y Embutidos""]",,https://riba.app/imgrs/THUMBS%20500X500/219319.JPG,0,0,"[""127""]",636.000,2026-05-08 10:59:33
21281500000,CARNE MOLIDA DE PRIMERA 85-15,CARNE MOLIDA DE PRIMERA 85-15,CARNE MOLIDA DE PRIMERA 85-15,insert,1,https://riba.app/imgrs/THUMBS%20500X500/219321.JPG,tabs/detalle-producto/219321,474.000,474.000,474.000,USD,1,{},"{""MARCA"": [""RIMITH""], ""CATEGORIA"": [""Carnes Y Embutidos""]}","[""Carnes Y Embutidos""]",,https://riba.app/imgrs/THUMBS%20500X500/219321.JPG,0,0,"[""127""]",474.000,2026-05-08 10:59:33
21281600000,PECHO CON COSTILLA  CP,PECHO CON COSTILLA  CP,PECHO CON COSTILLA  CP,insert,1,https://riba.app/imgrs/THUMBS%20500X500/219322.JPG,tabs/detalle-producto/219322,406.000,406.000,406.000,USD,1,{},"{""MARCA"": [""RIMITH""], ""CATEGORIA"": [""Carnes Y Embutidos""]}","[""Carnes Y Embutidos""]",,https://riba.app/imgrs/THUMBS%20500X500/219322.JPG,0,0,"[""127""]",406.000,2026-05-08 10:59:33
21281700000,CARNE MOLIDA DE RES 10 %,CARNE MOLIDA DE RES 10 %,CARNE MOLIDA DE RES 10 %,insert,1,https://riba.app/imgrs/THUMBS%20500X500/212754.JPG,tabs/detalle-producto/212754,991.000,991.000,991.000,USD,1,{},"{""MARCA"": [""RIMITH""], ""CATEGORIA"": [""Carnes Y Embutidos""]}","[""Carnes Y Embutidos""]",,https://riba.app/imgrs/THUMBS%20500X500/212754.JPG,0,0,"[""127""]",991.000,2026-05-08 10:59:33
21282200000,TIRAS DE RIBEYE,TIRAS DE RIBEYE,TIRAS DE RIBEYE,insert,1,https://riba.app/imgrs/THUMBS%20500X500/254651.JPG,tabs/detalle-producto/254651,838.000,838.000,838.000,USD,1,{},"{""MARCA"": [""RIMITH""], ""CATEGORIA"": [""Carnes Y Embutidos""]}","[""Carnes Y Embutidos""]",,https://riba.app/imgrs/THUMBS%20500X500/254651.JPG,0,0,"[""127""]",838.000,2026-05-08 10:59:33
21283400000,BISTEK DE PULPA BLANCA T&J,BISTEK DE PULPA BLANCA T&J,BISTEK DE PULPA BLANCA T&J,insert,1,https://riba.app/imgrs/THUMBS%20500X500/233195.JPG,tabs/detalle-producto/233195,1.016.000,1.016.000,1.016.000,USD,1,{},"{""MARCA"": [""RIMITH""], ""CATEGORIA"": [""Carnes Y Embutidos""]}","[""Carnes Y Embutidos""]",,https://riba.app/imgrs/THUMBS%20500X500/233195.JPG,0,0,"[""127""]",1.016.000,2026-05-08 10:59:33
21283500000,COSTILLA DE CERDO T&J,COSTILLA DE CERDO T&J,COSTILLA DE CERDO T&J,insert,1,https://riba.app/imgrs/THUMBS%20500X500/233201.JPG,tabs/detalle-producto/233201,883.000,883.000,883.000,USD,1,{},"{""MARCA"": [""RIMITH""], ""CATEGORIA"": [""Carnes Y Embutidos""]}","[""Carnes Y Embutidos""]",,https://riba.app/imgrs/THUMBS%20500X500/233201.JPG,0,0,"[""127""]",883.000,2026-05-08 10:59:33
21284100000,BISTEC PICADO AL VACIO,BISTEC PICADO AL VACIO,BISTEC PICADO AL VACIO,insert,1,https://riba.app/imgrs/THUMBS%20500X500/289483.JPG,tabs/detalle-producto/289483,668.000,668.000,668.000,USD,1,{},"{""MARCA"": [""RIMITH""], ""CATEGORIA"": [""Carnes Y Embutidos""]}","[""Carnes Y Embutidos""]",,https://riba.app/imgrs/THUMBS%20500X500/289483.JPG,0,0,"[""127""]",668.000,2026-05-08 10:59:33
21287400000,COSTILLA ESPECIAL EN TIRA,COSTILLA ESPECIAL EN TIRA,COSTILLA ESPECIAL EN TIRA,insert,1,https://riba.app/imgrs/THUMBS%20500X500/254649.JPG,tabs/detalle-producto/254649,791.000,791.000,791.000,USD,1,{},"{""MARCA"": [""RIMITH""], ""CATEGORIA"": [""Carnes Y Embutidos""]}","[""Carnes Y Embutidos""]",,https://riba.app/imgrs/THUMBS%20500X500/254649.JPG,0,0,"[""127""]",791.000,2026-05-08 10:59:33
21287900000,CHISTORRA FRESCA,CHISTORRA FRESCA,CHISTORRA FRESCA,insert,1,https://riba.app/imgrs/THUMBS%20500X500/63063.JPG,tabs/detalle-producto/63063,1.059.000,1.059.000,1.059.000,USD,1,{},"{""MARCA"": [""RIMITH""], ""CATEGORIA"": [""Carnes Y Embutidos""]}","[""Carnes Y Embutidos""]",,https://riba.app/imgrs/THUMBS%20500X500/63063.JPG,0,0,"[""127""]",1.059.000,2026-05-08 10:59:33
21288100000,BUTIFARRA,BUTIFARRA,BUTIFARRA,insert,1,https://riba.app/imgrs/THUMBS%20500X500/53819.JPG,tabs/detalle-producto/53819,1.687.000,1.687.000,1.687.000,USD,1,{},"{""MARCA"": [""RIMITH""], ""CATEGORIA"": [""Carnes Y Embutidos""]}","[""Carnes Y Embutidos""]",,https://riba.app/imgrs/THUMBS%20500X500/53819.JPG,0,0,"[""127""]",1.687.000,2026-05-08 10:59:33
21288200000,CHORIZO TIPO ESPAÑOL CHEDDAR,CHORIZO TIPO ESPAÑOL CHEDDAR,CHORIZO TIPO ESPAÑOL CHEDDAR,insert,1,https://riba.app/imgrs/THUMBS%20500X500/53820.JPG,tabs/detalle-producto/53820,1.300.000,1.300.000,1.300.000,USD,1,{},"{""MARCA"": [""RIMITH""], ""CATEGORIA"": [""Carnes Y Embutidos""]}","[""Carnes Y Embutidos""]",,https://riba.app/imgrs/THUMBS%20500X500/53820.JPG,0,0,"[""127""]",1.300.000,2026-05-08 10:59:33
21288300000,LONGANIZA A LA CERVEZA,LONGANIZA A LA CERVEZA,LONGANIZA A LA CERVEZA,insert,1,https://riba.app/imgrs/THUMBS%20500X500/53821.JPG,tabs/detalle-producto/53821,993.000,993.000,993.000,USD,1,{},"{""MARCA"": [""RIMITH""], ""CATEGORIA"": [""Carnes Y Embutidos""]}","[""Carnes Y Embutidos""]",,https://riba.app/imgrs/THUMBS%20500X500/53821.JPG,0,0,"[""127""]",993.000,2026-05-08 10:59:33
21293600000,CHORIZO TIPO AHUMADO,CHORIZO TIPO AHUMADO,CHORIZO TIPO AHUMADO,insert,1,https://riba.app/imgrs/THUMBS%20500X500/53829.JPG,tabs/detalle-producto/53829,1.069.000,1.069.000,1.069.000,USD,1,{},"{""MARCA"": [""RIMITH""], ""CATEGORIA"": [""Carnes Y Embutidos""]}","[""Carnes Y Embutidos""]",,https://riba.app/imgrs/THUMBS%20500X500/53829.JPG,0,0,"[""127""]",1.069.000,2026-05-08 10:59:33
21293700000,GUISADO DE RES AL VACIO,GUISADO DE RES AL VACIO,GUISADO DE RES AL VACIO,insert,1,https://riba.app/imgrs/THUMBS%20500X500/289484.JPG,tabs/detalle-producto/289484,665.000,665.000,665.000,USD,1,{},"{""MARCA"": [""RIMITH""], ""CATEGORIA"": [""Carnes Y Embutidos""]}","[""Carnes Y Embutidos""]",,https://riba.app/imgrs/THUMBS%20500X500/289484.JPG,0,0,"[""127""]",665.000,2026-05-08 10:59:33
21295100000,CHORIZO CERDO TIPO TABLEN1,CHORIZO CERDO TIPO TABLEN1,CHORIZO CERDO TIPO TABLEN1,insert,1,https://riba.app/imgrs/THUMBS%20500X500/53833.JPG,tabs/detalle-producto/53833,799.000,799.000,799.000,USD,1,{},"{""MARCA"": [""RIMITH""], ""CATEGORIA"": [""Carnes Y Embutidos""]}","[""Carnes Y Embutidos""]",,https://riba.app/imgrs/THUMBS%20500X500/53833.JPG,0,0,"[""127""]",799.000,2026-05-08 10:59:33
21295200000,CHORIZO PICANTE DE CERDO,CHORIZO PICANTE DE CERDO,CHORIZO PICANTE DE CERDO,insert,1,https://riba.app/imgrs/THUMBS%20500X500/53834.JPG,tabs/detalle-producto/53834,1.069.000,1.069.000,1.069.000,USD,1,{},"{""MARCA"": [""RIMITH""], ""CATEGORIA"": [""Carnes Y Embutidos""]}","[""Carnes Y Embutidos""]",,https://riba.app/imgrs/THUMBS%20500X500/53834.JPG,0,0,"[""127""]",1.069.000,2026-05-08 10:59:33
21295300000,CHORIZO FINO DE CERDO,CHORIZO FINO DE CERDO,CHORIZO FINO DE CERDO,insert,1,https://riba.app/imgrs/THUMBS%20500X500/53835.JPG,tabs/detalle-producto/53835,1.120.000,1.120.000,1.120.000,USD,1,{},"{""MARCA"": [""RIMITH""], ""CATEGORIA"": [""Carnes Y Embutidos""]}","[""Carnes Y Embutidos""]",,https://riba.app/imgrs/THUMBS%20500X500/53835.JPG,0,0,"[""127""]",1.120.000,2026-05-08 10:59:33
21295800000,LONGANIZA FINA SIN ANISETE,LONGANIZA FINA SIN ANISETE,LONGANIZA FINA SIN ANISETE,insert,1,https://riba.app/imgrs/THUMBS%20500X500/53840.JPG,tabs/detalle-producto/53840,1.029.000,1.029.000,1.029.000,USD,1,{},"{""MARCA"": [""RIMITH""], ""CATEGORIA"": [""Carnes Y Embutidos""]}","[""Carnes Y Embutidos""]",,https://riba.app/imgrs/THUMBS%20500X500/53840.JPG,0,0,"[""127""]",1.029.000,2026-05-08 10:59:33
21298200000,HAMBURGUESA DE CERDO Y RES,HAMBURGUESA DE CERDO Y RES,HAMBURGUESA DE CERDO Y RES,insert,1,https://riba.app/imgrs/THUMBS%20500X500/53857.JPG,tabs/detalle-producto/53857,1.380.000,1.380.000,1.380.000,USD,1,{},"{""MARCA"": [""RIMITH""], ""CATEGORIA"": [""Carnes Y Embutidos""]}","[""Carnes Y Embutidos""]",,https://riba.app/imgrs/THUMBS%20500X500/53857.JPG,0,0,"[""127""]",1.380.000,2026-05-08 10:59:33
21298400000,BROCHETAS PINCHOS DE CERDO,BROCHETAS PINCHOS DE CERDO,BROCHETAS PINCHOS DE CERDO,insert,1,https://riba.app/imgrs/THUMBS%20500X500/53859.JPG,tabs/detalle-producto/53859,795.000,795.000,795.000,USD,1,{},"{""MARCA"": [""RIMITH""], ""CATEGORIA"": [""Carnes Y Embutidos""]}","[""Carnes Y Embutidos""]",,https://riba.app/imgrs/THUMBS%20500X500/53859.JPG,0,0,"[""127""]",795.000,2026-05-08 10:59:33
21298500000,BROCHETAS PINCHOS DE RES,BROCHETAS PINCHOS DE RES,BROCHETAS PINCHOS DE RES,insert,1,https://riba.app/imgrs/THUMBS%20500X500/53860.JPG,tabs/detalle-producto/53860,854.000,854.000,854.000,USD,1,{},"{""MARCA"": [""RIMITH""], ""CATEGORIA"": [""Carnes Y Embutidos""]}","[""Carnes Y Embutidos""]",,https://riba.app/imgrs/THUMBS%20500X500/53860.JPG,0,0,"[""127""]",854.000,2026-05-08 10:59:33
21299000000,HAMBURGUESA DE POLLO BUTIFARRA,HAMBURGUESA DE POLLO BUTIFARRA,HAMBURGUESA DE POLLO BUTIFARRA,insert,1,https://riba.app/imgrs/THUMBS%20500X500/53864.JPG,tabs/detalle-producto/53864,1.053.000,1.053.000,1.053.000,USD,1,{},"{""MARCA"": [""RIMITH""], ""CATEGORIA"": [""Carnes Y Embutidos""]}","[""Carnes Y Embutidos""]",,https://riba.app/imgrs/THUMBS%20500X500/53864.JPG,0,0,"[""127""]",1.053.000,2026-05-08 10:59:33
2130005,COCTEL DE CORVINA  Y MANZANA ,COCTEL DE CORVINA  Y MANZANA ,COCTEL DE CORVINA  Y MANZANA ,insert,1,https://riba.app/imgrs/THUMBS%20500X500/209998.JPG,tabs/detalle-producto/209998,1.920.000,1.920.000,1.920.000,USD,1,{},"{""MARCA"": [""RIMITH""], ""CATEGORIA"": [""MARISCOS""]}","[""MARISCOS""]",,https://riba.app/imgrs/THUMBS%20500X500/209998.JPG,0,0,"[""267""]",1.920.000,2026-05-08 10:59:33
2130015,COCTEL DE GUANDU,COCTEL DE GUANDU,COCTEL DE GUANDU,insert,1,https://riba.app/imgrs/THUMBS%20500X500/353350.JPG,tabs/detalle-producto/353350,450.000,450.000,450.000,USD,1,{},"{""MARCA"": [""RIMITH""], ""CATEGORIA"": [""Snacks""]}","[""Snacks""]",,https://riba.app/imgrs/THUMBS%20500X500/353350.JPG,0,0,"[""296""]",450.000,2026-05-08 10:59:33
2130127,COCTEL DE CORVINA Y MANZANA ,COCTEL DE CORVINA Y MANZANA ,COCTEL DE CORVINA Y MANZANA ,insert,1,https://riba.app/imgrs/THUMBS%20500X500/9180.JPG,tabs/detalle-producto/9180,980.000,980.000,980.000,USD,1,{},"{""MARCA"": [""RIMITH""], ""CATEGORIA"": [""MARISCOS""]}","[""MARISCOS""]",,https://riba.app/imgrs/THUMBS%20500X500/9180.JPG,0,0,"[""267""]",980.000,2026-05-08 10:59:33
2130170,COCTEL DE CORVINA Y MANZANA ,COCTEL DE CORVINA Y MANZANA ,COCTEL DE CORVINA Y MANZANA ,insert,1,https://riba.app/imgrs/THUMBS%20500X500/59435.JPG,tabs/detalle-producto/59435,510.000,510.000,510.000,USD,1,{},"{""MARCA"": [""RIMITH""], ""CATEGORIA"": [""MARISCOS""]}","[""MARISCOS""]",,https://riba.app/imgrs/THUMBS%20500X500/59435.JPG,0,0,"[""267""]",510.000,2026-05-08 10:59:33
2130288,CEVICHE DE CAMARON ,CEVICHE DE CAMARON ,CEVICHE DE CAMARON ,insert,1,https://riba.app/imgrs/THUMBS%20500X500/342378.JPG,tabs/detalle-producto/342378,400.000,400.000,400.000,USD,1,{},"{""MARCA"": [""RIMITH""], ""CATEGORIA"": [""MARISCOS""]}","[""MARISCOS""]",,https://riba.app/imgrs/THUMBS%20500X500/342378.JPG,0,0,"[""267""]",400.000,2026-05-08 10:59:33
2130289,CEVICHE DE CAMARON,CEVICHE DE CAMARON,CEVICHE DE CAMARON,insert,1,https://riba.app/imgrs/THUMBS%20500X500/342379.JPG,tabs/detalle-producto/342379,750.000,750.000,750.000,USD,1,{},"{""MARCA"": [""RIMITH""], ""CATEGORIA"": [""MARISCOS""]}","[""MARISCOS""]",,https://riba.app/imgrs/THUMBS%20500X500/342379.JPG,0,0,"[""267""]",750.000,2026-05-08 10:59:33
2130291,COCTEL DE CAMARON ,COCTEL DE CAMARON ,COCTEL DE CAMARON ,insert,1,https://riba.app/imgrs/THUMBS%20500X500/342381.JPG,tabs/detalle-producto/342381,595.000,595.000,595.000,USD,1,{},"{""MARCA"": [""RIMITH""], ""CATEGORIA"": [""MARISCOS""]}","[""MARISCOS""]",,https://riba.app/imgrs/THUMBS%20500X500/342381.JPG,0,0,"[""267""]",595.000,2026-05-08 10:59:33
2130292,COCTEL DE CAMARON ,COCTEL DE CAMARON ,COCTEL DE CAMARON ,insert,1,https://riba.app/imgrs/THUMBS%20500X500/342382.JPG,tabs/detalle-producto/342382,1.120.000,1.120.000,1.120.000,USD,1,{},"{""MARCA"": [""RIMITH""], ""CATEGORIA"": [""MARISCOS""]}","[""MARISCOS""]",,https://riba.app/imgrs/THUMBS%20500X500/342382.JPG,0,0,"[""267""]",1.120.000,2026-05-08 10:59:33
2140217,HELADO  CHOCOAVELLANA,HELADO  CHOCOAVELLANA,HELADO  CHOCOAVELLANA,insert,1,https://riba.app/imgrs/THUMBS%20500X500/74667.JPG,tabs/detalle-producto/74667,550.000,550.000,550.000,USD,1,{},"{""MARCA"": [""RIMITH""], ""CATEGORIA"": [""CONGELADO""]}","[""CONGELADO""]",,https://riba.app/imgrs/THUMBS%20500X500/74667.JPG,0,0,"[""305""]",550.000,2026-05-08 10:59:33
2140223,HELADO CON CAFE NF/RA,HELADO CON CAFE NF/RA,HELADO CON CAFE NF/RA,insert,1,https://riba.app/imgrs/THUMBS%20500X500/76563.JPG,tabs/detalle-producto/76563,135.000,135.000,135.000,USD,1,{},"{""MARCA"": [""RIMITH""], ""CATEGORIA"": [""CONGELADO""]}","[""CONGELADO""]",,https://riba.app/imgrs/THUMBS%20500X500/76563.JPG,0,0,"[""305""]",135.000,2026-05-08 10:59:33
2140228,HELADO CHOCOLATE LF RA,HELADO CHOCOLATE LF RA,HELADO CHOCOLATE LF RA,insert,1,https://riba.app/imgrs/THUMBS%20500X500/76572.JPG,tabs/detalle-producto/76572,135.000,135.000,135.000,USD,1,{},"{""MARCA"": [""RIMITH""], ""CATEGORIA"": [""CONGELADO""]}","[""CONGELADO""]",,https://riba.app/imgrs/THUMBS%20500X500/76572.JPG,0,0,"[""305""]",135.000,2026-05-08 10:59:33
2140232,HELADO CON CHOCOLATE LF,HELADO CON CHOCOLATE LF,HELADO CON CHOCOLATE LF,insert,1,https://riba.app/imgrs/THUMBS%20500X500/76569.JPG,tabs/detalle-producto/76569,450.000,450.000,450.000,USD,1,{},"{""MARCA"": [""RIMITH""], ""CATEGORIA"": [""CONGELADO""]}","[""CONGELADO""]",,https://riba.app/imgrs/THUMBS%20500X500/76569.JPG,0,0,"[""305""]",450.000,2026-05-08 10:59:33
2140238,HELADO CON YOGURT FRESA,HELADO CON YOGURT FRESA,HELADO CON YOGURT FRESA,insert,1,https://riba.app/imgrs/THUMBS%20500X500/58427.JPG,tabs/detalle-producto/58427,495.000,495.000,495.000,USD,1,{},"{""MARCA"": [""RIMITH""], ""CATEGORIA"": [""CONGELADO""]}","[""CONGELADO""]",,https://riba.app/imgrs/THUMBS%20500X500/58427.JPG,0,0,"[""305""]",495.000,2026-05-08 10:59:33
2140243,HELADO C YOGURT NATURAL,HELADO C YOGURT NATURAL,HELADO C YOGURT NATURAL,insert,1,https://riba.app/imgrs/THUMBS%20500X500/78453.JPG,tabs/detalle-producto/78453,395.000,395.000,395.000,USD,1,{},"{""MARCA"": [""RIMITH""], ""CATEGORIA"": [""CONGELADO""]}","[""CONGELADO""]",,https://riba.app/imgrs/THUMBS%20500X500/78453.JPG,0,0,"[""305""]",395.000,2026-05-08 10:59:33
2140246,HELADO C YOGURT MELOCOTON,HELADO C YOGURT MELOCOTON,HELADO C YOGURT MELOCOTON,insert,1,https://riba.app/imgrs/THUMBS%20500X500/78456.JPG,tabs/detalle-producto/78456,495.000,495.000,495.000,USD,1,{},"{""MARCA"": [""RIMITH""], ""CATEGORIA"": [""CONGELADO""]}","[""CONGELADO""]",,https://riba.app/imgrs/THUMBS%20500X500/78456.JPG,0,0,"[""305""]",495.000,2026-05-08 10:59:33
2140247,HELADO C YOGURT FRAMBUESA,HELADO C YOGURT FRAMBUESA,HELADO C YOGURT FRAMBUESA,insert,1,https://riba.app/imgrs/THUMBS%20500X500/78458.JPG,tabs/detalle-producto/78458,495.000,495.000,495.000,USD,1,{},"{""MARCA"": [""RIMITH""], ""CATEGORIA"": [""CONGELADO""]}","[""CONGELADO""]",,https://riba.app/imgrs/THUMBS%20500X500/78458.JPG,0,0,"[""305""]",495.000,2026-05-08 10:59:33
2140249,HELADO CON YOGURT KIWI,HELADO CON YOGURT KIWI,HELADO CON YOGURT KIWI,insert,1,https://riba.app/imgrs/THUMBS%20500X500/78460.JPG,tabs/detalle-producto/78460,395.000,395.000,395.000,USD,1,{},"{""MARCA"": [""RIMITH""], ""CATEGORIA"": [""CONGELADO""]}","[""CONGELADO""]",,https://riba.app/imgrs/THUMBS%20500X500/78460.JPG,0,0,"[""305""]",395.000,2026-05-08 10:59:33
2140281,HELADO CON GUANABANA NF,HELADO CON GUANABANA NF,HELADO CON GUANABANA NF,insert,1,https://riba.app/imgrs/THUMBS%20500X500/105138.JPG,tabs/detalle-producto/105138,550.000,550.000,550.000,USD,1,{},"{""MARCA"": [""RIMITH""], ""CATEGORIA"": [""CONGELADO""]}","[""CONGELADO""]",,https://riba.app/imgrs/THUMBS%20500X500/105138.JPG,0,0,"[""305""]",550.000,2026-05-08 10:59:33
2140320,HELADO AMERICANA CON BROWNIE,HELADO AMERICANA CON BROWNIE,HELADO AMERICANA CON BROWNIE,insert,1,https://riba.app/imgrs/THUMBS%20500X500/119963.JPG,tabs/detalle-producto/119963,495.000,495.000,495.000,USD,1,{},"{""MARCA"": [""RIMITH""], ""CATEGORIA"": [""CONGELADO""]}","[""CONGELADO""]",,https://riba.app/imgrs/THUMBS%20500X500/119963.JPG,0,0,"[""305""]",495.000,2026-05-08 10:59:33
2140322,HELADO CHOCOALMENDRA,HELADO CHOCOALMENDRA,HELADO CHOCOALMENDRA,insert,1,https://riba.app/imgrs/THUMBS%20500X500/119969.JPG,tabs/detalle-producto/119969,550.000,550.000,550.000,USD,1,{},"{""MARCA"": [""RIMITH""], ""CATEGORIA"": [""CONGELADO""]}","[""CONGELADO""]",,https://riba.app/imgrs/THUMBS%20500X500/119969.JPG,0,0,"[""305""]",550.000,2026-05-08 10:59:33
2140323,HELADO C CHOCOMALVA NUE,HELADO C CHOCOMALVA NUE,HELADO C CHOCOMALVA NUE,insert,1,https://riba.app/imgrs/THUMBS%20500X500/121895.JPG,tabs/detalle-producto/121895,495.000,495.000,495.000,USD,1,{},"{""MARCA"": [""RIMITH""], ""CATEGORIA"": [""CONGELADO""]}","[""CONGELADO""]",,https://riba.app/imgrs/THUMBS%20500X500/121895.JPG,0,0,"[""305""]",495.000,2026-05-08 10:59:33
2140388,HELADO C CHOCOLATE NEGRO,HELADO C CHOCOLATE NEGRO,HELADO C CHOCOLATE NEGRO,insert,1,https://riba.app/imgrs/THUMBS%20500X500/162850.JPG,tabs/detalle-producto/162850,450.000,450.000,450.000,USD,1,{},"{""MARCA"": [""RIMITH""], ""CATEGORIA"": [""CONGELADO""]}","[""CONGELADO""]",,https://riba.app/imgrs/THUMBS%20500X500/162850.JPG,0,0,"[""305""]",450.000,2026-05-08 10:59:33
2140423,TACOS PEPERONI,TACOS PEPERONI,TACOS PEPERONI,insert,1,https://riba.app/imgrs/THUMBS%20500X500/174005.JPG,tabs/detalle-producto/174005,330.000,330.000,330.000,USD,1,{},"{""MARCA"": [""RIMITH""], ""CATEGORIA"": [""Comidas Preparadas""]}","[""Comidas Preparadas""]",,https://riba.app/imgrs/THUMBS%20500X500/174005.JPG,0,0,"[""91""]",330.000,2026-05-08 10:59:33
2140424,TACOS JAMON,TACOS JAMON,TACOS JAMON,insert,1,https://riba.app/imgrs/THUMBS%20500X500/174006.JPG,tabs/detalle-producto/174006,330.000,330.000,330.000,USD,1,{},"{""MARCA"": [""RIMITH""], ""CATEGORIA"": [""Comidas Preparadas""]}","[""Comidas Preparadas""]",,https://riba.app/imgrs/THUMBS%20500X500/174006.JPG,0,0,"[""91""]",330.000,2026-05-08 10:59:33
2140425,TACOS SALAMI ,TACOS SALAMI ,TACOS SALAMI ,insert,1,https://riba.app/imgrs/THUMBS%20500X500/174007.JPG,tabs/detalle-producto/174007,330.000,330.000,330.000,USD,1,{},"{""MARCA"": [""RIMITH""], ""CATEGORIA"": [""Comidas Preparadas""]}","[""Comidas Preparadas""]",,https://riba.app/imgrs/THUMBS%20500X500/174007.JPG,0,0,"[""91""]",330.000,2026-05-08 10:59:33
2140427,TACOS COMBINACION  ,TACOS COMBINACION  ,TACOS COMBINACION  ,insert,1,https://riba.app/imgrs/THUMBS%20500X500/174009.JPG,tabs/detalle-producto/174009,330.000,330.000,330.000,USD,1,{},"{""MARCA"": [""RIMITH""], ""CATEGORIA"": [""Comidas Preparadas""]}","[""Comidas Preparadas""]",,https://riba.app/imgrs/THUMBS%20500X500/174009.JPG,0,0,"[""91""]",330.000,2026-05-08 10:59:33
2140428,TACOS ENCHIL POLLO ,TACOS ENCHIL POLLO ,TACOS ENCHIL POLLO ,insert,1,https://riba.app/imgrs/THUMBS%20500X500/174010.JPG,tabs/detalle-producto/174010,330.000,330.000,330.000,USD,1,{},"{""MARCA"": [""RIMITH""], ""CATEGORIA"": [""Comidas Preparadas""]}","[""Comidas Preparadas""]",,https://riba.app/imgrs/THUMBS%20500X500/174010.JPG,0,0,"[""91""]",330.000,2026-05-08 10:59:33
2140429,TACOS ENCHIL PEPERONI ,TACOS ENCHIL PEPERONI ,TACOS ENCHIL PEPERONI ,insert,1,https://riba.app/imgrs/THUMBS%20500X500/174011.JPG,tabs/detalle-producto/174011,315.000,315.000,315.000,USD,1,{},"{""MARCA"": [""RIMITH""], ""CATEGORIA"": [""Comidas Preparadas""]}","[""Comidas Preparadas""]",,https://riba.app/imgrs/THUMBS%20500X500/174011.JPG,0,0,"[""91""]",315.000,2026-05-08 10:59:33
2140430,TACOS ENCHIL COMBINACION,TACOS ENCHIL COMBINACION,TACOS ENCHIL COMBINACION,insert,1,https://riba.app/imgrs/THUMBS%20500X500/174012.JPG,tabs/detalle-producto/174012,315.000,315.000,315.000,USD,1,{},"{""MARCA"": [""RIMITH""], ""CATEGORIA"": [""Comidas Preparadas""]}","[""Comidas Preparadas""]",,https://riba.app/imgrs/THUMBS%20500X500/174012.JPG,0,0,"[""91""]",315.000,2026-05-08 10:59:33
2140432, PITA JAMON, PITA JAMON, PITA JAMON,insert,1,https://riba.app/imgrs/THUMBS%20500X500/174014.JPG,tabs/detalle-producto/174014,515.000,515.000,515.000,USD,1,{},"{""MARCA"": [""RIMITH""], ""CATEGORIA"": [""Comidas Preparadas""]}","[""Comidas Preparadas""]",,https://riba.app/imgrs/THUMBS%20500X500/174014.JPG,0,0,"[""91""]",515.000,2026-05-08 10:59:33
2140433, PITA PEPERONI, PITA PEPERONI, PITA PEPERONI,insert,1,https://riba.app/imgrs/THUMBS%20500X500/174015.JPG,tabs/detalle-producto/174015,515.000,515.000,515.000,USD,1,{},"{""MARCA"": [""RIMITH""], ""CATEGORIA"": [""Comidas Preparadas""]}","[""Comidas Preparadas""]",,https://riba.app/imgrs/THUMBS%20500X500/174015.JPG,0,0,"[""91""]",515.000,2026-05-08 10:59:33
2140434, PITA POLLO, PITA POLLO, PITA POLLO,insert,1,https://riba.app/imgrs/THUMBS%20500X500/174016.JPG,tabs/detalle-producto/174016,515.000,515.000,515.000,USD,1,{},"{""MARCA"": [""RIMITH""], ""CATEGORIA"": [""Comidas Preparadas""]}","[""Comidas Preparadas""]",,https://riba.app/imgrs/THUMBS%20500X500/174016.JPG,0,0,"[""91""]",515.000,2026-05-08 10:59:33
2140496,CANELONES DE TUNA CHICO ,CANELONES DE TUNA CHICO ,CANELONES DE TUNA CHICO ,insert,1,https://riba.app/imgrs/THUMBS%20500X500/113377.JPG,tabs/detalle-producto/113377,1.250.000,1.250.000,1.250.000,USD,1,{},"{""MARCA"": [""RIMITH""], ""CATEGORIA"": [""Comidas Preparadas""]}","[""Comidas Preparadas""]",,https://riba.app/imgrs/THUMBS%20500X500/113377.JPG,0,0,"[""91""]",1.250.000,2026-05-08 10:59:33
2140497,LASAGNA DE MARISCOS HORNEADA,LASAGNA DE MARISCOS HORNEADA,LASAGNA DE MARISCOS HORNEADA,insert,1,https://riba.app/imgrs/THUMBS%20500X500/124926.JPG,tabs/detalle-producto/124926,1.510.000,1.510.000,1.510.000,USD,1,{},"{""MARCA"": [""RIMITH""], ""CATEGORIA"": [""Comidas Preparadas""]}","[""Comidas Preparadas""]",,https://riba.app/imgrs/THUMBS%20500X500/124926.JPG,0,0,"[""91""]",1.510.000,2026-05-08 10:59:33
2140498,LASAGNA DE TUNA HORNEADA,LASAGNA DE TUNA HORNEADA,LASAGNA DE TUNA HORNEADA,insert,1,https://riba.app/imgrs/THUMBS%20500X500/114091.JPG,tabs/detalle-producto/114091,1.495.000,1.495.000,1.495.000,USD,1,{},"{""MARCA"": [""RIMITH""], ""CATEGORIA"": [""Comidas Preparadas""]}","[""Comidas Preparadas""]",,https://riba.app/imgrs/THUMBS%20500X500/114091.JPG,0,0,"[""91""]",1.495.000,2026-05-08 10:59:33
2140501,PASTEL DE CAMARON MINI ,PASTEL DE CAMARON MINI ,PASTEL DE CAMARON MINI ,insert,1,https://riba.app/imgrs/THUMBS%20500X500/136738.JPG,tabs/detalle-producto/136738,395.000,395.000,395.000,USD,1,{},"{""MARCA"": [""RIMITH""], ""CATEGORIA"": [""Comidas Preparadas""]}","[""Comidas Preparadas""]",,https://riba.app/imgrs/THUMBS%20500X500/136738.JPG,0,0,"[""91""]",395.000,2026-05-08 10:59:33
2140502,PASTEL DE TUNA HORNEADO ,PASTEL DE TUNA HORNEADO ,PASTEL DE TUNA HORNEADO ,insert,1,https://riba.app/imgrs/THUMBS%20500X500/113737.JPG,tabs/detalle-producto/113737,1.090.000,1.090.000,1.090.000,USD,1,{},"{""MARCA"": [""RIMITH""], ""CATEGORIA"": [""Comidas Preparadas""]}","[""Comidas Preparadas""]",,https://riba.app/imgrs/THUMBS%20500X500/113737.JPG,0,0,"[""91""]",1.090.000,2026-05-08 10:59:33
2140525,SUNDAE DE DULCE DE LECHE ,SUNDAE DE DULCE DE LECHE ,SUNDAE DE DULCE DE LECHE ,insert,1,https://riba.app/imgrs/THUMBS%20500X500/265063.JPG,tabs/detalle-producto/265063,385.000,385.000,385.000,USD,1,{},"{""MARCA"": [""RIMITH""], ""CATEGORIA"": [""CONGELADO""]}","[""CONGELADO""]",,https://riba.app/imgrs/THUMBS%20500X500/265063.JPG,0,0,"[""305""]",385.000,2026-05-08 10:59:33
2140538,HELADO MANTEQUILLA MAN,HELADO MANTEQUILLA MAN,HELADO MANTEQUILLA MAN,insert,1,https://riba.app/imgrs/THUMBS%20500X500/241633.JPG,tabs/detalle-producto/241633,395.000,395.000,395.000,USD,1,{},"{""MARCA"": [""RIMITH""], ""CATEGORIA"": [""CONGELADO""]}","[""CONGELADO""]",,https://riba.app/imgrs/THUMBS%20500X500/241633.JPG,0,0,"[""305""]",395.000,2026-05-08 10:59:33
2140540,HELADO C ALMENDRA TURRON,HELADO C ALMENDRA TURRON,HELADO C ALMENDRA TURRON,insert,1,https://riba.app/imgrs/THUMBS%20500X500/241635.JPG,tabs/detalle-producto/241635,550.000,550.000,550.000,USD,1,{},"{""MARCA"": [""RIMITH""], ""CATEGORIA"": [""CONGELADO""]}","[""CONGELADO""]",,https://riba.app/imgrs/THUMBS%20500X500/241635.JPG,0,0,"[""305""]",550.000,2026-05-08 10:59:33
2140541,HELADO C MENTA Y CHOCOL,HELADO C MENTA Y CHOCOL,HELADO C MENTA Y CHOCOL,insert,1,https://riba.app/imgrs/THUMBS%20500X500/241636.JPG,tabs/detalle-producto/241636,550.000,550.000,550.000,USD,1,{},"{""MARCA"": [""RIMITH""], ""CATEGORIA"": [""CONGELADO""]}","[""CONGELADO""]",,https://riba.app/imgrs/THUMBS%20500X500/241636.JPG,0,0,"[""305""]",550.000,2026-05-08 10:59:33
2140542,HELADO CON MANJAR,HELADO CON MANJAR,HELADO CON MANJAR,insert,1,https://riba.app/imgrs/THUMBS%20500X500/241728.JPG,tabs/detalle-producto/241728,495.000,495.000,495.000,USD,1,{},"{""MARCA"": [""RIMITH""], ""CATEGORIA"": [""CONGELADO""]}","[""CONGELADO""]",,https://riba.app/imgrs/THUMBS%20500X500/241728.JPG,0,0,"[""305""]",495.000,2026-05-08 10:59:33
2140544,HELADO CON MANJAR,HELADO CON MANJAR,HELADO CON MANJAR,insert,1,https://riba.app/imgrs/THUMBS%20500X500/241730.JPG,tabs/detalle-producto/241730,135.000,135.000,135.000,USD,1,{},"{""MARCA"": [""RIMITH""], ""CATEGORIA"": [""CONGELADO""]}","[""CONGELADO""]",,https://riba.app/imgrs/THUMBS%20500X500/241730.JPG,0,0,"[""305""]",135.000,2026-05-08 10:59:33
2140560,HELADO DE RON PONCHE,HELADO DE RON PONCHE,HELADO DE RON PONCHE,insert,1,https://riba.app/imgrs/THUMBS%20500X500/248334.JPG,tabs/detalle-producto/248334,525.000,525.000,525.000,USD,1,{},"{""MARCA"": [""RIMITH""], ""CATEGORIA"": [""CONGELADO""]}","[""CONGELADO""]",,https://riba.app/imgrs/THUMBS%20500X500/248334.JPG,0,0,"[""305""]",525.000,2026-05-08 10:59:33
2140575,LASAGNA DE TUNA MINI HORNEADA,LASAGNA DE TUNA MINI HORNEADA,LASAGNA DE TUNA MINI HORNEADA,insert,1,https://riba.app/imgrs/THUMBS%20500X500/261974.JPG,tabs/detalle-producto/261974,675.000,675.000,675.000,USD,1,{},"{""MARCA"": [""RIMITH""], ""CATEGORIA"": [""Comidas Preparadas""]}","[""Comidas Preparadas""]",,https://riba.app/imgrs/THUMBS%20500X500/261974.JPG,0,0,"[""91""]",675.000,2026-05-08 10:59:33
2140576,LASAGNA DE MARISCOS MINI HORNE,LASAGNA DE MARISCOS MINI HORNE,LASAGNA DE MARISCOS MINI HORNE,insert,1,https://riba.app/imgrs/THUMBS%20500X500/261975.JPG,tabs/detalle-producto/261975,755.000,755.000,755.000,USD,1,{},"{""MARCA"": [""RIMITH""], ""CATEGORIA"": [""Comidas Preparadas""]}","[""Comidas Preparadas""]",,https://riba.app/imgrs/THUMBS%20500X500/261975.JPG,0,0,"[""91""]",755.000,2026-05-08 10:59:33
2140578,CHUPE DE CAMARONES MINI,CHUPE DE CAMARONES MINI,CHUPE DE CAMARONES MINI,insert,1,https://riba.app/imgrs/THUMBS%20500X500/262472.JPG,tabs/detalle-producto/262472,485.000,485.000,485.000,USD,1,{},"{""MARCA"": [""RIMITH""], ""CATEGORIA"": [""Comidas Preparadas""]}","[""Comidas Preparadas""]",,https://riba.app/imgrs/THUMBS%20500X500/262472.JPG,0,0,"[""91""]",485.000,2026-05-08 10:59:33
2140583,SUNDAE DE CARAMELO ,SUNDAE DE CARAMELO ,SUNDAE DE CARAMELO ,insert,1,https://riba.app/imgrs/THUMBS%20500X500/265064.JPG,tabs/detalle-producto/265064,385.000,385.000,385.000,USD,1,{},"{""MARCA"": [""RIMITH""], ""CATEGORIA"": [""CONGELADO""]}","[""CONGELADO""]",,https://riba.app/imgrs/THUMBS%20500X500/265064.JPG,0,0,"[""305""]",385.000,2026-05-08 10:59:33
2140584,SUNDAE DE FRESA,SUNDAE DE FRESA,SUNDAE DE FRESA,insert,1,https://riba.app/imgrs/THUMBS%20500X500/265102.JPG,tabs/detalle-producto/265102,385.000,385.000,385.000,USD,1,{},"{""MARCA"": [""RIMITH""], ""CATEGORIA"": [""CONGELADO""]}","[""CONGELADO""]",,https://riba.app/imgrs/THUMBS%20500X500/265102.JPG,0,0,"[""305""]",385.000,2026-05-08 10:59:33
2140585,SUNDAE DE CEREZA ,SUNDAE DE CEREZA ,SUNDAE DE CEREZA ,insert,1,https://riba.app/imgrs/THUMBS%20500X500/265067.JPG,tabs/detalle-producto/265067,385.000,385.000,385.000,USD,1,{},"{""MARCA"": [""RIMITH""], ""CATEGORIA"": [""CONGELADO""]}","[""CONGELADO""]",,https://riba.app/imgrs/THUMBS%20500X500/265067.JPG,0,0,"[""305""]",385.000,2026-05-08 10:59:33
2140586,SUNDAE DE CHOCOLATE ,SUNDAE DE CHOCOLATE ,SUNDAE DE CHOCOLATE ,insert,1,https://riba.app/imgrs/THUMBS%20500X500/265068.JPG,tabs/detalle-producto/265068,385.000,385.000,385.000,USD,1,{},"{""MARCA"": [""RIMITH""], ""CATEGORIA"": [""CONGELADO""]}","[""CONGELADO""]",,https://riba.app/imgrs/THUMBS%20500X500/265068.JPG,0,0,"[""305""]",385.000,2026-05-08 10:59:33
2140593,HELADO DE NAVIDAD ,HELADO DE NAVIDAD ,HELADO DE NAVIDAD ,insert,1,https://riba.app/imgrs/THUMBS%20500X500/270639.JPG,tabs/detalle-producto/270639,525.000,525.000,525.000,USD,1,{},"{""MARCA"": [""RIMITH""], ""CATEGORIA"": [""CONGELADO""]}","[""CONGELADO""]",,https://riba.app/imgrs/THUMBS%20500X500/270639.JPG,0,0,"[""305""]",525.000,2026-05-08 10:59:33
2140607,HELADO GIANDUJA A LA NUTELLA ,HELADO GIANDUJA A LA NUTELLA ,HELADO GIANDUJA A LA NUTELLA ,insert,1,https://riba.app/imgrs/THUMBS%20500X500/281776.JPG,tabs/detalle-producto/281776,550.000,550.000,550.000,USD,1,{},"{""MARCA"": [""RIMITH""], ""CATEGORIA"": [""CONGELADO""]}","[""CONGELADO""]",,https://riba.app/imgrs/THUMBS%20500X500/281776.JPG,0,0,"[""305""]",550.000,2026-05-08 10:59:33
2140609,HELADO DE RON PISTACHO,HELADO DE RON PISTACHO,HELADO DE RON PISTACHO,insert,1,https://riba.app/imgrs/THUMBS%20500X500/284121.JPG,tabs/detalle-producto/284121,525.000,525.000,525.000,USD,1,{},"{""MARCA"": [""RIMITH""], ""CATEGORIA"": [""CONGELADO""]}","[""CONGELADO""]",,https://riba.app/imgrs/THUMBS%20500X500/284121.JPG,0,0,"[""305""]",525.000,2026-05-08 10:59:33
2140613,CAJA DE PALETA DE FRESA ,CAJA DE PALETA DE FRESA ,CAJA DE PALETA DE FRESA ,insert,1,https://riba.app/imgrs/THUMBS%20500X500/282476.JPG,tabs/detalle-producto/282476,600.000,600.000,600.000,USD,1,{},"{""MARCA"": [""RIMITH""], ""CATEGORIA"": [""CONGELADO""]}","[""CONGELADO""]",,https://riba.app/imgrs/THUMBS%20500X500/282476.JPG,0,0,"[""305""]",600.000,2026-05-08 10:59:33
2140614,CAJA DE PALETA DE GUANABANA,CAJA DE PALETA DE GUANABANA,CAJA DE PALETA DE GUANABANA,insert,1,https://riba.app/imgrs/THUMBS%20500X500/282477.JPG,tabs/detalle-producto/282477,600.000,600.000,600.000,USD,1,{},"{""MARCA"": [""RIMITH""], ""CATEGORIA"": [""CONGELADO""]}","[""CONGELADO""]",,https://riba.app/imgrs/THUMBS%20500X500/282477.JPG,0,0,"[""305""]",600.000,2026-05-08 10:59:33
2140615,CAJA DE PALETA DE COCO,CAJA DE PALETA DE COCO,CAJA DE PALETA DE COCO,insert,1,https://riba.app/imgrs/THUMBS%20500X500/282478.JPG,tabs/detalle-producto/282478,600.000,600.000,600.000,USD,1,{},"{""MARCA"": [""RIMITH""], ""CATEGORIA"": [""CONGELADO""]}","[""CONGELADO""]",,https://riba.app/imgrs/THUMBS%20500X500/282478.JPG,0,0,"[""305""]",600.000,2026-05-08 10:59:33
2140616,CAJA DE SORBETO DE LIMON,CAJA DE SORBETO DE LIMON,CAJA DE SORBETO DE LIMON,insert,1,https://riba.app/imgrs/THUMBS%20500X500/282479.JPG,tabs/detalle-producto/282479,480.000,480.000,480.000,USD,1,{},"{""MARCA"": [""RIMITH""], ""CATEGORIA"": [""CONGELADO""]}","[""CONGELADO""]",,https://riba.app/imgrs/THUMBS%20500X500/282479.JPG,0,0,"[""305""]",480.000,2026-05-08 10:59:33
2140617,CAJA DE SORBETO DE MARACUYA ,CAJA DE SORBETO DE MARACUYA ,CAJA DE SORBETO DE MARACUYA ,insert,1,https://riba.app/imgrs/THUMBS%20500X500/282480.JPG,tabs/detalle-producto/282480,580.000,580.000,580.000,USD,1,{},"{""MARCA"": [""RIMITH""], ""CATEGORIA"": [""CONGELADO""]}","[""CONGELADO""]",,https://riba.app/imgrs/THUMBS%20500X500/282480.JPG,0,0,"[""305""]",580.000,2026-05-08 10:59:33
2140618,CAJA DE SORBETO MIXTO ,CAJA DE SORBETO MIXTO ,CAJA DE SORBETO MIXTO ,insert,1,https://riba.app/imgrs/THUMBS%20500X500/282481.JPG,tabs/detalle-producto/282481,580.000,580.000,580.000,USD,1,{},"{""MARCA"": [""RIMITH""], ""CATEGORIA"": [""CONGELADO""]}","[""CONGELADO""]",,https://riba.app/imgrs/THUMBS%20500X500/282481.JPG,0,0,"[""305""]",580.000,2026-05-08 10:59:33
2140625,HELADO CHOCORUM,HELADO CHOCORUM,HELADO CHOCORUM,insert,1,https://riba.app/imgrs/THUMBS%20500X500/289618.JPG,tabs/detalle-producto/289618,395.000,395.000,395.000,USD,1,{},"{""MARCA"": [""RIMITH""], ""CATEGORIA"": [""CONGELADO""]}","[""CONGELADO""]",,https://riba.app/imgrs/THUMBS%20500X500/289618.JPG,0,0,"[""305""]",395.000,2026-05-08 10:59:33
2140626,HELADO SORBETO C LIMON Y FRESA,HELADO SORBETO C LIMON Y FRESA,HELADO SORBETO C LIMON Y FRESA,insert,1,https://riba.app/imgrs/THUMBS%20500X500/289619.JPG,tabs/detalle-producto/289619,495.000,495.000,495.000,USD,1,{},"{""MARCA"": [""RIMITH""], ""CATEGORIA"": [""CONGELADO""]}","[""CONGELADO""]",,https://riba.app/imgrs/THUMBS%20500X500/289619.JPG,0,0,"[""305""]",495.000,2026-05-08 10:59:33
2140628,HELADO CON BUBBLE PUFF,HELADO CON BUBBLE PUFF,HELADO CON BUBBLE PUFF,insert,1,https://riba.app/imgrs/THUMBS%20500X500/289621.JPG,tabs/detalle-producto/289621,550.000,550.000,550.000,USD,1,{},"{""MARCA"": [""RIMITH""], ""CATEGORIA"": [""CONGELADO""]}","[""CONGELADO""]",,https://riba.app/imgrs/THUMBS%20500X500/289621.JPG,0,0,"[""305""]",550.000,2026-05-08 10:59:33
2140629,HELADO AMERICANA CON SAMCKPIU,HELADO AMERICANA CON SAMCKPIU,HELADO AMERICANA CON SAMCKPIU,insert,1,https://riba.app/imgrs/THUMBS%20500X500/289625.JPG,tabs/detalle-producto/289625,550.000,550.000,550.000,USD,1,{},"{""MARCA"": [""RIMITH""], ""CATEGORIA"": [""CONGELADO""]}","[""CONGELADO""]",,https://riba.app/imgrs/THUMBS%20500X500/289625.JPG,0,0,"[""305""]",550.000,2026-05-08 10:59:33
2140630,HELADO CON FRESA Y CHOC,HELADO CON FRESA Y CHOC,HELADO CON FRESA Y CHOC,insert,1,https://riba.app/imgrs/THUMBS%20500X500/289630.JPG,tabs/detalle-producto/289630,495.000,495.000,495.000,USD,1,{},"{""MARCA"": [""RIMITH""], ""CATEGORIA"": [""CONGELADO""]}","[""CONGELADO""]",,https://riba.app/imgrs/THUMBS%20500X500/289630.JPG,0,0,"[""305""]",495.000,2026-05-08 10:59:33
2140631,HELADO CON CHEESECAKE,HELADO CON CHEESECAKE,HELADO CON CHEESECAKE,insert,1,https://riba.app/imgrs/THUMBS%20500X500/289632.JPG,tabs/detalle-producto/289632,550.000,550.000,550.000,USD,1,{},"{""MARCA"": [""RIMITH""], ""CATEGORIA"": [""CONGELADO""]}","[""CONGELADO""]",,https://riba.app/imgrs/THUMBS%20500X500/289632.JPG,0,0,"[""305""]",550.000,2026-05-08 10:59:33
2140632,HELADO C CHOCOLATE BLANCO,HELADO C CHOCOLATE BLANCO,HELADO C CHOCOLATE BLANCO,insert,1,https://riba.app/imgrs/THUMBS%20500X500/289635.JPG,tabs/detalle-producto/289635,450.000,450.000,450.000,USD,1,{},"{""MARCA"": [""RIMITH""], ""CATEGORIA"": [""CONGELADO""]}","[""CONGELADO""]",,https://riba.app/imgrs/THUMBS%20500X500/289635.JPG,0,0,"[""305""]",450.000,2026-05-08 10:59:33
2140633,HELADO C FRUTOS DEL BOSQUE,HELADO C FRUTOS DEL BOSQUE,HELADO C FRUTOS DEL BOSQUE,insert,1,https://riba.app/imgrs/THUMBS%20500X500/289636.JPG,tabs/detalle-producto/289636,550.000,550.000,550.000,USD,1,{},"{""MARCA"": [""RIMITH""], ""CATEGORIA"": [""CONGELADO""]}","[""CONGELADO""]",,https://riba.app/imgrs/THUMBS%20500X500/289636.JPG,0,0,"[""305""]",550.000,2026-05-08 10:59:33
2140634,HELADO C YOGURT TUTTI FRUTI,HELADO C YOGURT TUTTI FRUTI,HELADO C YOGURT TUTTI FRUTI,insert,1,https://riba.app/imgrs/THUMBS%20500X500/289637.JPG,tabs/detalle-producto/289637,395.000,395.000,395.000,USD,1,{},"{""MARCA"": [""RIMITH""], ""CATEGORIA"": [""CONGELADO""]}","[""CONGELADO""]",,https://riba.app/imgrs/THUMBS%20500X500/289637.JPG,0,0,"[""305""]",395.000,2026-05-08 10:59:33
2140635,HELADO CHISPAS CHOCOLATE LF RA,HELADO CHISPAS CHOCOLATE LF RA,HELADO CHISPAS CHOCOLATE LF RA,insert,1,https://riba.app/imgrs/THUMBS%20500X500/289638.JPG,tabs/detalle-producto/289638,550.000,550.000,550.000,USD,1,{},"{""MARCA"": [""RIMITH""], ""CATEGORIA"": [""CONGELADO""]}","[""CONGELADO""]",,https://riba.app/imgrs/THUMBS%20500X500/289638.JPG,0,0,"[""305""]",550.000,2026-05-08 10:59:33
2140646,PIE DE LIMON 9,PIE DE LIMON 9,PIE DE LIMON 9,insert,1,https://riba.app/imgrs/THUMBS%20500X500/295606.JPG,tabs/detalle-producto/295606,900.000,900.000,900.000,USD,1,{},"{""MARCA"": [""RIMITH""], ""CATEGORIA"": [""CONGELADO""]}","[""CONGELADO""]",,https://riba.app/imgrs/THUMBS%20500X500/295606.JPG,0,0,"[""305""]",900.000,2026-05-08 10:59:33
2140647,PIE DE ZAPALLO 9,PIE DE ZAPALLO 9,PIE DE ZAPALLO 9,insert,1,https://riba.app/imgrs/THUMBS%20500X500/295607.JPG,tabs/detalle-producto/295607,900.000,900.000,900.000,USD,1,{},"{""MARCA"": [""RIMITH""], ""CATEGORIA"": [""CONGELADO""]}","[""CONGELADO""]",,https://riba.app/imgrs/THUMBS%20500X500/295607.JPG,0,0,"[""305""]",900.000,2026-05-08 10:59:33
2140648,PIE DE PECANA 9,PIE DE PECANA 9,PIE DE PECANA 9,insert,1,https://riba.app/imgrs/THUMBS%20500X500/295608.JPG,tabs/detalle-producto/295608,900.000,900.000,900.000,USD,1,{},"{""MARCA"": [""RIMITH""], ""CATEGORIA"": [""CONGELADO""]}","[""CONGELADO""]",,https://riba.app/imgrs/THUMBS%20500X500/295608.JPG,0,0,"[""305""]",900.000,2026-05-08 10:59:33
2140652,ALITAS BBQ 12 UN,ALITAS BBQ 12 UN,ALITAS BBQ 12 UN,insert,1,https://riba.app/imgrs/THUMBS%20500X500/298140.JPG,tabs/detalle-producto/298140,1.190.000,1.190.000,1.190.000,USD,1,{},"{""MARCA"": [""RIMITH""], ""CATEGORIA"": [""Comidas Preparadas""]}","[""Comidas Preparadas""]",,https://riba.app/imgrs/THUMBS%20500X500/298140.JPG,0,0,"[""91""]",1.190.000,2026-05-08 10:59:33
2140668,TORREJITAS DE MAIZ,TORREJITAS DE MAIZ,TORREJITAS DE MAIZ,insert,1,https://riba.app/imgrs/THUMBS%20500X500/303733.JPG,tabs/detalle-producto/303733,390.000,390.000,390.000,USD,1,{},"{""MARCA"": [""RIMITH""], ""CATEGORIA"": [""PRODUCTOS DE MAIZ Y OTROS""]}","[""PRODUCTOS DE MAIZ Y OTROS""]",,https://riba.app/imgrs/THUMBS%20500X500/303733.JPG,0,0,"[""270""]",390.000,2026-05-08 10:59:33
2140669,TORREJITAS DE MAIZ,TORREJITAS DE MAIZ,TORREJITAS DE MAIZ,insert,1,https://riba.app/imgrs/THUMBS%20500X500/303735.JPG,tabs/detalle-producto/303735,760.000,760.000,760.000,USD,1,{},"{""MARCA"": [""RIMITH""], ""CATEGORIA"": [""PRODUCTOS DE MAIZ Y OTROS""]}","[""PRODUCTOS DE MAIZ Y OTROS""]",,https://riba.app/imgrs/THUMBS%20500X500/303735.JPG,0,0,"[""270""]",760.000,2026-05-08 10:59:33
2140681,CAJA DE SORBETO DE MANGO,CAJA DE SORBETO DE MANGO,CAJA DE SORBETO DE MANGO,insert,1,https://riba.app/imgrs/THUMBS%20500X500/317223.JPG,tabs/detalle-producto/317223,625.000,625.000,625.000,USD,1,{},"{""MARCA"": [""RIMITH""], ""CATEGORIA"": [""CONGELADO""]}","[""CONGELADO""]",,https://riba.app/imgrs/THUMBS%20500X500/317223.JPG,0,0,"[""305""]",625.000,2026-05-08 10:59:33
2140704,CJA DE PALETA CHOCO-FRESA,CJA DE PALETA CHOCO-FRESA,CJA DE PALETA CHOCO-FRESA,insert,1,https://riba.app/imgrs/THUMBS%20500X500/334912.JPG,tabs/detalle-producto/334912,760.000,760.000,760.000,USD,1,{},"{""MARCA"": [""RIMITH""], ""CATEGORIA"": [""CONGELADO""]}","[""CONGELADO""]",,https://riba.app/imgrs/THUMBS%20500X500/334912.JPG,0,0,"[""305""]",760.000,2026-05-08 10:59:33
2141013,CHEESE CAKE  BLUE CHEESE,CHEESE CAKE  BLUE CHEESE,CHEESE CAKE  BLUE CHEESE,insert,1,https://riba.app/imgrs/THUMBS%20500X500/242635.JPG,tabs/detalle-producto/242635,305.000,305.000,305.000,USD,1,{},"{""MARCA"": [""RIMITH""], ""CATEGORIA"": [""CONGELADO""]}","[""CONGELADO""]",,https://riba.app/imgrs/THUMBS%20500X500/242635.JPG,0,0,"[""305""]",305.000,2026-05-08 10:59:33
2141014,MINI SUNDAE DE CEREZA,MINI SUNDAE DE CEREZA,MINI SUNDAE DE CEREZA,insert,1,https://riba.app/imgrs/THUMBS%20500X500/267325.JPG,tabs/detalle-producto/267325,180.000,180.000,180.000,USD,1,{},"{""MARCA"": [""RIMITH""], ""CATEGORIA"": [""CONGELADO""]}","[""CONGELADO""]",,https://riba.app/imgrs/THUMBS%20500X500/267325.JPG,0,0,"[""305""]",180.000,2026-05-08 10:59:33
2141015,MINI SUNDAE DE CARAMELO ,MINI SUNDAE DE CARAMELO ,MINI SUNDAE DE CARAMELO ,insert,1,https://riba.app/imgrs/THUMBS%20500X500/267323.JPG,tabs/detalle-producto/267323,180.000,180.000,180.000,USD,1,{},"{""MARCA"": [""RIMITH""], ""CATEGORIA"": [""CONGELADO""]}","[""CONGELADO""]",,https://riba.app/imgrs/THUMBS%20500X500/267323.JPG,0,0,"[""305""]",180.000,2026-05-08 10:59:33
2141016,MINI SUNDAE DE CHOCOLATE ,MINI SUNDAE DE CHOCOLATE ,MINI SUNDAE DE CHOCOLATE ,insert,1,https://riba.app/imgrs/THUMBS%20500X500/267326.JPG,tabs/detalle-producto/267326,180.000,180.000,180.000,USD,1,{},"{""MARCA"": [""RIMITH""], ""CATEGORIA"": [""CONGELADO""]}","[""CONGELADO""]",,https://riba.app/imgrs/THUMBS%20500X500/267326.JPG,0,0,"[""305""]",180.000,2026-05-08 10:59:33
2141017,MINI SUNDAE DE DULCE DE LECHE,MINI SUNDAE DE DULCE DE LECHE,MINI SUNDAE DE DULCE DE LECHE,insert,1,https://riba.app/imgrs/THUMBS%20500X500/267327.JPG,tabs/detalle-producto/267327,180.000,180.000,180.000,USD,1,{},"{""MARCA"": [""RIMITH""], ""CATEGORIA"": [""CONGELADO""]}","[""CONGELADO""]",,https://riba.app/imgrs/THUMBS%20500X500/267327.JPG,0,0,"[""305""]",180.000,2026-05-08 10:59:33
2141018,MINI SUNDAE DE FRESA ,MINI SUNDAE DE FRESA ,MINI SUNDAE DE FRESA ,insert,1,https://riba.app/imgrs/THUMBS%20500X500/267324.JPG,tabs/detalle-producto/267324,180.000,180.000,180.000,USD,1,{},"{""MARCA"": [""RIMITH""], ""CATEGORIA"": [""CONGELADO""]}","[""CONGELADO""]",,https://riba.app/imgrs/THUMBS%20500X500/267324.JPG,0,0,"[""305""]",180.000,2026-05-08 10:59:33
2141019,ALITAS AGRIDULCES 6 UNIDADES,ALITAS AGRIDULCES 6 UNIDADES,ALITAS AGRIDULCES 6 UNIDADES,insert,1,https://riba.app/imgrs/THUMBS%20500X500/320208.JPG,tabs/detalle-producto/320208,600.000,600.000,600.000,USD,1,{},"{""MARCA"": [""RIMITH""], ""CATEGORIA"": [""Comidas Preparadas""]}","[""Comidas Preparadas""]",,https://riba.app/imgrs/THUMBS%20500X500/320208.JPG,0,0,"[""91""]",600.000,2026-05-08 10:59:33
2141023,ALITAS BUFFALO 12 UNIDADES,ALITAS BUFFALO 12 UNIDADES,ALITAS BUFFALO 12 UNIDADES,insert,1,https://riba.app/imgrs/THUMBS%20500X500/320212.JPG,tabs/detalle-producto/320212,1.190.000,1.190.000,1.190.000,USD,1,{},"{""MARCA"": [""RIMITH""], ""CATEGORIA"": [""Comidas Preparadas""]}","[""Comidas Preparadas""]",,https://riba.app/imgrs/THUMBS%20500X500/320212.JPG,0,0,"[""91""]",1.190.000,2026-05-08 10:59:33
2141038,MAC & CHEESE POLLO BUFFALO 1PO,MAC & CHEESE POLLO BUFFALO 1PO,MAC & CHEESE POLLO BUFFALO 1PO,insert,1,https://riba.app/imgrs/THUMBS%20500X500/342434.JPG,tabs/detalle-producto/342434,575.000,575.000,575.000,USD,1,{},"{""MARCA"": [""RIMITH""], ""CATEGORIA"": [""Comidas Preparadas""]}","[""Comidas Preparadas""]",,https://riba.app/imgrs/THUMBS%20500X500/342434.JPG,0,0,"[""91""]",575.000,2026-05-08 10:59:33
2150114,CRUDITE DE VEGETALES,CRUDITE DE VEGETALES,CRUDITE DE VEGETALES,insert,1,https://riba.app/imgrs/THUMBS%20500X500/265013.JPG,tabs/detalle-producto/265013,198.000,198.000,198.000,USD,1,{},"{""MARCA"": [""RIMITH""], ""CATEGORIA"": [""Comidas Preparadas""]}","[""Comidas Preparadas""]",,https://riba.app/imgrs/THUMBS%20500X500/265013.JPG,0,0,"[""91""]",198.000,2026-05-08 10:59:33
2150140,MIEL DE CAÑA RIMITH 32 OZ,MIEL DE CAÑA RIMITH 32 OZ,MIEL DE CAÑA RIMITH 32 OZ,insert,1,https://riba.app/imgrs/THUMBS%20500X500/52366.JPG,tabs/detalle-producto/52366,425.000,425.000,425.000,USD,1,{},"{""MARCA"": [""RIMITH""], ""CATEGORIA"": [""Despensa""]}","[""Despensa""]",,https://riba.app/imgrs/THUMBS%20500X500/52366.JPG,0,0,"[""264""]",425.000,2026-05-08 10:59:33
2150201,CONC  NONI BOT.,CONC  NONI BOT.,CONC  NONI BOT.,insert,1,https://riba.app/imgrs/THUMBS%20500X500/52367.JPG,tabs/detalle-producto/52367,400.000,400.000,400.000,USD,1,{},"{""MARCA"": [""RIMITH""], ""CATEGORIA"": [""Bebidas Y Jugos""]}","[""Bebidas Y Jugos""]",,https://riba.app/imgrs/THUMBS%20500X500/52367.JPG,0,0,"[""47""]",400.000,2026-05-08 10:59:33
2150374,BANDEJA DE CRUDITES,BANDEJA DE CRUDITES,BANDEJA DE CRUDITES,insert,1,https://riba.app/imgrs/THUMBS%20500X500/155452.JPG,tabs/detalle-producto/155452,569.000,569.000,569.000,USD,1,{},"{""MARCA"": [""FRUTAS/VERDURAS""], ""CATEGORIA"": [""Comidas Preparadas""]}","[""Comidas Preparadas""]",,https://riba.app/imgrs/THUMBS%20500X500/155452.JPG,0,0,"[""91""]",569.000,2026-05-08 10:59:33
21504200000,GUANDU CONGELADO,GUANDU CONGELADO,GUANDU CONGELADO,insert,1,https://riba.app/imgrs/THUMBS%20500X500/52614.JPG,tabs/detalle-producto/52614,1.395.000,1.395.000,1.395.000,USD,1,{},"{""MARCA"": [""RIMITH""], ""CATEGORIA"": [""Frutas Y Verduras""]}","[""Frutas Y Verduras""]",,https://riba.app/imgrs/THUMBS%20500X500/52614.JPG,0,0,"[""106""]",1.395.000,2026-05-08 10:59:33
21506200000,MIX ZANAHORIA REPOLLO ENS,MIX ZANAHORIA REPOLLO ENS,MIX ZANAHORIA REPOLLO ENS,insert,1,https://riba.app/imgrs/THUMBS%20500X500/68434.JPG,tabs/detalle-producto/68434,593.000,593.000,593.000,USD,1,{},"{""MARCA"": [""FRUTAS/VERDURAS""], ""CATEGORIA"": [""Comidas Preparadas""]}","[""Comidas Preparadas""]",,https://riba.app/imgrs/THUMBS%20500X500/68434.JPG,0,0,"[""91""]",593.000,2026-05-08 10:59:33
2150624,ENSALADA MIXTA AMERICANA ,ENSALADA MIXTA AMERICANA ,ENSALADA MIXTA AMERICANA ,insert,1,https://riba.app/imgrs/THUMBS%20500X500/270226.JPG,tabs/detalle-producto/270226,335.000,335.000,335.000,USD,1,{},"{""MARCA"": [""RIMITH""], ""CATEGORIA"": [""Comidas Preparadas""]}","[""Comidas Preparadas""]",,https://riba.app/imgrs/THUMBS%20500X500/270226.JPG,0,0,"[""91""]",335.000,2026-05-08 10:59:33
2150626,ENSALADA ROMANA CLASICA,ENSALADA ROMANA CLASICA,ENSALADA ROMANA CLASICA,insert,1,https://riba.app/imgrs/THUMBS%20500X500/63043.JPG,tabs/detalle-producto/63043,335.000,335.000,335.000,USD,1,{},"{""MARCA"": [""RIMITH""], ""CATEGORIA"": [""Comidas Preparadas""]}","[""Comidas Preparadas""]",,https://riba.app/imgrs/THUMBS%20500X500/63043.JPG,0,0,"[""91""]",335.000,2026-05-08 10:59:33
2150651,ENSALADA TRADICIONAL ,ENSALADA TRADICIONAL ,ENSALADA TRADICIONAL ,insert,1,https://riba.app/imgrs/THUMBS%20500X500/270227.JPG,tabs/detalle-producto/270227,335.000,335.000,335.000,USD,1,{},"{""MARCA"": [""RIMITH""], ""CATEGORIA"": [""Comidas Preparadas""]}","[""Comidas Preparadas""]",,https://riba.app/imgrs/THUMBS%20500X500/270227.JPG,0,0,"[""91""]",335.000,2026-05-08 10:59:33
2150811,CONC  NONI BOROJO MIEL DE ABEJ,CONC  NONI BOROJO MIEL DE ABEJ,CONC  NONI BOROJO MIEL DE ABEJ,insert,1,https://riba.app/imgrs/THUMBS%20500X500/109080.JPG,tabs/detalle-producto/109080,450.000,450.000,450.000,USD,1,{},"{""MARCA"": [""RIMITH""], ""CATEGORIA"": [""Bebidas Y Jugos""]}","[""Bebidas Y Jugos""]",,https://riba.app/imgrs/THUMBS%20500X500/109080.JPG,0,0,"[""47""]",450.000,2026-05-08 10:59:33
2150908,ENSALADA AMERICANA ,ENSALADA AMERICANA ,ENSALADA AMERICANA ,insert,1,https://riba.app/imgrs/THUMBS%20500X500/270228.JPG,tabs/detalle-producto/270228,335.000,335.000,335.000,USD,1,{},"{""MARCA"": [""RIMITH""], ""CATEGORIA"": [""Comidas Preparadas""]}","[""Comidas Preparadas""]",,https://riba.app/imgrs/THUMBS%20500X500/270228.JPG,0,0,"[""91""]",335.000,2026-05-08 10:59:33
2151032,ENSALADA VERDE ,ENSALADA VERDE ,ENSALADA VERDE ,insert,1,https://riba.app/imgrs/THUMBS%20500X500/277414.JPG,tabs/detalle-producto/277414,335.000,335.000,335.000,USD,1,{},"{""MARCA"": [""RIMITH""], ""CATEGORIA"": [""Comidas Preparadas""]}","[""Comidas Preparadas""]",,https://riba.app/imgrs/THUMBS%20500X500/277414.JPG,0,0,"[""91""]",335.000,2026-05-08 10:59:33
2151033,ENSALADA MEDITERRANEA ,ENSALADA MEDITERRANEA ,ENSALADA MEDITERRANEA ,insert,1,https://riba.app/imgrs/THUMBS%20500X500/277415.JPG,tabs/detalle-producto/277415,335.000,335.000,335.000,USD,1,{},"{""MARCA"": [""RIMITH""], ""CATEGORIA"": [""Comidas Preparadas""]}","[""Comidas Preparadas""]",,https://riba.app/imgrs/THUMBS%20500X500/277415.JPG,0,0,"[""91""]",335.000,2026-05-08 10:59:33
2151038,PIÑA DESHIDRATADA ,PIÑA DESHIDRATADA ,PIÑA DESHIDRATADA ,insert,1,https://riba.app/imgrs/THUMBS%20500X500/295973.JPG,tabs/detalle-producto/295973,195.000,195.000,195.000,USD,1,{},"{""MARCA"": [""RIMITH""], ""CATEGORIA"": [""Snacks""]}","[""Snacks""]",,https://riba.app/imgrs/THUMBS%20500X500/295973.JPG,0,0,"[""296""]",195.000,2026-05-08 10:59:33
2151039,PIÑA DESHIDRATADA ,PIÑA DESHIDRATADA ,PIÑA DESHIDRATADA ,insert,1,https://riba.app/imgrs/THUMBS%20500X500/295991.JPG,tabs/detalle-producto/295991,530.000,530.000,530.000,USD,1,{},"{""MARCA"": [""RIMITH""], ""CATEGORIA"": [""Snacks""]}","[""Snacks""]",,https://riba.app/imgrs/THUMBS%20500X500/295991.JPG,0,0,"[""296""]",530.000,2026-05-08 10:59:33
2151062,MANGO DESHIDRATADO,MANGO DESHIDRATADO,MANGO DESHIDRATADO,insert,1,https://riba.app/imgrs/THUMBS%20500X500/337893.JPG,tabs/detalle-producto/337893,435.000,435.000,435.000,USD,1,{},"{""MARCA"": [""RIMITH""], ""CATEGORIA"": [""Snacks""]}","[""Snacks""]",,https://riba.app/imgrs/THUMBS%20500X500/337893.JPG,0,0,"[""296""]",435.000,2026-05-08 10:59:33
21513300000,ENSALADA DE MANGO,ENSALADA DE MANGO,ENSALADA DE MANGO,insert,1,https://riba.app/imgrs/THUMBS%20500X500/34413.JPG,tabs/detalle-producto/34413,785.000,785.000,785.000,USD,1,{},"{""MARCA"": [""FRUTAS/VERDURAS""], ""CATEGORIA"": [""Comidas Preparadas""]}","[""Comidas Preparadas""]",,https://riba.app/imgrs/THUMBS%20500X500/34413.JPG,0,0,"[""91""]",785.000,2026-05-08 10:59:33
21513600000,REMOLACHA TERMINADA,REMOLACHA TERMINADA,REMOLACHA TERMINADA,insert,1,https://riba.app/imgrs/THUMBS%20500X500/52323.JPG,tabs/detalle-producto/52323,398.000,398.000,398.000,USD,1,{},"{""MARCA"": [""FRUTAS/VERDURAS""], ""CATEGORIA"": [""Comidas Preparadas""]}","[""Comidas Preparadas""]",,https://riba.app/imgrs/THUMBS%20500X500/52323.JPG,0,0,"[""91""]",398.000,2026-05-08 10:59:33
21526400000,MANGO PICADO,MANGO PICADO,MANGO PICADO,insert,1,https://riba.app/imgrs/THUMBS%20500X500/52538.JPG,tabs/detalle-producto/52538,785.000,785.000,785.000,USD,1,{},"{""MARCA"": [""FRUTAS/VERDURAS""], ""CATEGORIA"": [""Comidas Preparadas""]}","[""Comidas Preparadas""]",,https://riba.app/imgrs/THUMBS%20500X500/52538.JPG,0,0,"[""91""]",785.000,2026-05-08 10:59:33
21528900000,CRUDITES DE FRUTAS,CRUDITES DE FRUTAS,CRUDITES DE FRUTAS,insert,1,https://riba.app/imgrs/THUMBS%20500X500/52700.JPG,tabs/detalle-producto/52700,550.000,550.000,550.000,USD,1,{},"{""MARCA"": [""FRUTAS/VERDURAS""], ""CATEGORIA"": [""Comidas Preparadas""]}","[""Comidas Preparadas""]",,https://riba.app/imgrs/THUMBS%20500X500/52700.JPG,0,0,"[""91""]",550.000,2026-05-08 10:59:33
21535900000,CHILI PIÑA,CHILI PIÑA,CHILI PIÑA,insert,1,https://riba.app/imgrs/THUMBS%20500X500/52595.JPG,tabs/detalle-producto/52595,595.000,595.000,595.000,USD,1,{},"{""MARCA"": [""RIMITH""], ""CATEGORIA"": [""Comidas Preparadas""]}","[""Comidas Preparadas""]",,https://riba.app/imgrs/THUMBS%20500X500/52595.JPG,0,0,"[""91""]",595.000,2026-05-08 10:59:33
21550100000,APIO TERMINADO,APIO TERMINADO,APIO TERMINADO,insert,1,https://riba.app/imgrs/THUMBS%20500X500/52322.JPG,tabs/detalle-producto/52322,746.000,746.000,746.000,USD,1,{},"{""MARCA"": [""FRUTAS/VERDURAS""], ""CATEGORIA"": [""Comidas Preparadas""]}","[""Comidas Preparadas""]",,https://riba.app/imgrs/THUMBS%20500X500/52322.JPG,0,0,"[""91""]",746.000,2026-05-08 10:59:33
21550200000,CHAYOTE TERMINADO,CHAYOTE TERMINADO,CHAYOTE TERMINADO,insert,1,https://riba.app/imgrs/THUMBS%20500X500/52324.JPG,tabs/detalle-producto/52324,199.000,199.000,199.000,USD,1,{},"{""MARCA"": [""FRUTAS/VERDURAS""], ""CATEGORIA"": [""Comidas Preparadas""]}","[""Comidas Preparadas""]",,https://riba.app/imgrs/THUMBS%20500X500/52324.JPG,0,0,"[""91""]",199.000,2026-05-08 10:59:33
21550300000,ÑAME TERMINADO,ÑAME TERMINADO,ÑAME TERMINADO,insert,1,https://riba.app/imgrs/THUMBS%20500X500/52331.JPG,tabs/detalle-producto/52331,876.000,876.000,876.000,USD,1,{},"{""MARCA"": [""FRUTAS/VERDURAS""], ""CATEGORIA"": [""Comidas Preparadas""]}","[""Comidas Preparadas""]",,https://riba.app/imgrs/THUMBS%20500X500/52331.JPG,0,0,"[""91""]",876.000,2026-05-08 10:59:33
21550400000,OTOE TERMINADO,OTOE TERMINADO,OTOE TERMINADO,insert,1,https://riba.app/imgrs/THUMBS%20500X500/52335.JPG,tabs/detalle-producto/52335,525.000,525.000,525.000,USD,1,{},"{""MARCA"": [""FRUTAS/VERDURAS""], ""CATEGORIA"": [""Comidas Preparadas""]}","[""Comidas Preparadas""]",,https://riba.app/imgrs/THUMBS%20500X500/52335.JPG,0,0,"[""91""]",525.000,2026-05-08 10:59:33
21550500000,YUCA TERMINADA,YUCA TERMINADA,YUCA TERMINADA,insert,1,https://riba.app/imgrs/THUMBS%20500X500/52336.JPG,tabs/detalle-producto/52336,320.000,320.000,320.000,USD,1,{},"{""MARCA"": [""FRUTAS/VERDURAS""], ""CATEGORIA"": [""Comidas Preparadas""]}","[""Comidas Preparadas""]",,https://riba.app/imgrs/THUMBS%20500X500/52336.JPG,0,0,"[""91""]",320.000,2026-05-08 10:59:33
21550600000,ZANAHORIA TERMINADA,ZANAHORIA TERMINADA,ZANAHORIA TERMINADA,insert,1,https://riba.app/imgrs/THUMBS%20500X500/52337.JPG,tabs/detalle-producto/52337,542.000,542.000,542.000,USD,1,{},"{""MARCA"": [""FRUTAS/VERDURAS""], ""CATEGORIA"": [""Comidas Preparadas""]}","[""Comidas Preparadas""]",,https://riba.app/imgrs/THUMBS%20500X500/52337.JPG,0,0,"[""91""]",542.000,2026-05-08 10:59:33
21550700000,ZAPALLO TERMINADO,ZAPALLO TERMINADO,ZAPALLO TERMINADO,insert,1,https://riba.app/imgrs/THUMBS%20500X500/52338.JPG,tabs/detalle-producto/52338,225.000,225.000,225.000,USD,1,{},"{""MARCA"": [""FRUTAS/VERDURAS""], ""CATEGORIA"": [""Comidas Preparadas""]}","[""Comidas Preparadas""]",,https://riba.app/imgrs/THUMBS%20500X500/52338.JPG,0,0,"[""91""]",225.000,2026-05-08 10:59:33
21550900000,SOPERA,SOPERA,SOPERA,insert,1,https://riba.app/imgrs/THUMBS%20500X500/52374.JPG,tabs/detalle-producto/52374,560.000,560.000,560.000,USD,1,{},"{""MARCA"": [""FRUTAS/VERDURAS""], ""CATEGORIA"": [""Comidas Preparadas""]}","[""Comidas Preparadas""]",,https://riba.app/imgrs/THUMBS%20500X500/52374.JPG,0,0,"[""91""]",560.000,2026-05-08 10:59:33
21551000000,MIXTO,MIXTO,MIXTO,insert,1,https://riba.app/imgrs/THUMBS%20500X500/52375.JPG,tabs/detalle-producto/52375,457.000,457.000,457.000,USD,1,{},"{""MARCA"": [""FRUTAS/VERDURAS""], ""CATEGORIA"": [""Comidas Preparadas""]}","[""Comidas Preparadas""]",,https://riba.app/imgrs/THUMBS%20500X500/52375.JPG,0,0,"[""91""]",457.000,2026-05-08 10:59:33
21551600000,PINA PICADA ,PINA PICADA ,PINA PICADA ,insert,1,https://riba.app/imgrs/THUMBS%20500X500/52682.JPG,tabs/detalle-producto/52682,160.000,160.000,160.000,USD,1,{},"{""MARCA"": [""RIMITH""], ""CATEGORIA"": [""Comidas Preparadas""]}","[""Comidas Preparadas""]",,https://riba.app/imgrs/THUMBS%20500X500/52682.JPG,0,0,"[""91""]",160.000,2026-05-08 10:59:33
21551700000,CAÑA DE AZUCAR ,CAÑA DE AZUCAR ,CAÑA DE AZUCAR ,insert,1,https://riba.app/imgrs/THUMBS%20500X500/131477.JPG,tabs/detalle-producto/131477,385.000,385.000,385.000,USD,1,{},"{""MARCA"": [""FRUTAS/VERDURAS""], ""CATEGORIA"": [""Comidas Preparadas""]}","[""Comidas Preparadas""]",,https://riba.app/imgrs/THUMBS%20500X500/131477.JPG,0,0,"[""91""]",385.000,2026-05-08 10:59:33
21555800000,MIXTO DE MANZANAS Y PERA ,MIXTO DE MANZANAS Y PERA ,MIXTO DE MANZANAS Y PERA ,insert,1,https://riba.app/imgrs/THUMBS%20500X500/34423.JPG,tabs/detalle-producto/34423,765.000,765.000,765.000,USD,1,{},"{""MARCA"": [""FRUTAS/VERDURAS""], ""CATEGORIA"": [""Comidas Preparadas""]}","[""Comidas Preparadas""]",,https://riba.app/imgrs/THUMBS%20500X500/34423.JPG,0,0,"[""91""]",765.000,2026-05-08 10:59:33
21555900000,MANZANA VERDE EN REBANADA ,MANZANA VERDE EN REBANADA ,MANZANA VERDE EN REBANADA ,insert,1,https://riba.app/imgrs/THUMBS%20500X500/34424.JPG,tabs/detalle-producto/34424,765.000,765.000,765.000,USD,1,{},"{""MARCA"": [""FRUTAS/VERDURAS""], ""CATEGORIA"": [""Comidas Preparadas""]}","[""Comidas Preparadas""]",,https://riba.app/imgrs/THUMBS%20500X500/34424.JPG,0,0,"[""91""]",765.000,2026-05-08 10:59:33
21556000000,MANZANA ROJA EN REBANADA ,MANZANA ROJA EN REBANADA ,MANZANA ROJA EN REBANADA ,insert,1,https://riba.app/imgrs/THUMBS%20500X500/48467.JPG,tabs/detalle-producto/48467,765.000,765.000,765.000,USD,1,{},"{""MARCA"": [""FRUTAS/VERDURAS""], ""CATEGORIA"": [""Comidas Preparadas""]}","[""Comidas Preparadas""]",,https://riba.app/imgrs/THUMBS%20500X500/48467.JPG,0,0,"[""91""]",765.000,2026-05-08 10:59:33
21556100000,MANZANA GALA EN REBANADA ,MANZANA GALA EN REBANADA ,MANZANA GALA EN REBANADA ,insert,1,https://riba.app/imgrs/THUMBS%20500X500/48468.JPG,tabs/detalle-producto/48468,765.000,765.000,765.000,USD,1,{},"{""MARCA"": [""FRUTAS/VERDURAS""], ""CATEGORIA"": [""Comidas Preparadas""]}","[""Comidas Preparadas""]",,https://riba.app/imgrs/THUMBS%20500X500/48468.JPG,0,0,"[""91""]",765.000,2026-05-08 10:59:33
21556200000,PERA EN REBANADA ,PERA EN REBANADA ,PERA EN REBANADA ,insert,1,https://riba.app/imgrs/THUMBS%20500X500/48469.JPG,tabs/detalle-producto/48469,765.000,765.000,765.000,USD,1,{},"{""MARCA"": [""FRUTAS/VERDURAS""], ""CATEGORIA"": [""Comidas Preparadas""]}","[""Comidas Preparadas""]",,https://riba.app/imgrs/THUMBS%20500X500/48469.JPG,0,0,"[""91""]",765.000,2026-05-08 10:59:33
21557500000,PAPA DULCE TERMINADA,PAPA DULCE TERMINADA,PAPA DULCE TERMINADA,insert,1,https://riba.app/imgrs/THUMBS%20500X500/252777.JPG,tabs/detalle-producto/252777,695.000,695.000,695.000,USD,1,{},"{""MARCA"": [""FRUTAS/VERDURAS""], ""CATEGORIA"": [""Comidas Preparadas""]}","[""Comidas Preparadas""]",,https://riba.app/imgrs/THUMBS%20500X500/252777.JPG,0,0,"[""91""]",695.000,2026-05-08 10:59:33
21560500000,PIPIAN  KG,PIPIAN  KG,PIPIAN  KG,insert,1,https://riba.app/imgrs/THUMBS%20500X500/51350.JPG,tabs/detalle-producto/51350,195.000,195.000,195.000,USD,1,{},"{""MARCA"": [""RIMITH""], ""CATEGORIA"": [""Frutas Y Verduras""]}","[""Frutas Y Verduras""]",,https://riba.app/imgrs/THUMBS%20500X500/51350.JPG,0,0,"[""106""]",195.000,2026-05-08 10:59:33
21567000000,CHIRIMOYA  KG ,CHIRIMOYA  KG ,CHIRIMOYA  KG ,insert,1,https://riba.app/imgrs/THUMBS%20500X500/52637.JPG,tabs/detalle-producto/52637,1.200.000,1.200.000,1.200.000,USD,1,{},"{""MARCA"": [""RIMITH""], ""CATEGORIA"": [""Frutas Y Verduras""]}","[""Frutas Y Verduras""]",,https://riba.app/imgrs/THUMBS%20500X500/52637.JPG,0,0,"[""106""]",1.200.000,2026-05-08 10:59:33
21567800000,CEBOLLA PELADA,CEBOLLA PELADA,CEBOLLA PELADA,insert,1,https://riba.app/imgrs/THUMBS%20500X500/65236.JPG,tabs/detalle-producto/65236,440.000,440.000,440.000,USD,1,{},"{""MARCA"": [""FRUTAS/VERDURAS""], ""CATEGORIA"": [""Comidas Preparadas""]}","[""Comidas Preparadas""]",,https://riba.app/imgrs/THUMBS%20500X500/65236.JPG,0,0,"[""91""]",440.000,2026-05-08 10:59:33
21568000000,ZANAHORIA ENSALADA  ,ZANAHORIA ENSALADA  ,ZANAHORIA ENSALADA  ,insert,1,https://riba.app/imgrs/THUMBS%20500X500/67800.JPG,tabs/detalle-producto/67800,449.000,449.000,449.000,USD,1,{},"{""MARCA"": [""FRUTAS/VERDURAS""], ""CATEGORIA"": [""Comidas Preparadas""]}","[""Comidas Preparadas""]",,https://riba.app/imgrs/THUMBS%20500X500/67800.JPG,0,0,"[""91""]",449.000,2026-05-08 10:59:33
21568500000,REPOLLO ENSALADA,REPOLLO ENSALADA,REPOLLO ENSALADA,insert,1,https://riba.app/imgrs/THUMBS%20500X500/67807.JPG,tabs/detalle-producto/67807,562.000,562.000,562.000,USD,1,{},"{""MARCA"": [""FRUTAS/VERDURAS""], ""CATEGORIA"": [""Comidas Preparadas""]}","[""Comidas Preparadas""]",,https://riba.app/imgrs/THUMBS%20500X500/67807.JPG,0,0,"[""91""]",562.000,2026-05-08 10:59:33
21568600000,REPOLLO MORADO ENSALADA,REPOLLO MORADO ENSALADA,REPOLLO MORADO ENSALADA,insert,1,https://riba.app/imgrs/THUMBS%20500X500/67808.JPG,tabs/detalle-producto/67808,605.000,605.000,605.000,USD,1,{},"{""MARCA"": [""FRUTAS/VERDURAS""], ""CATEGORIA"": [""Comidas Preparadas""]}","[""Comidas Preparadas""]",,https://riba.app/imgrs/THUMBS%20500X500/67808.JPG,0,0,"[""91""]",605.000,2026-05-08 10:59:33
21569200000,MIXTO DE REPOLLO,MIXTO DE REPOLLO,MIXTO DE REPOLLO,insert,1,https://riba.app/imgrs/THUMBS%20500X500/69110.JPG,tabs/detalle-producto/69110,599.000,599.000,599.000,USD,1,{},"{""MARCA"": [""FRUTAS/VERDURAS""], ""CATEGORIA"": [""Comidas Preparadas""]}","[""Comidas Preparadas""]",,https://riba.app/imgrs/THUMBS%20500X500/69110.JPG,0,0,"[""91""]",599.000,2026-05-08 10:59:33
21570800000,CALABAZIN TERMINADA ,CALABAZIN TERMINADA ,CALABAZIN TERMINADA ,insert,1,https://riba.app/imgrs/THUMBS%20500X500/260973.JPG,tabs/detalle-producto/260973,315.000,315.000,315.000,USD,1,{},"{""MARCA"": [""FRUTAS/VERDURAS""], ""CATEGORIA"": [""Comidas Preparadas""]}","[""Comidas Preparadas""]",,https://riba.app/imgrs/THUMBS%20500X500/260973.JPG,0,0,"[""91""]",315.000,2026-05-08 10:59:33
21571000000,PIÑA SLICE SNACK,PIÑA SLICE SNACK,PIÑA SLICE SNACK,insert,1,https://riba.app/imgrs/THUMBS%20500X500/260455.JPG,tabs/detalle-producto/260455,470.000,470.000,470.000,USD,1,{},"{""MARCA"": [""RIMITH""], ""CATEGORIA"": [""Comidas Preparadas""]}","[""Comidas Preparadas""]",,https://riba.app/imgrs/THUMBS%20500X500/260455.JPG,0,0,"[""91""]",470.000,2026-05-08 10:59:33
21571100000,TOMATE CHERRY SNACK,TOMATE CHERRY SNACK,TOMATE CHERRY SNACK,insert,1,https://riba.app/imgrs/THUMBS%20500X500/260456.JPG,tabs/detalle-producto/260456,490.000,490.000,490.000,USD,1,{},"{""MARCA"": [""RIMITH""], ""CATEGORIA"": [""Comidas Preparadas""]}","[""Comidas Preparadas""]",,https://riba.app/imgrs/THUMBS%20500X500/260456.JPG,0,0,"[""91""]",490.000,2026-05-08 10:59:33
21571300000,MANDARINA SNACK,MANDARINA SNACK,MANDARINA SNACK,insert,1,https://riba.app/imgrs/THUMBS%20500X500/260457.JPG,tabs/detalle-producto/260457,1.045.000,1.045.000,1.045.000,USD,1,{},"{""MARCA"": [""RIMITH""], ""CATEGORIA"": [""Comidas Preparadas""]}","[""Comidas Preparadas""]",,https://riba.app/imgrs/THUMBS%20500X500/260457.JPG,0,0,"[""91""]",1.045.000,2026-05-08 10:59:33
21572000000,NARANJA NAVEL SNACK,NARANJA NAVEL SNACK,NARANJA NAVEL SNACK,insert,1,https://riba.app/imgrs/THUMBS%20500X500/260458.JPG,tabs/detalle-producto/260458,640.000,640.000,640.000,USD,1,{},"{""MARCA"": [""RIMITH""], ""CATEGORIA"": [""Comidas Preparadas""]}","[""Comidas Preparadas""]",,https://riba.app/imgrs/THUMBS%20500X500/260458.JPG,0,0,"[""91""]",640.000,2026-05-08 10:59:33
21572600000,FEIJOA ,FEIJOA ,FEIJOA ,insert,1,https://riba.app/imgrs/THUMBS%20500X500/303140.JPG,tabs/detalle-producto/303140,1.030.000,1.030.000,1.030.000,USD,1,{},"{""MARCA"": [""RIMITH""], ""CATEGORIA"": [""Frutas Y Verduras""]}","[""Frutas Y Verduras""]",,https://riba.app/imgrs/THUMBS%20500X500/303140.JPG,0,0,"[""106""]",1.030.000,2026-05-08 10:59:33
21574700000,CALABAZA MINI,CALABAZA MINI,CALABAZA MINI,insert,1,https://riba.app/imgrs/THUMBS%20500X500/78423.JPG,tabs/detalle-producto/78423,225.000,225.000,225.000,USD,1,{},"{""MARCA"": [""FRUTAS/VERDURAS""], ""CATEGORIA"": [""Frutas Y Verduras""]}","[""Frutas Y Verduras""]",,https://riba.app/imgrs/THUMBS%20500X500/78423.JPG,0,0,"[""106""]",225.000,2026-05-08 10:59:33
21575500000,KIWI RODAJA SNACK,KIWI RODAJA SNACK,KIWI RODAJA SNACK,insert,1,https://riba.app/imgrs/THUMBS%20500X500/260460.JPG,tabs/detalle-producto/260460,1.045.000,1.045.000,1.045.000,USD,1,{},"{""MARCA"": [""RIMITH""], ""CATEGORIA"": [""Comidas Preparadas""]}","[""Comidas Preparadas""]",,https://riba.app/imgrs/THUMBS%20500X500/260460.JPG,0,0,"[""91""]",1.045.000,2026-05-08 10:59:33
21576000000,ZUQUINI VERDE ESPAGUETTI,ZUQUINI VERDE ESPAGUETTI,ZUQUINI VERDE ESPAGUETTI,insert,1,https://riba.app/imgrs/THUMBS%20500X500/260507.JPG,tabs/detalle-producto/260507,550.000,550.000,550.000,USD,1,{},"{""MARCA"": [""RIMITH""], ""CATEGORIA"": [""Comidas Preparadas""]}","[""Comidas Preparadas""]",,https://riba.app/imgrs/THUMBS%20500X500/260507.JPG,0,0,"[""91""]",550.000,2026-05-08 10:59:33
21576700000,SANDIA REBANADA SNACK,SANDIA REBANADA SNACK,SANDIA REBANADA SNACK,insert,1,https://riba.app/imgrs/THUMBS%20500X500/260510.JPG,tabs/detalle-producto/260510,180.000,180.000,180.000,USD,1,{},"{""MARCA"": [""RIMITH""], ""CATEGORIA"": [""Comidas Preparadas""]}","[""Comidas Preparadas""]",,https://riba.app/imgrs/THUMBS%20500X500/260510.JPG,0,0,"[""91""]",180.000,2026-05-08 10:59:33
21577900000,MELON REBANADA SNACK,MELON REBANADA SNACK,MELON REBANADA SNACK,insert,1,https://riba.app/imgrs/THUMBS%20500X500/260511.JPG,tabs/detalle-producto/260511,573.000,573.000,573.000,USD,1,{},"{""MARCA"": [""RIMITH""], ""CATEGORIA"": [""Comidas Preparadas""]}","[""Comidas Preparadas""]",,https://riba.app/imgrs/THUMBS%20500X500/260511.JPG,0,0,"[""91""]",573.000,2026-05-08 10:59:33
21578000000,ZANAHORIA ESPAGUETTI,ZANAHORIA ESPAGUETTI,ZANAHORIA ESPAGUETTI,insert,1,https://riba.app/imgrs/THUMBS%20500X500/260761.JPG,tabs/detalle-producto/260761,550.000,550.000,550.000,USD,1,{},"{""MARCA"": [""RIMITH""], ""CATEGORIA"": [""Comidas Preparadas""]}","[""Comidas Preparadas""]",,https://riba.app/imgrs/THUMBS%20500X500/260761.JPG,0,0,"[""91""]",550.000,2026-05-08 10:59:33
21578400000,REMOLACHA ESPAGUETTI,REMOLACHA ESPAGUETTI,REMOLACHA ESPAGUETTI,insert,1,https://riba.app/imgrs/THUMBS%20500X500/261084.JPG,tabs/detalle-producto/261084,550.000,550.000,550.000,USD,1,{},"{""MARCA"": [""RIMITH""], ""CATEGORIA"": [""Comidas Preparadas""]}","[""Comidas Preparadas""]",,https://riba.app/imgrs/THUMBS%20500X500/261084.JPG,0,0,"[""91""]",550.000,2026-05-08 10:59:33
21578500000,TOMATE COCKTAIL SNACK ,TOMATE COCKTAIL SNACK ,TOMATE COCKTAIL SNACK ,insert,1,https://riba.app/imgrs/THUMBS%20500X500/261449.JPG,tabs/detalle-producto/261449,545.000,545.000,545.000,USD,1,{},"{""MARCA"": [""FRUTAS/VERDURAS""], ""CATEGORIA"": [""Comidas Preparadas""]}","[""Comidas Preparadas""]",,https://riba.app/imgrs/THUMBS%20500X500/261449.JPG,0,0,"[""91""]",545.000,2026-05-08 10:59:33
21579300000,UVAS ROJAS CON SEMILLA SNACK ,UVAS ROJAS CON SEMILLA SNACK ,UVAS ROJAS CON SEMILLA SNACK ,insert,1,https://riba.app/imgrs/THUMBS%20500X500/261455.JPG,tabs/detalle-producto/261455,580.000,580.000,580.000,USD,1,{},"{""MARCA"": [""RIMITH""], ""CATEGORIA"": [""Comidas Preparadas""]}","[""Comidas Preparadas""]",,https://riba.app/imgrs/THUMBS%20500X500/261455.JPG,0,0,"[""91""]",580.000,2026-05-08 10:59:33
21584300000,COLIFLOR RAYADO ,COLIFLOR RAYADO ,COLIFLOR RAYADO ,insert,1,https://riba.app/imgrs/THUMBS%20500X500/267548.JPG,tabs/detalle-producto/267548,965.000,965.000,965.000,USD,1,{},"{""MARCA"": [""DON JUAN""], ""CATEGORIA"": [""Comidas Preparadas""]}","[""Comidas Preparadas""]",,https://riba.app/imgrs/THUMBS%20500X500/267548.JPG,0,0,"[""91""]",965.000,2026-05-08 10:59:33
21585600000,PIÑA EN BASTON ,PIÑA EN BASTON ,PIÑA EN BASTON ,insert,1,https://riba.app/imgrs/THUMBS%20500X500/268124.JPG,tabs/detalle-producto/268124,515.000,515.000,515.000,USD,1,{},"{""MARCA"": [""FRUTAS/VERDURAS""], ""CATEGORIA"": [""Comidas Preparadas""]}","[""Comidas Preparadas""]",,https://riba.app/imgrs/THUMBS%20500X500/268124.JPG,0,0,"[""91""]",515.000,2026-05-08 10:59:33
21586100000,PIÑAS EN REBANADAS ,PIÑAS EN REBANADAS ,PIÑAS EN REBANADAS ,insert,1,https://riba.app/imgrs/THUMBS%20500X500/268131.JPG,tabs/detalle-producto/268131,515.000,515.000,515.000,USD,1,{},"{""MARCA"": [""FRUTAS/VERDURAS""], ""CATEGORIA"": [""Comidas Preparadas""]}","[""Comidas Preparadas""]",,https://riba.app/imgrs/THUMBS%20500X500/268131.JPG,0,0,"[""91""]",515.000,2026-05-08 10:59:33
21586300000,CAMOTE EN CUBITOS,CAMOTE EN CUBITOS,CAMOTE EN CUBITOS,insert,1,https://riba.app/imgrs/THUMBS%20500X500/269439.JPG,tabs/detalle-producto/269439,550.000,550.000,550.000,USD,1,{},"{""MARCA"": [""FRUTAS/VERDURAS""], ""CATEGORIA"": [""Comidas Preparadas""]}","[""Comidas Preparadas""]",,https://riba.app/imgrs/THUMBS%20500X500/269439.JPG,0,0,"[""91""]",550.000,2026-05-08 10:59:33
21586800000,NABO EN CUBITOS,NABO EN CUBITOS,NABO EN CUBITOS,insert,1,https://riba.app/imgrs/THUMBS%20500X500/269440.JPG,tabs/detalle-producto/269440,550.000,550.000,550.000,USD,1,{},"{""MARCA"": [""FRUTAS/VERDURAS""], ""CATEGORIA"": [""Comidas Preparadas""]}","[""Comidas Preparadas""]",,https://riba.app/imgrs/THUMBS%20500X500/269440.JPG,0,0,"[""91""]",550.000,2026-05-08 10:59:33
21587000000,REMOLACHA EN CUBITOS ,REMOLACHA EN CUBITOS ,REMOLACHA EN CUBITOS ,insert,1,https://riba.app/imgrs/THUMBS%20500X500/269441.JPG,tabs/detalle-producto/269441,550.000,550.000,550.000,USD,1,{},"{""MARCA"": [""FRUTAS/VERDURAS""], ""CATEGORIA"": [""Comidas Preparadas""]}","[""Comidas Preparadas""]",,https://riba.app/imgrs/THUMBS%20500X500/269441.JPG,0,0,"[""91""]",550.000,2026-05-08 10:59:33
21587600000,PLATANO ENTERO AL VACIO,PLATANO ENTERO AL VACIO,PLATANO ENTERO AL VACIO,insert,1,https://riba.app/imgrs/THUMBS%20500X500/122879.JPG,tabs/detalle-producto/122879,287.000,287.000,287.000,USD,1,{},"{""MARCA"": [""FRUTAS/VERDURAS""], ""CATEGORIA"": [""Comidas Preparadas""]}","[""Comidas Preparadas""]",,https://riba.app/imgrs/THUMBS%20500X500/122879.JPG,0,0,"[""91""]",287.000,2026-05-08 10:59:33
21589000000,COCO FRESCO,COCO FRESCO,COCO FRESCO,insert,1,https://riba.app/imgrs/THUMBS%20500X500/124889.JPG,tabs/detalle-producto/124889,525.000,525.000,525.000,USD,1,{},"{""MARCA"": [""FRUTAS/VERDURAS""], ""CATEGORIA"": [""Comidas Preparadas""]}","[""Comidas Preparadas""]",,https://riba.app/imgrs/THUMBS%20500X500/124889.JPG,0,0,"[""91""]",525.000,2026-05-08 10:59:33
21589200000,COCO FRESCO  16 OZ,COCO FRESCO  16 OZ,COCO FRESCO  16 OZ,insert,1,https://riba.app/imgrs/THUMBS%20500X500/124443.JPG,tabs/detalle-producto/124443,525.000,525.000,525.000,USD,1,{},"{""MARCA"": [""FRUTAS/VERDURAS""], ""CATEGORIA"": [""Comidas Preparadas""]}","[""Comidas Preparadas""]",,https://riba.app/imgrs/THUMBS%20500X500/124443.JPG,0,0,"[""91""]",525.000,2026-05-08 10:59:33
21589800000,BROCOLI RAYADO ,BROCOLI RAYADO ,BROCOLI RAYADO ,insert,1,https://riba.app/imgrs/THUMBS%20500X500/270003.JPG,tabs/detalle-producto/270003,685.000,685.000,685.000,USD,1,{},"{""MARCA"": [""GORDON THOMAS""], ""CATEGORIA"": [""Comidas Preparadas""]}","[""Comidas Preparadas""]",,https://riba.app/imgrs/THUMBS%20500X500/270003.JPG,0,0,"[""91""]",685.000,2026-05-08 10:59:33
21590200000,MELON ENVASE CHICO,MELON ENVASE CHICO,MELON ENVASE CHICO,insert,1,https://riba.app/imgrs/THUMBS%20500X500/128419.JPG,tabs/detalle-producto/128419,610.000,610.000,610.000,USD,1,{},"{""MARCA"": [""FRUTAS/VERDURAS""], ""CATEGORIA"": [""Comidas Preparadas""]}","[""Comidas Preparadas""]",,https://riba.app/imgrs/THUMBS%20500X500/128419.JPG,0,0,"[""91""]",610.000,2026-05-08 10:59:33
21590300000,PAPAYA ENVASE CHICA,PAPAYA ENVASE CHICA,PAPAYA ENVASE CHICA,insert,1,https://riba.app/imgrs/THUMBS%20500X500/128420.JPG,tabs/detalle-producto/128420,430.000,430.000,430.000,USD,1,{},"{""MARCA"": [""FRUTAS/VERDURAS""], ""CATEGORIA"": [""Comidas Preparadas""]}","[""Comidas Preparadas""]",,https://riba.app/imgrs/THUMBS%20500X500/128420.JPG,0,0,"[""91""]",430.000,2026-05-08 10:59:33
21590400000,PIÑA ENVASE CHICO,PIÑA ENVASE CHICO,PIÑA ENVASE CHICO,insert,1,https://riba.app/imgrs/THUMBS%20500X500/128427.JPG,tabs/detalle-producto/128427,515.000,515.000,515.000,USD,1,{},"{""MARCA"": [""FRUTAS/VERDURAS""], ""CATEGORIA"": [""Comidas Preparadas""]}","[""Comidas Preparadas""]",,https://riba.app/imgrs/THUMBS%20500X500/128427.JPG,0,0,"[""91""]",515.000,2026-05-08 10:59:33
21590500000,SANDIA ENVASE CHICO,SANDIA ENVASE CHICO,SANDIA ENVASE CHICO,insert,1,https://riba.app/imgrs/THUMBS%20500X500/128429.JPG,tabs/detalle-producto/128429,430.000,430.000,430.000,USD,1,{},"{""MARCA"": [""FRUTAS/VERDURAS""], ""CATEGORIA"": [""Comidas Preparadas""]}","[""Comidas Preparadas""]",,https://riba.app/imgrs/THUMBS%20500X500/128429.JPG,0,0,"[""91""]",430.000,2026-05-08 10:59:33
21590600000,FRUTAS MIXTA ENVASE CHICO,FRUTAS MIXTA ENVASE CHICO,FRUTAS MIXTA ENVASE CHICO,insert,1,https://riba.app/imgrs/THUMBS%20500X500/128431.JPG,tabs/detalle-producto/128431,520.000,520.000,520.000,USD,1,{},"{""MARCA"": [""FRUTAS/VERDURAS""], ""CATEGORIA"": [""Comidas Preparadas""]}","[""Comidas Preparadas""]",,https://riba.app/imgrs/THUMBS%20500X500/128431.JPG,0,0,"[""91""]",520.000,2026-05-08 10:59:33
21591100000,PIÑA ENVASE GRANDE,PIÑA ENVASE GRANDE,PIÑA ENVASE GRANDE,insert,1,https://riba.app/imgrs/THUMBS%20500X500/128461.JPG,tabs/detalle-producto/128461,470.000,470.000,470.000,USD,1,{},"{""MARCA"": [""FRUTAS/VERDURAS""], ""CATEGORIA"": [""Comidas Preparadas""]}","[""Comidas Preparadas""]",,https://riba.app/imgrs/THUMBS%20500X500/128461.JPG,0,0,"[""91""]",470.000,2026-05-08 10:59:33
21591600000,RAINBOW ESPAGHETTI  UN,RAINBOW ESPAGHETTI  UN,RAINBOW ESPAGHETTI  UN,insert,1,https://riba.app/imgrs/THUMBS%20500X500/274193.JPG,tabs/detalle-producto/274193,325.000,325.000,325.000,USD,1,{},"{""MARCA"": [""RIMITH""], ""CATEGORIA"": [""Comidas Preparadas""]}","[""Comidas Preparadas""]",,https://riba.app/imgrs/THUMBS%20500X500/274193.JPG,0,0,"[""91""]",325.000,2026-05-08 10:59:33
21594200000,MEDIA SOPERA ,MEDIA SOPERA ,MEDIA SOPERA ,insert,1,https://riba.app/imgrs/THUMBS%20500X500/278481.JPG,tabs/detalle-producto/278481,560.000,560.000,560.000,USD,1,{},"{""MARCA"": [""FRUTAS/VERDURAS""], ""CATEGORIA"": [""Comidas Preparadas""]}","[""Comidas Preparadas""]",,https://riba.app/imgrs/THUMBS%20500X500/278481.JPG,0,0,"[""91""]",560.000,2026-05-08 10:59:33
2160004,HELADO CON VAINILLA,HELADO CON VAINILLA,HELADO CON VAINILLA,insert,1,https://riba.app/imgrs/THUMBS%20500X500/25203.JPG,tabs/detalle-producto/25203,495.000,495.000,495.000,USD,1,{},"{""MARCA"": [""RIMITH""], ""CATEGORIA"": [""CONGELADO""]}","[""CONGELADO""]",,https://riba.app/imgrs/THUMBS%20500X500/25203.JPG,0,0,"[""305""]",495.000,2026-05-08 10:59:33
2160006,HELADO CON CHOCOLATE,HELADO CON CHOCOLATE,HELADO CON CHOCOLATE,insert,1,https://riba.app/imgrs/THUMBS%20500X500/25205.JPG,tabs/detalle-producto/25205,495.000,495.000,495.000,USD,1,{},"{""MARCA"": [""RIMITH""], ""CATEGORIA"": [""CONGELADO""]}","[""CONGELADO""]",,https://riba.app/imgrs/THUMBS%20500X500/25205.JPG,0,0,"[""305""]",495.000,2026-05-08 10:59:33
2160008,HELADO CON COCO,HELADO CON COCO,HELADO CON COCO,insert,1,https://riba.app/imgrs/THUMBS%20500X500/25225.JPG,tabs/detalle-producto/25225,550.000,550.000,550.000,USD,1,{},"{""MARCA"": [""RIMITH""], ""CATEGORIA"": [""CONGELADO""]}","[""CONGELADO""]",,https://riba.app/imgrs/THUMBS%20500X500/25225.JPG,0,0,"[""305""]",550.000,2026-05-08 10:59:33
2160011,HELADO SORBETO CON NANCE ,HELADO SORBETO CON NANCE ,HELADO SORBETO CON NANCE ,insert,1,https://riba.app/imgrs/THUMBS%20500X500/25208.JPG,tabs/detalle-producto/25208,550.000,550.000,550.000,USD,1,{},"{""MARCA"": [""RIMITH""], ""CATEGORIA"": [""CONGELADO""]}","[""CONGELADO""]",,https://riba.app/imgrs/THUMBS%20500X500/25208.JPG,0,0,"[""305""]",550.000,2026-05-08 10:59:33
2160012,HELADO CON GUANABANA,HELADO CON GUANABANA,HELADO CON GUANABANA,insert,1,https://riba.app/imgrs/THUMBS%20500X500/25209.JPG,tabs/detalle-producto/25209,550.000,550.000,550.000,USD,1,{},"{""MARCA"": [""RIMITH""], ""CATEGORIA"": [""CONGELADO""]}","[""CONGELADO""]",,https://riba.app/imgrs/THUMBS%20500X500/25209.JPG,0,0,"[""305""]",550.000,2026-05-08 10:59:33
2160014,HELADO SORBETO CON MARACUYA,HELADO SORBETO CON MARACUYA,HELADO SORBETO CON MARACUYA,insert,1,https://riba.app/imgrs/THUMBS%20500X500/25211.JPG,tabs/detalle-producto/25211,495.000,495.000,495.000,USD,1,{},"{""MARCA"": [""RIMITH""], ""CATEGORIA"": [""CONGELADO""]}","[""CONGELADO""]",,https://riba.app/imgrs/THUMBS%20500X500/25211.JPG,0,0,"[""305""]",495.000,2026-05-08 10:59:33
2160018,HELADO CON CAFE,HELADO CON CAFE,HELADO CON CAFE,insert,1,https://riba.app/imgrs/THUMBS%20500X500/25215.JPG,tabs/detalle-producto/25215,495.000,495.000,495.000,USD,1,{},"{""MARCA"": [""RIMITH""], ""CATEGORIA"": [""CONGELADO""]}","[""CONGELADO""]",,https://riba.app/imgrs/THUMBS%20500X500/25215.JPG,0,0,"[""305""]",495.000,2026-05-08 10:59:33
2160019,HELADO CON FRESA,HELADO CON FRESA,HELADO CON FRESA,insert,1,https://riba.app/imgrs/THUMBS%20500X500/53948.JPG,tabs/detalle-producto/53948,495.000,495.000,495.000,USD,1,{},"{""MARCA"": [""RIMITH""], ""CATEGORIA"": [""CONGELADO""]}","[""CONGELADO""]",,https://riba.app/imgrs/THUMBS%20500X500/53948.JPG,0,0,"[""305""]",495.000,2026-05-08 10:59:33
2160024,HELADO CON PISTACHO,HELADO CON PISTACHO,HELADO CON PISTACHO,insert,1,https://riba.app/imgrs/THUMBS%20500X500/25220.JPG,tabs/detalle-producto/25220,550.000,550.000,550.000,USD,1,{},"{""MARCA"": [""RIMITH""], ""CATEGORIA"": [""CONGELADO""]}","[""CONGELADO""]",,https://riba.app/imgrs/THUMBS%20500X500/25220.JPG,0,0,"[""305""]",550.000,2026-05-08 10:59:33
2160026,HELADO SORBETO CON LIMON,HELADO SORBETO CON LIMON,HELADO SORBETO CON LIMON,insert,1,https://riba.app/imgrs/THUMBS%20500X500/25222.JPG,tabs/detalle-producto/25222,495.000,495.000,495.000,USD,1,{},"{""MARCA"": [""RIMITH""], ""CATEGORIA"": [""CONGELADO""]}","[""CONGELADO""]",,https://riba.app/imgrs/THUMBS%20500X500/25222.JPG,0,0,"[""305""]",495.000,2026-05-08 10:59:33
2160036,HELADO ARROZ CON PINA,HELADO ARROZ CON PINA,HELADO ARROZ CON PINA,insert,1,https://riba.app/imgrs/THUMBS%20500X500/25232.JPG,tabs/detalle-producto/25232,450.000,450.000,450.000,USD,1,{},"{""MARCA"": [""RIMITH""], ""CATEGORIA"": [""CONGELADO""]}","[""CONGELADO""]",,https://riba.app/imgrs/THUMBS%20500X500/25232.JPG,0,0,"[""305""]",450.000,2026-05-08 10:59:33
2160040,HELADO CON MENTA,HELADO CON MENTA,HELADO CON MENTA,insert,1,https://riba.app/imgrs/THUMBS%20500X500/25236.JPG,tabs/detalle-producto/25236,495.000,495.000,495.000,USD,1,{},"{""MARCA"": [""RIMITH""], ""CATEGORIA"": [""CONGELADO""]}","[""CONGELADO""]",,https://riba.app/imgrs/THUMBS%20500X500/25236.JPG,0,0,"[""305""]",495.000,2026-05-08 10:59:33
2160109,HELADO CON AMARETTO,HELADO CON AMARETTO,HELADO CON AMARETTO,insert,1,https://riba.app/imgrs/THUMBS%20500X500/53943.JPG,tabs/detalle-producto/53943,495.000,495.000,495.000,USD,1,{},"{""MARCA"": [""RIMITH""], ""CATEGORIA"": [""CONGELADO""]}","[""CONGELADO""]",,https://riba.app/imgrs/THUMBS%20500X500/53943.JPG,0,0,"[""305""]",495.000,2026-05-08 10:59:33
2160123,HELADO SORBETO C NARANJA PIÑA,HELADO SORBETO C NARANJA PIÑA,HELADO SORBETO C NARANJA PIÑA,insert,1,https://riba.app/imgrs/THUMBS%20500X500/53983.JPG,tabs/detalle-producto/53983,495.000,495.000,495.000,USD,1,{},"{""MARCA"": [""RIMITH""], ""CATEGORIA"": [""CONGELADO""]}","[""CONGELADO""]",,https://riba.app/imgrs/THUMBS%20500X500/53983.JPG,0,0,"[""305""]",495.000,2026-05-08 10:59:33
2160133,YOGURT ITALIANO ,YOGURT ITALIANO ,YOGURT ITALIANO ,insert,1,https://riba.app/imgrs/THUMBS%20500X500/66951.JPG,tabs/detalle-producto/66951,125.000,125.000,125.000,USD,1,{},"{""MARCA"": [""RIMITH""], ""CATEGORIA"": [""LACTEOS""]}","[""LACTEOS""]",,https://riba.app/imgrs/THUMBS%20500X500/66951.JPG,0,0,"[""266""]",125.000,2026-05-08 10:59:33
2160134,YOGURT ITALIANO,YOGURT ITALIANO,YOGURT ITALIANO,insert,1,https://riba.app/imgrs/THUMBS%20500X500/55254.JPG,tabs/detalle-producto/55254,180.000,180.000,180.000,USD,1,{},"{""MARCA"": [""RIMITH""], ""CATEGORIA"": [""LACTEOS""]}","[""LACTEOS""]",,https://riba.app/imgrs/THUMBS%20500X500/55254.JPG,0,0,"[""266""]",180.000,2026-05-08 10:59:33
2160135,GELATINA ORIGINAL,GELATINA ORIGINAL,GELATINA ORIGINAL,insert,1,https://riba.app/imgrs/THUMBS%20500X500/9235.JPG,tabs/detalle-producto/9235,75.000,75.000,75.000,USD,1,{},"{""MARCA"": [""RIMITH""], ""CATEGORIA"": [""Snacks""]}","[""Snacks""]",,https://riba.app/imgrs/THUMBS%20500X500/9235.JPG,0,0,"[""296""]",75.000,2026-05-08 10:59:33
2160151,HELADO CON FRAMBUESA,HELADO CON FRAMBUESA,HELADO CON FRAMBUESA,insert,1,https://riba.app/imgrs/THUMBS%20500X500/54023.JPG,tabs/detalle-producto/54023,495.000,495.000,495.000,USD,1,{},"{""MARCA"": [""RIMITH""], ""CATEGORIA"": [""CONGELADO""]}","[""CONGELADO""]",,https://riba.app/imgrs/THUMBS%20500X500/54023.JPG,0,0,"[""305""]",495.000,2026-05-08 10:59:33
2160154,HELADO CON AGUA DE PIPA,HELADO CON AGUA DE PIPA,HELADO CON AGUA DE PIPA,insert,1,https://riba.app/imgrs/THUMBS%20500X500/53937.JPG,tabs/detalle-producto/53937,550.000,550.000,550.000,USD,1,{},"{""MARCA"": [""RIMITH""], ""CATEGORIA"": [""CONGELADO""]}","[""CONGELADO""]",,https://riba.app/imgrs/THUMBS%20500X500/53937.JPG,0,0,"[""305""]",550.000,2026-05-08 10:59:33
2160159,HELADO CON MORA,HELADO CON MORA,HELADO CON MORA,insert,1,https://riba.app/imgrs/THUMBS%20500X500/54026.JPG,tabs/detalle-producto/54026,495.000,495.000,495.000,USD,1,{},"{""MARCA"": [""RIMITH""], ""CATEGORIA"": [""CONGELADO""]}","[""CONGELADO""]",,https://riba.app/imgrs/THUMBS%20500X500/54026.JPG,0,0,"[""305""]",495.000,2026-05-08 10:59:33
2160245,HELADO SORBETO CON JOBO,HELADO SORBETO CON JOBO,HELADO SORBETO CON JOBO,insert,1,https://riba.app/imgrs/THUMBS%20500X500/53931.JPG,tabs/detalle-producto/53931,550.000,550.000,550.000,USD,1,{},"{""MARCA"": [""RIMITH""], ""CATEGORIA"": [""CONGELADO""]}","[""CONGELADO""]",,https://riba.app/imgrs/THUMBS%20500X500/53931.JPG,0,0,"[""305""]",550.000,2026-05-08 10:59:33
2160267,HELADO AMERICANA CON AVELLANA,HELADO AMERICANA CON AVELLANA,HELADO AMERICANA CON AVELLANA,insert,1,https://riba.app/imgrs/THUMBS%20500X500/54179.JPG,tabs/detalle-producto/54179,495.000,495.000,495.000,USD,1,{},"{""MARCA"": [""RIMITH""], ""CATEGORIA"": [""CONGELADO""]}","[""CONGELADO""]",,https://riba.app/imgrs/THUMBS%20500X500/54179.JPG,0,0,"[""305""]",495.000,2026-05-08 10:59:33
2160336,FLAN A LA ANTIGUA ,FLAN A LA ANTIGUA ,FLAN A LA ANTIGUA ,insert,1,https://riba.app/imgrs/THUMBS%20500X500/59680.JPG,tabs/detalle-producto/59680,141.000,141.000,141.000,USD,1,{},"{""MARCA"": [""RIMITH""], ""CATEGORIA"": [""Snacks""]}","[""Snacks""]",,https://riba.app/imgrs/THUMBS%20500X500/59680.JPG,0,0,"[""296""]",141.000,2026-05-08 10:59:33
2160340,HELADO CON ALMENDRA,HELADO CON ALMENDRA,HELADO CON ALMENDRA,insert,1,https://riba.app/imgrs/THUMBS%20500X500/58918.JPG,tabs/detalle-producto/58918,550.000,550.000,550.000,USD,1,{},"{""MARCA"": [""RIMITH""], ""CATEGORIA"": [""CONGELADO""]}","[""CONGELADO""]",,https://riba.app/imgrs/THUMBS%20500X500/58918.JPG,0,0,"[""305""]",550.000,2026-05-08 10:59:33
2160349,YOGUGEL DE MELOCOTON,YOGUGEL DE MELOCOTON,YOGUGEL DE MELOCOTON,insert,1,https://riba.app/imgrs/THUMBS%20500X500/59019.JPG,tabs/detalle-producto/59019,195.000,195.000,195.000,USD,1,{},"{""MARCA"": [""RIMITH""], ""CATEGORIA"": [""Snacks""]}","[""Snacks""]",,https://riba.app/imgrs/THUMBS%20500X500/59019.JPG,0,0,"[""296""]",195.000,2026-05-08 10:59:33
2160354,YOGUGEL DE PINA,YOGUGEL DE PINA,YOGUGEL DE PINA,insert,1,https://riba.app/imgrs/THUMBS%20500X500/59092.JPG,tabs/detalle-producto/59092,195.000,195.000,195.000,USD,1,{},"{""MARCA"": [""RIMITH""], ""CATEGORIA"": [""Snacks""]}","[""Snacks""]",,https://riba.app/imgrs/THUMBS%20500X500/59092.JPG,0,0,"[""296""]",195.000,2026-05-08 10:59:33
2160356,YOGUGEL DE FRESA,YOGUGEL DE FRESA,YOGUGEL DE FRESA,insert,1,https://riba.app/imgrs/THUMBS%20500X500/59096.JPG,tabs/detalle-producto/59096,195.000,195.000,195.000,USD,1,{},"{""MARCA"": [""RIMITH""], ""CATEGORIA"": [""Snacks""]}","[""Snacks""]",,https://riba.app/imgrs/THUMBS%20500X500/59096.JPG,0,0,"[""296""]",195.000,2026-05-08 10:59:33
2160367,YOGUGEL TUTTI FRUTI ,YOGUGEL TUTTI FRUTI ,YOGUGEL TUTTI FRUTI ,insert,1,https://riba.app/imgrs/THUMBS%20500X500/78451.JPG,tabs/detalle-producto/78451,195.000,195.000,195.000,USD,1,{},"{""MARCA"": [""RIMITH""], ""CATEGORIA"": [""Snacks""]}","[""Snacks""]",,https://riba.app/imgrs/THUMBS%20500X500/78451.JPG,0,0,"[""296""]",195.000,2026-05-08 10:59:33
2160368,YOGUGEL DE UVA,YOGUGEL DE UVA,YOGUGEL DE UVA,insert,1,https://riba.app/imgrs/THUMBS%20500X500/78452.JPG,tabs/detalle-producto/78452,195.000,195.000,195.000,USD,1,{},"{""MARCA"": [""RIMITH""], ""CATEGORIA"": [""Snacks""]}","[""Snacks""]",,https://riba.app/imgrs/THUMBS%20500X500/78452.JPG,0,0,"[""296""]",195.000,2026-05-08 10:59:33
2160369,RON PONCHE CAFE,RON PONCHE CAFE,RON PONCHE CAFE,insert,1,https://riba.app/imgrs/THUMBS%20500X500/80043.JPG,tabs/detalle-producto/80043,995.000,995.000,995.000,USD,1,{},"{""MARCA"": [""RIMITH""], ""CATEGORIA"": [""Licores""]}","[""Licores""]",,https://riba.app/imgrs/THUMBS%20500X500/80043.JPG,0,0,"[""290""]",995.000,2026-05-08 10:59:33
2160450,JUGOS FUZION + Z ,JUGOS FUZION + Z ,JUGOS FUZION + Z ,insert,1,https://riba.app/imgrs/THUMBS%20500X500/209290.JPG,tabs/detalle-producto/209290,198.000,198.000,198.000,USD,1,{},"{""MARCA"": [""RIMITH""], ""CATEGORIA"": [""Bebidas Y Jugos""]}","[""Bebidas Y Jugos""]",,https://riba.app/imgrs/THUMBS%20500X500/209290.JPG,0,0,"[""47""]",198.000,2026-05-08 10:59:33
2160451,JUGOS FUZION SENSACION ROJA,JUGOS FUZION SENSACION ROJA,JUGOS FUZION SENSACION ROJA,insert,1,https://riba.app/imgrs/THUMBS%20500X500/209291.JPG,tabs/detalle-producto/209291,198.000,198.000,198.000,USD,1,{},"{""MARCA"": [""RIMITH""], ""CATEGORIA"": [""Bebidas Y Jugos""]}","[""Bebidas Y Jugos""]",,https://riba.app/imgrs/THUMBS%20500X500/209291.JPG,0,0,"[""47""]",198.000,2026-05-08 10:59:33
2160452,JUGOS FUZION FUERZA VERDE ,JUGOS FUZION FUERZA VERDE ,JUGOS FUZION FUERZA VERDE ,insert,1,https://riba.app/imgrs/THUMBS%20500X500/209292.JPG,tabs/detalle-producto/209292,198.000,198.000,198.000,USD,1,{},"{""MARCA"": [""RIMITH""], ""CATEGORIA"": [""Bebidas Y Jugos""]}","[""Bebidas Y Jugos""]",,https://riba.app/imgrs/THUMBS%20500X500/209292.JPG,0,0,"[""47""]",198.000,2026-05-08 10:59:33
2160453,JUGOS FUZION BANANGOS ,JUGOS FUZION BANANGOS ,JUGOS FUZION BANANGOS ,insert,1,https://riba.app/imgrs/THUMBS%20500X500/209293.JPG,tabs/detalle-producto/209293,198.000,198.000,198.000,USD,1,{},"{""MARCA"": [""RIMITH""], ""CATEGORIA"": [""Bebidas Y Jugos""]}","[""Bebidas Y Jugos""]",,https://riba.app/imgrs/THUMBS%20500X500/209293.JPG,0,0,"[""47""]",198.000,2026-05-08 10:59:33
2160454,JUG FUZION PARAISOS TROPICAL,JUG FUZION PARAISOS TROPICAL,JUG FUZION PARAISOS TROPICAL,insert,1,https://riba.app/imgrs/THUMBS%20500X500/209294.JPG,tabs/detalle-producto/209294,198.000,198.000,198.000,USD,1,{},"{""MARCA"": [""RIMITH""], ""CATEGORIA"": [""Bebidas Y Jugos""]}","[""Bebidas Y Jugos""]",,https://riba.app/imgrs/THUMBS%20500X500/209294.JPG,0,0,"[""47""]",198.000,2026-05-08 10:59:33
2160455,JUGOS FUZION MANCHINI,JUGOS FUZION MANCHINI,JUGOS FUZION MANCHINI,insert,1,https://riba.app/imgrs/THUMBS%20500X500/209295.JPG,tabs/detalle-producto/209295,198.000,198.000,198.000,USD,1,{},"{""MARCA"": [""RIMITH""], ""CATEGORIA"": [""Bebidas Y Jugos""]}","[""Bebidas Y Jugos""]",,https://riba.app/imgrs/THUMBS%20500X500/209295.JPG,0,0,"[""47""]",198.000,2026-05-08 10:59:33
2160457,ARROZ CON LECHE,ARROZ CON LECHE,ARROZ CON LECHE,insert,1,https://riba.app/imgrs/THUMBS%20500X500/214770.JPG,tabs/detalle-producto/214770,135.000,135.000,135.000,USD,1,{},"{""MARCA"": [""RIMITH""], ""CATEGORIA"": [""Snacks""]}","[""Snacks""]",,https://riba.app/imgrs/THUMBS%20500X500/214770.JPG,0,0,"[""296""]",135.000,2026-05-08 10:59:33
2160459,PESADA DE NANCE ,PESADA DE NANCE ,PESADA DE NANCE ,insert,1,https://riba.app/imgrs/THUMBS%20500X500/214775.JPG,tabs/detalle-producto/214775,165.000,165.000,165.000,USD,1,{},"{""MARCA"": [""RIMITH""], ""CATEGORIA"": [""Snacks""]}","[""Snacks""]",,https://riba.app/imgrs/THUMBS%20500X500/214775.JPG,0,0,"[""296""]",165.000,2026-05-08 10:59:33
2160460,PUDDIN DE CHOCO VAINILLA ,PUDDIN DE CHOCO VAINILLA ,PUDDIN DE CHOCO VAINILLA ,insert,1,https://riba.app/imgrs/THUMBS%20500X500/217360.JPG,tabs/detalle-producto/217360,161.000,161.000,161.000,USD,1,{},"{""MARCA"": [""RIMITH""], ""CATEGORIA"": [""Snacks""]}","[""Snacks""]",,https://riba.app/imgrs/THUMBS%20500X500/217360.JPG,0,0,"[""296""]",161.000,2026-05-08 10:59:33
2160462,C#11 SPAGUETTI S ITA POLLO PAR,C#11 SPAGUETTI S ITA POLLO PAR,C#11 SPAGUETTI S ITA POLLO PAR,insert,1,https://riba.app/imgrs/THUMBS%20500X500/218083.JPG,tabs/detalle-producto/218083,495.000,495.000,495.000,USD,1,{},"{""MARCA"": [""RIMITH""], ""CATEGORIA"": [""Comidas Preparadas""]}","[""Comidas Preparadas""]",,https://riba.app/imgrs/THUMBS%20500X500/218083.JPG,0,0,"[""91""]",495.000,2026-05-08 10:59:33
2160463,C#44 SPAGUETTI ALB S ROJA PARM,C#44 SPAGUETTI ALB S ROJA PARM,C#44 SPAGUETTI ALB S ROJA PARM,insert,1,https://riba.app/imgrs/THUMBS%20500X500/218084.JPG,tabs/detalle-producto/218084,595.000,595.000,595.000,USD,1,{},"{""MARCA"": [""RIMITH""], ""CATEGORIA"": [""Comidas Preparadas""]}","[""Comidas Preparadas""]",,https://riba.app/imgrs/THUMBS%20500X500/218084.JPG,0,0,"[""91""]",595.000,2026-05-08 10:59:33
2160464,C#46 RAVIOLI CARNE M PARMESANO,C#46 RAVIOLI CARNE M PARMESANO,C#46 RAVIOLI CARNE M PARMESANO,insert,1,https://riba.app/imgrs/THUMBS%20500X500/218085.JPG,tabs/detalle-producto/218085,565.000,565.000,565.000,USD,1,{},"{""MARCA"": [""RIMITH""], ""CATEGORIA"": [""Comidas Preparadas""]}","[""Comidas Preparadas""]",,https://riba.app/imgrs/THUMBS%20500X500/218085.JPG,0,0,"[""91""]",565.000,2026-05-08 10:59:33
2160465,"RAVIOLI DE POLLO SS
","RAVIOLI DE POLLO SS
","RAVIOLI DE POLLO SS
",insert,1,https://riba.app/imgrs/THUMBS%20500X500/218086.JPG,tabs/detalle-producto/218086,650.000,650.000,650.000,USD,1,{},"{""MARCA"": [""RIMITH""], ""CATEGORIA"": [""Comidas Preparadas""]}","[""Comidas Preparadas""]",,https://riba.app/imgrs/THUMBS%20500X500/218086.JPG,0,0,"[""91""]",650.000,2026-05-08 10:59:33
2160467,C#8 ARROZ  STIR FRY POLLO TAJAD,C#8 ARROZ  STIR FRY POLLO TAJAD,C#8 ARROZ  STIR FRY POLLO TAJAD,insert,1,https://riba.app/imgrs/THUMBS%20500X500/218487.JPG,tabs/detalle-producto/218487,495.000,495.000,495.000,USD,1,{},"{""MARCA"": [""RIMITH""], ""CATEGORIA"": [""Comidas Preparadas""]}","[""Comidas Preparadas""]",,https://riba.app/imgrs/THUMBS%20500X500/218487.JPG,0,0,"[""91""]",495.000,2026-05-08 10:59:33
2160469,C#40 ARROZ C CAMARON TAJADA,C#40 ARROZ C CAMARON TAJADA,C#40 ARROZ C CAMARON TAJADA,insert,1,https://riba.app/imgrs/THUMBS%20500X500/218490.JPG,tabs/detalle-producto/218490,595.000,595.000,595.000,USD,1,{},"{""MARCA"": [""RIMITH""], ""CATEGORIA"": [""Comidas Preparadas""]}","[""Comidas Preparadas""]",,https://riba.app/imgrs/THUMBS%20500X500/218490.JPG,0,0,"[""91""]",595.000,2026-05-08 10:59:33
2160470,MANTEQUILLA CON AJO ,MANTEQUILLA CON AJO ,MANTEQUILLA CON AJO ,insert,1,https://riba.app/imgrs/THUMBS%20500X500/74092.JPG,tabs/detalle-producto/74092,326.000,326.000,326.000,USD,1,{},"{""MARCA"": [""RIMITH""], ""CATEGORIA"": [""LACTEOS""]}","[""LACTEOS""]",,https://riba.app/imgrs/THUMBS%20500X500/74092.JPG,0,0,"[""266""]",326.000,2026-05-08 10:59:33
2160472,SALSA CHIMICHURRI,SALSA CHIMICHURRI,SALSA CHIMICHURRI,insert,1,https://riba.app/imgrs/THUMBS%20500X500/74091.JPG,tabs/detalle-producto/74091,351.000,351.000,351.000,USD,1,{},"{""MARCA"": [""RIMITH""], ""CATEGORIA"": [""Despensa""]}","[""Despensa""]",,https://riba.app/imgrs/THUMBS%20500X500/74091.JPG,0,0,"[""264""]",351.000,2026-05-08 10:59:33
2160473,GELATINA CON FRUTAS,GELATINA CON FRUTAS,GELATINA CON FRUTAS,insert,1,https://riba.app/imgrs/THUMBS%20500X500/9242.JPG,tabs/detalle-producto/9242,180.000,180.000,180.000,USD,1,{},"{""MARCA"": [""RIMITH""], ""CATEGORIA"": [""Snacks""]}","[""Snacks""]",,https://riba.app/imgrs/THUMBS%20500X500/9242.JPG,0,0,"[""296""]",180.000,2026-05-08 10:59:33
2160474,PESADA DE NANCE,PESADA DE NANCE,PESADA DE NANCE,insert,1,https://riba.app/imgrs/THUMBS%20500X500/9243.JPG,tabs/detalle-producto/9243,225.000,225.000,225.000,USD,1,{},"{""MARCA"": [""RIMITH""], ""CATEGORIA"": [""Snacks""]}","[""Snacks""]",,https://riba.app/imgrs/THUMBS%20500X500/9243.JPG,0,0,"[""296""]",225.000,2026-05-08 10:59:33
2160476,ENSALADA PAPA BLANCA POLLO,ENSALADA PAPA BLANCA POLLO,ENSALADA PAPA BLANCA POLLO,insert,1,https://riba.app/imgrs/THUMBS%20500X500/191935.JPG,tabs/detalle-producto/191935,350.000,350.000,350.000,USD,1,{},"{""MARCA"": [""RIMITH""], ""CATEGORIA"": [""Comidas Preparadas""]}","[""Comidas Preparadas""]",,https://riba.app/imgrs/THUMBS%20500X500/191935.JPG,0,0,"[""91""]",350.000,2026-05-08 10:59:33
2160478,ENSALADA PAPA ROJA POLLO,ENSALADA PAPA ROJA POLLO,ENSALADA PAPA ROJA POLLO,insert,1,https://riba.app/imgrs/THUMBS%20500X500/191937.JPG,tabs/detalle-producto/191937,350.000,350.000,350.000,USD,1,{},"{""MARCA"": [""RIMITH""], ""CATEGORIA"": [""Comidas Preparadas""]}","[""Comidas Preparadas""]",,https://riba.app/imgrs/THUMBS%20500X500/191937.JPG,0,0,"[""91""]",350.000,2026-05-08 10:59:33
2160480,ENSALADA PAPA CON VEGETALES,ENSALADA PAPA CON VEGETALES,ENSALADA PAPA CON VEGETALES,insert,1,https://riba.app/imgrs/THUMBS%20500X500/191940.JPG,tabs/detalle-producto/191940,310.000,310.000,310.000,USD,1,{},"{""MARCA"": [""RIMITH""], ""CATEGORIA"": [""Comidas Preparadas""]}","[""Comidas Preparadas""]",,https://riba.app/imgrs/THUMBS%20500X500/191940.JPG,0,0,"[""91""]",310.000,2026-05-08 10:59:33
2160483,ENS FESTIVE SUPER ,ENS FESTIVE SUPER ,ENS FESTIVE SUPER ,insert,1,https://riba.app/imgrs/THUMBS%20500X500/204052.JPG,tabs/detalle-producto/204052,425.000,425.000,425.000,USD,1,{},"{""MARCA"": [""RIMITH""], ""CATEGORIA"": [""Comidas Preparadas""]}","[""Comidas Preparadas""]",,https://riba.app/imgrs/THUMBS%20500X500/204052.JPG,0,0,"[""91""]",425.000,2026-05-08 10:59:33
2160484,ENSALADA GRIEGA,ENSALADA GRIEGA,ENSALADA GRIEGA,insert,1,https://riba.app/imgrs/THUMBS%20500X500/191962.JPG,tabs/detalle-producto/191962,245.000,245.000,245.000,USD,1,{},"{""MARCA"": [""DELIRYS""], ""CATEGORIA"": [""Comidas Preparadas""]}","[""Comidas Preparadas""]",,https://riba.app/imgrs/THUMBS%20500X500/191962.JPG,0,0,"[""91""]",245.000,2026-05-08 10:59:33
2160485,ENSALADA VERDE,ENSALADA VERDE,ENSALADA VERDE,insert,1,https://riba.app/imgrs/THUMBS%20500X500/191960.JPG,tabs/detalle-producto/191960,245.000,245.000,245.000,USD,1,{},"{""MARCA"": [""RIMITH""], ""CATEGORIA"": [""Comidas Preparadas""]}","[""Comidas Preparadas""]",,https://riba.app/imgrs/THUMBS%20500X500/191960.JPG,0,0,"[""91""]",245.000,2026-05-08 10:59:33
2160486,ENS VERDE FAJITAS POLLO SUPER ,ENS VERDE FAJITAS POLLO SUPER ,ENS VERDE FAJITAS POLLO SUPER ,insert,1,https://riba.app/imgrs/THUMBS%20500X500/204049.JPG,tabs/detalle-producto/204049,425.000,425.000,425.000,USD,1,{},"{""MARCA"": [""RIMITH""], ""CATEGORIA"": [""Comidas Preparadas""]}","[""Comidas Preparadas""]",,https://riba.app/imgrs/THUMBS%20500X500/204049.JPG,0,0,"[""91""]",425.000,2026-05-08 10:59:33
2160488,ENSALADA KRISTOFF,ENSALADA KRISTOFF,ENSALADA KRISTOFF,insert,1,https://riba.app/imgrs/THUMBS%20500X500/191963.JPG,tabs/detalle-producto/191963,360.000,360.000,360.000,USD,1,{},"{""MARCA"": [""RIMITH""], ""CATEGORIA"": [""Comidas Preparadas""]}","[""Comidas Preparadas""]",,https://riba.app/imgrs/THUMBS%20500X500/191963.JPG,0,0,"[""91""]",360.000,2026-05-08 10:59:33
2160489,ENSALADA MIXTA,ENSALADA MIXTA,ENSALADA MIXTA,insert,1,https://riba.app/imgrs/THUMBS%20500X500/191959.JPG,tabs/detalle-producto/191959,245.000,245.000,245.000,USD,1,{},"{""MARCA"": [""RIMITH""], ""CATEGORIA"": [""Comidas Preparadas""]}","[""Comidas Preparadas""]",,https://riba.app/imgrs/THUMBS%20500X500/191959.JPG,0,0,"[""91""]",245.000,2026-05-08 10:59:33
2160507,MONDONGO EN SALSA SS 4 PORC,MONDONGO EN SALSA SS 4 PORC,MONDONGO EN SALSA SS 4 PORC,insert,1,https://riba.app/imgrs/THUMBS%20500X500/221168.JPG,tabs/detalle-producto/221168,800.000,800.000,800.000,USD,1,{},"{""MARCA"": [""RIMITH""], ""CATEGORIA"": [""Comidas Preparadas""]}","[""Comidas Preparadas""]",,https://riba.app/imgrs/THUMBS%20500X500/221168.JPG,0,0,"[""91""]",800.000,2026-05-08 10:59:33
2160525,JUGO DE NARANJA PASTEURIZADO,JUGO DE NARANJA PASTEURIZADO,JUGO DE NARANJA PASTEURIZADO,insert,1,https://riba.app/imgrs/THUMBS%20500X500/227578.JPG,tabs/detalle-producto/227578,925.000,925.000,925.000,USD,1,{},"{""MARCA"": [""RIMITH""], ""CATEGORIA"": [""Bebidas Y Jugos""]}","[""Bebidas Y Jugos""]",,https://riba.app/imgrs/THUMBS%20500X500/227578.JPG,0,0,"[""47""]",925.000,2026-05-08 10:59:33
2160528,ARROZ CON LECHE Y PASITAS ,ARROZ CON LECHE Y PASITAS ,ARROZ CON LECHE Y PASITAS ,insert,1,https://riba.app/imgrs/THUMBS%20500X500/229792.JPG,tabs/detalle-producto/229792,145.000,145.000,145.000,USD,1,{},"{""MARCA"": [""RIMITH""], ""CATEGORIA"": [""Snacks""]}","[""Snacks""]",,https://riba.app/imgrs/THUMBS%20500X500/229792.JPG,0,0,"[""296""]",145.000,2026-05-08 10:59:33
2160534,HELADO VAINILLA NF,HELADO VAINILLA NF,HELADO VAINILLA NF,insert,1,https://riba.app/imgrs/THUMBS%20500X500/70314.JPG,tabs/detalle-producto/70314,495.000,495.000,495.000,USD,1,{},"{""MARCA"": [""RIMITH""], ""CATEGORIA"": [""CONGELADO""]}","[""CONGELADO""]",,https://riba.app/imgrs/THUMBS%20500X500/70314.JPG,0,0,"[""305""]",495.000,2026-05-08 10:59:33
2160540,C#6 PASTA CARNE MOL PARMESANO,C#6 PASTA CARNE MOL PARMESANO,C#6 PASTA CARNE MOL PARMESANO,insert,1,https://riba.app/imgrs/THUMBS%20500X500/231699.JPG,tabs/detalle-producto/231699,595.000,595.000,595.000,USD,1,{},"{""MARCA"": [""RIMITH""], ""CATEGORIA"": [""Comidas Preparadas""]}","[""Comidas Preparadas""]",,https://riba.app/imgrs/THUMBS%20500X500/231699.JPG,0,0,"[""91""]",595.000,2026-05-08 10:59:33
2160541,C#43 PASTA C POLLO S FUNGI PAR,C#43 PASTA C POLLO S FUNGI PAR,C#43 PASTA C POLLO S FUNGI PAR,insert,1,https://riba.app/imgrs/THUMBS%20500X500/231704.JPG,tabs/detalle-producto/231704,530.000,530.000,530.000,USD,1,{},"{""MARCA"": [""RIMITH""], ""CATEGORIA"": [""Comidas Preparadas""]}","[""Comidas Preparadas""]",,https://riba.app/imgrs/THUMBS%20500X500/231704.JPG,0,0,"[""91""]",530.000,2026-05-08 10:59:33
2160585,LECHE DE CABRA 1/4GL,LECHE DE CABRA 1/4GL,LECHE DE CABRA 1/4GL,insert,1,https://riba.app/imgrs/THUMBS%20500X500/242109.JPG,tabs/detalle-producto/242109,605.000,605.000,605.000,USD,1,{},"{""MARCA"": [""RIMITH""], ""CATEGORIA"": [""LACTEOS""]}","[""LACTEOS""]",,https://riba.app/imgrs/THUMBS%20500X500/242109.JPG,0,0,"[""266""]",605.000,2026-05-08 10:59:33
2160589,CHICHEME 8OZ,CHICHEME 8OZ,CHICHEME 8OZ,insert,1,https://riba.app/imgrs/THUMBS%20500X500/249624.JPG,tabs/detalle-producto/249624,95.000,95.000,95.000,USD,1,{},"{""MARCA"": [""RIMITH""], ""CATEGORIA"": [""Bebidas Y Jugos""]}","[""Bebidas Y Jugos""]",,https://riba.app/imgrs/THUMBS%20500X500/249624.JPG,0,0,"[""47""]",95.000,2026-05-08 10:59:33
2160590,CHICHEME 32 OZ ,CHICHEME 32 OZ ,CHICHEME 32 OZ ,insert,1,https://riba.app/imgrs/THUMBS%20500X500/249625.JPG,tabs/detalle-producto/249625,310.000,310.000,310.000,USD,1,{},"{""MARCA"": [""RIMITH""], ""CATEGORIA"": [""Bebidas Y Jugos""]}","[""Bebidas Y Jugos""]",,https://riba.app/imgrs/THUMBS%20500X500/249625.JPG,0,0,"[""47""]",310.000,2026-05-08 10:59:33
2160601,YOGURT DE VAINILLA ,YOGURT DE VAINILLA ,YOGURT DE VAINILLA ,insert,1,https://riba.app/imgrs/THUMBS%20500X500/258320.JPG,tabs/detalle-producto/258320,120.000,120.000,120.000,USD,1,{},"{""MARCA"": [""RIMITH""], ""CATEGORIA"": [""LACTEOS""]}","[""LACTEOS""]",,https://riba.app/imgrs/THUMBS%20500X500/258320.JPG,0,0,"[""266""]",120.000,2026-05-08 10:59:33
2160602,YOGURT DE VAINILLA ,YOGURT DE VAINILLA ,YOGURT DE VAINILLA ,insert,1,https://riba.app/imgrs/THUMBS%20500X500/258321.JPG,tabs/detalle-producto/258321,135.000,135.000,135.000,USD,1,{},"{""MARCA"": [""RIMITH""], ""CATEGORIA"": [""LACTEOS""]}","[""LACTEOS""]",,https://riba.app/imgrs/THUMBS%20500X500/258321.JPG,0,0,"[""266""]",135.000,2026-05-08 10:59:33
2160605,YOMITH YOG BEBIBLE GUANABANA,YOMITH YOG BEBIBLE GUANABANA,YOMITH YOG BEBIBLE GUANABANA,insert,1,https://riba.app/imgrs/THUMBS%20500X500/259081.JPG,tabs/detalle-producto/259081,135.000,135.000,135.000,USD,1,{},"{""MARCA"": [""RIMITH""], ""CATEGORIA"": [""LACTEOS""]}","[""LACTEOS""]",,https://riba.app/imgrs/THUMBS%20500X500/259081.JPG,0,0,"[""266""]",135.000,2026-05-08 10:59:33
2160606,YOMITH YOG BEBIBL DE MARACUYA ,YOMITH YOG BEBIBL DE MARACUYA ,YOMITH YOG BEBIBL DE MARACUYA ,insert,1,https://riba.app/imgrs/THUMBS%20500X500/259082.JPG,tabs/detalle-producto/259082,135.000,135.000,135.000,USD,1,{},"{""MARCA"": [""RIMITH""], ""CATEGORIA"": [""LACTEOS""]}","[""LACTEOS""]",,https://riba.app/imgrs/THUMBS%20500X500/259082.JPG,0,0,"[""266""]",135.000,2026-05-08 10:59:33
2160607,YOMITH YOG BEBIBL GUINEO FRESA,YOMITH YOG BEBIBL GUINEO FRESA,YOMITH YOG BEBIBL GUINEO FRESA,insert,1,https://riba.app/imgrs/THUMBS%20500X500/259083.JPG,tabs/detalle-producto/259083,135.000,135.000,135.000,USD,1,{},"{""MARCA"": [""RIMITH""], ""CATEGORIA"": [""LACTEOS""]}","[""LACTEOS""]",,https://riba.app/imgrs/THUMBS%20500X500/259083.JPG,0,0,"[""266""]",135.000,2026-05-08 10:59:33
2160608,YOMITH YOGURT BEBIBLE DE COCO,YOMITH YOGURT BEBIBLE DE COCO,YOMITH YOGURT BEBIBLE DE COCO,insert,1,https://riba.app/imgrs/THUMBS%20500X500/259084.JPG,tabs/detalle-producto/259084,135.000,135.000,135.000,USD,1,{},"{""MARCA"": [""RIMITH""], ""CATEGORIA"": [""LACTEOS""]}","[""LACTEOS""]",,https://riba.app/imgrs/THUMBS%20500X500/259084.JPG,0,0,"[""266""]",135.000,2026-05-08 10:59:33
2160609,YOMITH YOGURT BEBIBLE DE FRESA,YOMITH YOGURT BEBIBLE DE FRESA,YOMITH YOGURT BEBIBLE DE FRESA,insert,1,https://riba.app/imgrs/THUMBS%20500X500/259085.JPG,tabs/detalle-producto/259085,135.000,135.000,135.000,USD,1,{},"{""MARCA"": [""RIMITH""], ""CATEGORIA"": [""LACTEOS""]}","[""LACTEOS""]",,https://riba.app/imgrs/THUMBS%20500X500/259085.JPG,0,0,"[""266""]",135.000,2026-05-08 10:59:33
2160610,YOMITH YOGURT BEBIBLE NATURAL,YOMITH YOGURT BEBIBLE NATURAL,YOMITH YOGURT BEBIBLE NATURAL,insert,1,https://riba.app/imgrs/THUMBS%20500X500/259237.JPG,tabs/detalle-producto/259237,125.000,125.000,125.000,USD,1,{},"{""MARCA"": [""RIMITH""], ""CATEGORIA"": [""LACTEOS""]}","[""LACTEOS""]",,https://riba.app/imgrs/THUMBS%20500X500/259237.JPG,0,0,"[""266""]",125.000,2026-05-08 10:59:33
2160612,YOMITH YOGURT BEBIBL BLACBERRY,YOMITH YOGURT BEBIBL BLACBERRY,YOMITH YOGURT BEBIBL BLACBERRY,insert,1,https://riba.app/imgrs/THUMBS%20500X500/259239.JPG,tabs/detalle-producto/259239,135.000,135.000,135.000,USD,1,{},"{""MARCA"": [""RIMITH""], ""CATEGORIA"": [""LACTEOS""]}","[""LACTEOS""]",,https://riba.app/imgrs/THUMBS%20500X500/259239.JPG,0,0,"[""266""]",135.000,2026-05-08 10:59:33
2160613,YOMITH BEBIB VERD CON GENGIBRE,YOMITH BEBIB VERD CON GENGIBRE,YOMITH BEBIB VERD CON GENGIBRE,insert,1,https://riba.app/imgrs/THUMBS%20500X500/259240.JPG,tabs/detalle-producto/259240,135.000,135.000,135.000,USD,1,{},"{""MARCA"": [""RIMITH""], ""CATEGORIA"": [""LACTEOS""]}","[""LACTEOS""]",,https://riba.app/imgrs/THUMBS%20500X500/259240.JPG,0,0,"[""266""]",135.000,2026-05-08 10:59:33
2160614,YOMITH YOG BEBIBLE DE GUINEO,YOMITH YOG BEBIBLE DE GUINEO,YOMITH YOG BEBIBLE DE GUINEO,insert,1,https://riba.app/imgrs/THUMBS%20500X500/259241.JPG,tabs/detalle-producto/259241,135.000,135.000,135.000,USD,1,{},"{""MARCA"": [""RIMITH""], ""CATEGORIA"": [""LACTEOS""]}","[""LACTEOS""]",,https://riba.app/imgrs/THUMBS%20500X500/259241.JPG,0,0,"[""266""]",135.000,2026-05-08 10:59:33
2160617,JUGO VERDE SALUDABLE,JUGO VERDE SALUDABLE,JUGO VERDE SALUDABLE,insert,1,https://riba.app/imgrs/THUMBS%20500X500/260780.JPG,tabs/detalle-producto/260780,278.000,278.000,278.000,USD,1,{},"{""MARCA"": [""RIMITH""], ""CATEGORIA"": [""Bebidas Y Jugos""]}","[""Bebidas Y Jugos""]",,https://riba.app/imgrs/THUMBS%20500X500/260780.JPG,0,0,"[""47""]",278.000,2026-05-08 10:59:33
2160618,JUGO DULCE VERDE,JUGO DULCE VERDE,JUGO DULCE VERDE,insert,1,https://riba.app/imgrs/THUMBS%20500X500/260781.JPG,tabs/detalle-producto/260781,278.000,278.000,278.000,USD,1,{},"{""MARCA"": [""RIMITH""], ""CATEGORIA"": [""Bebidas Y Jugos""]}","[""Bebidas Y Jugos""]",,https://riba.app/imgrs/THUMBS%20500X500/260781.JPG,0,0,"[""47""]",278.000,2026-05-08 10:59:33
2160619,JUGO CLASSIC BEET,JUGO CLASSIC BEET,JUGO CLASSIC BEET,insert,1,https://riba.app/imgrs/THUMBS%20500X500/260782.JPG,tabs/detalle-producto/260782,278.000,278.000,278.000,USD,1,{},"{""MARCA"": [""RIMITH""], ""CATEGORIA"": [""Bebidas Y Jugos""]}","[""Bebidas Y Jugos""]",,https://riba.app/imgrs/THUMBS%20500X500/260782.JPG,0,0,"[""47""]",278.000,2026-05-08 10:59:33
2160620,JUGO ZANA MANZANA,JUGO ZANA MANZANA,JUGO ZANA MANZANA,insert,1,https://riba.app/imgrs/THUMBS%20500X500/260783.JPG,tabs/detalle-producto/260783,278.000,278.000,278.000,USD,1,{},"{""MARCA"": [""RIMITH""], ""CATEGORIA"": [""Bebidas Y Jugos""]}","[""Bebidas Y Jugos""]",,https://riba.app/imgrs/THUMBS%20500X500/260783.JPG,0,0,"[""47""]",278.000,2026-05-08 10:59:33
2160622,JUGO TURMERIC LIME,JUGO TURMERIC LIME,JUGO TURMERIC LIME,insert,1,https://riba.app/imgrs/THUMBS%20500X500/262228.JPG,tabs/detalle-producto/262228,278.000,278.000,278.000,USD,1,{},"{""MARCA"": [""RIMITH""], ""CATEGORIA"": [""Bebidas Y Jugos""]}","[""Bebidas Y Jugos""]",,https://riba.app/imgrs/THUMBS%20500X500/262228.JPG,0,0,"[""47""]",278.000,2026-05-08 10:59:33
2160634,FRIJOLES CHIRICANOS,FRIJOLES CHIRICANOS,FRIJOLES CHIRICANOS,insert,1,https://riba.app/imgrs/THUMBS%20500X500/269307.JPG,tabs/detalle-producto/269307,125.000,125.000,125.000,USD,1,{},"{""MARCA"": [""RIMITH""], ""CATEGORIA"": [""Comidas Preparadas""]}","[""Comidas Preparadas""]",,https://riba.app/imgrs/THUMBS%20500X500/269307.JPG,0,0,"[""91""]",125.000,2026-05-08 10:59:33
2160635,SALCHICHAS AHUMADAS GUISADAS E,SALCHICHAS AHUMADAS GUISADAS E,SALCHICHAS AHUMADAS GUISADAS E,insert,1,https://riba.app/imgrs/THUMBS%20500X500/269310.JPG,tabs/detalle-producto/269310,465.000,465.000,465.000,USD,1,{},"{""MARCA"": [""RIMITH""], ""CATEGORIA"": [""Comidas Preparadas""]}","[""Comidas Preparadas""]",,https://riba.app/imgrs/THUMBS%20500X500/269310.JPG,0,0,"[""91""]",465.000,2026-05-08 10:59:33
2160637,SALSA TARTARA EMPACADA,SALSA TARTARA EMPACADA,SALSA TARTARA EMPACADA,insert,1,https://riba.app/imgrs/THUMBS%20500X500/269718.JPG,tabs/detalle-producto/269718,240.000,240.000,240.000,USD,1,{},"{""MARCA"": [""RIMITH""], ""CATEGORIA"": [""Despensa""]}","[""Despensa""]",,https://riba.app/imgrs/THUMBS%20500X500/269718.JPG,0,0,"[""264""]",240.000,2026-05-08 10:59:33
2160638,BISTEC PICADO EMPACADO,BISTEC PICADO EMPACADO,BISTEC PICADO EMPACADO,insert,1,https://riba.app/imgrs/THUMBS%20500X500/269721.JPG,tabs/detalle-producto/269721,795.000,795.000,795.000,USD,1,{},"{""MARCA"": [""RIMITH""], ""CATEGORIA"": [""Comidas Preparadas""]}","[""Comidas Preparadas""]",,https://riba.app/imgrs/THUMBS%20500X500/269721.JPG,0,0,"[""91""]",795.000,2026-05-08 10:59:33
2160639,ROPA VIEJA EN SALSA EMPACADO,ROPA VIEJA EN SALSA EMPACADO,ROPA VIEJA EN SALSA EMPACADO,insert,1,https://riba.app/imgrs/THUMBS%20500X500/270163.JPG,tabs/detalle-producto/270163,895.000,895.000,895.000,USD,1,{},"{""MARCA"": [""RIMITH""], ""CATEGORIA"": [""Comidas Preparadas""]}","[""Comidas Preparadas""]",,https://riba.app/imgrs/THUMBS%20500X500/270163.JPG,0,0,"[""91""]",895.000,2026-05-08 10:59:33
2160641,PERNIL ASADO REBANADO(BANDEJA),PERNIL ASADO REBANADO(BANDEJA),PERNIL ASADO REBANADO(BANDEJA),insert,1,https://riba.app/imgrs/THUMBS%20500X500/273011.JPG,tabs/detalle-producto/273011,1.720.000,1.720.000,1.720.000,USD,1,{},"{""MARCA"": [""RIMITH""], ""CATEGORIA"": [""Carnes Y Embutidos""]}","[""Carnes Y Embutidos""]",,https://riba.app/imgrs/THUMBS%20500X500/273011.JPG,0,0,"[""127""]",1.720.000,2026-05-08 10:59:33
2160644,SALSA VINAGRETA EMPACADA 200ML,SALSA VINAGRETA EMPACADA 200ML,SALSA VINAGRETA EMPACADA 200ML,insert,1,https://riba.app/imgrs/THUMBS%20500X500/273569.JPG,tabs/detalle-producto/273569,350.000,350.000,350.000,USD,1,{},"{""MARCA"": [""RIMITH""], ""CATEGORIA"": [""Despensa""]}","[""Despensa""]",,https://riba.app/imgrs/THUMBS%20500X500/273569.JPG,0,0,"[""264""]",350.000,2026-05-08 10:59:33
2160645,SALSA VINAGRETA YOGURT 200ML,SALSA VINAGRETA YOGURT 200ML,SALSA VINAGRETA YOGURT 200ML,insert,1,https://riba.app/imgrs/THUMBS%20500X500/273570.JPG,tabs/detalle-producto/273570,350.000,350.000,350.000,USD,1,{},"{""MARCA"": [""RIMITH""], ""CATEGORIA"": [""Despensa""]}","[""Despensa""]",,https://riba.app/imgrs/THUMBS%20500X500/273570.JPG,0,0,"[""264""]",350.000,2026-05-08 10:59:33
2160646,SALSA VINAGRETA THAI 200ML,SALSA VINAGRETA THAI 200ML,SALSA VINAGRETA THAI 200ML,insert,1,https://riba.app/imgrs/THUMBS%20500X500/273571.JPG,tabs/detalle-producto/273571,350.000,350.000,350.000,USD,1,{},"{""MARCA"": [""RIMITH""], ""CATEGORIA"": [""Despensa""]}","[""Despensa""]",,https://riba.app/imgrs/THUMBS%20500X500/273571.JPG,0,0,"[""264""]",350.000,2026-05-08 10:59:33
2160647,SALSA VINAGRETA PESTO KALE 200,SALSA VINAGRETA PESTO KALE 200,SALSA VINAGRETA PESTO KALE 200,insert,1,https://riba.app/imgrs/THUMBS%20500X500/273572.JPG,tabs/detalle-producto/273572,395.000,395.000,395.000,USD,1,{},"{""MARCA"": [""RIMITH""], ""CATEGORIA"": [""Despensa""]}","[""Despensa""]",,https://riba.app/imgrs/THUMBS%20500X500/273572.JPG,0,0,"[""264""]",395.000,2026-05-08 10:59:33
2160649,JUGO DE PIÑA MARACUYA,JUGO DE PIÑA MARACUYA,JUGO DE PIÑA MARACUYA,insert,1,https://riba.app/imgrs/THUMBS%20500X500/276151.JPG,tabs/detalle-producto/276151,148.000,148.000,148.000,USD,1,{},"{""MARCA"": [""RIMITH""], ""CATEGORIA"": [""Bebidas Y Jugos""]}","[""Bebidas Y Jugos""]",,https://riba.app/imgrs/THUMBS%20500X500/276151.JPG,0,0,"[""47""]",148.000,2026-05-08 10:59:33
2160650,JUGO DE MANZANA,JUGO DE MANZANA,JUGO DE MANZANA,insert,1,https://riba.app/imgrs/THUMBS%20500X500/276154.JPG,tabs/detalle-producto/276154,198.000,198.000,198.000,USD,1,{},"{""MARCA"": [""RIMITH""], ""CATEGORIA"": [""Bebidas Y Jugos""]}","[""Bebidas Y Jugos""]",,https://riba.app/imgrs/THUMBS%20500X500/276154.JPG,0,0,"[""47""]",198.000,2026-05-08 10:59:33
2160651,JUGO APPLE GINGER,JUGO APPLE GINGER,JUGO APPLE GINGER,insert,1,https://riba.app/imgrs/THUMBS%20500X500/277411.JPG,tabs/detalle-producto/277411,278.000,278.000,278.000,USD,1,{},"{""MARCA"": [""RIMITH""], ""CATEGORIA"": [""Bebidas Y Jugos""]}","[""Bebidas Y Jugos""]",,https://riba.app/imgrs/THUMBS%20500X500/277411.JPG,0,0,"[""47""]",278.000,2026-05-08 10:59:33
2160652,JUGO CELERICIOUS ,JUGO CELERICIOUS ,JUGO CELERICIOUS ,insert,1,https://riba.app/imgrs/THUMBS%20500X500/277412.JPG,tabs/detalle-producto/277412,278.000,278.000,278.000,USD,1,{},"{""MARCA"": [""RIMITH""], ""CATEGORIA"": [""Bebidas Y Jugos""]}","[""Bebidas Y Jugos""]",,https://riba.app/imgrs/THUMBS%20500X500/277412.JPG,0,0,"[""47""]",278.000,2026-05-08 10:59:33
2160654,MANJAR RIMITH,MANJAR RIMITH,MANJAR RIMITH,insert,1,https://riba.app/imgrs/THUMBS%20500X500/278917.JPG,tabs/detalle-producto/278917,220.000,220.000,220.000,USD,1,{},"{""MARCA"": [""RIMITH""], ""CATEGORIA"": [""Despensa""]}","[""Despensa""]",,https://riba.app/imgrs/THUMBS%20500X500/278917.JPG,0,0,"[""264""]",220.000,2026-05-08 10:59:33
2160655,BEB LIMON CON RASPADURA ,BEB LIMON CON RASPADURA ,BEB LIMON CON RASPADURA ,insert,1,https://riba.app/imgrs/THUMBS%20500X500/279319.JPG,tabs/detalle-producto/279319,353.000,353.000,353.000,USD,1,{},"{""MARCA"": [""RIMITH""], ""CATEGORIA"": [""Bebidas Y Jugos""]}","[""Bebidas Y Jugos""]",,https://riba.app/imgrs/THUMBS%20500X500/279319.JPG,0,0,"[""47""]",353.000,2026-05-08 10:59:33
2160656,BEB LIMON CON RASPADURA ,BEB LIMON CON RASPADURA ,BEB LIMON CON RASPADURA ,insert,1,https://riba.app/imgrs/THUMBS%20500X500/279320.JPG,tabs/detalle-producto/279320,98.000,98.000,98.000,USD,1,{},"{""MARCA"": [""RIMITH""], ""CATEGORIA"": [""Bebidas Y Jugos""]}","[""Bebidas Y Jugos""]",,https://riba.app/imgrs/THUMBS%20500X500/279320.JPG,0,0,"[""47""]",98.000,2026-05-08 10:59:33
2160661,POLLO DESHUESADO SALSA BLANCA,POLLO DESHUESADO SALSA BLANCA,POLLO DESHUESADO SALSA BLANCA,insert,1,https://riba.app/imgrs/THUMBS%20500X500/283668.JPG,tabs/detalle-producto/283668,719.000,719.000,719.000,USD,1,{},"{""MARCA"": [""RIMITH""], ""CATEGORIA"": [""Comidas Preparadas""]}","[""Comidas Preparadas""]",,https://riba.app/imgrs/THUMBS%20500X500/283668.JPG,0,0,"[""91""]",719.000,2026-05-08 10:59:33
2160662,POLLO DESHUESADO SALSA ROJA,POLLO DESHUESADO SALSA ROJA,POLLO DESHUESADO SALSA ROJA,insert,1,https://riba.app/imgrs/THUMBS%20500X500/283669.JPG,tabs/detalle-producto/283669,643.000,643.000,643.000,USD,1,{},"{""MARCA"": [""RIMITH""], ""CATEGORIA"": [""Comidas Preparadas""]}","[""Comidas Preparadas""]",,https://riba.app/imgrs/THUMBS%20500X500/283669.JPG,0,0,"[""91""]",643.000,2026-05-08 10:59:33
2160667,JUGO DE TORONJA ROJA ,JUGO DE TORONJA ROJA ,JUGO DE TORONJA ROJA ,insert,1,https://riba.app/imgrs/THUMBS%20500X500/285995.JPG,tabs/detalle-producto/285995,495.000,495.000,495.000,USD,1,{},"{""MARCA"": [""RIMITH""], ""CATEGORIA"": [""Bebidas Y Jugos""]}","[""Bebidas Y Jugos""]",,https://riba.app/imgrs/THUMBS%20500X500/285995.JPG,0,0,"[""47""]",495.000,2026-05-08 10:59:33
2160668,CREMA DE ZAPALLO,CREMA DE ZAPALLO,CREMA DE ZAPALLO,insert,1,https://riba.app/imgrs/THUMBS%20500X500/182744.JPG,tabs/detalle-producto/182744,180.000,180.000,180.000,USD,1,{},"{""MARCA"": [""RIMITH""], ""CATEGORIA"": [""Comidas Preparadas""]}","[""Comidas Preparadas""]",,https://riba.app/imgrs/THUMBS%20500X500/182744.JPG,0,0,"[""91""]",180.000,2026-05-08 10:59:33
2160672,BEBIDA DE NANCE ,BEBIDA DE NANCE ,BEBIDA DE NANCE ,insert,1,https://riba.app/imgrs/THUMBS%20500X500/289807.JPG,tabs/detalle-producto/289807,273.000,273.000,273.000,USD,1,{},"{""MARCA"": [""RIMITH""], ""CATEGORIA"": [""Bebidas Y Jugos""]}","[""Bebidas Y Jugos""]",,https://riba.app/imgrs/THUMBS%20500X500/289807.JPG,0,0,"[""47""]",273.000,2026-05-08 10:59:33
2160673,BEBIDA DE ARROZ CON PIÑA ,BEBIDA DE ARROZ CON PIÑA ,BEBIDA DE ARROZ CON PIÑA ,insert,1,https://riba.app/imgrs/THUMBS%20500X500/289811.JPG,tabs/detalle-producto/289811,273.000,273.000,273.000,USD,1,{},"{""MARCA"": [""RIMITH""], ""CATEGORIA"": [""Bebidas Y Jugos""]}","[""Bebidas Y Jugos""]",,https://riba.app/imgrs/THUMBS%20500X500/289811.JPG,0,0,"[""47""]",273.000,2026-05-08 10:59:33
2160674,BEBIDA DE MELON,BEBIDA DE MELON,BEBIDA DE MELON,insert,1,https://riba.app/imgrs/THUMBS%20500X500/289816.JPG,tabs/detalle-producto/289816,273.000,273.000,273.000,USD,1,{},"{""MARCA"": [""RIMITH""], ""CATEGORIA"": [""Bebidas Y Jugos""]}","[""Bebidas Y Jugos""]",,https://riba.app/imgrs/THUMBS%20500X500/289816.JPG,0,0,"[""47""]",273.000,2026-05-08 10:59:33
2160675,BEBIDA DE TORONJA ,BEBIDA DE TORONJA ,BEBIDA DE TORONJA ,insert,1,https://riba.app/imgrs/THUMBS%20500X500/289817.JPG,tabs/detalle-producto/289817,273.000,273.000,273.000,USD,1,{},"{""MARCA"": [""RIMITH""], ""CATEGORIA"": [""Bebidas Y Jugos""]}","[""Bebidas Y Jugos""]",,https://riba.app/imgrs/THUMBS%20500X500/289817.JPG,0,0,"[""47""]",273.000,2026-05-08 10:59:33
2160676,BEBIDA DE TAMARINDO ,BEBIDA DE TAMARINDO ,BEBIDA DE TAMARINDO ,insert,1,https://riba.app/imgrs/THUMBS%20500X500/289819.JPG,tabs/detalle-producto/289819,273.000,273.000,273.000,USD,1,{},"{""MARCA"": [""RIMITH""], ""CATEGORIA"": [""Bebidas Y Jugos""]}","[""Bebidas Y Jugos""]",,https://riba.app/imgrs/THUMBS%20500X500/289819.JPG,0,0,"[""47""]",273.000,2026-05-08 10:59:33
2160678,MANJAR RIMITH,MANJAR RIMITH,MANJAR RIMITH,insert,1,https://riba.app/imgrs/THUMBS%20500X500/290247.JPG,tabs/detalle-producto/290247,410.000,410.000,410.000,USD,1,{},"{""MARCA"": [""RIMITH""], ""CATEGORIA"": [""Despensa""]}","[""Despensa""]",,https://riba.app/imgrs/THUMBS%20500X500/290247.JPG,0,0,"[""264""]",410.000,2026-05-08 10:59:33
2160679,BEBIDA DE AVENA ,BEBIDA DE AVENA ,BEBIDA DE AVENA ,insert,1,https://riba.app/imgrs/THUMBS%20500X500/292694.JPG,tabs/detalle-producto/292694,88.000,88.000,88.000,USD,1,{},"{""MARCA"": [""RIMITH""], ""CATEGORIA"": [""LACTEOS""]}","[""LACTEOS""]",,https://riba.app/imgrs/THUMBS%20500X500/292694.JPG,0,0,"[""266""]",88.000,2026-05-08 10:59:33
2160680,BEBIDA DE ARROZ CON PIÑA ,BEBIDA DE ARROZ CON PIÑA ,BEBIDA DE ARROZ CON PIÑA ,insert,1,https://riba.app/imgrs/THUMBS%20500X500/292695.JPG,tabs/detalle-producto/292695,88.000,88.000,88.000,USD,1,{},"{""MARCA"": [""RIMITH""], ""CATEGORIA"": [""Bebidas Y Jugos""]}","[""Bebidas Y Jugos""]",,https://riba.app/imgrs/THUMBS%20500X500/292695.JPG,0,0,"[""47""]",88.000,2026-05-08 10:59:33
2160681,BEBIDA DE MELON ,BEBIDA DE MELON ,BEBIDA DE MELON ,insert,1,https://riba.app/imgrs/THUMBS%20500X500/292696.JPG,tabs/detalle-producto/292696,88.000,88.000,88.000,USD,1,{},"{""MARCA"": [""RIMITH""], ""CATEGORIA"": [""Bebidas Y Jugos""]}","[""Bebidas Y Jugos""]",,https://riba.app/imgrs/THUMBS%20500X500/292696.JPG,0,0,"[""47""]",88.000,2026-05-08 10:59:33
2160682,BEBIDA DE NANCE ,BEBIDA DE NANCE ,BEBIDA DE NANCE ,insert,1,https://riba.app/imgrs/THUMBS%20500X500/292698.JPG,tabs/detalle-producto/292698,88.000,88.000,88.000,USD,1,{},"{""MARCA"": [""RIMITH""], ""CATEGORIA"": [""Bebidas Y Jugos""]}","[""Bebidas Y Jugos""]",,https://riba.app/imgrs/THUMBS%20500X500/292698.JPG,0,0,"[""47""]",88.000,2026-05-08 10:59:33
2160683,BEBIDA DE TAMARINDO ,BEBIDA DE TAMARINDO ,BEBIDA DE TAMARINDO ,insert,1,https://riba.app/imgrs/THUMBS%20500X500/292700.JPG,tabs/detalle-producto/292700,88.000,88.000,88.000,USD,1,{},"{""MARCA"": [""RIMITH""], ""CATEGORIA"": [""Bebidas Y Jugos""]}","[""Bebidas Y Jugos""]",,https://riba.app/imgrs/THUMBS%20500X500/292700.JPG,0,0,"[""47""]",88.000,2026-05-08 10:59:33
2160684,BEBIDA DE TORONJA ,BEBIDA DE TORONJA ,BEBIDA DE TORONJA ,insert,1,https://riba.app/imgrs/THUMBS%20500X500/292702.JPG,tabs/detalle-producto/292702,88.000,88.000,88.000,USD,1,{},"{""MARCA"": [""RIMITH""], ""CATEGORIA"": [""Bebidas Y Jugos""]}","[""Bebidas Y Jugos""]",,https://riba.app/imgrs/THUMBS%20500X500/292702.JPG,0,0,"[""47""]",88.000,2026-05-08 10:59:33
2160690,BEBIDA DE BANANA FRESCA ,BEBIDA DE BANANA FRESCA ,BEBIDA DE BANANA FRESCA ,insert,1,https://riba.app/imgrs/THUMBS%20500X500/295909.JPG,tabs/detalle-producto/295909,88.000,88.000,88.000,USD,1,{},"{""MARCA"": [""RIMITH""], ""CATEGORIA"": [""Bebidas Y Jugos""]}","[""Bebidas Y Jugos""]",,https://riba.app/imgrs/THUMBS%20500X500/295909.JPG,0,0,"[""47""]",88.000,2026-05-08 10:59:33
2160691,BEBIDA DE BANANA FRESCA ,BEBIDA DE BANANA FRESCA ,BEBIDA DE BANANA FRESCA ,insert,1,https://riba.app/imgrs/THUMBS%20500X500/295912.JPG,tabs/detalle-producto/295912,273.000,273.000,273.000,USD,1,{},"{""MARCA"": [""RIMITH""], ""CATEGORIA"": [""Bebidas Y Jugos""]}","[""Bebidas Y Jugos""]",,https://riba.app/imgrs/THUMBS%20500X500/295912.JPG,0,0,"[""47""]",273.000,2026-05-08 10:59:33
2160695,LECHE DE CABRA,LECHE DE CABRA,LECHE DE CABRA,insert,1,https://riba.app/imgrs/THUMBS%20500X500/298742.JPG,tabs/detalle-producto/298742,170.000,170.000,170.000,USD,1,{},"{""MARCA"": [""RIMITH""], ""CATEGORIA"": [""LACTEOS""]}","[""LACTEOS""]",,https://riba.app/imgrs/THUMBS%20500X500/298742.JPG,0,0,"[""266""]",170.000,2026-05-08 10:59:33
2160701,CUATRO LECHES ORIGINAL ,CUATRO LECHES ORIGINAL ,CUATRO LECHES ORIGINAL ,insert,1,https://riba.app/imgrs/THUMBS%20500X500/302723.JPG,tabs/detalle-producto/302723,175.000,175.000,175.000,USD,1,{},"{""MARCA"": [""RIMITH""], ""CATEGORIA"": [""Snacks""]}","[""Snacks""]",,https://riba.app/imgrs/THUMBS%20500X500/302723.JPG,0,0,"[""296""]",175.000,2026-05-08 10:59:33
2160702,CUATRO LECHES CON COCO ,CUATRO LECHES CON COCO ,CUATRO LECHES CON COCO ,insert,1,https://riba.app/imgrs/THUMBS%20500X500/302725.JPG,tabs/detalle-producto/302725,175.000,175.000,175.000,USD,1,{},"{""MARCA"": [""RIMITH""], ""CATEGORIA"": [""Snacks""]}","[""Snacks""]",,https://riba.app/imgrs/THUMBS%20500X500/302725.JPG,0,0,"[""296""]",175.000,2026-05-08 10:59:33
2160708,ANILLO DE MAIZ NUEVO,ANILLO DE MAIZ NUEVO,ANILLO DE MAIZ NUEVO,insert,1,https://riba.app/imgrs/THUMBS%20500X500/303727.JPG,tabs/detalle-producto/303727,290.000,290.000,290.000,USD,1,{},"{""MARCA"": [""RIMITH""], ""CATEGORIA"": [""PRODUCTOS DE MAIZ Y OTROS""]}","[""PRODUCTOS DE MAIZ Y OTROS""]",,https://riba.app/imgrs/THUMBS%20500X500/303727.JPG,0,0,"[""270""]",290.000,2026-05-08 10:59:33
2160709,ANILLO DE MAIZ NUEVO,ANILLO DE MAIZ NUEVO,ANILLO DE MAIZ NUEVO,insert,1,https://riba.app/imgrs/THUMBS%20500X500/303732.JPG,tabs/detalle-producto/303732,740.000,740.000,740.000,USD,1,{},"{""MARCA"": [""RIMITH""], ""CATEGORIA"": [""PRODUCTOS DE MAIZ Y OTROS""]}","[""PRODUCTOS DE MAIZ Y OTROS""]",,https://riba.app/imgrs/THUMBS%20500X500/303732.JPG,0,0,"[""270""]",740.000,2026-05-08 10:59:33
2160714,C#49 ARROZ GDU BISTEC PICADO T,C#49 ARROZ GDU BISTEC PICADO T,C#49 ARROZ GDU BISTEC PICADO T,insert,1,https://riba.app/imgrs/THUMBS%20500X500/211792.JPG,tabs/detalle-producto/211792,530.000,530.000,530.000,USD,1,{},"{""MARCA"": [""RIMITH""], ""CATEGORIA"": [""Comidas Preparadas""]}","[""Comidas Preparadas""]",,https://riba.app/imgrs/THUMBS%20500X500/211792.JPG,0,0,"[""91""]",530.000,2026-05-08 10:59:33
2160715,C#48 ARROZ GDU POLLO S ROJA TJ,C#48 ARROZ GDU POLLO S ROJA TJ,C#48 ARROZ GDU POLLO S ROJA TJ,insert,1,https://riba.app/imgrs/THUMBS%20500X500/211794.JPG,tabs/detalle-producto/211794,500.000,500.000,500.000,USD,1,{},"{""MARCA"": [""RIMITH""], ""CATEGORIA"": [""Comidas Preparadas""]}","[""Comidas Preparadas""]",,https://riba.app/imgrs/THUMBS%20500X500/211794.JPG,0,0,"[""91""]",500.000,2026-05-08 10:59:33
2160727,CREMA DE PAPA,CREMA DE PAPA,CREMA DE PAPA,insert,1,https://riba.app/imgrs/THUMBS%20500X500/311606.JPG,tabs/detalle-producto/311606,180.000,180.000,180.000,USD,1,{},"{""MARCA"": [""RIMITH""], ""CATEGORIA"": [""Comidas Preparadas""]}","[""Comidas Preparadas""]",,https://riba.app/imgrs/THUMBS%20500X500/311606.JPG,0,0,"[""91""]",180.000,2026-05-08 10:59:33
2160728,CREMA DE CEBOLLA,CREMA DE CEBOLLA,CREMA DE CEBOLLA,insert,1,https://riba.app/imgrs/THUMBS%20500X500/311607.JPG,tabs/detalle-producto/311607,275.000,275.000,275.000,USD,1,{},"{""MARCA"": [""RIMITH""], ""CATEGORIA"": [""Comidas Preparadas""]}","[""Comidas Preparadas""]",,https://riba.app/imgrs/THUMBS%20500X500/311607.JPG,0,0,"[""91""]",275.000,2026-05-08 10:59:33
2160729,CREMA DE LENTEJAS,CREMA DE LENTEJAS,CREMA DE LENTEJAS,insert,1,https://riba.app/imgrs/THUMBS%20500X500/311608.JPG,tabs/detalle-producto/311608,180.000,180.000,180.000,USD,1,{},"{""MARCA"": [""RIMITH""], ""CATEGORIA"": [""Comidas Preparadas""]}","[""Comidas Preparadas""]",,https://riba.app/imgrs/THUMBS%20500X500/311608.JPG,0,0,"[""91""]",180.000,2026-05-08 10:59:33
2160730,CREMA DE TOMATE,CREMA DE TOMATE,CREMA DE TOMATE,insert,1,https://riba.app/imgrs/THUMBS%20500X500/311609.JPG,tabs/detalle-producto/311609,275.000,275.000,275.000,USD,1,{},"{""MARCA"": [""RIMITH""], ""CATEGORIA"": [""Comidas Preparadas""]}","[""Comidas Preparadas""]",,https://riba.app/imgrs/THUMBS%20500X500/311609.JPG,0,0,"[""91""]",275.000,2026-05-08 10:59:33
2160732,DIP MEXICANO,DIP MEXICANO,DIP MEXICANO,insert,1,https://riba.app/imgrs/THUMBS%20500X500/312882.JPG,tabs/detalle-producto/312882,700.000,700.000,700.000,USD,1,{},"{""MARCA"": [""RIMITH""], ""CATEGORIA"": [""Snacks""]}","[""Snacks""]",,https://riba.app/imgrs/THUMBS%20500X500/312882.JPG,0,0,"[""296""]",700.000,2026-05-08 10:59:33
2160733,DIP BABAGANOUSH,DIP BABAGANOUSH,DIP BABAGANOUSH,insert,1,https://riba.app/imgrs/THUMBS%20500X500/312886.JPG,tabs/detalle-producto/312886,600.000,600.000,600.000,USD,1,{},"{""MARCA"": [""RIMITH""], ""CATEGORIA"": [""Snacks""]}","[""Snacks""]",,https://riba.app/imgrs/THUMBS%20500X500/312886.JPG,0,0,"[""296""]",600.000,2026-05-08 10:59:33
2160734,DIP CRUNCHY TUNA,DIP CRUNCHY TUNA,DIP CRUNCHY TUNA,insert,1,https://riba.app/imgrs/THUMBS%20500X500/312888.JPG,tabs/detalle-producto/312888,700.000,700.000,700.000,USD,1,{},"{""MARCA"": [""RIMITH""], ""CATEGORIA"": [""Snacks""]}","[""Snacks""]",,https://riba.app/imgrs/THUMBS%20500X500/312888.JPG,0,0,"[""296""]",700.000,2026-05-08 10:59:33
2160743,CUATRO LECHE CON CAFE,CUATRO LECHE CON CAFE,CUATRO LECHE CON CAFE,insert,1,https://riba.app/imgrs/THUMBS%20500X500/316528.JPG,tabs/detalle-producto/316528,175.000,175.000,175.000,USD,1,{},"{""MARCA"": [""RIMITH""], ""CATEGORIA"": [""Snacks""]}","[""Snacks""]",,https://riba.app/imgrs/THUMBS%20500X500/316528.JPG,0,0,"[""296""]",175.000,2026-05-08 10:59:33
2160762,GUACAMOLE CON JALAPEÑO ,GUACAMOLE CON JALAPEÑO ,GUACAMOLE CON JALAPEÑO ,insert,1,https://riba.app/imgrs/THUMBS%20500X500/320350.JPG,tabs/detalle-producto/320350,450.000,450.000,450.000,USD,1,{},"{""MARCA"": [""RIMITH""], ""CATEGORIA"": [""Snacks""]}","[""Snacks""]",,https://riba.app/imgrs/THUMBS%20500X500/320350.JPG,0,0,"[""296""]",450.000,2026-05-08 10:59:33
2160763,BEBIDA DE NARANAJA CON RASP,BEBIDA DE NARANAJA CON RASP,BEBIDA DE NARANAJA CON RASP,insert,1,https://riba.app/imgrs/THUMBS%20500X500/321435.JPG,tabs/detalle-producto/321435,98.000,98.000,98.000,USD,1,{},"{""MARCA"": [""RIMITH""], ""CATEGORIA"": [""Bebidas Y Jugos""]}","[""Bebidas Y Jugos""]",,https://riba.app/imgrs/THUMBS%20500X500/321435.JPG,0,0,"[""47""]",98.000,2026-05-08 10:59:33
2160764,BEBIDA DE NARANAJA CON RASP,BEBIDA DE NARANAJA CON RASP,BEBIDA DE NARANAJA CON RASP,insert,1,https://riba.app/imgrs/THUMBS%20500X500/321436.JPG,tabs/detalle-producto/321436,353.000,353.000,353.000,USD,1,{},"{""MARCA"": [""RIMITH""], ""CATEGORIA"": [""Bebidas Y Jugos""]}","[""Bebidas Y Jugos""]",,https://riba.app/imgrs/THUMBS%20500X500/321436.JPG,0,0,"[""47""]",353.000,2026-05-08 10:59:33
2160765,BEB NARANJA CON TOMATE Y ZANAH,BEB NARANJA CON TOMATE Y ZANAH,BEB NARANJA CON TOMATE Y ZANAH,insert,1,https://riba.app/imgrs/THUMBS%20500X500/321762.JPG,tabs/detalle-producto/321762,98.000,98.000,98.000,USD,1,{},"{""MARCA"": [""RIMITH""], ""CATEGORIA"": [""Bebidas Y Jugos""]}","[""Bebidas Y Jugos""]",,https://riba.app/imgrs/THUMBS%20500X500/321762.JPG,0,0,"[""47""]",98.000,2026-05-08 10:59:33
2160766,BEB NARANJA CON TOMATE Y ZANAH,BEB NARANJA CON TOMATE Y ZANAH,BEB NARANJA CON TOMATE Y ZANAH,insert,1,https://riba.app/imgrs/THUMBS%20500X500/321764.JPG,tabs/detalle-producto/321764,353.000,353.000,353.000,USD,1,{},"{""MARCA"": [""RIMITH""], ""CATEGORIA"": [""Bebidas Y Jugos""]}","[""Bebidas Y Jugos""]",,https://riba.app/imgrs/THUMBS%20500X500/321764.JPG,0,0,"[""47""]",353.000,2026-05-08 10:59:33
2160768,HUMMUS CON PIMENTON,HUMMUS CON PIMENTON,HUMMUS CON PIMENTON,insert,1,https://riba.app/imgrs/THUMBS%20500X500/323066.JPG,tabs/detalle-producto/323066,305.000,305.000,305.000,USD,1,{},"{""MARCA"": [""RIMITH""], ""CATEGORIA"": [""Snacks""]}","[""Snacks""]",,https://riba.app/imgrs/THUMBS%20500X500/323066.JPG,0,0,"[""296""]",305.000,2026-05-08 10:59:33
2160770,HUMMUS CON ACEITUNAS NEGRAS,HUMMUS CON ACEITUNAS NEGRAS,HUMMUS CON ACEITUNAS NEGRAS,insert,1,https://riba.app/imgrs/THUMBS%20500X500/323067.JPG,tabs/detalle-producto/323067,305.000,305.000,305.000,USD,1,{},"{""MARCA"": [""RIMITH""], ""CATEGORIA"": [""Snacks""]}","[""Snacks""]",,https://riba.app/imgrs/THUMBS%20500X500/323067.JPG,0,0,"[""296""]",305.000,2026-05-08 10:59:33
2160773,BEBIDA DE ALMENDRA  250 ML,BEBIDA DE ALMENDRA  250 ML,BEBIDA DE ALMENDRA  250 ML,insert,1,https://riba.app/imgrs/THUMBS%20500X500/331790.JPG,tabs/detalle-producto/331790,135.000,135.000,135.000,USD,1,{},"{""MARCA"": [""RIMITH""], ""CATEGORIA"": [""LACTEOS""]}","[""LACTEOS""]",,https://riba.app/imgrs/THUMBS%20500X500/331790.JPG,0,0,"[""266""]",135.000,2026-05-08 10:59:33
2160774,BEBIDA DE ALMENDRA  1000 ML,BEBIDA DE ALMENDRA  1000 ML,BEBIDA DE ALMENDRA  1000 ML,insert,1,https://riba.app/imgrs/THUMBS%20500X500/331792.JPG,tabs/detalle-producto/331792,485.000,485.000,485.000,USD,1,{},"{""MARCA"": [""RIMITH""], ""CATEGORIA"": [""LACTEOS""]}","[""LACTEOS""]",,https://riba.app/imgrs/THUMBS%20500X500/331792.JPG,0,0,"[""266""]",485.000,2026-05-08 10:59:33
2160779,MANJAR,MANJAR,MANJAR,insert,1,https://riba.app/imgrs/THUMBS%20500X500/332153.JPG,tabs/detalle-producto/332153,90.000,90.000,90.000,USD,1,{},"{""MARCA"": [""RIMITH""], ""CATEGORIA"": [""Despensa""]}","[""Despensa""]",,https://riba.app/imgrs/THUMBS%20500X500/332153.JPG,0,0,"[""264""]",90.000,2026-05-08 10:59:33
2160781,PICO DE GALLO TROPICAL ,PICO DE GALLO TROPICAL ,PICO DE GALLO TROPICAL ,insert,1,https://riba.app/imgrs/THUMBS%20500X500/338140.JPG,tabs/detalle-producto/338140,270.000,270.000,270.000,USD,1,{},"{""MARCA"": [""RIMITH""], ""CATEGORIA"": [""Snacks""]}","[""Snacks""]",,https://riba.app/imgrs/THUMBS%20500X500/338140.JPG,0,0,"[""296""]",270.000,2026-05-08 10:59:33
2160782,ADEREZO CESAR ,ADEREZO CESAR ,ADEREZO CESAR ,insert,1,https://riba.app/imgrs/THUMBS%20500X500/340406.JPG,tabs/detalle-producto/340406,475.000,475.000,475.000,USD,1,{},"{""MARCA"": [""RIMITH""], ""CATEGORIA"": [""Despensa""]}","[""Despensa""]",,https://riba.app/imgrs/THUMBS%20500X500/340406.JPG,0,0,"[""264""]",475.000,2026-05-08 10:59:33
2160784,ADEREZO SALSA RANCH ,ADEREZO SALSA RANCH ,ADEREZO SALSA RANCH ,insert,1,https://riba.app/imgrs/THUMBS%20500X500/340408.JPG,tabs/detalle-producto/340408,475.000,475.000,475.000,USD,1,{},"{""MARCA"": [""RIMITH""], ""CATEGORIA"": [""Despensa""]}","[""Despensa""]",,https://riba.app/imgrs/THUMBS%20500X500/340408.JPG,0,0,"[""264""]",475.000,2026-05-08 10:59:33
2160786,ADEREZO THAI ,ADEREZO THAI ,ADEREZO THAI ,insert,1,https://riba.app/imgrs/THUMBS%20500X500/340410.JPG,tabs/detalle-producto/340410,475.000,475.000,475.000,USD,1,{},"{""MARCA"": [""RIMITH""], ""CATEGORIA"": [""Despensa""]}","[""Despensa""]",,https://riba.app/imgrs/THUMBS%20500X500/340410.JPG,0,0,"[""264""]",475.000,2026-05-08 10:59:33
2160787,ADEREZO AJO/CULANTRO,ADEREZO AJO/CULANTRO,ADEREZO AJO/CULANTRO,insert,1,https://riba.app/imgrs/THUMBS%20500X500/340413.JPG,tabs/detalle-producto/340413,475.000,475.000,475.000,USD,1,{},"{""MARCA"": [""RIMITH""], ""CATEGORIA"": [""Despensa""]}","[""Despensa""]",,https://riba.app/imgrs/THUMBS%20500X500/340413.JPG,0,0,"[""264""]",475.000,2026-05-08 10:59:33
2160788,ADEREZO CHIPOTLE ,ADEREZO CHIPOTLE ,ADEREZO CHIPOTLE ,insert,1,https://riba.app/imgrs/THUMBS%20500X500/340415.JPG,tabs/detalle-producto/340415,475.000,475.000,475.000,USD,1,{},"{""MARCA"": [""RIMITH""], ""CATEGORIA"": [""Despensa""]}","[""Despensa""]",,https://riba.app/imgrs/THUMBS%20500X500/340415.JPG,0,0,"[""264""]",475.000,2026-05-08 10:59:33
2160789,ADEREZO NARANJA CON JENGIBRE,ADEREZO NARANJA CON JENGIBRE,ADEREZO NARANJA CON JENGIBRE,insert,1,https://riba.app/imgrs/THUMBS%20500X500/340416.JPG,tabs/detalle-producto/340416,475.000,475.000,475.000,USD,1,{},"{""MARCA"": [""RIMITH""], ""CATEGORIA"": [""Despensa""]}","[""Despensa""]",,https://riba.app/imgrs/THUMBS%20500X500/340416.JPG,0,0,"[""264""]",475.000,2026-05-08 10:59:33
2160790,VINAGRETA SUMAC ,VINAGRETA SUMAC ,VINAGRETA SUMAC ,insert,1,https://riba.app/imgrs/THUMBS%20500X500/340417.JPG,tabs/detalle-producto/340417,575.000,575.000,575.000,USD,1,{},"{""MARCA"": [""RIMITH""], ""CATEGORIA"": [""Despensa""]}","[""Despensa""]",,https://riba.app/imgrs/THUMBS%20500X500/340417.JPG,0,0,"[""264""]",575.000,2026-05-08 10:59:33
2160791,DIP TZATZIKI ,DIP TZATZIKI ,DIP TZATZIKI ,insert,1,https://riba.app/imgrs/THUMBS%20500X500/340411.JPG,tabs/detalle-producto/340411,850.000,850.000,850.000,USD,1,{},"{""MARCA"": [""RIMITH""], ""CATEGORIA"": [""Snacks""]}","[""Snacks""]",,https://riba.app/imgrs/THUMBS%20500X500/340411.JPG,0,0,"[""296""]",850.000,2026-05-08 10:59:33
2160792,DIP DE CEBOLLA CARAMELIZADA,DIP DE CEBOLLA CARAMELIZADA,DIP DE CEBOLLA CARAMELIZADA,insert,1,https://riba.app/imgrs/THUMBS%20500X500/340412.JPG,tabs/detalle-producto/340412,850.000,850.000,850.000,USD,1,{},"{""MARCA"": [""RIMITH""], ""CATEGORIA"": [""Snacks""]}","[""Snacks""]",,https://riba.app/imgrs/THUMBS%20500X500/340412.JPG,0,0,"[""296""]",850.000,2026-05-08 10:59:33
2160793,HUMMUS CON BBQ,HUMMUS CON BBQ,HUMMUS CON BBQ,insert,1,https://riba.app/imgrs/THUMBS%20500X500/340420.JPG,tabs/detalle-producto/340420,305.000,305.000,305.000,USD,1,{},"{""MARCA"": [""RIMITH""], ""CATEGORIA"": [""Snacks""]}","[""Snacks""]",,https://riba.app/imgrs/THUMBS%20500X500/340420.JPG,0,0,"[""296""]",305.000,2026-05-08 10:59:33
2160795,HUMMUS CON EDAMAME,HUMMUS CON EDAMAME,HUMMUS CON EDAMAME,insert,1,https://riba.app/imgrs/THUMBS%20500X500/340422.JPG,tabs/detalle-producto/340422,405.000,405.000,405.000,USD,1,{},"{""MARCA"": [""RIMITH""], ""CATEGORIA"": [""Snacks""]}","[""Snacks""]",,https://riba.app/imgrs/THUMBS%20500X500/340422.JPG,0,0,"[""296""]",405.000,2026-05-08 10:59:33
2160797,HUMMUS CON REMOLACHA ,HUMMUS CON REMOLACHA ,HUMMUS CON REMOLACHA ,insert,1,https://riba.app/imgrs/THUMBS%20500X500/340425.JPG,tabs/detalle-producto/340425,305.000,305.000,305.000,USD,1,{},"{""MARCA"": [""RIMITH""], ""CATEGORIA"": [""Snacks""]}","[""Snacks""]",,https://riba.app/imgrs/THUMBS%20500X500/340425.JPG,0,0,"[""296""]",305.000,2026-05-08 10:59:33
2160799,HUMMUS CON GUANDÚ,HUMMUS CON GUANDÚ,HUMMUS CON GUANDÚ,insert,1,https://riba.app/imgrs/THUMBS%20500X500/340427.JPG,tabs/detalle-producto/340427,305.000,305.000,305.000,USD,1,{},"{""MARCA"": [""RIMITH""], ""CATEGORIA"": [""Snacks""]}","[""Snacks""]",,https://riba.app/imgrs/THUMBS%20500X500/340427.JPG,0,0,"[""296""]",305.000,2026-05-08 10:59:33
2160803,HUMMUS CON BUFFALO ,HUMMUS CON BUFFALO ,HUMMUS CON BUFFALO ,insert,1,https://riba.app/imgrs/THUMBS%20500X500/340433.JPG,tabs/detalle-producto/340433,305.000,305.000,305.000,USD,1,{},"{""MARCA"": [""RIMITH""], ""CATEGORIA"": [""Snacks""]}","[""Snacks""]",,https://riba.app/imgrs/THUMBS%20500X500/340433.JPG,0,0,"[""296""]",305.000,2026-05-08 10:59:33
2160805,ENSALADA FATTOUSH,ENSALADA FATTOUSH,ENSALADA FATTOUSH,insert,1,https://riba.app/imgrs/THUMBS%20500X500/340435.JPG,tabs/detalle-producto/340435,650.000,650.000,650.000,USD,1,{},"{""MARCA"": [""RIMITH""], ""CATEGORIA"": [""Comidas Preparadas""]}","[""Comidas Preparadas""]",,https://riba.app/imgrs/THUMBS%20500X500/340435.JPG,0,0,"[""91""]",650.000,2026-05-08 10:59:33
2160806,ENSALADA CAESAR,ENSALADA CAESAR,ENSALADA CAESAR,insert,1,https://riba.app/imgrs/THUMBS%20500X500/340436.JPG,tabs/detalle-producto/340436,650.000,650.000,650.000,USD,1,{},"{""MARCA"": [""RIMITH""], ""CATEGORIA"": [""Comidas Preparadas""]}","[""Comidas Preparadas""]",,https://riba.app/imgrs/THUMBS%20500X500/340436.JPG,0,0,"[""91""]",650.000,2026-05-08 10:59:33
2160807,ENSALADA COBB,ENSALADA COBB,ENSALADA COBB,insert,1,https://riba.app/imgrs/THUMBS%20500X500/340437.JPG,tabs/detalle-producto/340437,650.000,650.000,650.000,USD,1,{},"{""MARCA"": [""RIMITH""], ""CATEGORIA"": [""Comidas Preparadas""]}","[""Comidas Preparadas""]",,https://riba.app/imgrs/THUMBS%20500X500/340437.JPG,0,0,"[""91""]",650.000,2026-05-08 10:59:33
2160808,PTY BOWL,PTY BOWL,PTY BOWL,insert,1,https://riba.app/imgrs/THUMBS%20500X500/342412.JPG,tabs/detalle-producto/342412,725.000,725.000,725.000,USD,1,{},"{""MARCA"": [""RIMITH""], ""CATEGORIA"": [""Comidas Preparadas""]}","[""Comidas Preparadas""]",,https://riba.app/imgrs/THUMBS%20500X500/342412.JPG,0,0,"[""91""]",725.000,2026-05-08 10:59:33
2160810,BURRITO BOWL,BURRITO BOWL,BURRITO BOWL,insert,1,https://riba.app/imgrs/THUMBS%20500X500/342414.JPG,tabs/detalle-producto/342414,725.000,725.000,725.000,USD,1,{},"{""MARCA"": [""RIMITH""], ""CATEGORIA"": [""Comidas Preparadas""]}","[""Comidas Preparadas""]",,https://riba.app/imgrs/THUMBS%20500X500/342414.JPG,0,0,"[""91""]",725.000,2026-05-08 10:59:33
2160812,POKE BOWL,POKE BOWL,POKE BOWL,insert,1,https://riba.app/imgrs/THUMBS%20500X500/342416.JPG,tabs/detalle-producto/342416,725.000,725.000,725.000,USD,1,{},"{""MARCA"": [""RIMITH""], ""CATEGORIA"": [""Comidas Preparadas""]}","[""Comidas Preparadas""]",,https://riba.app/imgrs/THUMBS%20500X500/342416.JPG,0,0,"[""91""]",725.000,2026-05-08 10:59:33
2160815,VEGAN BOWL,VEGAN BOWL,VEGAN BOWL,insert,1,https://riba.app/imgrs/THUMBS%20500X500/342419.JPG,tabs/detalle-producto/342419,725.000,725.000,725.000,USD,1,{},"{""MARCA"": [""RIMITH""], ""CATEGORIA"": [""Comidas Preparadas""]}","[""Comidas Preparadas""]",,https://riba.app/imgrs/THUMBS%20500X500/342419.JPG,0,0,"[""91""]",725.000,2026-05-08 10:59:33
2160816,ACAI CHOCO BLUE BOWL,ACAI CHOCO BLUE BOWL,ACAI CHOCO BLUE BOWL,insert,1,https://riba.app/imgrs/THUMBS%20500X500/342420.JPG,tabs/detalle-producto/342420,875.000,875.000,875.000,USD,1,{},"{""MARCA"": [""RIMITH""], ""CATEGORIA"": [""Comidas Preparadas""]}","[""Comidas Preparadas""]",,https://riba.app/imgrs/THUMBS%20500X500/342420.JPG,0,0,"[""91""]",875.000,2026-05-08 10:59:33
2160817,ACAI AMAPOLA BOWL ,ACAI AMAPOLA BOWL ,ACAI AMAPOLA BOWL ,insert,1,https://riba.app/imgrs/THUMBS%20500X500/342421.JPG,tabs/detalle-producto/342421,775.000,775.000,775.000,USD,1,{},"{""MARCA"": [""RIMITH""], ""CATEGORIA"": [""Comidas Preparadas""]}","[""Comidas Preparadas""]",,https://riba.app/imgrs/THUMBS%20500X500/342421.JPG,0,0,"[""91""]",775.000,2026-05-08 10:59:33
2160818,ACAI CHOCO CRUNCH BOWL,ACAI CHOCO CRUNCH BOWL,ACAI CHOCO CRUNCH BOWL,insert,1,https://riba.app/imgrs/THUMBS%20500X500/342422.JPG,tabs/detalle-producto/342422,775.000,775.000,775.000,USD,1,{},"{""MARCA"": [""RIMITH""], ""CATEGORIA"": [""Comidas Preparadas""]}","[""Comidas Preparadas""]",,https://riba.app/imgrs/THUMBS%20500X500/342422.JPG,0,0,"[""91""]",775.000,2026-05-08 10:59:33
2160819,ACAI VERY BERRY BOWL ,ACAI VERY BERRY BOWL ,ACAI VERY BERRY BOWL ,insert,1,https://riba.app/imgrs/THUMBS%20500X500/342423.JPG,tabs/detalle-producto/342423,875.000,875.000,875.000,USD,1,{},"{""MARCA"": [""RIMITH""], ""CATEGORIA"": [""Comidas Preparadas""]}","[""Comidas Preparadas""]",,https://riba.app/imgrs/THUMBS%20500X500/342423.JPG,0,0,"[""91""]",875.000,2026-05-08 10:59:33
2160871,BEBIDA DE ALMENDRA VAINILLA,BEBIDA DE ALMENDRA VAINILLA,BEBIDA DE ALMENDRA VAINILLA,insert,1,https://riba.app/imgrs/THUMBS%20500X500/348114.JPG,tabs/detalle-producto/348114,135.000,135.000,135.000,USD,1,{},"{""MARCA"": [""RIMITH""], ""CATEGORIA"": [""LACTEOS""]}","[""LACTEOS""]",,https://riba.app/imgrs/THUMBS%20500X500/348114.JPG,0,0,"[""266""]",135.000,2026-05-08 10:59:33
2160872,BEBIDA DE ALMENDRA VAINILLA,BEBIDA DE ALMENDRA VAINILLA,BEBIDA DE ALMENDRA VAINILLA,insert,1,https://riba.app/imgrs/THUMBS%20500X500/348115.JPG,tabs/detalle-producto/348115,485.000,485.000,485.000,USD,1,{},"{""MARCA"": [""RIMITH""], ""CATEGORIA"": [""LACTEOS""]}","[""LACTEOS""]",,https://riba.app/imgrs/THUMBS%20500X500/348115.JPG,0,0,"[""266""]",485.000,2026-05-08 10:59:33
2160873,BEBIDA DE ALMENDRA COCO,BEBIDA DE ALMENDRA COCO,BEBIDA DE ALMENDRA COCO,insert,1,https://riba.app/imgrs/THUMBS%20500X500/348116.JPG,tabs/detalle-producto/348116,135.000,135.000,135.000,USD,1,{},"{""MARCA"": [""RIMITH""], ""CATEGORIA"": [""LACTEOS""]}","[""LACTEOS""]",,https://riba.app/imgrs/THUMBS%20500X500/348116.JPG,0,0,"[""266""]",135.000,2026-05-08 10:59:33
2160874,BEBIDA DE ALMENDRA COCO,BEBIDA DE ALMENDRA COCO,BEBIDA DE ALMENDRA COCO,insert,1,https://riba.app/imgrs/THUMBS%20500X500/348117.JPG,tabs/detalle-producto/348117,485.000,485.000,485.000,USD,1,{},"{""MARCA"": [""RIMITH""], ""CATEGORIA"": [""LACTEOS""]}","[""LACTEOS""]",,https://riba.app/imgrs/THUMBS%20500X500/348117.JPG,0,0,"[""266""]",485.000,2026-05-08 10:59:33
2160894,DIP DE POLLO PESTO,DIP DE POLLO PESTO,DIP DE POLLO PESTO,insert,1,https://riba.app/imgrs/THUMBS%20500X500/356497.JPG,tabs/detalle-producto/356497,800.000,800.000,800.000,USD,1,{},"{""MARCA"": [""RIMITH""], ""CATEGORIA"": [""Snacks""]}","[""Snacks""]",,https://riba.app/imgrs/THUMBS%20500X500/356497.JPG,0,0,"[""296""]",800.000,2026-05-08 10:59:33
2161015,BEBIDA DE AVENA ,BEBIDA DE AVENA ,BEBIDA DE AVENA ,insert,1,https://riba.app/imgrs/THUMBS%20500X500/290566.JPG,tabs/detalle-producto/290566,273.000,273.000,273.000,USD,1,{},"{""MARCA"": [""RIMITH""], ""CATEGORIA"": [""LACTEOS""]}","[""LACTEOS""]",,https://riba.app/imgrs/THUMBS%20500X500/290566.JPG,0,0,"[""266""]",273.000,2026-05-08 10:59:33
2161016,ARROZ CON LECHE Y PASITAS TRAD,ARROZ CON LECHE Y PASITAS TRAD,ARROZ CON LECHE Y PASITAS TRAD,insert,1,https://riba.app/imgrs/THUMBS%20500X500/299248.JPG,tabs/detalle-producto/299248,220.000,220.000,220.000,USD,1,{},"{""MARCA"": [""RIMITH""], ""CATEGORIA"": [""Snacks""]}","[""Snacks""]",,https://riba.app/imgrs/THUMBS%20500X500/299248.JPG,0,0,"[""296""]",220.000,2026-05-08 10:59:33
2161018,ARROZ CON LECHE 8 OZ TRADICION,ARROZ CON LECHE 8 OZ TRADICION,ARROZ CON LECHE 8 OZ TRADICION,insert,1,https://riba.app/imgrs/THUMBS%20500X500/299250.JPG,tabs/detalle-producto/299250,200.000,200.000,200.000,USD,1,{},"{""MARCA"": [""RIMITH""], ""CATEGORIA"": [""Snacks""]}","[""Snacks""]",,https://riba.app/imgrs/THUMBS%20500X500/299250.JPG,0,0,"[""296""]",200.000,2026-05-08 10:59:33
2161019,ARROZ CON LECHE 12 OZ TRADICIO,ARROZ CON LECHE 12 OZ TRADICIO,ARROZ CON LECHE 12 OZ TRADICIO,insert,1,https://riba.app/imgrs/THUMBS%20500X500/299251.JPG,tabs/detalle-producto/299251,265.000,265.000,265.000,USD,1,{},"{""MARCA"": [""RIMITH""], ""CATEGORIA"": [""Snacks""]}","[""Snacks""]",,https://riba.app/imgrs/THUMBS%20500X500/299251.JPG,0,0,"[""296""]",265.000,2026-05-08 10:59:33
2161033,GUACAMOLE ,GUACAMOLE ,GUACAMOLE ,insert,1,https://riba.app/imgrs/THUMBS%20500X500/355438.JPG,tabs/detalle-producto/355438,495.000,495.000,495.000,USD,1,{},"{""MARCA"": [""RIMITH""], ""CATEGORIA"": [""Snacks""]}","[""Snacks""]",,https://riba.app/imgrs/THUMBS%20500X500/355438.JPG,0,0,"[""296""]",495.000,2026-05-08 10:59:33
2161034,GUACAMOLE CON JALAPEÑO,GUACAMOLE CON JALAPEÑO,GUACAMOLE CON JALAPEÑO,insert,1,https://riba.app/imgrs/THUMBS%20500X500/355439.JPG,tabs/detalle-producto/355439,495.000,495.000,495.000,USD,1,{},"{""MARCA"": [""RIMITH""], ""CATEGORIA"": [""Snacks""]}","[""Snacks""]",,https://riba.app/imgrs/THUMBS%20500X500/355439.JPG,0,0,"[""296""]",495.000,2026-05-08 10:59:33
2161035,PICO DE GALLO ,PICO DE GALLO ,PICO DE GALLO ,insert,1,https://riba.app/imgrs/THUMBS%20500X500/355440.JPG,tabs/detalle-producto/355440,285.000,285.000,285.000,USD,1,{},"{""MARCA"": [""RIMITH""], ""CATEGORIA"": [""Snacks""]}","[""Snacks""]",,https://riba.app/imgrs/THUMBS%20500X500/355440.JPG,0,0,"[""296""]",285.000,2026-05-08 10:59:33
2161036,DIP DE AGUACATE ,DIP DE AGUACATE ,DIP DE AGUACATE ,insert,1,https://riba.app/imgrs/THUMBS%20500X500/357715.JPG,tabs/detalle-producto/357715,450.000,450.000,450.000,USD,1,{},"{""MARCA"": [""RIMITH""], ""CATEGORIA"": [""Snacks""]}","[""Snacks""]",,https://riba.app/imgrs/THUMBS%20500X500/357715.JPG,0,0,"[""296""]",450.000,2026-05-08 10:59:33
2170013,RICOTTA,RICOTTA,RICOTTA,insert,1,https://riba.app/imgrs/THUMBS%20500X500/55039.JPG,tabs/detalle-producto/55039,175.000,175.000,175.000,USD,1,{},"{""MARCA"": [""RIMITH""], ""CATEGORIA"": [""LACTEOS""]}","[""LACTEOS""]",,https://riba.app/imgrs/THUMBS%20500X500/55039.JPG,0,0,"[""266""]",175.000,2026-05-08 10:59:33
2170048,QUESO FRESCO MOLIDO,QUESO FRESCO MOLIDO,QUESO FRESCO MOLIDO,insert,1,https://riba.app/imgrs/THUMBS%20500X500/119151.JPG,tabs/detalle-producto/119151,435.000,435.000,435.000,USD,1,{},"{""MARCA"": [""RIMITH""], ""CATEGORIA"": [""LACTEOS""]}","[""LACTEOS""]",,https://riba.app/imgrs/THUMBS%20500X500/119151.JPG,0,0,"[""266""]",435.000,2026-05-08 10:59:33
2170050,QUESO PRENSADO CON SAL,QUESO PRENSADO CON SAL,QUESO PRENSADO CON SAL,insert,1,https://riba.app/imgrs/THUMBS%20500X500/132729.JPG,tabs/detalle-producto/132729,485.000,485.000,485.000,USD,1,{},"{""MARCA"": [""RIMITH""], ""CATEGORIA"": [""LACTEOS""]}","[""LACTEOS""]",,https://riba.app/imgrs/THUMBS%20500X500/132729.JPG,0,0,"[""266""]",485.000,2026-05-08 10:59:33
2170051,QUESO PRENSADO BAJO SAL,QUESO PRENSADO BAJO SAL,QUESO PRENSADO BAJO SAL,insert,1,https://riba.app/imgrs/THUMBS%20500X500/133994.JPG,tabs/detalle-producto/133994,485.000,485.000,485.000,USD,1,{},"{""MARCA"": [""RIMITH""], ""CATEGORIA"": [""LACTEOS""]}","[""LACTEOS""]",,https://riba.app/imgrs/THUMBS%20500X500/133994.JPG,0,0,"[""266""]",485.000,2026-05-08 10:59:33
2170060,QUESO BLANCO DE CABRA ,QUESO BLANCO DE CABRA ,QUESO BLANCO DE CABRA ,insert,1,https://riba.app/imgrs/THUMBS%20500X500/242108.JPG,tabs/detalle-producto/242108,705.000,705.000,705.000,USD,1,{},"{""MARCA"": [""RIMITH""], ""CATEGORIA"": [""LACTEOS""]}","[""LACTEOS""]",,https://riba.app/imgrs/THUMBS%20500X500/242108.JPG,0,0,"[""266""]",705.000,2026-05-08 10:59:33
2170065,QUESO AMARILLO  PORCION,QUESO AMARILLO  PORCION,QUESO AMARILLO  PORCION,insert,1,https://riba.app/imgrs/THUMBS%20500X500/272175.JPG,tabs/detalle-producto/272175,290.000,290.000,290.000,USD,1,{},"{""MARCA"": [""RIMITH""], ""CATEGORIA"": [""LACTEOS""]}","[""LACTEOS""]",,https://riba.app/imgrs/THUMBS%20500X500/272175.JPG,0,0,"[""266""]",290.000,2026-05-08 10:59:33
2170066,QUESO MOZZARELLA PORCION,QUESO MOZZARELLA PORCION,QUESO MOZZARELLA PORCION,insert,1,https://riba.app/imgrs/THUMBS%20500X500/272179.JPG,tabs/detalle-producto/272179,395.000,395.000,395.000,USD,1,{},"{""MARCA"": [""RIMITH""], ""CATEGORIA"": [""LACTEOS""]}","[""LACTEOS""]",,https://riba.app/imgrs/THUMBS%20500X500/272179.JPG,0,0,"[""266""]",395.000,2026-05-08 10:59:33
2170069,QUESO GOUDA MOZZARELLA RALLADO,QUESO GOUDA MOZZARELLA RALLADO,QUESO GOUDA MOZZARELLA RALLADO,insert,1,https://riba.app/imgrs/THUMBS%20500X500/289828.JPG,tabs/detalle-producto/289828,475.000,475.000,475.000,USD,1,{},"{""MARCA"": [""RIMITH""], ""CATEGORIA"": [""LACTEOS""]}","[""LACTEOS""]",,https://riba.app/imgrs/THUMBS%20500X500/289828.JPG,0,0,"[""266""]",475.000,2026-05-08 10:59:33
2170070,QUESO MOZZARELLA RALLADO,QUESO MOZZARELLA RALLADO,QUESO MOZZARELLA RALLADO,insert,1,https://riba.app/imgrs/THUMBS%20500X500/289829.JPG,tabs/detalle-producto/289829,475.000,475.000,475.000,USD,1,{},"{""MARCA"": [""RIMITH""], ""CATEGORIA"": [""LACTEOS""]}","[""LACTEOS""]",,https://riba.app/imgrs/THUMBS%20500X500/289829.JPG,0,0,"[""266""]",475.000,2026-05-08 10:59:33
2170074,QUESO MOZZARELLA PARA ENSALADA,QUESO MOZZARELLA PARA ENSALADA,QUESO MOZZARELLA PARA ENSALADA,insert,1,https://riba.app/imgrs/THUMBS%20500X500/289833.JPG,tabs/detalle-producto/289833,475.000,475.000,475.000,USD,1,{},"{""MARCA"": [""RIMITH""], ""CATEGORIA"": [""LACTEOS""]}","[""LACTEOS""]",,https://riba.app/imgrs/THUMBS%20500X500/289833.JPG,0,0,"[""266""]",475.000,2026-05-08 10:59:33
21704300000,QUESO LITE BAJO SAL,QUESO LITE BAJO SAL,QUESO LITE BAJO SAL,insert,1,https://riba.app/imgrs/THUMBS%20500X500/215382.JPG,tabs/detalle-producto/215382,1.480.000,1.480.000,1.480.000,USD,1,{},"{""MARCA"": [""RIMITH""], ""CATEGORIA"": [""LACTEOS""]}","[""LACTEOS""]",,https://riba.app/imgrs/THUMBS%20500X500/215382.JPG,0,0,"[""266""]",1.480.000,2026-05-08 10:59:33
21706000000,JAMON PECHUGA PAVO PREMI LABEL,JAMON PECHUGA PAVO PREMI LABEL,JAMON PECHUGA PAVO PREMI LABEL,insert,1,https://riba.app/imgrs/THUMBS%20500X500/45107.JPG,tabs/detalle-producto/45107,1.453.000,1.453.000,1.453.000,USD,1,{},"{""MARCA"": [""RIMITH""], ""CATEGORIA"": [""Carnes Y Embutidos""]}","[""Carnes Y Embutidos""]",,https://riba.app/imgrs/THUMBS%20500X500/45107.JPG,0,0,"[""127""]",1.453.000,2026-05-08 10:59:33
21706400000,PECHUGA DE PAVO FINAS HIERBAS,PECHUGA DE PAVO FINAS HIERBAS,PECHUGA DE PAVO FINAS HIERBAS,insert,1,https://riba.app/imgrs/THUMBS%20500X500/209641.JPG,tabs/detalle-producto/209641,2.050.000,2.050.000,2.050.000,USD,1,{},"{""MARCA"": [""RIMITH""], ""CATEGORIA"": [""Carnes Y Embutidos""]}","[""Carnes Y Embutidos""]",,https://riba.app/imgrs/THUMBS%20500X500/209641.JPG,0,0,"[""127""]",2.050.000,2026-05-08 10:59:33
21706500000,PECHUGA PAVO CURADA EN MIEL,PECHUGA PAVO CURADA EN MIEL,PECHUGA PAVO CURADA EN MIEL,insert,1,https://riba.app/imgrs/THUMBS%20500X500/209642.JPG,tabs/detalle-producto/209642,2.317.000,2.317.000,2.317.000,USD,1,{},"{""MARCA"": [""RIMITH""], ""CATEGORIA"": [""Carnes Y Embutidos""]}","[""Carnes Y Embutidos""]",,https://riba.app/imgrs/THUMBS%20500X500/209642.JPG,0,0,"[""127""]",2.317.000,2026-05-08 10:59:33
21706700000,QUESO AMARILLO RIMITH,QUESO AMARILLO RIMITH,QUESO AMARILLO RIMITH,insert,1,https://riba.app/imgrs/THUMBS%20500X500/203047.JPG,tabs/detalle-producto/203047,1.300.000,1.300.000,1.300.000,USD,1,{},"{""MARCA"": [""RIMITH""], ""CATEGORIA"": [""LACTEOS""]}","[""LACTEOS""]",,https://riba.app/imgrs/THUMBS%20500X500/203047.JPG,0,0,"[""266""]",1.300.000,2026-05-08 10:59:33
21707600000,JAMON VIRGINIA DE PAVO,JAMON VIRGINIA DE PAVO,JAMON VIRGINIA DE PAVO,insert,1,https://riba.app/imgrs/THUMBS%20500X500/209649.JPG,tabs/detalle-producto/209649,1.495.000,1.495.000,1.495.000,USD,1,{},"{""MARCA"": [""RIMITH""], ""CATEGORIA"": [""Carnes Y Embutidos""]}","[""Carnes Y Embutidos""]",,https://riba.app/imgrs/THUMBS%20500X500/209649.JPG,0,0,"[""127""]",1.495.000,2026-05-08 10:59:33
2170853,RICOTTA CON PIMIENTO,RICOTTA CON PIMIENTO,RICOTTA CON PIMIENTO,insert,1,https://riba.app/imgrs/THUMBS%20500X500/114553.JPG,tabs/detalle-producto/114553,180.000,180.000,180.000,USD,1,{},"{""MARCA"": [""RIMITH""], ""CATEGORIA"": [""LACTEOS""]}","[""LACTEOS""]",,https://riba.app/imgrs/THUMBS%20500X500/114553.JPG,0,0,"[""266""]",180.000,2026-05-08 10:59:33
21710000000,JAMON DE PIERNA COCIDO RIMITH,JAMON DE PIERNA COCIDO RIMITH,JAMON DE PIERNA COCIDO RIMITH,insert,1,https://riba.app/imgrs/THUMBS%20500X500/23848.JPG,tabs/detalle-producto/23848,1.612.000,1.612.000,1.612.000,USD,1,{},"{""MARCA"": [""RIMITH""], ""CATEGORIA"": [""Carnes Y Embutidos""]}","[""Carnes Y Embutidos""]",,https://riba.app/imgrs/THUMBS%20500X500/23848.JPG,0,0,"[""127""]",1.612.000,2026-05-08 10:59:33
21710100000,QUESO AMARILLO RIMITH,QUESO AMARILLO RIMITH,QUESO AMARILLO RIMITH,insert,1,https://riba.app/imgrs/THUMBS%20500X500/209720.JPG,tabs/detalle-producto/209720,1.300.000,1.300.000,1.300.000,USD,1,{},"{""MARCA"": [""RIMITH""], ""CATEGORIA"": [""LACTEOS""]}","[""LACTEOS""]",,https://riba.app/imgrs/THUMBS%20500X500/209720.JPG,0,0,"[""266""]",1.300.000,2026-05-08 10:59:33
2171039,MAC & CHEESE POLLO BUFFALO 4PO,MAC & CHEESE POLLO BUFFALO 4PO,MAC & CHEESE POLLO BUFFALO 4PO,insert,1,https://riba.app/imgrs/THUMBS%20500X500/342435.JPG,tabs/detalle-producto/342435,1.600.000,1.600.000,1.600.000,USD,1,{},"{""MARCA"": [""RIMITH""], ""CATEGORIA"": [""Comidas Preparadas""]}","[""Comidas Preparadas""]",,https://riba.app/imgrs/THUMBS%20500X500/342435.JPG,0,0,"[""91""]",1.600.000,2026-05-08 10:59:33
21710600000,JAMON AHUMADO GRANDE,JAMON AHUMADO GRANDE,JAMON AHUMADO GRANDE,insert,1,https://riba.app/imgrs/THUMBS%20500X500/23852.JPG,tabs/detalle-producto/23852,1.567.000,1.567.000,1.567.000,USD,1,{},"{""MARCA"": [""RIMITH""], ""CATEGORIA"": [""Carnes Y Embutidos""]}","[""Carnes Y Embutidos""]",,https://riba.app/imgrs/THUMBS%20500X500/23852.JPG,0,0,"[""127""]",1.567.000,2026-05-08 10:59:33
21711100000,JAMONADA ENCURTIDA RIMITH,JAMONADA ENCURTIDA RIMITH,JAMONADA ENCURTIDA RIMITH,insert,1,https://riba.app/imgrs/THUMBS%20500X500/23865.JPG,tabs/detalle-producto/23865,790.000,790.000,790.000,USD,1,{},"{""MARCA"": [""RIMITH""], ""CATEGORIA"": [""Carnes Y Embutidos""]}","[""Carnes Y Embutidos""]",,https://riba.app/imgrs/THUMBS%20500X500/23865.JPG,0,0,"[""127""]",790.000,2026-05-08 10:59:33
21711300000,MORTADELA ENTERA RIMITH,MORTADELA ENTERA RIMITH,MORTADELA ENTERA RIMITH,insert,1,https://riba.app/imgrs/THUMBS%20500X500/23871.JPG,tabs/detalle-producto/23871,778.000,778.000,778.000,USD,1,{},"{""MARCA"": [""RIMITH""], ""CATEGORIA"": [""Carnes Y Embutidos""]}","[""Carnes Y Embutidos""]",,https://riba.app/imgrs/THUMBS%20500X500/23871.JPG,0,0,"[""127""]",778.000,2026-05-08 10:59:33
21711400000,TOCINO ENROLLADO RIMITH,TOCINO ENROLLADO RIMITH,TOCINO ENROLLADO RIMITH,insert,1,https://riba.app/imgrs/THUMBS%20500X500/23893.JPG,tabs/detalle-producto/23893,1.726.000,1.726.000,1.726.000,USD,1,{},"{""MARCA"": [""RIMITH""], ""CATEGORIA"": [""Carnes Y Embutidos""]}","[""Carnes Y Embutidos""]",,https://riba.app/imgrs/THUMBS%20500X500/23893.JPG,0,0,"[""127""]",1.726.000,2026-05-08 10:59:33
21711500000,LOMO AHUMADO RIMITH,LOMO AHUMADO RIMITH,LOMO AHUMADO RIMITH,insert,1,https://riba.app/imgrs/THUMBS%20500X500/23867.JPG,tabs/detalle-producto/23867,1.916.000,1.916.000,1.916.000,USD,1,{},"{""MARCA"": [""RIMITH""], ""CATEGORIA"": [""Carnes Y Embutidos""]}","[""Carnes Y Embutidos""]",,https://riba.app/imgrs/THUMBS%20500X500/23867.JPG,0,0,"[""127""]",1.916.000,2026-05-08 10:59:33
21711600000,TOCINO AHUMADO RIMITH,TOCINO AHUMADO RIMITH,TOCINO AHUMADO RIMITH,insert,1,https://riba.app/imgrs/THUMBS%20500X500/23894.JPG,tabs/detalle-producto/23894,1.460.000,1.460.000,1.460.000,USD,1,{},"{""MARCA"": [""RIMITH""], ""CATEGORIA"": [""Carnes Y Embutidos""]}","[""Carnes Y Embutidos""]",,https://riba.app/imgrs/THUMBS%20500X500/23894.JPG,0,0,"[""127""]",1.460.000,2026-05-08 10:59:33
21711700000,PERNIL AHUMADO RIMITH,PERNIL AHUMADO RIMITH,PERNIL AHUMADO RIMITH,insert,1,https://riba.app/imgrs/THUMBS%20500X500/23877.JPG,tabs/detalle-producto/23877,2.267.000,2.267.000,2.267.000,USD,1,{},"{""MARCA"": [""RIMITH""], ""CATEGORIA"": [""Carnes Y Embutidos""]}","[""Carnes Y Embutidos""]",,https://riba.app/imgrs/THUMBS%20500X500/23877.JPG,0,0,"[""127""]",2.267.000,2026-05-08 10:59:33
21711800000,JAMON (PERNIL) HOSTER RIMITH,JAMON (PERNIL) HOSTER RIMITH,JAMON (PERNIL) HOSTER RIMITH,insert,1,https://riba.app/imgrs/THUMBS%20500X500/23858.JPG,tabs/detalle-producto/23858,2.271.000,2.271.000,2.271.000,USD,1,{},"{""MARCA"": [""RIMITH""], ""CATEGORIA"": [""Carnes Y Embutidos""]}","[""Carnes Y Embutidos""]",,https://riba.app/imgrs/THUMBS%20500X500/23858.JPG,0,0,"[""127""]",2.271.000,2026-05-08 10:59:33
21711900000,PEPERONI ENTERO RIMITH,PEPERONI ENTERO RIMITH,PEPERONI ENTERO RIMITH,insert,1,https://riba.app/imgrs/THUMBS%20500X500/23875.JPG,tabs/detalle-producto/23875,1.084.000,1.084.000,1.084.000,USD,1,{},"{""MARCA"": [""RIMITH""], ""CATEGORIA"": [""Carnes Y Embutidos""]}","[""Carnes Y Embutidos""]",,https://riba.app/imgrs/THUMBS%20500X500/23875.JPG,0,0,"[""127""]",1.084.000,2026-05-08 10:59:33
21712000000,SALAMI ENTERO RIMITH,SALAMI ENTERO RIMITH,SALAMI ENTERO RIMITH,insert,1,https://riba.app/imgrs/THUMBS%20500X500/23886.JPG,tabs/detalle-producto/23886,867.000,867.000,867.000,USD,1,{},"{""MARCA"": [""RIMITH""], ""CATEGORIA"": [""Carnes Y Embutidos""]}","[""Carnes Y Embutidos""]",,https://riba.app/imgrs/THUMBS%20500X500/23886.JPG,0,0,"[""127""]",867.000,2026-05-08 10:59:33
21712200000,ROAST BEEF RIMITH,ROAST BEEF RIMITH,ROAST BEEF RIMITH,insert,1,https://riba.app/imgrs/THUMBS%20500X500/23884.JPG,tabs/detalle-producto/23884,1.811.000,1.811.000,1.811.000,USD,1,{},"{""MARCA"": [""RIMITH""], ""CATEGORIA"": [""Carnes Y Embutidos""]}","[""Carnes Y Embutidos""]",,https://riba.app/imgrs/THUMBS%20500X500/23884.JPG,0,0,"[""127""]",1.811.000,2026-05-08 10:59:33
21712300000,PERNIL HORNEADO RIMITH,PERNIL HORNEADO RIMITH,PERNIL HORNEADO RIMITH,insert,1,https://riba.app/imgrs/THUMBS%20500X500/23883.JPG,tabs/detalle-producto/23883,2.160.000,2.160.000,2.160.000,USD,1,{},"{""MARCA"": [""RIMITH""], ""CATEGORIA"": [""Carnes Y Embutidos""]}","[""Carnes Y Embutidos""]",,https://riba.app/imgrs/THUMBS%20500X500/23883.JPG,0,0,"[""127""]",2.160.000,2026-05-08 10:59:33
21712700000,CHULETA REBANADAS RIMITH,CHULETA REBANADAS RIMITH,CHULETA REBANADAS RIMITH,insert,1,https://riba.app/imgrs/THUMBS%20500X500/23834.JPG,tabs/detalle-producto/23834,1.214.000,1.214.000,1.214.000,USD,1,{},"{""MARCA"": [""RIMITH""], ""CATEGORIA"": [""Carnes Y Embutidos""]}","[""Carnes Y Embutidos""]",,https://riba.app/imgrs/THUMBS%20500X500/23834.JPG,0,0,"[""127""]",1.214.000,2026-05-08 10:59:33
21712800000,CHORIZO CRIOLLO T 32,CHORIZO CRIOLLO T 32,CHORIZO CRIOLLO T 32,insert,1,https://riba.app/imgrs/THUMBS%20500X500/23825.JPG,tabs/detalle-producto/23825,980.000,980.000,980.000,USD,1,{},"{""MARCA"": [""RIMITH""], ""CATEGORIA"": [""Carnes Y Embutidos""]}","[""Carnes Y Embutidos""]",,https://riba.app/imgrs/THUMBS%20500X500/23825.JPG,0,0,"[""127""]",980.000,2026-05-08 10:59:33
21712900000,CHORIZO ESPECIAL T 32 BOLSA,CHORIZO ESPECIAL T 32 BOLSA,CHORIZO ESPECIAL T 32 BOLSA,insert,1,https://riba.app/imgrs/THUMBS%20500X500/23826.JPG,tabs/detalle-producto/23826,840.000,840.000,840.000,USD,1,{},"{""MARCA"": [""RIMITH""], ""CATEGORIA"": [""Carnes Y Embutidos""]}","[""Carnes Y Embutidos""]",,https://riba.app/imgrs/THUMBS%20500X500/23826.JPG,0,0,"[""127""]",840.000,2026-05-08 10:59:33
21713000000,SALCHICHA JUMBO,SALCHICHA JUMBO,SALCHICHA JUMBO,insert,1,https://riba.app/imgrs/THUMBS%20500X500/23843.JPG,tabs/detalle-producto/23843,596.000,596.000,596.000,USD,1,{},"{""MARCA"": [""RIMITH""], ""CATEGORIA"": [""Carnes Y Embutidos""]}","[""Carnes Y Embutidos""]",,https://riba.app/imgrs/THUMBS%20500X500/23843.JPG,0,0,"[""127""]",596.000,2026-05-08 10:59:33
21713200000,BACON CANADIAN RIMITH,BACON CANADIAN RIMITH,BACON CANADIAN RIMITH,insert,1,https://riba.app/imgrs/THUMBS%20500X500/23817.JPG,tabs/detalle-producto/23817,2.280.000,2.280.000,2.280.000,USD,1,{},"{""MARCA"": [""RIMITH""], ""CATEGORIA"": [""Carnes Y Embutidos""]}","[""Carnes Y Embutidos""]",,https://riba.app/imgrs/THUMBS%20500X500/23817.JPG,0,0,"[""127""]",2.280.000,2026-05-08 10:59:33
21713500000,PICNIC PALETA HUESO AHUMADA PRECIO POR KILOGRAMO,PICNIC PALETA HUESO AHUMADA PRECIO POR KILOGRAMO,PICNIC PALETA HUESO AHUMADA PRECIO POR KILOGRAMO,insert,1,https://riba.app/imgrs/THUMBS%20500X500/23879.JPG,tabs/detalle-producto/23879,925.000,925.000,925.000,USD,1,{},"{""MARCA"": [""RIMITH""], ""CATEGORIA"": [""Carnes Y Embutidos""]}","[""Carnes Y Embutidos""]",,https://riba.app/imgrs/THUMBS%20500X500/23879.JPG,0,0,"[""127""]",925.000,2026-05-08 10:59:33
21713700000,JAMON VIRGINIA DE PAVO ,JAMON VIRGINIA DE PAVO ,JAMON VIRGINIA DE PAVO ,insert,1,https://riba.app/imgrs/THUMBS%20500X500/110693.JPG,tabs/detalle-producto/110693,1.495.000,1.495.000,1.495.000,USD,1,{},"{""MARCA"": [""RIMITH""], ""CATEGORIA"": [""Carnes Y Embutidos""]}","[""Carnes Y Embutidos""]",,https://riba.app/imgrs/THUMBS%20500X500/110693.JPG,0,0,"[""127""]",1.495.000,2026-05-08 10:59:33
21713800000,JAMON DE PAVO COCIDO ESENCIAL,JAMON DE PAVO COCIDO ESENCIAL,JAMON DE PAVO COCIDO ESENCIAL,insert,1,https://riba.app/imgrs/THUMBS%20500X500/29909.JPG,tabs/detalle-producto/29909,886.000,886.000,886.000,USD,1,{},"{""MARCA"": [""RIMITH""], ""CATEGORIA"": [""Carnes Y Embutidos""]}","[""Carnes Y Embutidos""]",,https://riba.app/imgrs/THUMBS%20500X500/29909.JPG,0,0,"[""127""]",886.000,2026-05-08 10:59:33
21715900000,QUESO PRENSADO SAL Y PIMENTON,QUESO PRENSADO SAL Y PIMENTON,QUESO PRENSADO SAL Y PIMENTON,insert,1,https://riba.app/imgrs/THUMBS%20500X500/54055.JPG,tabs/detalle-producto/54055,1.525.000,1.525.000,1.525.000,USD,1,{},"{""MARCA"": [""RIMITH""], ""CATEGORIA"": [""LACTEOS""]}","[""LACTEOS""]",,https://riba.app/imgrs/THUMBS%20500X500/54055.JPG,0,0,"[""266""]",1.525.000,2026-05-08 10:59:33
21724900000,JAMON DE CERDO ESENCIAL,JAMON DE CERDO ESENCIAL,JAMON DE CERDO ESENCIAL,insert,1,https://riba.app/imgrs/THUMBS%20500X500/22077.JPG,tabs/detalle-producto/22077,697.000,697.000,697.000,USD,1,{},"{""MARCA"": [""RIMITH""], ""CATEGORIA"": [""Carnes Y Embutidos""]}","[""Carnes Y Embutidos""]",,https://riba.app/imgrs/THUMBS%20500X500/22077.JPG,0,0,"[""127""]",697.000,2026-05-08 10:59:33
21725200000,PERNIL C/HUESO AHUMADO PEDAZO PRECIO POR KILOGRAMO,PERNIL C/HUESO AHUMADO PEDAZO PRECIO POR KILOGRAMO,PERNIL C/HUESO AHUMADO PEDAZO PRECIO POR KILOGRAMO,insert,1,https://riba.app/imgrs/THUMBS%20500X500/29312.JPG,tabs/detalle-producto/29312,1.210.000,1.210.000,1.210.000,USD,1,{},"{""MARCA"": [""RIMITH""], ""CATEGORIA"": [""Carnes Y Embutidos""]}","[""Carnes Y Embutidos""]",,https://riba.app/imgrs/THUMBS%20500X500/29312.JPG,0,0,"[""127""]",1.210.000,2026-05-08 10:59:33
21725800000,QUESO BLANCO TIPO AMERICANO,QUESO BLANCO TIPO AMERICANO,QUESO BLANCO TIPO AMERICANO,insert,1,https://riba.app/imgrs/THUMBS%20500X500/32189.JPG,tabs/detalle-producto/32189,1.460.000,1.460.000,1.460.000,USD,1,{},"{""MARCA"": [""RIMITH""], ""CATEGORIA"": [""LACTEOS""]}","[""LACTEOS""]",,https://riba.app/imgrs/THUMBS%20500X500/32189.JPG,0,0,"[""266""]",1.460.000,2026-05-08 10:59:33
21726300000,JAMON DE PIERNA ESENCIAL,JAMON DE PIERNA ESENCIAL,JAMON DE PIERNA ESENCIAL,insert,1,https://riba.app/imgrs/THUMBS%20500X500/32194.JPG,tabs/detalle-producto/32194,1.105.000,1.105.000,1.105.000,USD,1,{},"{""MARCA"": [""RIMITH""], ""CATEGORIA"": [""Carnes Y Embutidos""]}","[""Carnes Y Embutidos""]",,https://riba.app/imgrs/THUMBS%20500X500/32194.JPG,0,0,"[""127""]",1.105.000,2026-05-08 10:59:33
21727100000,QUESO MOZZARELLA RIMITH PIEZA,QUESO MOZZARELLA RIMITH PIEZA,QUESO MOZZARELLA RIMITH PIEZA,insert,1,https://riba.app/imgrs/THUMBS%20500X500/58975.JPG,tabs/detalle-producto/58975,1.790.000,1.790.000,1.790.000,USD,1,{},"{""MARCA"": [""RIMITH""], ""CATEGORIA"": [""LACTEOS""]}","[""LACTEOS""]",,https://riba.app/imgrs/THUMBS%20500X500/58975.JPG,0,0,"[""266""]",1.790.000,2026-05-08 10:59:33
21727300000,PERNIL C/HUESO AHUMADO ENTERO PRECIO POR KILOGRAMO,PERNIL C/HUESO AHUMADO ENTERO PRECIO POR KILOGRAMO,PERNIL C/HUESO AHUMADO ENTERO PRECIO POR KILOGRAMO,insert,1,https://riba.app/imgrs/THUMBS%20500X500/23881.JPG,tabs/detalle-producto/23881,1.170.000,1.170.000,1.170.000,USD,1,{},"{""MARCA"": [""RIMITH""], ""CATEGORIA"": [""Carnes Y Embutidos""]}","[""Carnes Y Embutidos""]",,https://riba.app/imgrs/THUMBS%20500X500/23881.JPG,0,0,"[""127""]",1.170.000,2026-05-08 10:59:33
21728100000,JAMON DE PIERNA PREMIUM LABEL,JAMON DE PIERNA PREMIUM LABEL,JAMON DE PIERNA PREMIUM LABEL,insert,1,https://riba.app/imgrs/THUMBS%20500X500/20492.JPG,tabs/detalle-producto/20492,1.795.000,1.795.000,1.795.000,USD,1,{},"{""MARCA"": [""RIMITH""], ""CATEGORIA"": [""Carnes Y Embutidos""]}","[""Carnes Y Embutidos""]",,https://riba.app/imgrs/THUMBS%20500X500/20492.JPG,0,0,"[""127""]",1.795.000,2026-05-08 10:59:33
21729100000,PASTRAMI DE RES ENTERO RIMITH,PASTRAMI DE RES ENTERO RIMITH,PASTRAMI DE RES ENTERO RIMITH,insert,1,https://riba.app/imgrs/THUMBS%20500X500/23874.JPG,tabs/detalle-producto/23874,1.916.000,1.916.000,1.916.000,USD,1,{},"{""MARCA"": [""RIMITH""], ""CATEGORIA"": [""Carnes Y Embutidos""]}","[""Carnes Y Embutidos""]",,https://riba.app/imgrs/THUMBS%20500X500/23874.JPG,0,0,"[""127""]",1.916.000,2026-05-08 10:59:33
21734500000,QUESO DE CABRA PIEZA,QUESO DE CABRA PIEZA,QUESO DE CABRA PIEZA,insert,1,https://riba.app/imgrs/THUMBS%20500X500/245512.JPG,tabs/detalle-producto/245512,2.742.000,2.742.000,2.742.000,USD,1,{},"{""MARCA"": [""RIMITH""], ""CATEGORIA"": [""LACTEOS""]}","[""LACTEOS""]",,https://riba.app/imgrs/THUMBS%20500X500/245512.JPG,0,0,"[""266""]",2.742.000,2026-05-08 10:59:33
21737600000,JAMON DE PIERNA SABOR A MAPLE,JAMON DE PIERNA SABOR A MAPLE,JAMON DE PIERNA SABOR A MAPLE,insert,1,https://riba.app/imgrs/THUMBS%20500X500/50417.JPG,tabs/detalle-producto/50417,1.430.000,1.430.000,1.430.000,USD,1,{},"{""MARCA"": [""RIMITH""], ""CATEGORIA"": [""Carnes Y Embutidos""]}","[""Carnes Y Embutidos""]",,https://riba.app/imgrs/THUMBS%20500X500/50417.JPG,0,0,"[""127""]",1.430.000,2026-05-08 10:59:33
21750500000,PAVO ASADO ENTERO PRECIO POR KILOGRAMO,PAVO ASADO ENTERO PRECIO POR KILOGRAMO,PAVO ASADO ENTERO PRECIO POR KILOGRAMO,insert,1,https://riba.app/imgrs/THUMBS%20500X500/9195.JPG,tabs/detalle-producto/9195,1.170.000,1.170.000,1.170.000,USD,1,{},"{""MARCA"": [""RIMITH""], ""CATEGORIA"": [""Carnes Y Embutidos""]}","[""Carnes Y Embutidos""]",,https://riba.app/imgrs/THUMBS%20500X500/9195.JPG,0,0,"[""127""]",1.170.000,2026-05-08 10:59:33
21752300000,COSTILLAS PREP EN SALSA BBQ,COSTILLAS PREP EN SALSA BBQ,COSTILLAS PREP EN SALSA BBQ,insert,1,https://riba.app/imgrs/THUMBS%20500X500/9200.JPG,tabs/detalle-producto/9200,1.396.000,1.396.000,1.396.000,USD,1,{},"{""MARCA"": [""RIMITH""], ""CATEGORIA"": [""Comidas Preparadas""]}","[""Comidas Preparadas""]",,https://riba.app/imgrs/THUMBS%20500X500/9200.JPG,0,0,"[""91""]",1.396.000,2026-05-08 10:59:33
21752600000,QUESO PRENSADO BAJO SAL PIEZA,QUESO PRENSADO BAJO SAL PIEZA,QUESO PRENSADO BAJO SAL PIEZA,insert,1,https://riba.app/imgrs/THUMBS%20500X500/54061.JPG,tabs/detalle-producto/54061,1.460.000,1.460.000,1.460.000,USD,1,{},"{""MARCA"": [""RIMITH""], ""CATEGORIA"": [""LACTEOS""]}","[""LACTEOS""]",,https://riba.app/imgrs/THUMBS%20500X500/54061.JPG,0,0,"[""266""]",1.460.000,2026-05-08 10:59:33
21752900000,LECHONA AHUMADA ,LECHONA AHUMADA ,LECHONA AHUMADA ,insert,1,https://riba.app/imgrs/THUMBS%20500X500/253224.JPG,tabs/detalle-producto/253224,1.585.000,1.585.000,1.585.000,USD,1,{},"{""MARCA"": [""RIMITH""], ""CATEGORIA"": [""Comidas Preparadas""]}","[""Comidas Preparadas""]",,https://riba.app/imgrs/THUMBS%20500X500/253224.JPG,0,0,"[""91""]",1.585.000,2026-05-08 10:59:33
21758100000,RABITO DE CERDO AHUMADO,RABITO DE CERDO AHUMADO,RABITO DE CERDO AHUMADO,insert,1,https://riba.app/imgrs/THUMBS%20500X500/23914.JPG,tabs/detalle-producto/23914,696.000,696.000,696.000,USD,1,{},"{""MARCA"": [""RIMITH""], ""CATEGORIA"": [""Carnes Y Embutidos""]}","[""Carnes Y Embutidos""]",,https://riba.app/imgrs/THUMBS%20500X500/23914.JPG,0,0,"[""127""]",696.000,2026-05-08 10:59:33
21759300000,QUESO PRENSADO CON SAL PIEZA,QUESO PRENSADO CON SAL PIEZA,QUESO PRENSADO CON SAL PIEZA,insert,1,https://riba.app/imgrs/THUMBS%20500X500/54059.JPG,tabs/detalle-producto/54059,1.460.000,1.460.000,1.460.000,USD,1,{},"{""MARCA"": [""RIMITH""], ""CATEGORIA"": [""LACTEOS""]}","[""LACTEOS""]",,https://riba.app/imgrs/THUMBS%20500X500/54059.JPG,0,0,"[""266""]",1.460.000,2026-05-08 10:59:33
21760200000,JAMON COCIDO RIMITH PIEZA,JAMON COCIDO RIMITH PIEZA,JAMON COCIDO RIMITH PIEZA,insert,1,https://riba.app/imgrs/THUMBS%20500X500/256454.JPG,tabs/detalle-producto/256454,855.000,855.000,855.000,USD,1,{},"{""MARCA"": [""RIMITH""], ""CATEGORIA"": [""Carnes Y Embutidos""]}","[""Carnes Y Embutidos""]",,https://riba.app/imgrs/THUMBS%20500X500/256454.JPG,0,0,"[""127""]",855.000,2026-05-08 10:59:33
21760800000,QUESO PRENSADO SAL HONG ESPECI,QUESO PRENSADO SAL HONG ESPECI,QUESO PRENSADO SAL HONG ESPECI,insert,1,https://riba.app/imgrs/THUMBS%20500X500/54057.JPG,tabs/detalle-producto/54057,1.525.000,1.525.000,1.525.000,USD,1,{},"{""MARCA"": [""RIMITH""], ""CATEGORIA"": [""LACTEOS""]}","[""LACTEOS""]",,https://riba.app/imgrs/THUMBS%20500X500/54057.JPG,0,0,"[""266""]",1.525.000,2026-05-08 10:59:33
21761200000,PECHUGA PAVO ASADA ENTERA PRECIO POR KILOGRAMO,PECHUGA PAVO ASADA ENTERA PRECIO POR KILOGRAMO,PECHUGA PAVO ASADA ENTERA PRECIO POR KILOGRAMO,insert,1,https://riba.app/imgrs/THUMBS%20500X500/55557.JPG,tabs/detalle-producto/55557,1.850.000,1.850.000,1.850.000,USD,1,{},"{""MARCA"": [""RIMITH""], ""CATEGORIA"": [""Carnes Y Embutidos""]}","[""Carnes Y Embutidos""]",,https://riba.app/imgrs/THUMBS%20500X500/55557.JPG,0,0,"[""127""]",1.850.000,2026-05-08 10:59:33
21762000000,FRANK AHUMADA ,FRANK AHUMADA ,FRANK AHUMADA ,insert,1,https://riba.app/imgrs/THUMBS%20500X500/23842.JPG,tabs/detalle-producto/23842,649.000,649.000,649.000,USD,1,{},"{""MARCA"": [""RIMITH""], ""CATEGORIA"": [""Carnes Y Embutidos""]}","[""Carnes Y Embutidos""]",,https://riba.app/imgrs/THUMBS%20500X500/23842.JPG,0,0,"[""127""]",649.000,2026-05-08 10:59:33
21763800000,JAMON DE PIERNA AHUMADO,JAMON DE PIERNA AHUMADO,JAMON DE PIERNA AHUMADO,insert,1,https://riba.app/imgrs/THUMBS%20500X500/60253.JPG,tabs/detalle-producto/60253,2.034.000,2.034.000,2.034.000,USD,1,{},"{""MARCA"": [""RIMITH""], ""CATEGORIA"": [""Carnes Y Embutidos""]}","[""Carnes Y Embutidos""]",,https://riba.app/imgrs/THUMBS%20500X500/60253.JPG,0,0,"[""127""]",2.034.000,2026-05-08 10:59:33
21764000000,QUESO PRENSADO BAJO SAL SALAMI,QUESO PRENSADO BAJO SAL SALAMI,QUESO PRENSADO BAJO SAL SALAMI,insert,1,https://riba.app/imgrs/THUMBS%20500X500/59102.JPG,tabs/detalle-producto/59102,1.525.000,1.525.000,1.525.000,USD,1,{},"{""MARCA"": [""RIMITH""], ""CATEGORIA"": [""LACTEOS""]}","[""LACTEOS""]",,https://riba.app/imgrs/THUMBS%20500X500/59102.JPG,0,0,"[""266""]",1.525.000,2026-05-08 10:59:33
21764900000,JAMON CURADO EN MIEL,JAMON CURADO EN MIEL,JAMON CURADO EN MIEL,insert,1,https://riba.app/imgrs/THUMBS%20500X500/65319.JPG,tabs/detalle-producto/65319,2.205.000,2.205.000,2.205.000,USD,1,{},"{""MARCA"": [""RIMITH""], ""CATEGORIA"": [""Carnes Y Embutidos""]}","[""Carnes Y Embutidos""]",,https://riba.app/imgrs/THUMBS%20500X500/65319.JPG,0,0,"[""127""]",2.205.000,2026-05-08 10:59:33
21766100000,JAMON DE PIERNA COCIDO 4X4 KG,JAMON DE PIERNA COCIDO 4X4 KG,JAMON DE PIERNA COCIDO 4X4 KG,insert,1,https://riba.app/imgrs/THUMBS%20500X500/65320.JPG,tabs/detalle-producto/65320,1.612.000,1.612.000,1.612.000,USD,1,{},"{""MARCA"": [""RIMITH""], ""CATEGORIA"": [""Carnes Y Embutidos""]}","[""Carnes Y Embutidos""]",,https://riba.app/imgrs/THUMBS%20500X500/65320.JPG,0,0,"[""127""]",1.612.000,2026-05-08 10:59:33
21771500000,COSTILLITA DE CERDO AHUMADAS,COSTILLITA DE CERDO AHUMADAS,COSTILLITA DE CERDO AHUMADAS,insert,1,https://riba.app/imgrs/THUMBS%20500X500/76936.JPG,tabs/detalle-producto/76936,719.000,719.000,719.000,USD,1,{},"{""MARCA"": [""RIMITH""], ""CATEGORIA"": [""Carnes Y Embutidos""]}","[""Carnes Y Embutidos""]",,https://riba.app/imgrs/THUMBS%20500X500/76936.JPG,0,0,"[""127""]",719.000,2026-05-08 10:59:33
21773400000,JAMON DE PAVO,JAMON DE PAVO,JAMON DE PAVO,insert,1,https://riba.app/imgrs/THUMBS%20500X500/64924.JPG,tabs/detalle-producto/64924,1.127.000,1.127.000,1.127.000,USD,1,{},"{""MARCA"": [""RIMITH""], ""CATEGORIA"": [""Carnes Y Embutidos""]}","[""Carnes Y Embutidos""]",,https://riba.app/imgrs/THUMBS%20500X500/64924.JPG,0,0,"[""127""]",1.127.000,2026-05-08 10:59:33
21773600000,JAMON DE PAVO EN MIEL,JAMON DE PAVO EN MIEL,JAMON DE PAVO EN MIEL,insert,1,https://riba.app/imgrs/THUMBS%20500X500/68236.JPG,tabs/detalle-producto/68236,1.428.000,1.428.000,1.428.000,USD,1,{},"{""MARCA"": [""RIMITH""], ""CATEGORIA"": [""Carnes Y Embutidos""]}","[""Carnes Y Embutidos""]",,https://riba.app/imgrs/THUMBS%20500X500/68236.JPG,0,0,"[""127""]",1.428.000,2026-05-08 10:59:33
21773700000,PECHUGA DE PAVO FINAS HIERBAS,PECHUGA DE PAVO FINAS HIERBAS,PECHUGA DE PAVO FINAS HIERBAS,insert,1,https://riba.app/imgrs/THUMBS%20500X500/69988.JPG,tabs/detalle-producto/69988,2.050.000,2.050.000,2.050.000,USD,1,{},"{""MARCA"": [""RIMITH""], ""CATEGORIA"": [""Carnes Y Embutidos""]}","[""Carnes Y Embutidos""]",,https://riba.app/imgrs/THUMBS%20500X500/69988.JPG,0,0,"[""127""]",2.050.000,2026-05-08 10:59:33
21774100000,ROLLO PECHUGA DE PAVO,ROLLO PECHUGA DE PAVO,ROLLO PECHUGA DE PAVO,insert,1,https://riba.app/imgrs/THUMBS%20500X500/70793.JPG,tabs/detalle-producto/70793,2.146.000,2.146.000,2.146.000,USD,1,{},"{""MARCA"": [""RIMITH""], ""CATEGORIA"": [""Carnes Y Embutidos""]}","[""Carnes Y Embutidos""]",,https://riba.app/imgrs/THUMBS%20500X500/70793.JPG,0,0,"[""127""]",2.146.000,2026-05-08 10:59:33
21774500000,PASTRAMI DE PAVO ,PASTRAMI DE PAVO ,PASTRAMI DE PAVO ,insert,1,https://riba.app/imgrs/THUMBS%20500X500/81043.JPG,tabs/detalle-producto/81043,1.595.000,1.595.000,1.595.000,USD,1,{},"{""MARCA"": [""RIMITH""], ""CATEGORIA"": [""Carnes Y Embutidos""]}","[""Carnes Y Embutidos""]",,https://riba.app/imgrs/THUMBS%20500X500/81043.JPG,0,0,"[""127""]",1.595.000,2026-05-08 10:59:33
21774600000,PECHUGA DE PAVO ASADA AL HORNO,PECHUGA DE PAVO ASADA AL HORNO,PECHUGA DE PAVO ASADA AL HORNO,insert,1,https://riba.app/imgrs/THUMBS%20500X500/81860.JPG,tabs/detalle-producto/81860,2.443.000,2.443.000,2.443.000,USD,1,{},"{""MARCA"": [""RIMITH""], ""CATEGORIA"": [""Carnes Y Embutidos""]}","[""Carnes Y Embutidos""]",,https://riba.app/imgrs/THUMBS%20500X500/81860.JPG,0,0,"[""127""]",2.443.000,2026-05-08 10:59:33
21777100000,PASTRAMI DE CERDO,PASTRAMI DE CERDO,PASTRAMI DE CERDO,insert,1,https://riba.app/imgrs/THUMBS%20500X500/263418.JPG,tabs/detalle-producto/263418,2.333.000,2.333.000,2.333.000,USD,1,{},"{""MARCA"": [""RIMITH""], ""CATEGORIA"": [""Carnes Y Embutidos""]}","[""Carnes Y Embutidos""]",,https://riba.app/imgrs/THUMBS%20500X500/263418.JPG,0,0,"[""127""]",2.333.000,2026-05-08 10:59:33
21784500000,CANADIAN BACON CON MIEL  ,CANADIAN BACON CON MIEL  ,CANADIAN BACON CON MIEL  ,insert,1,https://riba.app/imgrs/THUMBS%20500X500/116430.JPG,tabs/detalle-producto/116430,2.281.000,2.281.000,2.281.000,USD,1,{},"{""MARCA"": [""RIMITH""], ""CATEGORIA"": [""Carnes Y Embutidos""]}","[""Carnes Y Embutidos""]",,https://riba.app/imgrs/THUMBS%20500X500/116430.JPG,0,0,"[""127""]",2.281.000,2026-05-08 10:59:33
21788800000,PAVO OVEN ROASTED PIEZA,PAVO OVEN ROASTED PIEZA,PAVO OVEN ROASTED PIEZA,insert,1,https://riba.app/imgrs/THUMBS%20500X500/272121.JPG,tabs/detalle-producto/272121,1.965.000,1.965.000,1.965.000,USD,1,{},"{""MARCA"": [""RIMITH""], ""CATEGORIA"": [""Carnes Y Embutidos""]}","[""Carnes Y Embutidos""]",,https://riba.app/imgrs/THUMBS%20500X500/272121.JPG,0,0,"[""127""]",1.965.000,2026-05-08 10:59:33
21797300000,PECHUGA DE POLLO ASADA PREMIUM,PECHUGA DE POLLO ASADA PREMIUM,PECHUGA DE POLLO ASADA PREMIUM,insert,1,https://riba.app/imgrs/THUMBS%20500X500/286013.JPG,tabs/detalle-producto/286013,1.441.000,1.441.000,1.441.000,USD,1,{},"{""MARCA"": [""RIMITH""], ""CATEGORIA"": [""Carnes Y Embutidos""]}","[""Carnes Y Embutidos""]",,https://riba.app/imgrs/THUMBS%20500X500/286013.JPG,0,0,"[""127""]",1.441.000,2026-05-08 10:59:33
21797400000,PECHUGA DE POLLO CRIOLLA PREMI,PECHUGA DE POLLO CRIOLLA PREMI,PECHUGA DE POLLO CRIOLLA PREMI,insert,1,https://riba.app/imgrs/THUMBS%20500X500/286014.JPG,tabs/detalle-producto/286014,1.340.000,1.340.000,1.340.000,USD,1,{},"{""MARCA"": [""RIMITH""], ""CATEGORIA"": [""Carnes Y Embutidos""]}","[""Carnes Y Embutidos""]",,https://riba.app/imgrs/THUMBS%20500X500/286014.JPG,0,0,"[""127""]",1.340.000,2026-05-08 10:59:33
2180,TOSTADITAS FRANCESAS GRANDES,TOSTADITAS FRANCESAS GRANDES,TOSTADITAS FRANCESAS GRANDES,insert,1,https://riba.app/imgrs/THUMBS%20500X500/73954.JPG,tabs/detalle-producto/73954,185.000,185.000,185.000,USD,1,{},"{""MARCA"": [""RIMITH""], ""CATEGORIA"": [""Snacks""]}","[""Snacks""]",,https://riba.app/imgrs/THUMBS%20500X500/73954.JPG,0,0,"[""296""]",185.000,2026-05-08 10:59:33
2183,TOSTADITAS CAMPESINAS GRANDE,TOSTADITAS CAMPESINAS GRANDE,TOSTADITAS CAMPESINAS GRANDE,insert,1,https://riba.app/imgrs/THUMBS%20500X500/73960.JPG,tabs/detalle-producto/73960,150.000,150.000,150.000,USD,1,{},"{""MARCA"": [""RIMITH""], ""CATEGORIA"": [""Snacks""]}","[""Snacks""]",,https://riba.app/imgrs/THUMBS%20500X500/73960.JPG,0,0,"[""296""]",150.000,2026-05-08 10:59:33
2200034,MUFFINS DE BLUEBERRY 2UN,MUFFINS DE BLUEBERRY 2UN,MUFFINS DE BLUEBERRY 2UN,insert,1,https://riba.app/imgrs/THUMBS%20500X500/107042.JPG,tabs/detalle-producto/107042,195.000,195.000,195.000,USD,1,{},"{""MARCA"": [""RIMITH""], ""CATEGORIA"": [""PANES Y DULCES""]}","[""PANES Y DULCES""]",,https://riba.app/imgrs/THUMBS%20500X500/107042.JPG,0,0,"[""269""]",195.000,2026-05-08 10:59:33
2200037,MUFFINS DOBLE CHOCOLATE 2UN,MUFFINS DOBLE CHOCOLATE 2UN,MUFFINS DOBLE CHOCOLATE 2UN,insert,1,https://riba.app/imgrs/THUMBS%20500X500/107045.JPG,tabs/detalle-producto/107045,195.000,195.000,195.000,USD,1,{},"{""MARCA"": [""RIMITH""], ""CATEGORIA"": [""PANES Y DULCES""]}","[""PANES Y DULCES""]",,https://riba.app/imgrs/THUMBS%20500X500/107045.JPG,0,0,"[""269""]",195.000,2026-05-08 10:59:33
2200038,MUFFINS DE BLUEBERRY 6UN,MUFFINS DE BLUEBERRY 6UN,MUFFINS DE BLUEBERRY 6UN,insert,1,https://riba.app/imgrs/THUMBS%20500X500/107046.JPG,tabs/detalle-producto/107046,525.000,525.000,525.000,USD,1,{},"{""MARCA"": [""RIMITH""], ""CATEGORIA"": [""PANES Y DULCES""]}","[""PANES Y DULCES""]",,https://riba.app/imgrs/THUMBS%20500X500/107046.JPG,0,0,"[""269""]",525.000,2026-05-08 10:59:33
2200041,MUFFINS DOBLE CHOCOLATE 6UN,MUFFINS DOBLE CHOCOLATE 6UN,MUFFINS DOBLE CHOCOLATE 6UN,insert,1,https://riba.app/imgrs/THUMBS%20500X500/107049.JPG,tabs/detalle-producto/107049,525.000,525.000,525.000,USD,1,{},"{""MARCA"": [""RIMITH""], ""CATEGORIA"": [""PANES Y DULCES""]}","[""PANES Y DULCES""]",,https://riba.app/imgrs/THUMBS%20500X500/107049.JPG,0,0,"[""269""]",525.000,2026-05-08 10:59:33
2200042,MUFFINS CHOCOLATE CHIP 2UN,MUFFINS CHOCOLATE CHIP 2UN,MUFFINS CHOCOLATE CHIP 2UN,insert,1,https://riba.app/imgrs/THUMBS%20500X500/107140.JPG,tabs/detalle-producto/107140,195.000,195.000,195.000,USD,1,{},"{""MARCA"": [""RIMITH""], ""CATEGORIA"": [""PANES Y DULCES""]}","[""PANES Y DULCES""]",,https://riba.app/imgrs/THUMBS%20500X500/107140.JPG,0,0,"[""269""]",195.000,2026-05-08 10:59:33
2200043,MUFFINS CHOCOLATE CHIP 6UN,MUFFINS CHOCOLATE CHIP 6UN,MUFFINS CHOCOLATE CHIP 6UN,insert,1,https://riba.app/imgrs/THUMBS%20500X500/107141.JPG,tabs/detalle-producto/107141,525.000,525.000,525.000,USD,1,{},"{""MARCA"": [""RIMITH""], ""CATEGORIA"": [""PANES Y DULCES""]}","[""PANES Y DULCES""]",,https://riba.app/imgrs/THUMBS%20500X500/107141.JPG,0,0,"[""269""]",525.000,2026-05-08 10:59:33
2200161,BROWNIE CON DATILES ,BROWNIE CON DATILES ,BROWNIE CON DATILES ,insert,1,https://riba.app/imgrs/THUMBS%20500X500/147381.JPG,tabs/detalle-producto/147381,715.000,715.000,715.000,USD,1,{},"{""MARCA"": [""RIMITH""], ""CATEGORIA"": [""PANES Y DULCES""]}","[""PANES Y DULCES""]",,https://riba.app/imgrs/THUMBS%20500X500/147381.JPG,0,0,"[""269""]",715.000,2026-05-08 10:59:33
2200216,PAN DE JAMON,PAN DE JAMON,PAN DE JAMON,insert,1,https://riba.app/imgrs/THUMBS%20500X500/224235.JPG,tabs/detalle-producto/224235,1.990.000,1.990.000,1.990.000,USD,1,{},"{""MARCA"": [""RIMITH""], ""CATEGORIA"": [""PANES Y DULCES""]}","[""PANES Y DULCES""]",,https://riba.app/imgrs/THUMBS%20500X500/224235.JPG,0,0,"[""269""]",1.990.000,2026-05-08 10:59:33
2200264,CUATRO LECHE DE RON  PONCHE,CUATRO LECHE DE RON  PONCHE,CUATRO LECHE DE RON  PONCHE,insert,1,https://riba.app/imgrs/THUMBS%20500X500/261824.JPG,tabs/detalle-producto/261824,275.000,275.000,275.000,USD,1,{},"{""MARCA"": [""RIMITH""], ""CATEGORIA"": [""PANES Y DULCES""]}","[""PANES Y DULCES""]",,https://riba.app/imgrs/THUMBS%20500X500/261824.JPG,0,0,"[""269""]",275.000,2026-05-08 10:59:33
2200265,DULCE DE LECHE ,DULCE DE LECHE ,DULCE DE LECHE ,insert,1,https://riba.app/imgrs/THUMBS%20500X500/277591.JPG,tabs/detalle-producto/277591,1.600.000,1.600.000,1.600.000,USD,1,{},"{""MARCA"": [""RIMITH""], ""CATEGORIA"": [""PANES Y DULCES""]}","[""PANES Y DULCES""]",,https://riba.app/imgrs/THUMBS%20500X500/277591.JPG,0,0,"[""269""]",1.600.000,2026-05-08 10:59:33
2200266,COOKIES & CREAM ,COOKIES & CREAM ,COOKIES & CREAM ,insert,1,https://riba.app/imgrs/THUMBS%20500X500/277592.JPG,tabs/detalle-producto/277592,1.600.000,1.600.000,1.600.000,USD,1,{},"{""MARCA"": [""RIMITH""], ""CATEGORIA"": [""PANES Y DULCES""]}","[""PANES Y DULCES""]",,https://riba.app/imgrs/THUMBS%20500X500/277592.JPG,0,0,"[""269""]",1.600.000,2026-05-08 10:59:33
2200267,CAKE TENTACION ,CAKE TENTACION ,CAKE TENTACION ,insert,1,https://riba.app/imgrs/THUMBS%20500X500/277593.JPG,tabs/detalle-producto/277593,1.600.000,1.600.000,1.600.000,USD,1,{},"{""MARCA"": [""RIMITH""], ""CATEGORIA"": [""PANES Y DULCES""]}","[""PANES Y DULCES""]",,https://riba.app/imgrs/THUMBS%20500X500/277593.JPG,0,0,"[""269""]",1.600.000,2026-05-08 10:59:33
2200268,CAKE DE ZANAHORIA ,CAKE DE ZANAHORIA ,CAKE DE ZANAHORIA ,insert,1,https://riba.app/imgrs/THUMBS%20500X500/277594.JPG,tabs/detalle-producto/277594,1.250.000,1.250.000,1.250.000,USD,1,{},"{""MARCA"": [""RIMITH""], ""CATEGORIA"": [""PANES Y DULCES""]}","[""PANES Y DULCES""]",,https://riba.app/imgrs/THUMBS%20500X500/277594.JPG,0,0,"[""269""]",1.250.000,2026-05-08 10:59:33
2200269,CAKE TRIPLE CHOCOLATE ,CAKE TRIPLE CHOCOLATE ,CAKE TRIPLE CHOCOLATE ,insert,1,https://riba.app/imgrs/THUMBS%20500X500/277595.JPG,tabs/detalle-producto/277595,1.600.000,1.600.000,1.600.000,USD,1,{},"{""MARCA"": [""RIMITH""], ""CATEGORIA"": [""PANES Y DULCES""]}","[""PANES Y DULCES""]",,https://riba.app/imgrs/THUMBS%20500X500/277595.JPG,0,0,"[""269""]",1.600.000,2026-05-08 10:59:33
2200273,BLACK & WHITE CAKE ,BLACK & WHITE CAKE ,BLACK & WHITE CAKE ,insert,1,https://riba.app/imgrs/THUMBS%20500X500/277695.JPG,tabs/detalle-producto/277695,1.600.000,1.600.000,1.600.000,USD,1,{},"{""MARCA"": [""RIMITH""], ""CATEGORIA"": [""PANES Y DULCES""]}","[""PANES Y DULCES""]",,https://riba.app/imgrs/THUMBS%20500X500/277695.JPG,0,0,"[""269""]",1.600.000,2026-05-08 10:59:33
2200284,CUATRO LECHE RON PONCHE6.5X4.5,CUATRO LECHE RON PONCHE6.5X4.5,CUATRO LECHE RON PONCHE6.5X4.5,insert,1,https://riba.app/imgrs/THUMBS%20500X500/261645.JPG,tabs/detalle-producto/261645,1.250.000,1.250.000,1.250.000,USD,1,{},"{""MARCA"": [""RIMITH""], ""CATEGORIA"": [""PANES Y DULCES""]}","[""PANES Y DULCES""]",,https://riba.app/imgrs/THUMBS%20500X500/261645.JPG,0,0,"[""269""]",1.250.000,2026-05-08 10:59:33
22002900000,PETIT BOULE CAMPESINO,PETIT BOULE CAMPESINO,PETIT BOULE CAMPESINO,insert,1,https://riba.app/imgrs/THUMBS%20500X500/184733.JPG,tabs/detalle-producto/184733,817.000,817.000,817.000,USD,1,{},"{""MARCA"": [""RIMITH""], ""CATEGORIA"": [""PANES Y DULCES""]}","[""PANES Y DULCES""]",,https://riba.app/imgrs/THUMBS%20500X500/184733.JPG,0,0,"[""269""]",817.000,2026-05-08 10:59:33
2200291,CHEESECAKE DE VAINILLA ENTERO,CHEESECAKE DE VAINILLA ENTERO,CHEESECAKE DE VAINILLA ENTERO,insert,1,https://riba.app/imgrs/THUMBS%20500X500/80617.JPG,tabs/detalle-producto/80617,1.050.000,1.050.000,1.050.000,USD,1,{},"{""MARCA"": [""RIMITH""], ""CATEGORIA"": [""CONGELADO""]}","[""CONGELADO""]",,https://riba.app/imgrs/THUMBS%20500X500/80617.JPG,0,0,"[""305""]",1.050.000,2026-05-08 10:59:33
2200292,CHEESECAKE DE MANJAR ENTERO,CHEESECAKE DE MANJAR ENTERO,CHEESECAKE DE MANJAR ENTERO,insert,1,https://riba.app/imgrs/THUMBS%20500X500/63155.JPG,tabs/detalle-producto/63155,1.050.000,1.050.000,1.050.000,USD,1,{},"{""MARCA"": [""RIMITH""], ""CATEGORIA"": [""CONGELADO""]}","[""CONGELADO""]",,https://riba.app/imgrs/THUMBS%20500X500/63155.JPG,0,0,"[""305""]",1.050.000,2026-05-08 10:59:33
2200293,CHEESECAKE DE FRESA ENTERO,CHEESECAKE DE FRESA ENTERO,CHEESECAKE DE FRESA ENTERO,insert,1,https://riba.app/imgrs/THUMBS%20500X500/80615.JPG,tabs/detalle-producto/80615,1.050.000,1.050.000,1.050.000,USD,1,{},"{""MARCA"": [""RIMITH""], ""CATEGORIA"": [""CONGELADO""]}","[""CONGELADO""]",,https://riba.app/imgrs/THUMBS%20500X500/80615.JPG,0,0,"[""305""]",1.050.000,2026-05-08 10:59:33
2200294,CHEESECAKE DE OREO ENTERO ,CHEESECAKE DE OREO ENTERO ,CHEESECAKE DE OREO ENTERO ,insert,1,https://riba.app/imgrs/THUMBS%20500X500/80621.JPG,tabs/detalle-producto/80621,1.050.000,1.050.000,1.050.000,USD,1,{},"{""MARCA"": [""RIMITH""], ""CATEGORIA"": [""CONGELADO""]}","[""CONGELADO""]",,https://riba.app/imgrs/THUMBS%20500X500/80621.JPG,0,0,"[""305""]",1.050.000,2026-05-08 10:59:33
2200295,CHEESECAKE DE MARACUYA ENTERO,CHEESECAKE DE MARACUYA ENTERO,CHEESECAKE DE MARACUYA ENTERO,insert,1,https://riba.app/imgrs/THUMBS%20500X500/70349.JPG,tabs/detalle-producto/70349,1.050.000,1.050.000,1.050.000,USD,1,{},"{""MARCA"": [""RIMITH""], ""CATEGORIA"": [""CONGELADO""]}","[""CONGELADO""]",,https://riba.app/imgrs/THUMBS%20500X500/70349.JPG,0,0,"[""305""]",1.050.000,2026-05-08 10:59:33
2200301,CHEESECAKE FRUTOS DEL BOSQUE,CHEESECAKE FRUTOS DEL BOSQUE,CHEESECAKE FRUTOS DEL BOSQUE,insert,1,https://riba.app/imgrs/THUMBS%20500X500/70348.JPG,tabs/detalle-producto/70348,1.050.000,1.050.000,1.050.000,USD,1,{},"{""MARCA"": [""RIMITH""], ""CATEGORIA"": [""CONGELADO""]}","[""CONGELADO""]",,https://riba.app/imgrs/THUMBS%20500X500/70348.JPG,0,0,"[""305""]",1.050.000,2026-05-08 10:59:33
2200302,CHEESECAKE DE SOUR CREAM ENTER,CHEESECAKE DE SOUR CREAM ENTER,CHEESECAKE DE SOUR CREAM ENTER,insert,1,https://riba.app/imgrs/THUMBS%20500X500/63149.JPG,tabs/detalle-producto/63149,1.050.000,1.050.000,1.050.000,USD,1,{},"{""MARCA"": [""RIMITH""], ""CATEGORIA"": [""CONGELADO""]}","[""CONGELADO""]",,https://riba.app/imgrs/THUMBS%20500X500/63149.JPG,0,0,"[""305""]",1.050.000,2026-05-08 10:59:33
2200303,CONOS CHICOS CAJA 10 UN,CONOS CHICOS CAJA 10 UN,CONOS CHICOS CAJA 10 UN,insert,1,https://riba.app/imgrs/THUMBS%20500X500/288409.JPG,tabs/detalle-producto/288409,275.000,275.000,275.000,USD,1,{},"{""MARCA"": [""RIMITH""], ""CATEGORIA"": [""PANES Y DULCES""]}","[""PANES Y DULCES""]",,https://riba.app/imgrs/THUMBS%20500X500/288409.JPG,0,0,"[""269""]",275.000,2026-05-08 10:59:33
2200304,CONOS GRANDES CAJA 6 UN,CONOS GRANDES CAJA 6 UN,CONOS GRANDES CAJA 6 UN,insert,1,https://riba.app/imgrs/THUMBS%20500X500/288410.JPG,tabs/detalle-producto/288410,225.000,225.000,225.000,USD,1,{},"{""MARCA"": [""RIMITH""], ""CATEGORIA"": [""PANES Y DULCES""]}","[""PANES Y DULCES""]",,https://riba.app/imgrs/THUMBS%20500X500/288410.JPG,0,0,"[""269""]",225.000,2026-05-08 10:59:33
2200306,COPAS GRANDES CAJA 6 UN,COPAS GRANDES CAJA 6 UN,COPAS GRANDES CAJA 6 UN,insert,1,https://riba.app/imgrs/THUMBS%20500X500/288412.JPG,tabs/detalle-producto/288412,300.000,300.000,300.000,USD,1,{},"{""MARCA"": [""RIMITH""], ""CATEGORIA"": [""PANES Y DULCES""]}","[""PANES Y DULCES""]",,https://riba.app/imgrs/THUMBS%20500X500/288412.JPG,0,0,"[""269""]",300.000,2026-05-08 10:59:33
2200307,CAKE SELVA NEGRA,CAKE SELVA NEGRA,CAKE SELVA NEGRA,insert,1,https://riba.app/imgrs/THUMBS%20500X500/289016.JPG,tabs/detalle-producto/289016,1.800.000,1.800.000,1.800.000,USD,1,{},"{""MARCA"": [""RIMITH""], ""CATEGORIA"": [""PANES Y DULCES""]}","[""PANES Y DULCES""]",,https://riba.app/imgrs/THUMBS%20500X500/289016.JPG,0,0,"[""269""]",1.800.000,2026-05-08 10:59:33
22003200000,CIABATA MEDIANO,CIABATA MEDIANO,CIABATA MEDIANO,insert,1,https://riba.app/imgrs/THUMBS%20500X500/184692.JPG,tabs/detalle-producto/184692,540.000,540.000,540.000,USD,1,{},"{""MARCA"": [""RIMITH""], ""CATEGORIA"": [""PANES Y DULCES""]}","[""PANES Y DULCES""]",,https://riba.app/imgrs/THUMBS%20500X500/184692.JPG,0,0,"[""269""]",540.000,2026-05-08 10:59:33
2200325,TOSTADITAS SALADAS MIXTAS,TOSTADITAS SALADAS MIXTAS,TOSTADITAS SALADAS MIXTAS,insert,1,https://riba.app/imgrs/THUMBS%20500X500/315392.JPG,tabs/detalle-producto/315392,275.000,275.000,275.000,USD,1,{},"{""MARCA"": [""RIMITH""], ""CATEGORIA"": [""Snacks""]}","[""Snacks""]",,https://riba.app/imgrs/THUMBS%20500X500/315392.JPG,0,0,"[""296""]",275.000,2026-05-08 10:59:33
2200326,TOSTADITAS DULCES MIXTAS,TOSTADITAS DULCES MIXTAS,TOSTADITAS DULCES MIXTAS,insert,1,https://riba.app/imgrs/THUMBS%20500X500/315393.JPG,tabs/detalle-producto/315393,250.000,250.000,250.000,USD,1,{},"{""MARCA"": [""RIMITH""], ""CATEGORIA"": [""Snacks""]}","[""Snacks""]",,https://riba.app/imgrs/THUMBS%20500X500/315393.JPG,0,0,"[""296""]",250.000,2026-05-08 10:59:33
2200327,ROCKY ROAD ,ROCKY ROAD ,ROCKY ROAD ,insert,1,https://riba.app/imgrs/THUMBS%20500X500/316590.JPG,tabs/detalle-producto/316590,1.800.000,1.800.000,1.800.000,USD,1,{},"{""MARCA"": [""RIMITH""], ""CATEGORIA"": [""PANES Y DULCES""]}","[""PANES Y DULCES""]",,https://riba.app/imgrs/THUMBS%20500X500/316590.JPG,0,0,"[""269""]",1.800.000,2026-05-08 10:59:33
2200329,DULCE DE CAFE,DULCE DE CAFE,DULCE DE CAFE,insert,1,https://riba.app/imgrs/THUMBS%20500X500/316592.JPG,tabs/detalle-producto/316592,1.800.000,1.800.000,1.800.000,USD,1,{},"{""MARCA"": [""RIMITH""], ""CATEGORIA"": [""PANES Y DULCES""]}","[""PANES Y DULCES""]",,https://riba.app/imgrs/THUMBS%20500X500/316592.JPG,0,0,"[""269""]",1.800.000,2026-05-08 10:59:33
2200349,CHOCOLATE ROCKY ROAD 4 OZ ,CHOCOLATE ROCKY ROAD 4 OZ ,CHOCOLATE ROCKY ROAD 4 OZ ,insert,1,https://riba.app/imgrs/THUMBS%20500X500/316612.JPG,tabs/detalle-producto/316612,465.000,465.000,465.000,USD,1,{},"{""MARCA"": [""RIMITH""], ""CATEGORIA"": [""Snacks""]}","[""Snacks""]",,https://riba.app/imgrs/THUMBS%20500X500/316612.JPG,0,0,"[""296""]",465.000,2026-05-08 10:59:33
2200350,MERENGUE,MERENGUE,MERENGUE,insert,1,https://riba.app/imgrs/THUMBS%20500X500/316613.JPG,tabs/detalle-producto/316613,295.000,295.000,295.000,USD,1,{},"{""MARCA"": [""RIMITH""], ""CATEGORIA"": [""Snacks""]}","[""Snacks""]",,https://riba.app/imgrs/THUMBS%20500X500/316613.JPG,0,0,"[""296""]",295.000,2026-05-08 10:59:33
2200353,PAN MOLIDO CON ESPECIES,PAN MOLIDO CON ESPECIES,PAN MOLIDO CON ESPECIES,insert,1,https://riba.app/imgrs/THUMBS%20500X500/317050.JPG,tabs/detalle-producto/317050,150.000,150.000,150.000,USD,1,{},"{""MARCA"": [""RIMITH""], ""CATEGORIA"": [""Despensa""]}","[""Despensa""]",,https://riba.app/imgrs/THUMBS%20500X500/317050.JPG,0,0,"[""264""]",150.000,2026-05-08 10:59:33
22005800000,PETTIT BOULE DE CRANBERRY,PETTIT BOULE DE CRANBERRY,PETTIT BOULE DE CRANBERRY,insert,1,https://riba.app/imgrs/THUMBS%20500X500/209193.JPG,tabs/detalle-producto/209193,1.495.000,1.495.000,1.495.000,USD,1,{},"{""MARCA"": [""RIMITH""], ""CATEGORIA"": [""PANES Y DULCES""]}","[""PANES Y DULCES""]",,https://riba.app/imgrs/THUMBS%20500X500/209193.JPG,0,0,"[""269""]",1.495.000,2026-05-08 10:59:33
22009100000,CAKE GUINEO PORCIÓN,CAKE GUINEO PORCIÓN,CAKE GUINEO PORCIÓN,insert,1,https://riba.app/imgrs/THUMBS%20500X500/286728.JPG,tabs/detalle-producto/286728,841.000,841.000,841.000,USD,1,{},"{""MARCA"": [""RIMITH""], ""CATEGORIA"": [""PANES Y DULCES""]}","[""PANES Y DULCES""]",,https://riba.app/imgrs/THUMBS%20500X500/286728.JPG,0,0,"[""269""]",841.000,2026-05-08 10:59:33
2246,TOSTADA DE HUEVO,TOSTADA DE HUEVO,TOSTADA DE HUEVO,insert,1,https://riba.app/imgrs/THUMBS%20500X500/75833.JPG,tabs/detalle-producto/75833,70.000,70.000,70.000,USD,1,{},"{""MARCA"": [""RIMITH""], ""CATEGORIA"": [""Snacks""]}","[""Snacks""]",,https://riba.app/imgrs/THUMBS%20500X500/75833.JPG,0,0,"[""296""]",70.000,2026-05-08 10:59:33
2397,GALLETON DE AVENA,GALLETON DE AVENA,GALLETON DE AVENA,insert,1,https://riba.app/imgrs/THUMBS%20500X500/114943.JPG,tabs/detalle-producto/114943,90.000,90.000,90.000,USD,1,{},"{""MARCA"": [""RIMITH""], ""CATEGORIA"": [""Snacks""]}","[""Snacks""]",,https://riba.app/imgrs/THUMBS%20500X500/114943.JPG,0,0,"[""296""]",90.000,2026-05-08 10:59:33
2423,GALLETON DE MANTEQUILLA ,GALLETON DE MANTEQUILLA ,GALLETON DE MANTEQUILLA ,insert,1,https://riba.app/imgrs/THUMBS%20500X500/116877.JPG,tabs/detalle-producto/116877,70.000,70.000,70.000,USD,1,{},"{""MARCA"": [""RIMITH""], ""CATEGORIA"": [""Snacks""]}","[""Snacks""]",,https://riba.app/imgrs/THUMBS%20500X500/116877.JPG,0,0,"[""296""]",70.000,2026-05-08 10:59:33
2424,GALLETON DE COCO ,GALLETON DE COCO ,GALLETON DE COCO ,insert,1,https://riba.app/imgrs/THUMBS%20500X500/116878.JPG,tabs/detalle-producto/116878,60.000,60.000,60.000,USD,1,{},"{""MARCA"": [""RIMITH""], ""CATEGORIA"": [""Snacks""]}","[""Snacks""]",,https://riba.app/imgrs/THUMBS%20500X500/116878.JPG,0,0,"[""296""]",60.000,2026-05-08 10:59:33
2425,GALLETON DE FRUTAS ,GALLETON DE FRUTAS ,GALLETON DE FRUTAS ,insert,1,https://riba.app/imgrs/THUMBS%20500X500/116879.JPG,tabs/detalle-producto/116879,65.000,65.000,65.000,USD,1,{},"{""MARCA"": [""RIMITH""], ""CATEGORIA"": [""Snacks""]}","[""Snacks""]",,https://riba.app/imgrs/THUMBS%20500X500/116879.JPG,0,0,"[""296""]",65.000,2026-05-08 10:59:33
2497,GALLETON CHOCO  CRUNCH ,GALLETON CHOCO  CRUNCH ,GALLETON CHOCO  CRUNCH ,insert,1,https://riba.app/imgrs/THUMBS%20500X500/119841.JPG,tabs/detalle-producto/119841,95.000,95.000,95.000,USD,1,{},"{""MARCA"": [""RIMITH""], ""CATEGORIA"": [""Snacks""]}","[""Snacks""]",,https://riba.app/imgrs/THUMBS%20500X500/119841.JPG,0,0,"[""296""]",95.000,2026-05-08 10:59:33
2498,GALLETON DE GINGER SNAPS ,GALLETON DE GINGER SNAPS ,GALLETON DE GINGER SNAPS ,insert,1,https://riba.app/imgrs/THUMBS%20500X500/119842.JPG,tabs/detalle-producto/119842,60.000,60.000,60.000,USD,1,{},"{""MARCA"": [""RIMITH""], ""CATEGORIA"": [""Snacks""]}","[""Snacks""]",,https://riba.app/imgrs/THUMBS%20500X500/119842.JPG,0,0,"[""296""]",60.000,2026-05-08 10:59:33
2499,GALLETON DE ALMENDRA ,GALLETON DE ALMENDRA ,GALLETON DE ALMENDRA ,insert,1,https://riba.app/imgrs/THUMBS%20500X500/119843.JPG,tabs/detalle-producto/119843,80.000,80.000,80.000,USD,1,{},"{""MARCA"": [""RIMITH""], ""CATEGORIA"": [""Snacks""]}","[""Snacks""]",,https://riba.app/imgrs/THUMBS%20500X500/119843.JPG,0,0,"[""296""]",80.000,2026-05-08 10:59:33
2540216,CREMA DE BROCOLI GOURMET ,CREMA DE BROCOLI GOURMET ,CREMA DE BROCOLI GOURMET ,insert,1,https://riba.app/imgrs/THUMBS%20500X500/230872.JPG,tabs/detalle-producto/230872,275.000,275.000,275.000,USD,1,{},"{""MARCA"": [""RIMITH""], ""CATEGORIA"": [""Comidas Preparadas""]}","[""Comidas Preparadas""]",,https://riba.app/imgrs/THUMBS%20500X500/230872.JPG,0,0,"[""91""]",275.000,2026-05-08 10:59:33
2540240,CREMA DE ZANAHORIA GOURMET ,CREMA DE ZANAHORIA GOURMET ,CREMA DE ZANAHORIA GOURMET ,insert,1,https://riba.app/imgrs/THUMBS%20500X500/230873.JPG,tabs/detalle-producto/230873,180.000,180.000,180.000,USD,1,{},"{""MARCA"": [""RIMITH""], ""CATEGORIA"": [""Comidas Preparadas""]}","[""Comidas Preparadas""]",,https://riba.app/imgrs/THUMBS%20500X500/230873.JPG,0,0,"[""91""]",180.000,2026-05-08 10:59:33
2540242,CREMA DE HONGOS COURMET,CREMA DE HONGOS COURMET,CREMA DE HONGOS COURMET,insert,1,https://riba.app/imgrs/THUMBS%20500X500/230874.JPG,tabs/detalle-producto/230874,340.000,340.000,340.000,USD,1,{},"{""MARCA"": [""RIMITH""], ""CATEGORIA"": [""Comidas Preparadas""]}","[""Comidas Preparadas""]",,https://riba.app/imgrs/THUMBS%20500X500/230874.JPG,0,0,"[""91""]",340.000,2026-05-08 10:59:33
2540243,PLATANITO 65 GR,PLATANITO 65 GR,PLATANITO 65 GR,insert,1,https://riba.app/imgrs/THUMBS%20500X500/299246.JPG,tabs/detalle-producto/299246,145.000,145.000,145.000,USD,1,{},"{""MARCA"": [""RIMITH""], ""CATEGORIA"": [""Snacks""]}","[""Snacks""]",,https://riba.app/imgrs/THUMBS%20500X500/299246.JPG,0,0,"[""296""]",145.000,2026-05-08 10:59:33
2540265,C#1 ARROZ BISTEC PICADO TAJADA,C#1 ARROZ BISTEC PICADO TAJADA,C#1 ARROZ BISTEC PICADO TAJADA,insert,1,https://riba.app/imgrs/THUMBS%20500X500/315215.JPG,tabs/detalle-producto/315215,595.000,595.000,595.000,USD,1,{},"{""MARCA"": [""RIMITH""], ""CATEGORIA"": [""Comidas Preparadas""]}","[""Comidas Preparadas""]",,https://riba.app/imgrs/THUMBS%20500X500/315215.JPG,0,0,"[""91""]",595.000,2026-05-08 10:59:33
2540297,DIP DE CHILLI CON CARNE,DIP DE CHILLI CON CARNE,DIP DE CHILLI CON CARNE,insert,1,https://riba.app/imgrs/THUMBS%20500X500/315247.JPG,tabs/detalle-producto/315247,700.000,700.000,700.000,USD,1,{},"{""MARCA"": [""RIMITH""], ""CATEGORIA"": [""Snacks""]}","[""Snacks""]",,https://riba.app/imgrs/THUMBS%20500X500/315247.JPG,0,0,"[""296""]",700.000,2026-05-08 10:59:33
2540298,DIP DE POLLO,DIP DE POLLO,DIP DE POLLO,insert,1,https://riba.app/imgrs/THUMBS%20500X500/315248.JPG,tabs/detalle-producto/315248,700.000,700.000,700.000,USD,1,{},"{""MARCA"": [""RIMITH""], ""CATEGORIA"": [""Snacks""]}","[""Snacks""]",,https://riba.app/imgrs/THUMBS%20500X500/315248.JPG,0,0,"[""296""]",700.000,2026-05-08 10:59:33
2540308,C#38 ARROZ GUANDU ROPA VIEJA T,C#38 ARROZ GUANDU ROPA VIEJA T,C#38 ARROZ GUANDU ROPA VIEJA T,insert,1,https://riba.app/imgrs/THUMBS%20500X500/326189.JPG,tabs/detalle-producto/326189,600.000,600.000,600.000,USD,1,{},"{""MARCA"": [""RIMITH""], ""CATEGORIA"": [""Comidas Preparadas""]}","[""Comidas Preparadas""]",,https://riba.app/imgrs/THUMBS%20500X500/326189.JPG,0,0,"[""91""]",600.000,2026-05-08 10:59:33
2540312,CHIP DE PLATANO FRITO,CHIP DE PLATANO FRITO,CHIP DE PLATANO FRITO,insert,1,https://riba.app/imgrs/THUMBS%20500X500/332146.JPG,tabs/detalle-producto/332146,145.000,145.000,145.000,USD,1,{},"{""MARCA"": [""RIMITH""], ""CATEGORIA"": [""Snacks""]}","[""Snacks""]",,https://riba.app/imgrs/THUMBS%20500X500/332146.JPG,0,0,"[""296""]",145.000,2026-05-08 10:59:33
2540313,CHIP DE PLATANO FRITO,CHIP DE PLATANO FRITO,CHIP DE PLATANO FRITO,insert,1,https://riba.app/imgrs/THUMBS%20500X500/332148.JPG,tabs/detalle-producto/332148,195.000,195.000,195.000,USD,1,{},"{""MARCA"": [""RIMITH""], ""CATEGORIA"": [""Snacks""]}","[""Snacks""]",,https://riba.app/imgrs/THUMBS%20500X500/332148.JPG,0,0,"[""296""]",195.000,2026-05-08 10:59:33
2540314,CHICHARRON  ORIGINAL 30 GR,CHICHARRON  ORIGINAL 30 GR,CHICHARRON  ORIGINAL 30 GR,insert,1,https://riba.app/imgrs/THUMBS%20500X500/334891.JPG,tabs/detalle-producto/334891,65.000,65.000,65.000,USD,1,{},"{""MARCA"": [""RIMITH""], ""CATEGORIA"": [""Snacks""]}","[""Snacks""]",,https://riba.app/imgrs/THUMBS%20500X500/334891.JPG,0,0,"[""296""]",65.000,2026-05-08 10:59:33
2540315,CHICHARRON ORIGINAL 65 GR ,CHICHARRON ORIGINAL 65 GR ,CHICHARRON ORIGINAL 65 GR ,insert,1,https://riba.app/imgrs/THUMBS%20500X500/334895.JPG,tabs/detalle-producto/334895,100.000,100.000,100.000,USD,1,{},"{""MARCA"": [""RIMITH""], ""CATEGORIA"": [""Snacks""]}","[""Snacks""]",,https://riba.app/imgrs/THUMBS%20500X500/334895.JPG,0,0,"[""296""]",100.000,2026-05-08 10:59:33
2540316,CHICHARRON PICANTE 30 GR,CHICHARRON PICANTE 30 GR,CHICHARRON PICANTE 30 GR,insert,1,https://riba.app/imgrs/THUMBS%20500X500/334897.JPG,tabs/detalle-producto/334897,75.000,75.000,75.000,USD,1,{},"{""MARCA"": [""RIMITH""], ""CATEGORIA"": [""Snacks""]}","[""Snacks""]",,https://riba.app/imgrs/THUMBS%20500X500/334897.JPG,0,0,"[""296""]",75.000,2026-05-08 10:59:33
2540317,CHICHARRON PICANTE 65 GR,CHICHARRON PICANTE 65 GR,CHICHARRON PICANTE 65 GR,insert,1,https://riba.app/imgrs/THUMBS%20500X500/334899.JPG,tabs/detalle-producto/334899,110.000,110.000,110.000,USD,1,{},"{""MARCA"": [""RIMITH""], ""CATEGORIA"": [""Snacks""]}","[""Snacks""]",,https://riba.app/imgrs/THUMBS%20500X500/334899.JPG,0,0,"[""296""]",110.000,2026-05-08 10:59:33
2569,GALLETON CHOCO NUECES ,GALLETON CHOCO NUECES ,GALLETON CHOCO NUECES ,insert,1,https://riba.app/imgrs/THUMBS%20500X500/129382.JPG,tabs/detalle-producto/129382,80.000,80.000,80.000,USD,1,{},"{""MARCA"": [""RIMITH""], ""CATEGORIA"": [""Snacks""]}","[""Snacks""]",,https://riba.app/imgrs/THUMBS%20500X500/129382.JPG,0,0,"[""296""]",80.000,2026-05-08 10:59:33
26136,EMPANADAS DE CARNE CRUDA CJA,EMPANADAS DE CARNE CRUDA CJA,EMPANADAS DE CARNE CRUDA CJA,insert,1,https://riba.app/imgrs/THUMBS%20500X500/16616.JPG,tabs/detalle-producto/16616,70.000,70.000,70.000,USD,1,{},"{""MARCA"": [""RIMITH""], ""CATEGORIA"": [""PRODUCTOS DE MAIZ Y OTROS""]}","[""PRODUCTOS DE MAIZ Y OTROS""]",,https://riba.app/imgrs/THUMBS%20500X500/16616.JPG,0,0,"[""270""]",70.000,2026-05-08 10:59:33
26137,EMPANADAS DE QUESO AMARILLO,EMPANADAS DE QUESO AMARILLO,EMPANADAS DE QUESO AMARILLO,insert,1,https://riba.app/imgrs/THUMBS%20500X500/16618.JPG,tabs/detalle-producto/16618,95.000,95.000,95.000,USD,1,{},"{""MARCA"": [""RIMITH""], ""CATEGORIA"": [""PRODUCTOS DE MAIZ Y OTROS""]}","[""PRODUCTOS DE MAIZ Y OTROS""]",,https://riba.app/imgrs/THUMBS%20500X500/16618.JPG,0,0,"[""270""]",95.000,2026-05-08 10:59:33
26139,PASTELITO CON CARNE CJA,PASTELITO CON CARNE CJA,PASTELITO CON CARNE CJA,insert,1,https://riba.app/imgrs/THUMBS%20500X500/16664.JPG,tabs/detalle-producto/16664,75.000,75.000,75.000,USD,1,{},"{""MARCA"": [""RIMITH""], ""CATEGORIA"": [""PRODUCTOS DE MAIZ Y OTROS""]}","[""PRODUCTOS DE MAIZ Y OTROS""]",,https://riba.app/imgrs/THUMBS%20500X500/16664.JPG,0,0,"[""270""]",75.000,2026-05-08 10:59:33
26140,PASTELITO C QUESO AMARILLO CJA,PASTELITO C QUESO AMARILLO CJA,PASTELITO C QUESO AMARILLO CJA,insert,1,https://riba.app/imgrs/THUMBS%20500X500/16665.JPG,tabs/detalle-producto/16665,75.000,75.000,75.000,USD,1,{},"{""MARCA"": [""RIMITH""], ""CATEGORIA"": [""PRODUCTOS DE MAIZ Y OTROS""]}","[""PRODUCTOS DE MAIZ Y OTROS""]",,https://riba.app/imgrs/THUMBS%20500X500/16665.JPG,0,0,"[""270""]",75.000,2026-05-08 10:59:33
2950209,FLAN ARTESANAL ENTERO ,FLAN ARTESANAL ENTERO ,FLAN ARTESANAL ENTERO ,insert,1,https://riba.app/imgrs/THUMBS%20500X500/74828.JPG,tabs/detalle-producto/74828,655.000,655.000,655.000,USD,1,{},"{""MARCA"": [""RIMITH""], ""CATEGORIA"": [""Snacks""]}","[""Snacks""]",,https://riba.app/imgrs/THUMBS%20500X500/74828.JPG,0,0,"[""296""]",655.000,2026-05-08 10:59:33
3169,TOSTADITAS MEDITERRANEA,TOSTADITAS MEDITERRANEA,TOSTADITAS MEDITERRANEA,insert,1,https://riba.app/imgrs/THUMBS%20500X500/163604.JPG,tabs/detalle-producto/163604,240.000,240.000,240.000,USD,1,{},"{""MARCA"": [""RIMITH""], ""CATEGORIA"": [""Snacks""]}","[""Snacks""]",,https://riba.app/imgrs/THUMBS%20500X500/163604.JPG,0,0,"[""296""]",240.000,2026-05-08 10:59:33
3170,TOSTADITAS CON NUECES,TOSTADITAS CON NUECES,TOSTADITAS CON NUECES,insert,1,https://riba.app/imgrs/THUMBS%20500X500/163605.JPG,tabs/detalle-producto/163605,225.000,225.000,225.000,USD,1,{},"{""MARCA"": [""RIMITH""], ""CATEGORIA"": [""PANES Y DULCES""]}","[""PANES Y DULCES""]",,https://riba.app/imgrs/THUMBS%20500X500/163605.JPG,0,0,"[""269""]",225.000,2026-05-08 10:59:33
3310,TOSTADITAS DE PAN DE HUEVO,TOSTADITAS DE PAN DE HUEVO,TOSTADITAS DE PAN DE HUEVO,insert,1,https://riba.app/imgrs/THUMBS%20500X500/261212.JPG,tabs/detalle-producto/261212,80.000,80.000,80.000,USD,1,{},"{""MARCA"": [""RIMITH""], ""CATEGORIA"": [""Snacks""]}","[""Snacks""]",,https://riba.app/imgrs/THUMBS%20500X500/261212.JPG,0,0,"[""296""]",80.000,2026-05-08 10:59:33
3314,PAN DE BONO,PAN DE BONO,PAN DE BONO,insert,1,https://riba.app/imgrs/THUMBS%20500X500/174999.JPG,tabs/detalle-producto/174999,46.000,46.000,46.000,USD,1,{},"{""MARCA"": [""RIMITH""], ""CATEGORIA"": [""PANES Y DULCES""]}","[""PANES Y DULCES""]",,https://riba.app/imgrs/THUMBS%20500X500/174999.JPG,0,0,"[""269""]",46.000,2026-05-08 10:59:33
3425,PAN BONO RELL JALEA GUAYABA,PAN BONO RELL JALEA GUAYABA,PAN BONO RELL JALEA GUAYABA,insert,1,https://riba.app/imgrs/THUMBS%20500X500/183227.JPG,tabs/detalle-producto/183227,58.000,58.000,58.000,USD,1,{},"{""MARCA"": [""RIMITH""], ""CATEGORIA"": [""PANES Y DULCES""]}","[""PANES Y DULCES""]",,https://riba.app/imgrs/THUMBS%20500X500/183227.JPG,0,0,"[""269""]",58.000,2026-05-08 10:59:33
362,MANTECADO,MANTECADO,MANTECADO,insert,1,https://riba.app/imgrs/THUMBS%20500X500/16640.JPG,tabs/detalle-producto/16640,55.000,55.000,55.000,USD,1,{},"{""MARCA"": [""RIMITH""], ""CATEGORIA"": [""Snacks""]}","[""Snacks""]",,https://riba.app/imgrs/THUMBS%20500X500/16640.JPG,0,0,"[""296""]",55.000,2026-05-08 10:59:33
368,PAN EGG BUN,PAN EGG BUN,PAN EGG BUN,insert,1,https://riba.app/imgrs/THUMBS%20500X500/16262.JPG,tabs/detalle-producto/16262,44.219,44.219,44.219,USD,1,{},"{""MARCA"": [""RIMITH""], ""CATEGORIA"": [""PANES Y DULCES""]}","[""PANES Y DULCES""]",,https://riba.app/imgrs/THUMBS%20500X500/16262.JPG,0,0,"[""269""]",44.219,2026-05-08 10:59:33
3895,TOSTADA PAN CRAMBERRY GDE ,TOSTADA PAN CRAMBERRY GDE ,TOSTADA PAN CRAMBERRY GDE ,insert,1,https://riba.app/imgrs/THUMBS%20500X500/207500.JPG,tabs/detalle-producto/207500,200.000,200.000,200.000,USD,1,{},"{""MARCA"": [""RIMITH""], ""CATEGORIA"": [""Snacks""]}","[""Snacks""]",,https://riba.app/imgrs/THUMBS%20500X500/207500.JPG,0,0,"[""296""]",200.000,2026-05-08 10:59:33
3959,C#62 ARROZ GDU POLLO S BLA TJ,C#62 ARROZ GDU POLLO S BLA TJ,C#62 ARROZ GDU POLLO S BLA TJ,insert,1,https://riba.app/imgrs/THUMBS%20500X500/211793.JPG,tabs/detalle-producto/211793,595.000,595.000,595.000,USD,1,{},"{""MARCA"": [""RIMITH""], ""CATEGORIA"": [""Comidas Preparadas""]}","[""Comidas Preparadas""]",,https://riba.app/imgrs/THUMBS%20500X500/211793.JPG,0,0,"[""91""]",595.000,2026-05-08 10:59:33
3962,C#17 ARROZ ENCUENTRO LENTEJA,C#17 ARROZ ENCUENTRO LENTEJA,C#17 ARROZ ENCUENTRO LENTEJA,insert,1,https://riba.app/imgrs/THUMBS%20500X500/211796.JPG,tabs/detalle-producto/211796,475.000,475.000,475.000,USD,1,{},"{""MARCA"": [""RIMITH""], ""CATEGORIA"": [""Comidas Preparadas""]}","[""Comidas Preparadas""]",,https://riba.app/imgrs/THUMBS%20500X500/211796.JPG,0,0,"[""91""]",475.000,2026-05-08 10:59:33
3963,C#5 ARROZ POLLO DESH S ROJ TAJ,C#5 ARROZ POLLO DESH S ROJ TAJ,C#5 ARROZ POLLO DESH S ROJ TAJ,insert,1,https://riba.app/imgrs/THUMBS%20500X500/211797.JPG,tabs/detalle-producto/211797,495.000,495.000,495.000,USD,1,{},"{""MARCA"": [""RIMITH""], ""CATEGORIA"": [""Comidas Preparadas""]}","[""Comidas Preparadas""]",,https://riba.app/imgrs/THUMBS%20500X500/211797.JPG,0,0,"[""91""]",495.000,2026-05-08 10:59:33
3964,C#33 ARROZ ROPA VIEJA TAJADA,C#33 ARROZ ROPA VIEJA TAJADA,C#33 ARROZ ROPA VIEJA TAJADA,insert,1,https://riba.app/imgrs/THUMBS%20500X500/211798.JPG,tabs/detalle-producto/211798,530.000,530.000,530.000,USD,1,{},"{""MARCA"": [""RIMITH""], ""CATEGORIA"": [""Comidas Preparadas""]}","[""Comidas Preparadas""]",,https://riba.app/imgrs/THUMBS%20500X500/211798.JPG,0,0,"[""91""]",530.000,2026-05-08 10:59:33
3966,C#7 ARROZ C POLLO PLATANO TEN,C#7 ARROZ C POLLO PLATANO TEN,C#7 ARROZ C POLLO PLATANO TEN,insert,1,https://riba.app/imgrs/THUMBS%20500X500/211800.JPG,tabs/detalle-producto/211800,495.000,495.000,495.000,USD,1,{},"{""MARCA"": [""RIMITH""], ""CATEGORIA"": [""Comidas Preparadas""]}","[""Comidas Preparadas""]",,https://riba.app/imgrs/THUMBS%20500X500/211800.JPG,0,0,"[""91""]",495.000,2026-05-08 10:59:33
403,CAKE BALBOA CHOC  S.,CAKE BALBOA CHOC  S.,CAKE BALBOA CHOC  S.,insert,1,https://riba.app/imgrs/THUMBS%20500X500/16472.JPG,tabs/detalle-producto/16472,85.000,85.000,85.000,USD,1,{},"{""MARCA"": [""RIMITH""], ""CATEGORIA"": [""PANES Y DULCES""]}","[""PANES Y DULCES""]",,https://riba.app/imgrs/THUMBS%20500X500/16472.JPG,0,0,"[""269""]",85.000,2026-05-08 10:59:33
409,CAKE FRUTA NORMAL S ,CAKE FRUTA NORMAL S ,CAKE FRUTA NORMAL S ,insert,1,https://riba.app/imgrs/THUMBS%20500X500/16493.JPG,tabs/detalle-producto/16493,130.000,130.000,130.000,USD,1,{},"{""MARCA"": [""RIMITH""], ""CATEGORIA"": [""PANES Y DULCES""]}","[""PANES Y DULCES""]",,https://riba.app/imgrs/THUMBS%20500X500/16493.JPG,0,0,"[""269""]",130.000,2026-05-08 10:59:33
423,DANES PASAS S ,DANES PASAS S ,DANES PASAS S ,insert,1,https://riba.app/imgrs/THUMBS%20500X500/16576.JPG,tabs/detalle-producto/16576,95.000,95.000,95.000,USD,1,{},"{""MARCA"": [""RIMITH""], ""CATEGORIA"": [""PANES Y DULCES""]}","[""PANES Y DULCES""]",,https://riba.app/imgrs/THUMBS%20500X500/16576.JPG,0,0,"[""269""]",95.000,2026-05-08 10:59:33
424,DANES RELLENO S ,DANES RELLENO S ,DANES RELLENO S ,insert,1,https://riba.app/imgrs/THUMBS%20500X500/16582.JPG,tabs/detalle-producto/16582,110.000,110.000,110.000,USD,1,{},"{""MARCA"": [""RIMITH""], ""CATEGORIA"": [""PANES Y DULCES""]}","[""PANES Y DULCES""]",,https://riba.app/imgrs/THUMBS%20500X500/16582.JPG,0,0,"[""269""]",110.000,2026-05-08 10:59:33
4272,PAÑUELO QUESO BLANCO,PAÑUELO QUESO BLANCO,PAÑUELO QUESO BLANCO,insert,1,https://riba.app/imgrs/THUMBS%20500X500/242129.JPG,tabs/detalle-producto/242129,95.000,95.000,95.000,USD,1,{},"{""MARCA"": [""RIMITH""], ""CATEGORIA"": [""PRODUCTOS DE MAIZ Y OTROS""]}","[""PRODUCTOS DE MAIZ Y OTROS""]",,https://riba.app/imgrs/THUMBS%20500X500/242129.JPG,0,0,"[""270""]",95.000,2026-05-08 10:59:33
4290,EMPANADA DE RES GOURMET,EMPANADA DE RES GOURMET,EMPANADA DE RES GOURMET,insert,1,https://riba.app/imgrs/THUMBS%20500X500/245103.JPG,tabs/detalle-producto/245103,180.000,180.000,180.000,USD,1,{},"{""MARCA"": [""RIMITH""], ""CATEGORIA"": [""PRODUCTOS DE MAIZ Y OTROS""]}","[""PRODUCTOS DE MAIZ Y OTROS""]",,https://riba.app/imgrs/THUMBS%20500X500/245103.JPG,0,0,"[""270""]",180.000,2026-05-08 10:59:33
4291,EMPANADA DE POLLO Y ACEITUNAS,EMPANADA DE POLLO Y ACEITUNAS,EMPANADA DE POLLO Y ACEITUNAS,insert,1,https://riba.app/imgrs/THUMBS%20500X500/245104.JPG,tabs/detalle-producto/245104,180.000,180.000,180.000,USD,1,{},"{""MARCA"": [""RIMITH""], ""CATEGORIA"": [""PRODUCTOS DE MAIZ Y OTROS""]}","[""PRODUCTOS DE MAIZ Y OTROS""]",,https://riba.app/imgrs/THUMBS%20500X500/245104.JPG,0,0,"[""270""]",180.000,2026-05-08 10:59:33
4292,EMPANADA DE RES MEXICANO,EMPANADA DE RES MEXICANO,EMPANADA DE RES MEXICANO,insert,1,https://riba.app/imgrs/THUMBS%20500X500/245105.JPG,tabs/detalle-producto/245105,180.000,180.000,180.000,USD,1,{},"{""MARCA"": [""RIMITH""], ""CATEGORIA"": [""PRODUCTOS DE MAIZ Y OTROS""]}","[""PRODUCTOS DE MAIZ Y OTROS""]",,https://riba.app/imgrs/THUMBS%20500X500/245105.JPG,0,0,"[""270""]",180.000,2026-05-08 10:59:33
4293,EMPANADA DE QUESO Y ESPINACAS,EMPANADA DE QUESO Y ESPINACAS,EMPANADA DE QUESO Y ESPINACAS,insert,1,https://riba.app/imgrs/THUMBS%20500X500/245106.JPG,tabs/detalle-producto/245106,180.000,180.000,180.000,USD,1,{},"{""MARCA"": [""RIMITH""], ""CATEGORIA"": [""PRODUCTOS DE MAIZ Y OTROS""]}","[""PRODUCTOS DE MAIZ Y OTROS""]",,https://riba.app/imgrs/THUMBS%20500X500/245106.JPG,0,0,"[""270""]",180.000,2026-05-08 10:59:33
4294,EMPANADA DE QUESO Y HONGOS,EMPANADA DE QUESO Y HONGOS,EMPANADA DE QUESO Y HONGOS,insert,1,https://riba.app/imgrs/THUMBS%20500X500/245108.JPG,tabs/detalle-producto/245108,180.000,180.000,180.000,USD,1,{},"{""MARCA"": [""RIMITH""], ""CATEGORIA"": [""PRODUCTOS DE MAIZ Y OTROS""]}","[""PRODUCTOS DE MAIZ Y OTROS""]",,https://riba.app/imgrs/THUMBS%20500X500/245108.JPG,0,0,"[""270""]",180.000,2026-05-08 10:59:33
4295,EMPANADA DE QUESO BLANCO,EMPANADA DE QUESO BLANCO,EMPANADA DE QUESO BLANCO,insert,1,https://riba.app/imgrs/THUMBS%20500X500/245110.JPG,tabs/detalle-producto/245110,180.000,180.000,180.000,USD,1,{},"{""MARCA"": [""RIMITH""], ""CATEGORIA"": [""PRODUCTOS DE MAIZ Y OTROS""]}","[""PRODUCTOS DE MAIZ Y OTROS""]",,https://riba.app/imgrs/THUMBS%20500X500/245110.JPG,0,0,"[""270""]",180.000,2026-05-08 10:59:33
4296,EMPANADA DE QUESO TOMATE ALBAH,EMPANADA DE QUESO TOMATE ALBAH,EMPANADA DE QUESO TOMATE ALBAH,insert,1,https://riba.app/imgrs/THUMBS%20500X500/245112.JPG,tabs/detalle-producto/245112,180.000,180.000,180.000,USD,1,{},"{""MARCA"": [""RIMITH""], ""CATEGORIA"": [""PRODUCTOS DE MAIZ Y OTROS""]}","[""PRODUCTOS DE MAIZ Y OTROS""]",,https://riba.app/imgrs/THUMBS%20500X500/245112.JPG,0,0,"[""270""]",180.000,2026-05-08 10:59:33
430,DONUT S ,DONUT S ,DONUT S ,insert,1,https://riba.app/imgrs/THUMBS%20500X500/16602.JPG,tabs/detalle-producto/16602,70.000,70.000,70.000,USD,1,{},"{""MARCA"": [""RIMITH""], ""CATEGORIA"": [""PANES Y DULCES""]}","[""PANES Y DULCES""]",,https://riba.app/imgrs/THUMBS%20500X500/16602.JPG,0,0,"[""269""]",70.000,2026-05-08 10:59:33
4335,EMPANADA DE POLLO GOURMET,EMPANADA DE POLLO GOURMET,EMPANADA DE POLLO GOURMET,insert,1,https://riba.app/imgrs/THUMBS%20500X500/246573.JPG,tabs/detalle-producto/246573,180.000,180.000,180.000,USD,1,{},"{""MARCA"": [""RIMITH""], ""CATEGORIA"": [""PRODUCTOS DE MAIZ Y OTROS""]}","[""PRODUCTOS DE MAIZ Y OTROS""]",,https://riba.app/imgrs/THUMBS%20500X500/246573.JPG,0,0,"[""270""]",180.000,2026-05-08 10:59:33
4336,EMPANADA DE POLLO AL CURRY GOU,EMPANADA DE POLLO AL CURRY GOU,EMPANADA DE POLLO AL CURRY GOU,insert,1,https://riba.app/imgrs/THUMBS%20500X500/246574.JPG,tabs/detalle-producto/246574,180.000,180.000,180.000,USD,1,{},"{""MARCA"": [""RIMITH""], ""CATEGORIA"": [""PRODUCTOS DE MAIZ Y OTROS""]}","[""PRODUCTOS DE MAIZ Y OTROS""]",,https://riba.app/imgrs/THUMBS%20500X500/246574.JPG,0,0,"[""270""]",180.000,2026-05-08 10:59:33
4337,EMPANADA DE CARNE CHILENA GOUR,EMPANADA DE CARNE CHILENA GOUR,EMPANADA DE CARNE CHILENA GOUR,insert,1,https://riba.app/imgrs/THUMBS%20500X500/246575.JPG,tabs/detalle-producto/246575,180.000,180.000,180.000,USD,1,{},"{""MARCA"": [""RIMITH""], ""CATEGORIA"": [""PRODUCTOS DE MAIZ Y OTROS""]}","[""PRODUCTOS DE MAIZ Y OTROS""]",,https://riba.app/imgrs/THUMBS%20500X500/246575.JPG,0,0,"[""270""]",180.000,2026-05-08 10:59:33
4355,PAÑUELO JALEA DE PIÑA,PAÑUELO JALEA DE PIÑA,PAÑUELO JALEA DE PIÑA,insert,1,https://riba.app/imgrs/THUMBS%20500X500/250124.JPG,tabs/detalle-producto/250124,95.000,95.000,95.000,USD,1,{},"{""MARCA"": [""RIMITH""], ""CATEGORIA"": [""PRODUCTOS DE MAIZ Y OTROS""]}","[""PRODUCTOS DE MAIZ Y OTROS""]",,https://riba.app/imgrs/THUMBS%20500X500/250124.JPG,0,0,"[""270""]",95.000,2026-05-08 10:59:33
4356,PAÑUELO JALEA DE GUAYABA,PAÑUELO JALEA DE GUAYABA,PAÑUELO JALEA DE GUAYABA,insert,1,https://riba.app/imgrs/THUMBS%20500X500/250125.JPG,tabs/detalle-producto/250125,95.000,95.000,95.000,USD,1,{},"{""MARCA"": [""RIMITH""], ""CATEGORIA"": [""PRODUCTOS DE MAIZ Y OTROS""]}","[""PRODUCTOS DE MAIZ Y OTROS""]",,https://riba.app/imgrs/THUMBS%20500X500/250125.JPG,0,0,"[""270""]",95.000,2026-05-08 10:59:33
4357,PAÑUELO JALEA DE FRESA,PAÑUELO JALEA DE FRESA,PAÑUELO JALEA DE FRESA,insert,1,https://riba.app/imgrs/THUMBS%20500X500/250126.JPG,tabs/detalle-producto/250126,95.000,95.000,95.000,USD,1,{},"{""MARCA"": [""RIMITH""], ""CATEGORIA"": [""PRODUCTOS DE MAIZ Y OTROS""]}","[""PRODUCTOS DE MAIZ Y OTROS""]",,https://riba.app/imgrs/THUMBS%20500X500/250126.JPG,0,0,"[""270""]",95.000,2026-05-08 10:59:33
4358,PAÑUELO JALEA MANZANA CANELA,PAÑUELO JALEA MANZANA CANELA,PAÑUELO JALEA MANZANA CANELA,insert,1,https://riba.app/imgrs/THUMBS%20500X500/250127.JPG,tabs/detalle-producto/250127,95.000,95.000,95.000,USD,1,{},"{""MARCA"": [""RIMITH""], ""CATEGORIA"": [""PRODUCTOS DE MAIZ Y OTROS""]}","[""PRODUCTOS DE MAIZ Y OTROS""]",,https://riba.app/imgrs/THUMBS%20500X500/250127.JPG,0,0,"[""270""]",95.000,2026-05-08 10:59:33
4360,EMPANADA CON TUNA,EMPANADA CON TUNA,EMPANADA CON TUNA,insert,1,https://riba.app/imgrs/THUMBS%20500X500/251896.JPG,tabs/detalle-producto/251896,95.000,95.000,95.000,USD,1,{},"{""MARCA"": [""RIMITH""], ""CATEGORIA"": [""PRODUCTOS DE MAIZ Y OTROS""]}","[""PRODUCTOS DE MAIZ Y OTROS""]",,https://riba.app/imgrs/THUMBS%20500X500/251896.JPG,0,0,"[""270""]",95.000,2026-05-08 10:59:33
4361,PASTELITO CON TUNA,PASTELITO CON TUNA,PASTELITO CON TUNA,insert,1,https://riba.app/imgrs/THUMBS%20500X500/251898.JPG,tabs/detalle-producto/251898,90.000,90.000,90.000,USD,1,{},"{""MARCA"": [""RIMITH""], ""CATEGORIA"": [""PRODUCTOS DE MAIZ Y OTROS""]}","[""PRODUCTOS DE MAIZ Y OTROS""]",,https://riba.app/imgrs/THUMBS%20500X500/251898.JPG,0,0,"[""270""]",90.000,2026-05-08 10:59:33
4443,CAÑON DE PIÑA,CAÑON DE PIÑA,CAÑON DE PIÑA,insert,1,https://riba.app/imgrs/THUMBS%20500X500/258026.JPG,tabs/detalle-producto/258026,80.000,80.000,80.000,USD,1,{},"{""MARCA"": [""RIMITH""], ""CATEGORIA"": [""PANES Y DULCES""]}","[""PANES Y DULCES""]",,https://riba.app/imgrs/THUMBS%20500X500/258026.JPG,0,0,"[""269""]",80.000,2026-05-08 10:59:33
4444,CAÑON DE MANZANA,CAÑON DE MANZANA,CAÑON DE MANZANA,insert,1,https://riba.app/imgrs/THUMBS%20500X500/258034.JPG,tabs/detalle-producto/258034,80.000,80.000,80.000,USD,1,{},"{""MARCA"": [""RIMITH""], ""CATEGORIA"": [""PANES Y DULCES""]}","[""PANES Y DULCES""]",,https://riba.app/imgrs/THUMBS%20500X500/258034.JPG,0,0,"[""269""]",80.000,2026-05-08 10:59:33
4447,CAÑON DE GUAYABA,CAÑON DE GUAYABA,CAÑON DE GUAYABA,insert,1,https://riba.app/imgrs/THUMBS%20500X500/258042.JPG,tabs/detalle-producto/258042,80.000,80.000,80.000,USD,1,{},"{""MARCA"": [""RIMITH""], ""CATEGORIA"": [""PANES Y DULCES""]}","[""PANES Y DULCES""]",,https://riba.app/imgrs/THUMBS%20500X500/258042.JPG,0,0,"[""269""]",80.000,2026-05-08 10:59:33
447,PAN CANELA S ,PAN CANELA S ,PAN CANELA S ,insert,1,https://riba.app/imgrs/THUMBS%20500X500/16654.JPG,tabs/detalle-producto/16654,80.000,80.000,80.000,USD,1,{},"{""MARCA"": [""RIMITH""], ""CATEGORIA"": [""PANES Y DULCES""]}","[""PANES Y DULCES""]",,https://riba.app/imgrs/THUMBS%20500X500/16654.JPG,0,0,"[""269""]",80.000,2026-05-08 10:59:33
4508,EMPANADA DE ATUN GOURMET ,EMPANADA DE ATUN GOURMET ,EMPANADA DE ATUN GOURMET ,insert,1,https://riba.app/imgrs/THUMBS%20500X500/261667.JPG,tabs/detalle-producto/261667,210.000,210.000,210.000,USD,1,{},"{""MARCA"": [""RIMITH""], ""CATEGORIA"": [""PRODUCTOS DE MAIZ Y OTROS""]}","[""PRODUCTOS DE MAIZ Y OTROS""]",,https://riba.app/imgrs/THUMBS%20500X500/261667.JPG,0,0,"[""270""]",210.000,2026-05-08 10:59:33
4510026130,PAN DE AVENA,PAN DE AVENA,PAN DE AVENA,insert,1,https://riba.app/imgrs/THUMBS%20500X500/16248.JPG,tabs/detalle-producto/16248,335.000,335.000,335.000,USD,1,{},"{""MARCA"": [""RIMITH""], ""CATEGORIA"": [""PANES Y DULCES""]}","[""PANES Y DULCES""]",,https://riba.app/imgrs/THUMBS%20500X500/16248.JPG,0,0,"[""269""]",335.000,2026-05-08 10:59:33
453,PIONONO S ,PIONONO S ,PIONONO S ,insert,1,https://riba.app/imgrs/THUMBS%20500X500/16679.JPG,tabs/detalle-producto/16679,110.000,110.000,110.000,USD,1,{},"{""MARCA"": [""RIMITH""], ""CATEGORIA"": [""PANES Y DULCES""]}","[""PANES Y DULCES""]",,https://riba.app/imgrs/THUMBS%20500X500/16679.JPG,0,0,"[""269""]",110.000,2026-05-08 10:59:33
459,VOLTEADO DE PIÑA S ,VOLTEADO DE PIÑA S ,VOLTEADO DE PIÑA S ,insert,1,https://riba.app/imgrs/THUMBS%20500X500/16711.JPG,tabs/detalle-producto/16711,85.000,85.000,85.000,USD,1,{},"{""MARCA"": [""RIMITH""], ""CATEGORIA"": [""PANES Y DULCES""]}","[""PANES Y DULCES""]",,https://riba.app/imgrs/THUMBS%20500X500/16711.JPG,0,0,"[""269""]",85.000,2026-05-08 10:59:33
4604,LOMO EN SALSA GRAVY (FAMILIAR),LOMO EN SALSA GRAVY (FAMILIAR),LOMO EN SALSA GRAVY (FAMILIAR),insert,1,https://riba.app/imgrs/THUMBS%20500X500/289958.JPG,tabs/detalle-producto/289958,1.195.000,1.195.000,1.195.000,USD,1,{},"{""MARCA"": [""RIMITH""], ""CATEGORIA"": [""Comidas Preparadas""]}","[""Comidas Preparadas""]",,https://riba.app/imgrs/THUMBS%20500X500/289958.JPG,0,0,"[""91""]",1.195.000,2026-05-08 10:59:33
4606,ENCUENTRO AL AJILLO (FAMILIAR),ENCUENTRO AL AJILLO (FAMILIAR),ENCUENTRO AL AJILLO (FAMILIAR),insert,1,https://riba.app/imgrs/THUMBS%20500X500/289960.JPG,tabs/detalle-producto/289960,810.000,810.000,810.000,USD,1,{},"{""MARCA"": [""RIMITH""], ""CATEGORIA"": [""Comidas Preparadas""]}","[""Comidas Preparadas""]",,https://riba.app/imgrs/THUMBS%20500X500/289960.JPG,0,0,"[""91""]",810.000,2026-05-08 10:59:33
4612,ARROZ BLANCO (FAMILIAR),ARROZ BLANCO (FAMILIAR),ARROZ BLANCO (FAMILIAR),insert,1,https://riba.app/imgrs/THUMBS%20500X500/289966.JPG,tabs/detalle-producto/289966,180.000,180.000,180.000,USD,1,{},"{""MARCA"": [""RIMITH""], ""CATEGORIA"": [""Comidas Preparadas""]}","[""Comidas Preparadas""]",,https://riba.app/imgrs/THUMBS%20500X500/289966.JPG,0,0,"[""91""]",180.000,2026-05-08 10:59:33
4613,ARROZ CON GUANDU (FAMILIAR),ARROZ CON GUANDU (FAMILIAR),ARROZ CON GUANDU (FAMILIAR),insert,1,https://riba.app/imgrs/THUMBS%20500X500/289967.JPG,tabs/detalle-producto/289967,770.000,770.000,770.000,USD,1,{},"{""MARCA"": [""RIMITH""], ""CATEGORIA"": [""Comidas Preparadas""]}","[""Comidas Preparadas""]",,https://riba.app/imgrs/THUMBS%20500X500/289967.JPG,0,0,"[""91""]",770.000,2026-05-08 10:59:33
4614,ARROZ CON POLLO (FAMILIAR),ARROZ CON POLLO (FAMILIAR),ARROZ CON POLLO (FAMILIAR),insert,1,https://riba.app/imgrs/THUMBS%20500X500/289968.JPG,tabs/detalle-producto/289968,1.000.000,1.000.000,1.000.000,USD,1,{},"{""MARCA"": [""RIMITH""], ""CATEGORIA"": [""Comidas Preparadas""]}","[""Comidas Preparadas""]",,https://riba.app/imgrs/THUMBS%20500X500/289968.JPG,0,0,"[""91""]",1.000.000,2026-05-08 10:59:33
4615,ARROZ CON MOLLEJA (FAMILIAR),ARROZ CON MOLLEJA (FAMILIAR),ARROZ CON MOLLEJA (FAMILIAR),insert,1,https://riba.app/imgrs/THUMBS%20500X500/289970.JPG,tabs/detalle-producto/289970,670.000,670.000,670.000,USD,1,{},"{""MARCA"": [""RIMITH""], ""CATEGORIA"": [""Comidas Preparadas""]}","[""Comidas Preparadas""]",,https://riba.app/imgrs/THUMBS%20500X500/289970.JPG,0,0,"[""91""]",670.000,2026-05-08 10:59:33
4618,PLATANO EN TENTACIÓN (FAMILIAR,PLATANO EN TENTACIÓN (FAMILIAR,PLATANO EN TENTACIÓN (FAMILIAR,insert,1,https://riba.app/imgrs/THUMBS%20500X500/289973.JPG,tabs/detalle-producto/289973,425.000,425.000,425.000,USD,1,{},"{""MARCA"": [""RIMITH""], ""CATEGORIA"": [""Comidas Preparadas""]}","[""Comidas Preparadas""]",,https://riba.app/imgrs/THUMBS%20500X500/289973.JPG,0,0,"[""91""]",425.000,2026-05-08 10:59:33
4634,SOPA DE POLLO CON ARROZ (INDIV,SOPA DE POLLO CON ARROZ (INDIV,SOPA DE POLLO CON ARROZ (INDIV,insert,1,https://riba.app/imgrs/THUMBS%20500X500/289988.JPG,tabs/detalle-producto/289988,395.000,395.000,395.000,USD,1,{},"{""MARCA"": [""RIMITH""], ""CATEGORIA"": [""Comidas Preparadas""]}","[""Comidas Preparadas""]",,https://riba.app/imgrs/THUMBS%20500X500/289988.JPG,0,0,"[""91""]",395.000,2026-05-08 10:59:33
4635,SOPA LENTEJAS CARNE C ARROZ (I,SOPA LENTEJAS CARNE C ARROZ (I,SOPA LENTEJAS CARNE C ARROZ (I,insert,1,https://riba.app/imgrs/THUMBS%20500X500/289989.JPG,tabs/detalle-producto/289989,420.000,420.000,420.000,USD,1,{},"{""MARCA"": [""RIMITH""], ""CATEGORIA"": [""Comidas Preparadas""]}","[""Comidas Preparadas""]",,https://riba.app/imgrs/THUMBS%20500X500/289989.JPG,0,0,"[""91""]",420.000,2026-05-08 10:59:33
4865,PAIN AU CHOCOLAT CROISSAN CHOC,PAIN AU CHOCOLAT CROISSAN CHOC,PAIN AU CHOCOLAT CROISSAN CHOC,insert,1,https://riba.app/imgrs/THUMBS%20500X500/334311.JPG,tabs/detalle-producto/334311,145.000,145.000,145.000,USD,1,{},"{""MARCA"": [""RIMITH""], ""CATEGORIA"": [""PANES Y DULCES""]}","[""PANES Y DULCES""]",,https://riba.app/imgrs/THUMBS%20500X500/334311.JPG,0,0,"[""269""]",145.000,2026-05-08 10:59:33
504,CAKE 8 PLG  TAPA RIMITH,CAKE 8 PLG  TAPA RIMITH,CAKE 8 PLG  TAPA RIMITH,insert,1,https://riba.app/imgrs/THUMBS%20500X500/16360.JPG,tabs/detalle-producto/16360,1.000.000,1.000.000,1.000.000,USD,1,{},"{""MARCA"": [""RIMITH""], ""CATEGORIA"": [""PANES Y DULCES""]}","[""PANES Y DULCES""]",,https://riba.app/imgrs/THUMBS%20500X500/16360.JPG,0,0,"[""269""]",1.000.000,2026-05-08 10:59:33
509,CAKE 10 PLG REDONDO ,CAKE 10 PLG REDONDO ,CAKE 10 PLG REDONDO ,insert,1,https://riba.app/imgrs/THUMBS%20500X500/16379.JPG,tabs/detalle-producto/16379,1.430.000,1.430.000,1.430.000,USD,1,{},"{""MARCA"": [""RIMITH""], ""CATEGORIA"": [""PANES Y DULCES""]}","[""PANES Y DULCES""]",,https://riba.app/imgrs/THUMBS%20500X500/16379.JPG,0,0,"[""269""]",1.430.000,2026-05-08 10:59:33
517,CAKE PLANCHA 12 X 8 RIMITH,CAKE PLANCHA 12 X 8 RIMITH,CAKE PLANCHA 12 X 8 RIMITH,insert,1,https://riba.app/imgrs/THUMBS%20500X500/16403.JPG,tabs/detalle-producto/16403,1.750.000,1.750.000,1.750.000,USD,1,{},"{""MARCA"": [""RIMITH""], ""CATEGORIA"": [""PANES Y DULCES""]}","[""PANES Y DULCES""]",,https://riba.app/imgrs/THUMBS%20500X500/16403.JPG,0,0,"[""269""]",1.750.000,2026-05-08 10:59:33
519,CAKE PLANCHA 14 X 10 RIMITH,CAKE PLANCHA 14 X 10 RIMITH,CAKE PLANCHA 14 X 10 RIMITH,insert,1,https://riba.app/imgrs/THUMBS%20500X500/16410.JPG,tabs/detalle-producto/16410,2.650.000,2.650.000,2.650.000,USD,1,{},"{""MARCA"": [""RIMITH""], ""CATEGORIA"": [""PANES Y DULCES""]}","[""PANES Y DULCES""]",,https://riba.app/imgrs/THUMBS%20500X500/16410.JPG,0,0,"[""269""]",2.650.000,2026-05-08 10:59:33
524,CAKE PLANCHA 16 X 24 RIMITH,CAKE PLANCHA 16 X 24 RIMITH,CAKE PLANCHA 16 X 24 RIMITH,insert,1,https://riba.app/imgrs/THUMBS%20500X500/16422.JPG,tabs/detalle-producto/16422,7.139.000,7.139.000,7.139.000,USD,1,{},"{""MARCA"": [""RIMITH""], ""CATEGORIA"": [""PANES Y DULCES""]}","[""PANES Y DULCES""]",,https://riba.app/imgrs/THUMBS%20500X500/16422.JPG,0,0,"[""269""]",7.139.000,2026-05-08 10:59:33
531,CAKE CORAZON CHICO,CAKE CORAZON CHICO,CAKE CORAZON CHICO,insert,1,https://riba.app/imgrs/THUMBS%20500X500/16432.JPG,tabs/detalle-producto/16432,550.000,550.000,550.000,USD,1,{},"{""MARCA"": [""RIMITH""], ""CATEGORIA"": [""PANES Y DULCES""]}","[""PANES Y DULCES""]",,https://riba.app/imgrs/THUMBS%20500X500/16432.JPG,0,0,"[""269""]",550.000,2026-05-08 10:59:33
533,CAKE CORAZON MEDIANO ,CAKE CORAZON MEDIANO ,CAKE CORAZON MEDIANO ,insert,1,https://riba.app/imgrs/THUMBS%20500X500/16435.JPG,tabs/detalle-producto/16435,1.000.000,1.000.000,1.000.000,USD,1,{},"{""MARCA"": [""RIMITH""], ""CATEGORIA"": [""PANES Y DULCES""]}","[""PANES Y DULCES""]",,https://riba.app/imgrs/THUMBS%20500X500/16435.JPG,0,0,"[""269""]",1.000.000,2026-05-08 10:59:33
745100261000,PAN HOT DOG FAMILIAR S SEMILLA,PAN HOT DOG FAMILIAR S SEMILLA,PAN HOT DOG FAMILIAR S SEMILLA,insert,1,https://riba.app/imgrs/THUMBS%20500X500/59918.JPG,tabs/detalle-producto/59918,475.000,475.000,475.000,USD,1,{},"{""MARCA"": [""RIMITH""], ""CATEGORIA"": [""PANES Y DULCES""]}","[""PANES Y DULCES""]",,https://riba.app/imgrs/THUMBS%20500X500/59918.JPG,0,0,"[""269""]",475.000,2026-05-08 10:59:33
745100261001,PARKER DINNER ROLLS,PARKER DINNER ROLLS,PARKER DINNER ROLLS,insert,1,https://riba.app/imgrs/THUMBS%20500X500/16258.JPG,tabs/detalle-producto/16258,173.000,173.000,173.000,USD,1,{},"{""MARCA"": [""RIMITH""], ""CATEGORIA"": [""PANES Y DULCES""]}","[""PANES Y DULCES""]",,https://riba.app/imgrs/THUMBS%20500X500/16258.JPG,0,0,"[""269""]",173.000,2026-05-08 10:59:33
745100261002,PAN HAMBURGUESA FAM C AJONJOLI,PAN HAMBURGUESA FAM C AJONJOLI,PAN HAMBURGUESA FAM C AJONJOLI,insert,1,https://riba.app/imgrs/THUMBS%20500X500/16268.JPG,tabs/detalle-producto/16268,475.000,475.000,475.000,USD,1,{},"{""MARCA"": [""RIMITH""], ""CATEGORIA"": [""PANES Y DULCES""]}","[""PANES Y DULCES""]",,https://riba.app/imgrs/THUMBS%20500X500/16268.JPG,0,0,"[""269""]",475.000,2026-05-08 10:59:33
745100261004,PAN HAMBURGER,PAN HAMBURGER,PAN HAMBURGER,insert,1,https://riba.app/imgrs/THUMBS%20500X500/65666.JPG,tabs/detalle-producto/65666,223.000,223.000,223.000,USD,1,{},"{""MARCA"": [""RIMITH""], ""CATEGORIA"": [""PANES Y DULCES""]}","[""PANES Y DULCES""]",,https://riba.app/imgrs/THUMBS%20500X500/65666.JPG,0,0,"[""269""]",223.000,2026-05-08 10:59:33
745100261005,PAN HAMBURGUESA AJOJOLI,PAN HAMBURGUESA AJOJOLI,PAN HAMBURGUESA AJOJOLI,insert,1,https://riba.app/imgrs/THUMBS%20500X500/16267.JPG,tabs/detalle-producto/16267,200.000,200.000,200.000,USD,1,{},"{""MARCA"": [""RIMITH""], ""CATEGORIA"": [""PANES Y DULCES""]}","[""PANES Y DULCES""]",,https://riba.app/imgrs/THUMBS%20500X500/16267.JPG,0,0,"[""269""]",200.000,2026-05-08 10:59:33
745100261006,PAN HOT DOG,PAN HOT DOG,PAN HOT DOG,insert,1,https://riba.app/imgrs/THUMBS%20500X500/16269.JPG,tabs/detalle-producto/16269,255.000,255.000,255.000,USD,1,{},"{""MARCA"": [""RIMITH""], ""CATEGORIA"": [""PANES Y DULCES""]}","[""PANES Y DULCES""]",,https://riba.app/imgrs/THUMBS%20500X500/16269.JPG,0,0,"[""269""]",255.000,2026-05-08 10:59:33
745100261007,PAN HOT DOG AJONJOLI,PAN HOT DOG AJONJOLI,PAN HOT DOG AJONJOLI,insert,1,https://riba.app/imgrs/THUMBS%20500X500/16270.JPG,tabs/detalle-producto/16270,230.000,230.000,230.000,USD,1,{},"{""MARCA"": [""RIMITH""], ""CATEGORIA"": [""PANES Y DULCES""]}","[""PANES Y DULCES""]",,https://riba.app/imgrs/THUMBS%20500X500/16270.JPG,0,0,"[""269""]",230.000,2026-05-08 10:59:33
745100261009,HOT DOG JUMBO S SEMILLA,HOT DOG JUMBO S SEMILLA,HOT DOG JUMBO S SEMILLA,insert,1,https://riba.app/imgrs/THUMBS%20500X500/59919.JPG,tabs/detalle-producto/59919,410.000,410.000,410.000,USD,1,{},"{""MARCA"": [""RIMITH""], ""CATEGORIA"": [""PANES Y DULCES""]}","[""PANES Y DULCES""]",,https://riba.app/imgrs/THUMBS%20500X500/59919.JPG,0,0,"[""269""]",410.000,2026-05-08 10:59:33
745100261011,HAMBURGUESA FAMILIAR S SEMILLA,HAMBURGUESA FAMILIAR S SEMILLA,HAMBURGUESA FAMILIAR S SEMILLA,insert,1,https://riba.app/imgrs/THUMBS%20500X500/75734.JPG,tabs/detalle-producto/75734,475.000,475.000,475.000,USD,1,{},"{""MARCA"": [""RIMITH""], ""CATEGORIA"": [""PANES Y DULCES""]}","[""PANES Y DULCES""]",,https://riba.app/imgrs/THUMBS%20500X500/75734.JPG,0,0,"[""269""]",475.000,2026-05-08 10:59:33
745100261014,PAN MINI PARA HAMBURGUESA 12UN,PAN MINI PARA HAMBURGUESA 12UN,PAN MINI PARA HAMBURGUESA 12UN,insert,1,https://riba.app/imgrs/THUMBS%20500X500/319555.JPG,tabs/detalle-producto/319555,225.000,225.000,225.000,USD,1,{},"{""MARCA"": [""RIMITH""], ""CATEGORIA"": [""PANES Y DULCES""]}","[""PANES Y DULCES""]",,https://riba.app/imgrs/THUMBS%20500X500/319555.JPG,0,0,"[""269""]",225.000,2026-05-08 10:59:33
745100261018,PANECILLO BUN 12  UN,PANECILLO BUN 12  UN,PANECILLO BUN 12  UN,insert,1,https://riba.app/imgrs/THUMBS%20500X500/250172.JPG,tabs/detalle-producto/250172,185.000,185.000,185.000,USD,1,{},"{""MARCA"": [""RIMITH""], ""CATEGORIA"": [""PANES Y DULCES""]}","[""PANES Y DULCES""]",,https://riba.app/imgrs/THUMBS%20500X500/250172.JPG,0,0,"[""269""]",185.000,2026-05-08 10:59:33
745100261019,PAN TILTON ROLLS ORIGINAL 8UN,PAN TILTON ROLLS ORIGINAL 8UN,PAN TILTON ROLLS ORIGINAL 8UN,insert,1,https://riba.app/imgrs/THUMBS%20500X500/289546.JPG,tabs/detalle-producto/289546,298.000,298.000,298.000,USD,1,{},"{""MARCA"": [""RIMITH""], ""CATEGORIA"": [""PANES Y DULCES""]}","[""PANES Y DULCES""]",,https://riba.app/imgrs/THUMBS%20500X500/289546.JPG,0,0,"[""269""]",298.000,2026-05-08 10:59:33
745100261020,PAN TILTON ROLLS ALMENDRAS 8UN,PAN TILTON ROLLS ALMENDRAS 8UN,PAN TILTON ROLLS ALMENDRAS 8UN,insert,1,https://riba.app/imgrs/THUMBS%20500X500/289545.JPG,tabs/detalle-producto/289545,410.000,410.000,410.000,USD,1,{},"{""MARCA"": [""RIMITH""], ""CATEGORIA"": [""PANES Y DULCES""]}","[""PANES Y DULCES""]",,https://riba.app/imgrs/THUMBS%20500X500/289545.JPG,0,0,"[""269""]",410.000,2026-05-08 10:59:33
745100261022,PAN HAMBURGUESA JUMBO C/A OTR,PAN HAMBURGUESA JUMBO C/A OTR,PAN HAMBURGUESA JUMBO C/A OTR,insert,1,https://riba.app/imgrs/THUMBS%20500X500/307341.JPG,tabs/detalle-producto/307341,295.000,295.000,295.000,USD,1,{},"{""MARCA"": [""RIMITH""], ""CATEGORIA"": [""PANES Y DULCES""]}","[""PANES Y DULCES""]",,https://riba.app/imgrs/THUMBS%20500X500/307341.JPG,0,0,"[""269""]",295.000,2026-05-08 10:59:33
745100261023,PAN HOT DOG JUMBO C/A OTR,PAN HOT DOG JUMBO C/A OTR,PAN HOT DOG JUMBO C/A OTR,insert,1,https://riba.app/imgrs/THUMBS%20500X500/307342.JPG,tabs/detalle-producto/307342,295.000,295.000,295.000,USD,1,{},"{""MARCA"": [""RIMITH""], ""CATEGORIA"": [""PANES Y DULCES""]}","[""PANES Y DULCES""]",,https://riba.app/imgrs/THUMBS%20500X500/307342.JPG,0,0,"[""269""]",295.000,2026-05-08 10:59:33
745100261025,PAN HAMBURGUESA GRANDE S/S 12U,PAN HAMBURGUESA GRANDE S/S 12U,PAN HAMBURGUESA GRANDE S/S 12U,insert,1,https://riba.app/imgrs/THUMBS%20500X500/59917.JPG,tabs/detalle-producto/59917,405.000,405.000,405.000,USD,1,{},"{""MARCA"": [""RIMITH""], ""CATEGORIA"": [""PANES Y DULCES""]}","[""PANES Y DULCES""]",,https://riba.app/imgrs/THUMBS%20500X500/59917.JPG,0,0,"[""269""]",405.000,2026-05-08 10:59:33
745100261026,PAN HAMBURGUESA BRIOCHE C/S 12,PAN HAMBURGUESA BRIOCHE C/S 12,PAN HAMBURGUESA BRIOCHE C/S 12,insert,1,https://riba.app/imgrs/THUMBS%20500X500/301542.JPG,tabs/detalle-producto/301542,500.000,500.000,500.000,USD,1,{},"{""MARCA"": [""RIMITH""], ""CATEGORIA"": [""PANES Y DULCES""]}","[""PANES Y DULCES""]",,https://riba.app/imgrs/THUMBS%20500X500/301542.JPG,0,0,"[""269""]",500.000,2026-05-08 10:59:33
745100261029,PAN HOT DOG ESENCIAL 10 UN,PAN HOT DOG ESENCIAL 10 UN,PAN HOT DOG ESENCIAL 10 UN,insert,1,https://riba.app/imgrs/THUMBS%20500X500/311516.JPG,tabs/detalle-producto/311516,190.000,190.000,190.000,USD,1,{},"{""MARCA"": [""RIMITH""], ""CATEGORIA"": [""PANES Y DULCES""]}","[""PANES Y DULCES""]",,https://riba.app/imgrs/THUMBS%20500X500/311516.JPG,0,0,"[""269""]",190.000,2026-05-08 10:59:33
745100261030,PAN HOT DOG ESENCIAL AJON 10UN,PAN HOT DOG ESENCIAL AJON 10UN,PAN HOT DOG ESENCIAL AJON 10UN,insert,1,https://riba.app/imgrs/THUMBS%20500X500/311518.JPG,tabs/detalle-producto/311518,190.000,190.000,190.000,USD,1,{},"{""MARCA"": [""RIMITH""], ""CATEGORIA"": [""PANES Y DULCES""]}","[""PANES Y DULCES""]",,https://riba.app/imgrs/THUMBS%20500X500/311518.JPG,0,0,"[""269""]",190.000,2026-05-08 10:59:33
745100261033,PAN HAMBURGUESA ESENCIAL 6UN,PAN HAMBURGUESA ESENCIAL 6UN,PAN HAMBURGUESA ESENCIAL 6UN,insert,1,https://riba.app/imgrs/THUMBS%20500X500/322366.JPG,tabs/detalle-producto/322366,140.000,140.000,140.000,USD,1,{},"{""MARCA"": [""RIMITH""], ""CATEGORIA"": [""PANES Y DULCES""]}","[""PANES Y DULCES""]",,https://riba.app/imgrs/THUMBS%20500X500/322366.JPG,0,0,"[""269""]",140.000,2026-05-08 10:59:33
745100261036,PAN PARA HAMBURGUESA C/S 4UN,PAN PARA HAMBURGUESA C/S 4UN,PAN PARA HAMBURGUESA C/S 4UN,insert,1,https://riba.app/imgrs/THUMBS%20500X500/319557.JPG,tabs/detalle-producto/319557,120.000,120.000,120.000,USD,1,{},"{""MARCA"": [""RIMITH""], ""CATEGORIA"": [""PANES Y DULCES""]}","[""PANES Y DULCES""]",,https://riba.app/imgrs/THUMBS%20500X500/319557.JPG,0,0,"[""269""]",120.000,2026-05-08 10:59:33
745100261037,PAN BOLITA ESENCIAL,PAN BOLITA ESENCIAL,PAN BOLITA ESENCIAL,insert,1,https://riba.app/imgrs/THUMBS%20500X500/334047.JPG,tabs/detalle-producto/334047,160.000,160.000,160.000,USD,1,{},"{""MARCA"": [""RIMITH""], ""CATEGORIA"": [""PANES Y DULCES""]}","[""PANES Y DULCES""]",,https://riba.app/imgrs/THUMBS%20500X500/334047.JPG,0,0,"[""269""]",160.000,2026-05-08 10:59:33
745100261038,PAN GUSANITO ESENCIAL 2UN,PAN GUSANITO ESENCIAL 2UN,PAN GUSANITO ESENCIAL 2UN,insert,1,https://riba.app/imgrs/THUMBS%20500X500/323964.JPG,tabs/detalle-producto/323964,115.000,115.000,115.000,USD,1,{},"{""MARCA"": [""RIMITH""], ""CATEGORIA"": [""PANES Y DULCES""]}","[""PANES Y DULCES""]",,https://riba.app/imgrs/THUMBS%20500X500/323964.JPG,0,0,"[""269""]",115.000,2026-05-08 10:59:33
745100261101,PAN DINNER ROLL INTEGRAL,PAN DINNER ROLL INTEGRAL,PAN DINNER ROLL INTEGRAL,insert,1,https://riba.app/imgrs/THUMBS%20500X500/16259.JPG,tabs/detalle-producto/16259,155.000,155.000,155.000,USD,1,{},"{""MARCA"": [""RIMITH""], ""CATEGORIA"": [""PANES Y DULCES""]}","[""PANES Y DULCES""]",,https://riba.app/imgrs/THUMBS%20500X500/16259.JPG,0,0,"[""269""]",155.000,2026-05-08 10:59:33
745100261102,PAN INTEGRAL 0% GRASA,PAN INTEGRAL 0% GRASA,PAN INTEGRAL 0% GRASA,insert,1,https://riba.app/imgrs/THUMBS%20500X500/16274.JPG,tabs/detalle-producto/16274,250.000,250.000,250.000,USD,1,{},"{""MARCA"": [""RIMITH""], ""CATEGORIA"": [""PANES Y DULCES""]}","[""PANES Y DULCES""]",,https://riba.app/imgrs/THUMBS%20500X500/16274.JPG,0,0,"[""269""]",250.000,2026-05-08 10:59:33
745100261103,PAN INTEGRAL PULLMAN,PAN INTEGRAL PULLMAN,PAN INTEGRAL PULLMAN,insert,1,https://riba.app/imgrs/THUMBS%20500X500/16275.JPG,tabs/detalle-producto/16275,335.000,335.000,335.000,USD,1,{},"{""MARCA"": [""RIMITH""], ""CATEGORIA"": [""PANES Y DULCES""]}","[""PANES Y DULCES""]",,https://riba.app/imgrs/THUMBS%20500X500/16275.JPG,0,0,"[""269""]",335.000,2026-05-08 10:59:33
745100261104,PAN INTEGRAL  SELECTO,PAN INTEGRAL  SELECTO,PAN INTEGRAL  SELECTO,insert,1,https://riba.app/imgrs/THUMBS%20500X500/16277.JPG,tabs/detalle-producto/16277,330.000,330.000,330.000,USD,1,{},"{""MARCA"": [""RIMITH""], ""CATEGORIA"": [""PANES Y DULCES""]}","[""PANES Y DULCES""]",,https://riba.app/imgrs/THUMBS%20500X500/16277.JPG,0,0,"[""269""]",330.000,2026-05-08 10:59:33
745100261105,PAN MICHITAS PQTE  INTEGR,PAN MICHITAS PQTE  INTEGR,PAN MICHITAS PQTE  INTEGR,insert,1,https://riba.app/imgrs/THUMBS%20500X500/16285.JPG,tabs/detalle-producto/16285,235.000,235.000,235.000,USD,1,{},"{""MARCA"": [""RIMITH""], ""CATEGORIA"": [""PANES Y DULCES""]}","[""PANES Y DULCES""]",,https://riba.app/imgrs/THUMBS%20500X500/16285.JPG,0,0,"[""269""]",235.000,2026-05-08 10:59:33
745100261106,PAN DE PASITAS INTEGRAL,PAN DE PASITAS INTEGRAL,PAN DE PASITAS INTEGRAL,insert,1,https://riba.app/imgrs/THUMBS%20500X500/16299.JPG,tabs/detalle-producto/16299,335.000,335.000,335.000,USD,1,{},"{""MARCA"": [""RIMITH""], ""CATEGORIA"": [""PANES Y DULCES""]}","[""PANES Y DULCES""]",,https://riba.app/imgrs/THUMBS%20500X500/16299.JPG,0,0,"[""269""]",335.000,2026-05-08 10:59:33
745100261113,PULLMAN INTEGRAL ULTRAFINO,PULLMAN INTEGRAL ULTRAFINO,PULLMAN INTEGRAL ULTRAFINO,insert,1,https://riba.app/imgrs/THUMBS%20500X500/70633.JPG,tabs/detalle-producto/70633,384.000,384.000,384.000,USD,1,{},"{""MARCA"": [""RIMITH""], ""CATEGORIA"": [""PANES Y DULCES""]}","[""PANES Y DULCES""]",,https://riba.app/imgrs/THUMBS%20500X500/70633.JPG,0,0,"[""269""]",384.000,2026-05-08 10:59:33
745100261114,PAN INTEGRAL MULTICEREAL,PAN INTEGRAL MULTICEREAL,PAN INTEGRAL MULTICEREAL,insert,1,https://riba.app/imgrs/THUMBS%20500X500/125786.JPG,tabs/detalle-producto/125786,295.000,295.000,295.000,USD,1,{},"{""MARCA"": [""RIMITH""], ""CATEGORIA"": [""PANES Y DULCES""]}","[""PANES Y DULCES""]",,https://riba.app/imgrs/THUMBS%20500X500/125786.JPG,0,0,"[""269""]",295.000,2026-05-08 10:59:33
745100261116,PAN LIVIANO INTEGRAL,PAN LIVIANO INTEGRAL,PAN LIVIANO INTEGRAL,insert,1,https://riba.app/imgrs/THUMBS%20500X500/178148.JPG,tabs/detalle-producto/178148,299.000,299.000,299.000,USD,1,{},"{""MARCA"": [""RIMITH""], ""CATEGORIA"": [""PANES Y DULCES""]}","[""PANES Y DULCES""]",,https://riba.app/imgrs/THUMBS%20500X500/178148.JPG,0,0,"[""269""]",299.000,2026-05-08 10:59:33
745100261124,PANECILLO BUN INTEGRAL,PANECILLO BUN INTEGRAL,PANECILLO BUN INTEGRAL,insert,1,https://riba.app/imgrs/THUMBS%20500X500/266601.JPG,tabs/detalle-producto/266601,310.000,310.000,310.000,USD,1,{},"{""MARCA"": [""RIMITH""], ""CATEGORIA"": [""PANES Y DULCES""]}","[""PANES Y DULCES""]",,https://riba.app/imgrs/THUMBS%20500X500/266601.JPG,0,0,"[""269""]",310.000,2026-05-08 10:59:33
745100261133,PAN INTEGRAL ESENCIAL,PAN INTEGRAL ESENCIAL,PAN INTEGRAL ESENCIAL,insert,1,https://riba.app/imgrs/THUMBS%20500X500/322949.JPG,tabs/detalle-producto/322949,165.000,165.000,165.000,USD,1,{},"{""MARCA"": [""RIMITH""], ""CATEGORIA"": [""PANES Y DULCES""]}","[""PANES Y DULCES""]",,https://riba.app/imgrs/THUMBS%20500X500/322949.JPG,0,0,"[""269""]",165.000,2026-05-08 10:59:33
745100261134,PAN INTEGRAL CON MASA MADRE,PAN INTEGRAL CON MASA MADRE,PAN INTEGRAL CON MASA MADRE,insert,1,https://riba.app/imgrs/THUMBS%20500X500/347129.JPG,tabs/detalle-producto/347129,350.000,350.000,350.000,USD,1,{},"{""MARCA"": [""RIMITH""], ""CATEGORIA"": [""PANES Y DULCES""]}","[""PANES Y DULCES""]",,https://riba.app/imgrs/THUMBS%20500X500/347129.JPG,0,0,"[""269""]",350.000,2026-05-08 10:59:33
745100261210,PAN KRUNCHI,PAN KRUNCHI,PAN KRUNCHI,insert,1,https://riba.app/imgrs/THUMBS%20500X500/16286.JPG,tabs/detalle-producto/16286,121.000,121.000,121.000,USD,1,{},"{""MARCA"": [""RIMITH""], ""CATEGORIA"": [""Despensa""]}","[""Despensa""]",,https://riba.app/imgrs/THUMBS%20500X500/16286.JPG,0,0,"[""264""]",121.000,2026-05-08 10:59:33
745100261225,PALITROQUINI DE OLIVA Y ROMERO,PALITROQUINI DE OLIVA Y ROMERO,PALITROQUINI DE OLIVA Y ROMERO,insert,1,https://riba.app/imgrs/THUMBS%20500X500/258782.JPG,tabs/detalle-producto/258782,220.000,220.000,220.000,USD,1,{},"{""MARCA"": [""RIMITH""], ""CATEGORIA"": [""Snacks""]}","[""Snacks""]",,https://riba.app/imgrs/THUMBS%20500X500/258782.JPG,0,0,"[""296""]",220.000,2026-05-08 10:59:33
745100261226,PALITROQUINI D OLIVA Y ALBAHAC,PALITROQUINI D OLIVA Y ALBAHAC,PALITROQUINI D OLIVA Y ALBAHAC,insert,1,https://riba.app/imgrs/THUMBS%20500X500/258783.JPG,tabs/detalle-producto/258783,220.000,220.000,220.000,USD,1,{},"{""MARCA"": [""RIMITH""], ""CATEGORIA"": [""Snacks""]}","[""Snacks""]",,https://riba.app/imgrs/THUMBS%20500X500/258783.JPG,0,0,"[""296""]",220.000,2026-05-08 10:59:33
745100261227,PALITROQUES CON AJO SNACK PK,PALITROQUES CON AJO SNACK PK,PALITROQUES CON AJO SNACK PK,insert,1,https://riba.app/imgrs/THUMBS%20500X500/288671.JPG,tabs/detalle-producto/288671,100.000,100.000,100.000,USD,1,{},"{""MARCA"": [""RIMITH""], ""CATEGORIA"": [""PANES Y DULCES""]}","[""PANES Y DULCES""]",,https://riba.app/imgrs/THUMBS%20500X500/288671.JPG,0,0,"[""269""]",100.000,2026-05-08 10:59:33
745100261230,PALITROQUINI INTEGRAL,PALITROQUINI INTEGRAL,PALITROQUINI INTEGRAL,insert,1,https://riba.app/imgrs/THUMBS%20500X500/258784.JPG,tabs/detalle-producto/258784,220.000,220.000,220.000,USD,1,{},"{""MARCA"": [""RIMITH""], ""CATEGORIA"": [""Snacks""]}","[""Snacks""]",,https://riba.app/imgrs/THUMBS%20500X500/258784.JPG,0,0,"[""296""]",220.000,2026-05-08 10:59:33
745100261240,PALITROQUES CEBOLLA SNACK PK,PALITROQUES CEBOLLA SNACK PK,PALITROQUES CEBOLLA SNACK PK,insert,1,https://riba.app/imgrs/THUMBS%20500X500/288668.JPG,tabs/detalle-producto/288668,100.000,100.000,100.000,USD,1,{},"{""MARCA"": [""RIMITH""], ""CATEGORIA"": [""PANES Y DULCES""]}","[""PANES Y DULCES""]",,https://riba.app/imgrs/THUMBS%20500X500/288668.JPG,0,0,"[""269""]",100.000,2026-05-08 10:59:33
745100261241,PALITROQUES INTEGRAL SNACK PK,PALITROQUES INTEGRAL SNACK PK,PALITROQUES INTEGRAL SNACK PK,insert,1,https://riba.app/imgrs/THUMBS%20500X500/288670.JPG,tabs/detalle-producto/288670,100.000,100.000,100.000,USD,1,{},"{""MARCA"": [""RIMITH""], ""CATEGORIA"": [""PANES Y DULCES""]}","[""PANES Y DULCES""]",,https://riba.app/imgrs/THUMBS%20500X500/288670.JPG,0,0,"[""269""]",100.000,2026-05-08 10:59:33
745100261242,MINI PALITROQUE DE QUESO,MINI PALITROQUE DE QUESO,MINI PALITROQUE DE QUESO,insert,1,https://riba.app/imgrs/THUMBS%20500X500/258781.JPG,tabs/detalle-producto/258781,445.000,445.000,445.000,USD,1,{},"{""MARCA"": [""RIMITH""], ""CATEGORIA"": [""Snacks""]}","[""Snacks""]",,https://riba.app/imgrs/THUMBS%20500X500/258781.JPG,0,0,"[""296""]",445.000,2026-05-08 10:59:33
745100261243,PALITROQUES SIN SAL SNACK PK,PALITROQUES SIN SAL SNACK PK,PALITROQUES SIN SAL SNACK PK,insert,1,https://riba.app/imgrs/THUMBS%20500X500/288672.JPG,tabs/detalle-producto/288672,75.000,75.000,75.000,USD,1,{},"{""MARCA"": [""RIMITH""], ""CATEGORIA"": [""PANES Y DULCES""]}","[""PANES Y DULCES""]",,https://riba.app/imgrs/THUMBS%20500X500/288672.JPG,0,0,"[""269""]",75.000,2026-05-08 10:59:33
745100261244,PALITROQUES CON SAL SNACK PK,PALITROQUES CON SAL SNACK PK,PALITROQUES CON SAL SNACK PK,insert,1,https://riba.app/imgrs/THUMBS%20500X500/288669.JPG,tabs/detalle-producto/288669,75.000,75.000,75.000,USD,1,{},"{""MARCA"": [""RIMITH""], ""CATEGORIA"": [""PANES Y DULCES""]}","[""PANES Y DULCES""]",,https://riba.app/imgrs/THUMBS%20500X500/288669.JPG,0,0,"[""269""]",75.000,2026-05-08 10:59:33
745100261245,PALITROQUES ENCHILADO SNACK PK,PALITROQUES ENCHILADO SNACK PK,PALITROQUES ENCHILADO SNACK PK,insert,1,https://riba.app/imgrs/THUMBS%20500X500/288667.JPG,tabs/detalle-producto/288667,100.000,100.000,100.000,USD,1,{},"{""MARCA"": [""RIMITH""], ""CATEGORIA"": [""Snacks""]}","[""Snacks""]",,https://riba.app/imgrs/THUMBS%20500X500/288667.JPG,0,0,"[""296""]",100.000,2026-05-08 10:59:33
745100261246,PALITROQUES AJONJOLI SNACK PK,PALITROQUES AJONJOLI SNACK PK,PALITROQUES AJONJOLI SNACK PK,insert,1,https://riba.app/imgrs/THUMBS%20500X500/288673.JPG,tabs/detalle-producto/288673,100.000,100.000,100.000,USD,1,{},"{""MARCA"": [""RIMITH""], ""CATEGORIA"": [""Snacks""]}","[""Snacks""]",,https://riba.app/imgrs/THUMBS%20500X500/288673.JPG,0,0,"[""296""]",100.000,2026-05-08 10:59:33
745100261248,PALITROQUES CON AJO 30UN,PALITROQUES CON AJO 30UN,PALITROQUES CON AJO 30UN,insert,1,https://riba.app/imgrs/THUMBS%20500X500/252266.JPG,tabs/detalle-producto/252266,298.000,298.000,298.000,USD,1,{},"{""MARCA"": [""RIMITH""], ""CATEGORIA"": [""Snacks""]}","[""Snacks""]",,https://riba.app/imgrs/THUMBS%20500X500/252266.JPG,0,0,"[""296""]",298.000,2026-05-08 10:59:33
745100261249,PALITROQUES AJONJOLI 30UN,PALITROQUES AJONJOLI 30UN,PALITROQUES AJONJOLI 30UN,insert,1,https://riba.app/imgrs/THUMBS%20500X500/252264.JPG,tabs/detalle-producto/252264,225.000,225.000,225.000,USD,1,{},"{""MARCA"": [""RIMITH""], ""CATEGORIA"": [""Snacks""]}","[""Snacks""]",,https://riba.app/imgrs/THUMBS%20500X500/252264.JPG,0,0,"[""296""]",225.000,2026-05-08 10:59:33
745100261250,PALITROQUES CON QUESO 30UN,PALITROQUES CON QUESO 30UN,PALITROQUES CON QUESO 30UN,insert,1,https://riba.app/imgrs/THUMBS%20500X500/252262.JPG,tabs/detalle-producto/252262,298.000,298.000,298.000,USD,1,{},"{""MARCA"": [""RIMITH""], ""CATEGORIA"": [""Snacks""]}","[""Snacks""]",,https://riba.app/imgrs/THUMBS%20500X500/252262.JPG,0,0,"[""296""]",298.000,2026-05-08 10:59:33
745100261251,PALITROQUES 30 UN,PALITROQUES 30 UN,PALITROQUES 30 UN,insert,1,https://riba.app/imgrs/THUMBS%20500X500/252259.JPG,tabs/detalle-producto/252259,298.000,298.000,298.000,USD,1,{},"{""MARCA"": [""RIMITH""], ""CATEGORIA"": [""PANES Y DULCES""]}","[""PANES Y DULCES""]",,https://riba.app/imgrs/THUMBS%20500X500/252259.JPG,0,0,"[""269""]",298.000,2026-05-08 10:59:33
745100261252,PALITROQUES ENCHILADOS 30UN,PALITROQUES ENCHILADOS 30UN,PALITROQUES ENCHILADOS 30UN,insert,1,https://riba.app/imgrs/THUMBS%20500X500/252261.JPG,tabs/detalle-producto/252261,298.000,298.000,298.000,USD,1,{},"{""MARCA"": [""RIMITH""], ""CATEGORIA"": [""Snacks""]}","[""Snacks""]",,https://riba.app/imgrs/THUMBS%20500X500/252261.JPG,0,0,"[""296""]",298.000,2026-05-08 10:59:33
745100261253,PALITROQUES SIN SAL 30UN,PALITROQUES SIN SAL 30UN,PALITROQUES SIN SAL 30UN,insert,1,https://riba.app/imgrs/THUMBS%20500X500/252260.JPG,tabs/detalle-producto/252260,195.000,195.000,195.000,USD,1,{},"{""MARCA"": [""RIMITH""], ""CATEGORIA"": [""Snacks""]}","[""Snacks""]",,https://riba.app/imgrs/THUMBS%20500X500/252260.JPG,0,0,"[""296""]",195.000,2026-05-08 10:59:33
745100261254,PALITROQUES INTEGRAL 30UN,PALITROQUES INTEGRAL 30UN,PALITROQUES INTEGRAL 30UN,insert,1,https://riba.app/imgrs/THUMBS%20500X500/252263.JPG,tabs/detalle-producto/252263,225.000,225.000,225.000,USD,1,{},"{""MARCA"": [""RIMITH""], ""CATEGORIA"": [""PANES Y DULCES""]}","[""PANES Y DULCES""]",,https://riba.app/imgrs/THUMBS%20500X500/252263.JPG,0,0,"[""269""]",225.000,2026-05-08 10:59:33
745100261255,PALITROQUES CON CEBOLLA 30UN,PALITROQUES CON CEBOLLA 30UN,PALITROQUES CON CEBOLLA 30UN,insert,1,https://riba.app/imgrs/THUMBS%20500X500/252265.JPG,tabs/detalle-producto/252265,298.000,298.000,298.000,USD,1,{},"{""MARCA"": [""RIMITH""], ""CATEGORIA"": [""Snacks""]}","[""Snacks""]",,https://riba.app/imgrs/THUMBS%20500X500/252265.JPG,0,0,"[""296""]",298.000,2026-05-08 10:59:33
745100261259,PALITROQUES OLIVA ROM SNACK PK,PALITROQUES OLIVA ROM SNACK PK,PALITROQUES OLIVA ROM SNACK PK,insert,1,https://riba.app/imgrs/THUMBS%20500X500/288674.JPG,tabs/detalle-producto/288674,75.000,75.000,75.000,USD,1,{},"{""MARCA"": [""RIMITH""], ""CATEGORIA"": [""PANES Y DULCES""]}","[""PANES Y DULCES""]",,https://riba.app/imgrs/THUMBS%20500X500/288674.JPG,0,0,"[""269""]",75.000,2026-05-08 10:59:33
745100261260,PALITROQUES OLIVA ALV SNACK PK,PALITROQUES OLIVA ALV SNACK PK,PALITROQUES OLIVA ALV SNACK PK,insert,1,https://riba.app/imgrs/THUMBS%20500X500/288675.JPG,tabs/detalle-producto/288675,75.000,75.000,75.000,USD,1,{},"{""MARCA"": [""RIMITH""], ""CATEGORIA"": [""PANES Y DULCES""]}","[""PANES Y DULCES""]",,https://riba.app/imgrs/THUMBS%20500X500/288675.JPG,0,0,"[""269""]",75.000,2026-05-08 10:59:33
745100261261,PALITROQUES QUESO SNACK PK,PALITROQUES QUESO SNACK PK,PALITROQUES QUESO SNACK PK,insert,1,https://riba.app/imgrs/THUMBS%20500X500/288666.JPG,tabs/detalle-producto/288666,100.000,100.000,100.000,USD,1,{},"{""MARCA"": [""RIMITH""], ""CATEGORIA"": [""PANES Y DULCES""]}","[""PANES Y DULCES""]",,https://riba.app/imgrs/THUMBS%20500X500/288666.JPG,0,0,"[""269""]",100.000,2026-05-08 10:59:33
745100261262,PALITROQUES SNACK PACK MIX,PALITROQUES SNACK PACK MIX,PALITROQUES SNACK PACK MIX,insert,1,https://riba.app/imgrs/THUMBS%20500X500/291713.JPG,tabs/detalle-producto/291713,250.000,250.000,250.000,USD,1,{},"{""MARCA"": [""RIMITH""], ""CATEGORIA"": [""PANES Y DULCES""]}","[""PANES Y DULCES""]",,https://riba.app/imgrs/THUMBS%20500X500/291713.JPG,0,0,"[""269""]",250.000,2026-05-08 10:59:33
745100261265,PALITROQUES MANTEQUIL SNACK PK,PALITROQUES MANTEQUIL SNACK PK,PALITROQUES MANTEQUIL SNACK PK,insert,1,https://riba.app/imgrs/THUMBS%20500X500/325077.JPG,tabs/detalle-producto/325077,75.000,75.000,75.000,USD,1,{},"{""MARCA"": [""RIMITH""], ""CATEGORIA"": [""Snacks""]}","[""Snacks""]",,https://riba.app/imgrs/THUMBS%20500X500/325077.JPG,0,0,"[""296""]",75.000,2026-05-08 10:59:33
745100261266,PALITROQUES CON MANTEQUILLA ,PALITROQUES CON MANTEQUILLA ,PALITROQUES CON MANTEQUILLA ,insert,1,https://riba.app/imgrs/THUMBS%20500X500/325963.JPG,tabs/detalle-producto/325963,225.000,225.000,225.000,USD,1,{},"{""MARCA"": [""RIMITH""], ""CATEGORIA"": [""Snacks""]}","[""Snacks""]",,https://riba.app/imgrs/THUMBS%20500X500/325963.JPG,0,0,"[""296""]",225.000,2026-05-08 10:59:33
745100261267,PALITROQUES AVENA MIEL,PALITROQUES AVENA MIEL,PALITROQUES AVENA MIEL,insert,1,https://riba.app/imgrs/THUMBS%20500X500/327732.JPG,tabs/detalle-producto/327732,75.000,75.000,75.000,USD,1,{},"{""MARCA"": [""RIMITH""], ""CATEGORIA"": [""Snacks""]}","[""Snacks""]",,https://riba.app/imgrs/THUMBS%20500X500/327732.JPG,0,0,"[""296""]",75.000,2026-05-08 10:59:33
745100261268,PALITROQUES COCO MIEL DE CAÑA,PALITROQUES COCO MIEL DE CAÑA,PALITROQUES COCO MIEL DE CAÑA,insert,1,https://riba.app/imgrs/THUMBS%20500X500/327731.JPG,tabs/detalle-producto/327731,75.000,75.000,75.000,USD,1,{},"{""MARCA"": [""RIMITH""], ""CATEGORIA"": [""Snacks""]}","[""Snacks""]",,https://riba.app/imgrs/THUMBS%20500X500/327731.JPG,0,0,"[""296""]",75.000,2026-05-08 10:59:33
745100261302,PAN DE MAIZ ,PAN DE MAIZ ,PAN DE MAIZ ,insert,1,https://riba.app/imgrs/THUMBS%20500X500/16279.JPG,tabs/detalle-producto/16279,195.000,195.000,195.000,USD,1,{},"{""MARCA"": [""RIMITH""], ""CATEGORIA"": [""PANES Y DULCES""]}","[""PANES Y DULCES""]",,https://riba.app/imgrs/THUMBS%20500X500/16279.JPG,0,0,"[""269""]",195.000,2026-05-08 10:59:33
745100261303,PAN  DE PASITAS,PAN  DE PASITAS,PAN  DE PASITAS,insert,1,https://riba.app/imgrs/THUMBS%20500X500/16298.JPG,tabs/detalle-producto/16298,343.000,343.000,343.000,USD,1,{},"{""MARCA"": [""RIMITH""], ""CATEGORIA"": [""PANES Y DULCES""]}","[""PANES Y DULCES""]",,https://riba.app/imgrs/THUMBS%20500X500/16298.JPG,0,0,"[""269""]",343.000,2026-05-08 10:59:33
745100261305,PAN DE CENTENO,PAN DE CENTENO,PAN DE CENTENO,insert,1,https://riba.app/imgrs/THUMBS%20500X500/16257.JPG,tabs/detalle-producto/16257,330.000,330.000,330.000,USD,1,{},"{""MARCA"": [""RIMITH""], ""CATEGORIA"": [""PANES Y DULCES""]}","[""PANES Y DULCES""]",,https://riba.app/imgrs/THUMBS%20500X500/16257.JPG,0,0,"[""269""]",330.000,2026-05-08 10:59:33
745100261309,PIPOTITOS T TIPICO ,PIPOTITOS T TIPICO ,PIPOTITOS T TIPICO ,insert,1,https://riba.app/imgrs/THUMBS%20500X500/59921.JPG,tabs/detalle-producto/59921,195.000,195.000,195.000,USD,1,{},"{""MARCA"": [""RIMITH""], ""CATEGORIA"": [""PANES Y DULCES""]}","[""PANES Y DULCES""]",,https://riba.app/imgrs/THUMBS%20500X500/59921.JPG,0,0,"[""269""]",195.000,2026-05-08 10:59:33
745100261321,PANECILLO BUN CON PASITAS,PANECILLO BUN CON PASITAS,PANECILLO BUN CON PASITAS,insert,1,https://riba.app/imgrs/THUMBS%20500X500/253449.JPG,tabs/detalle-producto/253449,300.000,300.000,300.000,USD,1,{},"{""MARCA"": [""RIMITH""], ""CATEGORIA"": [""PANES Y DULCES""]}","[""PANES Y DULCES""]",,https://riba.app/imgrs/THUMBS%20500X500/253449.JPG,0,0,"[""269""]",300.000,2026-05-08 10:59:33
745100261322,PAN CON ESPECIES Y PARMESANO,PAN CON ESPECIES Y PARMESANO,PAN CON ESPECIES Y PARMESANO,insert,1,https://riba.app/imgrs/THUMBS%20500X500/253443.JPG,tabs/detalle-producto/253443,400.000,400.000,400.000,USD,1,{},"{""MARCA"": [""RIMITH""], ""CATEGORIA"": [""PANES Y DULCES""]}","[""PANES Y DULCES""]",,https://riba.app/imgrs/THUMBS%20500X500/253443.JPG,0,0,"[""269""]",400.000,2026-05-08 10:59:33
745100261323,PAN BRIOCHE,PAN BRIOCHE,PAN BRIOCHE,insert,1,https://riba.app/imgrs/THUMBS%20500X500/278117.JPG,tabs/detalle-producto/278117,390.000,390.000,390.000,USD,1,{},"{""MARCA"": [""RIMITH""], ""CATEGORIA"": [""PANES Y DULCES""]}","[""PANES Y DULCES""]",,https://riba.app/imgrs/THUMBS%20500X500/278117.JPG,0,0,"[""269""]",390.000,2026-05-08 10:59:33
745100261324,PAN DE GUINEO CON NUECES,PAN DE GUINEO CON NUECES,PAN DE GUINEO CON NUECES,insert,1,https://riba.app/imgrs/THUMBS%20500X500/278118.JPG,tabs/detalle-producto/278118,390.000,390.000,390.000,USD,1,{},"{""MARCA"": [""RIMITH""], ""CATEGORIA"": [""PANES Y DULCES""]}","[""PANES Y DULCES""]",,https://riba.app/imgrs/THUMBS%20500X500/278118.JPG,0,0,"[""269""]",390.000,2026-05-08 10:59:33
745100261325,PAN CON COCO 8UN,PAN CON COCO 8UN,PAN CON COCO 8UN,insert,1,https://riba.app/imgrs/THUMBS%20500X500/314930.JPG,tabs/detalle-producto/314930,325.000,325.000,325.000,USD,1,{},"{""MARCA"": [""RIMITH""], ""CATEGORIA"": [""PANES Y DULCES""]}","[""PANES Y DULCES""]",,https://riba.app/imgrs/THUMBS%20500X500/314930.JPG,0,0,"[""269""]",325.000,2026-05-08 10:59:33
745100261326,PAN PASITA ESENCIAL,PAN PASITA ESENCIAL,PAN PASITA ESENCIAL,insert,1,https://riba.app/imgrs/THUMBS%20500X500/322950.JPG,tabs/detalle-producto/322950,225.000,225.000,225.000,USD,1,{},"{""MARCA"": [""RIMITH""], ""CATEGORIA"": [""PANES Y DULCES""]}","[""PANES Y DULCES""]",,https://riba.app/imgrs/THUMBS%20500X500/322950.JPG,0,0,"[""269""]",225.000,2026-05-08 10:59:33
745100261401,PAN DE LECHE,PAN DE LECHE,PAN DE LECHE,insert,1,https://riba.app/imgrs/THUMBS%20500X500/16278.JPG,tabs/detalle-producto/16278,325.000,325.000,325.000,USD,1,{},"{""MARCA"": [""RIMITH""], ""CATEGORIA"": [""PANES Y DULCES""]}","[""PANES Y DULCES""]",,https://riba.app/imgrs/THUMBS%20500X500/16278.JPG,0,0,"[""269""]",325.000,2026-05-08 10:59:33
745100261402,PAN DE MANTEQUILLA CH,PAN DE MANTEQUILLA CH,PAN DE MANTEQUILLA CH,insert,1,https://riba.app/imgrs/THUMBS%20500X500/16280.JPG,tabs/detalle-producto/16280,255.000,255.000,255.000,USD,1,{},"{""MARCA"": [""RIMITH""], ""CATEGORIA"": [""PANES Y DULCES""]}","[""PANES Y DULCES""]",,https://riba.app/imgrs/THUMBS%20500X500/16280.JPG,0,0,"[""269""]",255.000,2026-05-08 10:59:33
745100261403,PULLMAN ESPECIAL,PULLMAN ESPECIAL,PULLMAN ESPECIAL,insert,1,https://riba.app/imgrs/THUMBS%20500X500/16306.JPG,tabs/detalle-producto/16306,270.000,270.000,270.000,USD,1,{},"{""MARCA"": [""RIMITH""], ""CATEGORIA"": [""PANES Y DULCES""]}","[""PANES Y DULCES""]",,https://riba.app/imgrs/THUMBS%20500X500/16306.JPG,0,0,"[""269""]",270.000,2026-05-08 10:59:33
745100261404,PAN PULLMAN GIGANTE,PAN PULLMAN GIGANTE,PAN PULLMAN GIGANTE,insert,1,https://riba.app/imgrs/THUMBS%20500X500/16307.JPG,tabs/detalle-producto/16307,575.000,575.000,575.000,USD,1,{},"{""MARCA"": [""RIMITH""], ""CATEGORIA"": [""PANES Y DULCES""]}","[""PANES Y DULCES""]",,https://riba.app/imgrs/THUMBS%20500X500/16307.JPG,0,0,"[""269""]",575.000,2026-05-08 10:59:33
745100261405,PULLMAN ESP CORTE A LO LARGO ,PULLMAN ESP CORTE A LO LARGO ,PULLMAN ESP CORTE A LO LARGO ,insert,1,https://riba.app/imgrs/THUMBS%20500X500/16308.JPG,tabs/detalle-producto/16308,335.000,335.000,335.000,USD,1,{},"{""MARCA"": [""RIMITH""], ""CATEGORIA"": [""PANES Y DULCES""]}","[""PANES Y DULCES""]",,https://riba.app/imgrs/THUMBS%20500X500/16308.JPG,0,0,"[""269""]",335.000,2026-05-08 10:59:33
745100261411,PAN DE MANTEQUILLA,PAN DE MANTEQUILLA,PAN DE MANTEQUILLA,insert,1,https://riba.app/imgrs/THUMBS%20500X500/105451.JPG,tabs/detalle-producto/105451,340.000,340.000,340.000,USD,1,{},"{""MARCA"": [""RIMITH""], ""CATEGORIA"": [""PANES Y DULCES""]}","[""PANES Y DULCES""]",,https://riba.app/imgrs/THUMBS%20500X500/105451.JPG,0,0,"[""269""]",340.000,2026-05-08 10:59:33
745100261414,PAN DE MOLDE CLASICO,PAN DE MOLDE CLASICO,PAN DE MOLDE CLASICO,insert,1,https://riba.app/imgrs/THUMBS%20500X500/219568.JPG,tabs/detalle-producto/219568,92.000,92.000,92.000,USD,1,{},"{""MARCA"": [""RIMITH""], ""CATEGORIA"": [""PANES Y DULCES""]}","[""PANES Y DULCES""]",,https://riba.app/imgrs/THUMBS%20500X500/219568.JPG,0,0,"[""269""]",92.000,2026-05-08 10:59:33
745100261416,PAN MOLDE CAMPESINO,PAN MOLDE CAMPESINO,PAN MOLDE CAMPESINO,insert,1,https://riba.app/imgrs/THUMBS%20500X500/252267.JPG,tabs/detalle-producto/252267,350.000,350.000,350.000,USD,1,{},"{""MARCA"": [""RIMITH""], ""CATEGORIA"": [""PANES Y DULCES""]}","[""PANES Y DULCES""]",,https://riba.app/imgrs/THUMBS%20500X500/252267.JPG,0,0,"[""269""]",350.000,2026-05-08 10:59:33
745100261417,PULLMAN MOLDE CLASICO ESENCIAL,PULLMAN MOLDE CLASICO ESENCIAL,PULLMAN MOLDE CLASICO ESENCIAL,insert,1,https://riba.app/imgrs/THUMBS%20500X500/254535.JPG,tabs/detalle-producto/254535,150.000,150.000,150.000,USD,1,{},"{""MARCA"": [""RIMITH""], ""CATEGORIA"": [""PANES Y DULCES""]}","[""PANES Y DULCES""]",,https://riba.app/imgrs/THUMBS%20500X500/254535.JPG,0,0,"[""269""]",150.000,2026-05-08 10:59:33
745100261420,PANECILLO BUN MANTEQUILLA 12UN,PANECILLO BUN MANTEQUILLA 12UN,PANECILLO BUN MANTEQUILLA 12UN,insert,1,https://riba.app/imgrs/THUMBS%20500X500/315843.JPG,tabs/detalle-producto/315843,320.000,320.000,320.000,USD,1,{},"{""MARCA"": [""RIMITH""], ""CATEGORIA"": [""PANES Y DULCES""]}","[""PANES Y DULCES""]",,https://riba.app/imgrs/THUMBS%20500X500/315843.JPG,0,0,"[""269""]",320.000,2026-05-08 10:59:33
745100261422,PAN MANTEQUILLA ESENCIAL,PAN MANTEQUILLA ESENCIAL,PAN MANTEQUILLA ESENCIAL,insert,1,https://riba.app/imgrs/THUMBS%20500X500/327733.JPG,tabs/detalle-producto/327733,195.000,195.000,195.000,USD,1,{},"{""MARCA"": [""RIMITH""], ""CATEGORIA"": [""PANES Y DULCES""]}","[""PANES Y DULCES""]",,https://riba.app/imgrs/THUMBS%20500X500/327733.JPG,0,0,"[""269""]",195.000,2026-05-08 10:59:33
745100261423,PAN BLANCO CON MASA MADRE,PAN BLANCO CON MASA MADRE,PAN BLANCO CON MASA MADRE,insert,1,https://riba.app/imgrs/THUMBS%20500X500/347131.JPG,tabs/detalle-producto/347131,325.000,325.000,325.000,USD,1,{},"{""MARCA"": [""RIMITH""], ""CATEGORIA"": [""PANES Y DULCES""]}","[""PANES Y DULCES""]",,https://riba.app/imgrs/THUMBS%20500X500/347131.JPG,0,0,"[""269""]",325.000,2026-05-08 10:59:33
745100261502,PAN DE HUEVO CHICO,PAN DE HUEVO CHICO,PAN DE HUEVO CHICO,insert,1,https://riba.app/imgrs/THUMBS%20500X500/16272.JPG,tabs/detalle-producto/16272,300.000,300.000,300.000,USD,1,{},"{""MARCA"": [""RIMITH""], ""CATEGORIA"": [""PANES Y DULCES""]}","[""PANES Y DULCES""]",,https://riba.app/imgrs/THUMBS%20500X500/16272.JPG,0,0,"[""269""]",300.000,2026-05-08 10:59:33
745100261503,PAN DE HUEVO GRANDE,PAN DE HUEVO GRANDE,PAN DE HUEVO GRANDE,insert,1,https://riba.app/imgrs/THUMBS%20500X500/16273.JPG,tabs/detalle-producto/16273,385.000,385.000,385.000,USD,1,{},"{""MARCA"": [""RIMITH""], ""CATEGORIA"": [""PANES Y DULCES""]}","[""PANES Y DULCES""]",,https://riba.app/imgrs/THUMBS%20500X500/16273.JPG,0,0,"[""269""]",385.000,2026-05-08 10:59:33
745100261504,ROSCA DE PAN DE HUEVO,ROSCA DE PAN DE HUEVO,ROSCA DE PAN DE HUEVO,insert,1,https://riba.app/imgrs/THUMBS%20500X500/16310.JPG,tabs/detalle-producto/16310,495.000,495.000,495.000,USD,1,{},"{""MARCA"": [""RIMITH""], ""CATEGORIA"": [""PANES Y DULCES""]}","[""PANES Y DULCES""]",,https://riba.app/imgrs/THUMBS%20500X500/16310.JPG,0,0,"[""269""]",495.000,2026-05-08 10:59:33
745100261505,ROSCA DE NAVIDAD,ROSCA DE NAVIDAD,ROSCA DE NAVIDAD,insert,1,https://riba.app/imgrs/THUMBS%20500X500/16312.JPG,tabs/detalle-producto/16312,495.000,495.000,495.000,USD,1,{},"{""MARCA"": [""RIMITH""], ""CATEGORIA"": [""PANES Y DULCES""]}","[""PANES Y DULCES""]",,https://riba.app/imgrs/THUMBS%20500X500/16312.JPG,0,0,"[""269""]",495.000,2026-05-08 10:59:33
745100261507,PAN MOÑA (LAGARTO),PAN MOÑA (LAGARTO),PAN MOÑA (LAGARTO),insert,1,https://riba.app/imgrs/THUMBS%20500X500/16288.JPG,tabs/detalle-producto/16288,285.000,285.000,285.000,USD,1,{},"{""MARCA"": [""RIMITH""], ""CATEGORIA"": [""PANES Y DULCES""]}","[""PANES Y DULCES""]",,https://riba.app/imgrs/THUMBS%20500X500/16288.JPG,0,0,"[""269""]",285.000,2026-05-08 10:59:33
745100261509,ROSCA PARA REYES,ROSCA PARA REYES,ROSCA PARA REYES,insert,1,https://riba.app/imgrs/THUMBS%20500X500/223180.JPG,tabs/detalle-producto/223180,870.000,870.000,870.000,USD,1,{},"{""MARCA"": [""RIMITH""], ""CATEGORIA"": [""PANES Y DULCES""]}","[""PANES Y DULCES""]",,https://riba.app/imgrs/THUMBS%20500X500/223180.JPG,0,0,"[""269""]",870.000,2026-05-08 10:59:33
745100261512,PAN DE HUEVO ESENCIAL,PAN DE HUEVO ESENCIAL,PAN DE HUEVO ESENCIAL,insert,1,https://riba.app/imgrs/THUMBS%20500X500/329458.JPG,tabs/detalle-producto/329458,195.000,195.000,195.000,USD,1,{},"{""MARCA"": [""RIMITH""], ""CATEGORIA"": [""PANES Y DULCES""]}","[""PANES Y DULCES""]",,https://riba.app/imgrs/THUMBS%20500X500/329458.JPG,0,0,"[""269""]",195.000,2026-05-08 10:59:33
745100261602,PAN MICHITA PAQUETE,PAN MICHITA PAQUETE,PAN MICHITA PAQUETE,insert,1,https://riba.app/imgrs/THUMBS%20500X500/16284.JPG,tabs/detalle-producto/16284,295.000,295.000,295.000,USD,1,{},"{""MARCA"": [""RIMITH""], ""CATEGORIA"": [""PANES Y DULCES""]}","[""PANES Y DULCES""]",,https://riba.app/imgrs/THUMBS%20500X500/16284.JPG,0,0,"[""269""]",295.000,2026-05-08 10:59:33
745100261603,PAN MICHITA ESENCIAL,PAN MICHITA ESENCIAL,PAN MICHITA ESENCIAL,insert,1,https://riba.app/imgrs/THUMBS%20500X500/329460.JPG,tabs/detalle-producto/329460,115.000,115.000,115.000,USD,1,{},"{""MARCA"": [""RIMITH""], ""CATEGORIA"": [""PANES Y DULCES""]}","[""PANES Y DULCES""]",,https://riba.app/imgrs/THUMBS%20500X500/329460.JPG,0,0,"[""269""]",115.000,2026-05-08 10:59:33
745100261610,BAGEL ORIGINAL (6UN),BAGEL ORIGINAL (6UN),BAGEL ORIGINAL (6UN),insert,1,https://riba.app/imgrs/THUMBS%20500X500/346189.JPG,tabs/detalle-producto/346189,315.000,315.000,315.000,USD,1,{},"{""MARCA"": [""RIMITH""], ""CATEGORIA"": [""PANES Y DULCES""]}","[""PANES Y DULCES""]",,https://riba.app/imgrs/THUMBS%20500X500/346189.JPG,0,0,"[""269""]",315.000,2026-05-08 10:59:33
745100261611,BAGEL MASA MADRE (6UN),BAGEL MASA MADRE (6UN),BAGEL MASA MADRE (6UN),insert,1,https://riba.app/imgrs/THUMBS%20500X500/346191.JPG,tabs/detalle-producto/346191,315.000,315.000,315.000,USD,1,{},"{""MARCA"": [""RIMITH""], ""CATEGORIA"": [""PANES Y DULCES""]}","[""PANES Y DULCES""]",,https://riba.app/imgrs/THUMBS%20500X500/346191.JPG,0,0,"[""269""]",315.000,2026-05-08 10:59:33
745100261612,BAGEL EVERYTHING (6UN),BAGEL EVERYTHING (6UN),BAGEL EVERYTHING (6UN),insert,1,https://riba.app/imgrs/THUMBS%20500X500/346190.JPG,tabs/detalle-producto/346190,315.000,315.000,315.000,USD,1,{},"{""MARCA"": [""RIMITH""], ""CATEGORIA"": [""PANES Y DULCES""]}","[""PANES Y DULCES""]",,https://riba.app/imgrs/THUMBS%20500X500/346190.JPG,0,0,"[""269""]",315.000,2026-05-08 10:59:33
745100262003,DANES DE CANELA,DANES DE CANELA,DANES DE CANELA,insert,1,https://riba.app/imgrs/THUMBS%20500X500/16571.JPG,tabs/detalle-producto/16571,258.000,258.000,258.000,USD,1,{},"{""MARCA"": [""RIMITH""], ""CATEGORIA"": [""PANES Y DULCES""]}","[""PANES Y DULCES""]",,https://riba.app/imgrs/THUMBS%20500X500/16571.JPG,0,0,"[""269""]",258.000,2026-05-08 10:59:33
745100262004,DANES CON PASAS,DANES CON PASAS,DANES CON PASAS,insert,1,https://riba.app/imgrs/THUMBS%20500X500/16574.JPG,tabs/detalle-producto/16574,310.000,310.000,310.000,USD,1,{},"{""MARCA"": [""RIMITH""], ""CATEGORIA"": [""PANES Y DULCES""]}","[""PANES Y DULCES""]",,https://riba.app/imgrs/THUMBS%20500X500/16574.JPG,0,0,"[""269""]",310.000,2026-05-08 10:59:33
745100262005,DANES RELLENO,DANES RELLENO,DANES RELLENO,insert,1,https://riba.app/imgrs/THUMBS%20500X500/16580.JPG,tabs/detalle-producto/16580,295.000,295.000,295.000,USD,1,{},"{""MARCA"": [""RIMITH""], ""CATEGORIA"": [""PANES Y DULCES""]}","[""PANES Y DULCES""]",,https://riba.app/imgrs/THUMBS%20500X500/16580.JPG,0,0,"[""269""]",295.000,2026-05-08 10:59:33
745100262006,DANES PASAS PEGADITOS,DANES PASAS PEGADITOS,DANES PASAS PEGADITOS,insert,1,https://riba.app/imgrs/THUMBS%20500X500/16579.JPG,tabs/detalle-producto/16579,118.000,118.000,118.000,USD,1,{},"{""MARCA"": [""RIMITH""], ""CATEGORIA"": [""PANES Y DULCES""]}","[""PANES Y DULCES""]",,https://riba.app/imgrs/THUMBS%20500X500/16579.JPG,0,0,"[""269""]",118.000,2026-05-08 10:59:33
745100262011,DANES CANELA S ,DANES CANELA S ,DANES CANELA S ,insert,1,https://riba.app/imgrs/THUMBS%20500X500/16572.JPG,tabs/detalle-producto/16572,90.000,90.000,90.000,USD,1,{},"{""MARCA"": [""RIMITH""], ""CATEGORIA"": [""PANES Y DULCES""]}","[""PANES Y DULCES""]",,https://riba.app/imgrs/THUMBS%20500X500/16572.JPG,0,0,"[""269""]",90.000,2026-05-08 10:59:33
745100262016,PAN BON,PAN BON,PAN BON,insert,1,https://riba.app/imgrs/THUMBS%20500X500/311524.JPG,tabs/detalle-producto/311524,330.000,330.000,330.000,USD,1,{},"{""MARCA"": [""RIMITH""], ""CATEGORIA"": [""PANES Y DULCES""]}","[""PANES Y DULCES""]",,https://riba.app/imgrs/THUMBS%20500X500/311524.JPG,0,0,"[""269""]",330.000,2026-05-08 10:59:33
745100262018,PAN DULCE ESENCIAL 3 UN EMP.,PAN DULCE ESENCIAL 3 UN EMP.,PAN DULCE ESENCIAL 3 UN EMP.,insert,1,https://riba.app/imgrs/THUMBS%20500X500/331970.JPG,tabs/detalle-producto/331970,145.000,145.000,145.000,USD,1,{},"{""MARCA"": [""RIMITH""], ""CATEGORIA"": [""PANES Y DULCES""]}","[""PANES Y DULCES""]",,https://riba.app/imgrs/THUMBS%20500X500/331970.JPG,0,0,"[""269""]",145.000,2026-05-08 10:59:33
745100262101,BIZCOCHO CHICO,BIZCOCHO CHICO,BIZCOCHO CHICO,insert,1,https://riba.app/imgrs/THUMBS%20500X500/16339.JPG,tabs/detalle-producto/16339,265.000,265.000,265.000,USD,1,{},"{""MARCA"": [""RIMITH""], ""CATEGORIA"": [""PANES Y DULCES""]}","[""PANES Y DULCES""]",,https://riba.app/imgrs/THUMBS%20500X500/16339.JPG,0,0,"[""269""]",265.000,2026-05-08 10:59:33
745100262117,PUDIN SUELTO,PUDIN SUELTO,PUDIN SUELTO,insert,1,https://riba.app/imgrs/THUMBS%20500X500/16680.JPG,tabs/detalle-producto/16680,70.000,70.000,70.000,USD,1,{},"{""MARCA"": [""RIMITH""], ""CATEGORIA"": [""PANES Y DULCES""]}","[""PANES Y DULCES""]",,https://riba.app/imgrs/THUMBS%20500X500/16680.JPG,0,0,"[""269""]",70.000,2026-05-08 10:59:33
745100262118,PIONONO IMPERIAL ,PIONONO IMPERIAL ,PIONONO IMPERIAL ,insert,1,https://riba.app/imgrs/THUMBS%20500X500/300001.JPG,tabs/detalle-producto/300001,660.000,660.000,660.000,USD,1,{},"{""MARCA"": [""RIMITH""], ""CATEGORIA"": [""PANES Y DULCES""]}","[""PANES Y DULCES""]",,https://riba.app/imgrs/THUMBS%20500X500/300001.JPG,0,0,"[""269""]",660.000,2026-05-08 10:59:33
745100262119,PIONONO VALENTINO,PIONONO VALENTINO,PIONONO VALENTINO,insert,1,https://riba.app/imgrs/THUMBS%20500X500/312064.JPG,tabs/detalle-producto/312064,650.000,650.000,650.000,USD,1,{},"{""MARCA"": [""RIMITH""], ""CATEGORIA"": [""PANES Y DULCES""]}","[""PANES Y DULCES""]",,https://riba.app/imgrs/THUMBS%20500X500/312064.JPG,0,0,"[""269""]",650.000,2026-05-08 10:59:33
745100262120,MAMALLENA EMPACADA,MAMALLENA EMPACADA,MAMALLENA EMPACADA,insert,1,https://riba.app/imgrs/THUMBS%20500X500/323313.JPG,tabs/detalle-producto/323313,170.000,170.000,170.000,USD,1,{},"{""MARCA"": [""RIMITH""], ""CATEGORIA"": [""PANES Y DULCES""]}","[""PANES Y DULCES""]",,https://riba.app/imgrs/THUMBS%20500X500/323313.JPG,0,0,"[""269""]",170.000,2026-05-08 10:59:33
745100262201,CAKE  AMARILLO,CAKE  AMARILLO,CAKE  AMARILLO,insert,1,https://riba.app/imgrs/THUMBS%20500X500/16350.JPG,tabs/detalle-producto/16350,275.000,275.000,275.000,USD,1,{},"{""MARCA"": [""RIMITH""], ""CATEGORIA"": [""PANES Y DULCES""]}","[""PANES Y DULCES""]",,https://riba.app/imgrs/THUMBS%20500X500/16350.JPG,0,0,"[""269""]",275.000,2026-05-08 10:59:33
745100262202,CAKE BALBOA,CAKE BALBOA,CAKE BALBOA,insert,1,https://riba.app/imgrs/THUMBS%20500X500/16450.JPG,tabs/detalle-producto/16450,230.000,230.000,230.000,USD,1,{},"{""MARCA"": [""RIMITH""], ""CATEGORIA"": [""PANES Y DULCES""]}","[""PANES Y DULCES""]",,https://riba.app/imgrs/THUMBS%20500X500/16450.JPG,0,0,"[""269""]",230.000,2026-05-08 10:59:33
745100262203,CAKE DE CHOCOLATE,CAKE DE CHOCOLATE,CAKE DE CHOCOLATE,insert,1,https://riba.app/imgrs/THUMBS%20500X500/16476.JPG,tabs/detalle-producto/16476,320.000,320.000,320.000,USD,1,{},"{""MARCA"": [""RIMITH""], ""CATEGORIA"": [""PANES Y DULCES""]}","[""PANES Y DULCES""]",,https://riba.app/imgrs/THUMBS%20500X500/16476.JPG,0,0,"[""269""]",320.000,2026-05-08 10:59:33
745100262205,CAKE DE GUINEO,CAKE DE GUINEO,CAKE DE GUINEO,insert,1,https://riba.app/imgrs/THUMBS%20500X500/16528.JPG,tabs/detalle-producto/16528,260.000,260.000,260.000,USD,1,{},"{""MARCA"": [""RIMITH""], ""CATEGORIA"": [""PANES Y DULCES""]}","[""PANES Y DULCES""]",,https://riba.app/imgrs/THUMBS%20500X500/16528.JPG,0,0,"[""269""]",260.000,2026-05-08 10:59:33
745100262207,TORTA DE CAKE AMARILLO,TORTA DE CAKE AMARILLO,TORTA DE CAKE AMARILLO,insert,1,https://riba.app/imgrs/THUMBS%20500X500/16701.JPG,tabs/detalle-producto/16701,450.000,450.000,450.000,USD,1,{},"{""MARCA"": [""RIMITH""], ""CATEGORIA"": [""PANES Y DULCES""]}","[""PANES Y DULCES""]",,https://riba.app/imgrs/THUMBS%20500X500/16701.JPG,0,0,"[""269""]",450.000,2026-05-08 10:59:33
745100262208,VOLTEADO DE PIÑA,VOLTEADO DE PIÑA,VOLTEADO DE PIÑA,insert,1,https://riba.app/imgrs/THUMBS%20500X500/16710.JPG,tabs/detalle-producto/16710,385.000,385.000,385.000,USD,1,{},"{""MARCA"": [""RIMITH""], ""CATEGORIA"": [""PANES Y DULCES""]}","[""PANES Y DULCES""]",,https://riba.app/imgrs/THUMBS%20500X500/16710.JPG,0,0,"[""269""]",385.000,2026-05-08 10:59:33
745100262209,CUP CAKE ,CUP CAKE ,CUP CAKE ,insert,1,https://riba.app/imgrs/THUMBS%20500X500/16562.JPG,tabs/detalle-producto/16562,172.000,172.000,172.000,USD,1,{},"{""MARCA"": [""RIMITH""], ""CATEGORIA"": [""PANES Y DULCES""]}","[""PANES Y DULCES""]",,https://riba.app/imgrs/THUMBS%20500X500/16562.JPG,0,0,"[""269""]",172.000,2026-05-08 10:59:33
745100262210,CUP CAKE ESCOLAR,CUP CAKE ESCOLAR,CUP CAKE ESCOLAR,insert,1,https://riba.app/imgrs/THUMBS%20500X500/16565.JPG,tabs/detalle-producto/16565,100.000,100.000,100.000,USD,1,{},"{""MARCA"": [""RIMITH""], ""CATEGORIA"": [""PANES Y DULCES""]}","[""PANES Y DULCES""]",,https://riba.app/imgrs/THUMBS%20500X500/16565.JPG,0,0,"[""269""]",100.000,2026-05-08 10:59:33
745100262226,CAKE BALBOA SUELTO,CAKE BALBOA SUELTO,CAKE BALBOA SUELTO,insert,1,https://riba.app/imgrs/THUMBS%20500X500/16451.JPG,tabs/detalle-producto/16451,100.000,100.000,100.000,USD,1,{},"{""MARCA"": [""RIMITH""], ""CATEGORIA"": [""PANES Y DULCES""]}","[""PANES Y DULCES""]",,https://riba.app/imgrs/THUMBS%20500X500/16451.JPG,0,0,"[""269""]",100.000,2026-05-08 10:59:33
745100262227,CAKE AMARILLO S ,CAKE AMARILLO S ,CAKE AMARILLO S ,insert,1,https://riba.app/imgrs/THUMBS%20500X500/16351.JPG,tabs/detalle-producto/16351,70.000,70.000,70.000,USD,1,{},"{""MARCA"": [""RIMITH""], ""CATEGORIA"": [""PANES Y DULCES""]}","[""PANES Y DULCES""]",,https://riba.app/imgrs/THUMBS%20500X500/16351.JPG,0,0,"[""269""]",70.000,2026-05-08 10:59:33
745100262229,VOLTEADO DE PIÑA UN,VOLTEADO DE PIÑA UN,VOLTEADO DE PIÑA UN,insert,1,https://riba.app/imgrs/THUMBS%20500X500/16788.JPG,tabs/detalle-producto/16788,85.000,85.000,85.000,USD,1,{},"{""MARCA"": [""RIMITH""], ""CATEGORIA"": [""PANES Y DULCES""]}","[""PANES Y DULCES""]",,https://riba.app/imgrs/THUMBS%20500X500/16788.JPG,0,0,"[""269""]",85.000,2026-05-08 10:59:33
745100262231,CUP CAKE  INDIVIDUAL,CUP CAKE  INDIVIDUAL,CUP CAKE  INDIVIDUAL,insert,1,https://riba.app/imgrs/THUMBS%20500X500/150908.JPG,tabs/detalle-producto/150908,70.000,70.000,70.000,USD,1,{},"{""MARCA"": [""RIMITH""], ""CATEGORIA"": [""PANES Y DULCES""]}","[""PANES Y DULCES""]",,https://riba.app/imgrs/THUMBS%20500X500/150908.JPG,0,0,"[""269""]",70.000,2026-05-08 10:59:33
745100262232,CAKE CHOCOLATE SUELTO,CAKE CHOCOLATE SUELTO,CAKE CHOCOLATE SUELTO,insert,1,https://riba.app/imgrs/THUMBS%20500X500/16477.JPG,tabs/detalle-producto/16477,75.000,75.000,75.000,USD,1,{},"{""MARCA"": [""RIMITH""], ""CATEGORIA"": [""PANES Y DULCES""]}","[""PANES Y DULCES""]",,https://riba.app/imgrs/THUMBS%20500X500/16477.JPG,0,0,"[""269""]",75.000,2026-05-08 10:59:33
745100262233,RUM CAKE ,RUM CAKE ,RUM CAKE ,insert,1,https://riba.app/imgrs/THUMBS%20500X500/135658.JPG,tabs/detalle-producto/135658,885.000,885.000,885.000,USD,1,{},"{""MARCA"": [""RIMITH""], ""CATEGORIA"": [""PANES Y DULCES""]}","[""PANES Y DULCES""]",,https://riba.app/imgrs/THUMBS%20500X500/135658.JPG,0,0,"[""269""]",885.000,2026-05-08 10:59:33
745100262235,RUM CAKE MINI ,RUM CAKE MINI ,RUM CAKE MINI ,insert,1,https://riba.app/imgrs/THUMBS%20500X500/218213.JPG,tabs/detalle-producto/218213,125.000,125.000,125.000,USD,1,{},"{""MARCA"": [""RIMITH""], ""CATEGORIA"": [""PANES Y DULCES""]}","[""PANES Y DULCES""]",,https://riba.app/imgrs/THUMBS%20500X500/218213.JPG,0,0,"[""269""]",125.000,2026-05-08 10:59:33
745100262240,LIQUOR CAKE CON CAFE,LIQUOR CAKE CON CAFE,LIQUOR CAKE CON CAFE,insert,1,https://riba.app/imgrs/THUMBS%20500X500/247779.JPG,tabs/detalle-producto/247779,1.185.000,1.185.000,1.185.000,USD,1,{},"{""MARCA"": [""RIMITH""], ""CATEGORIA"": [""PANES Y DULCES""]}","[""PANES Y DULCES""]",,https://riba.app/imgrs/THUMBS%20500X500/247779.JPG,0,0,"[""269""]",1.185.000,2026-05-08 10:59:33
745100262241,RUM CAKE CON PASITA,RUM CAKE CON PASITA,RUM CAKE CON PASITA,insert,1,https://riba.app/imgrs/THUMBS%20500X500/247778.JPG,tabs/detalle-producto/247778,885.000,885.000,885.000,USD,1,{},"{""MARCA"": [""RIMITH""], ""CATEGORIA"": [""PANES Y DULCES""]}","[""PANES Y DULCES""]",,https://riba.app/imgrs/THUMBS%20500X500/247778.JPG,0,0,"[""269""]",885.000,2026-05-08 10:59:33
745100262242,MUFFIN DE CHOCO CHIPS 1 UN,MUFFIN DE CHOCO CHIPS 1 UN,MUFFIN DE CHOCO CHIPS 1 UN,insert,1,https://riba.app/imgrs/THUMBS%20500X500/249388.JPG,tabs/detalle-producto/249388,100.000,100.000,100.000,USD,1,{},"{""MARCA"": [""RIMITH""], ""CATEGORIA"": [""PANES Y DULCES""]}","[""PANES Y DULCES""]",,https://riba.app/imgrs/THUMBS%20500X500/249388.JPG,0,0,"[""269""]",100.000,2026-05-08 10:59:33
745100262243,MUFFIN DE CHOCO CHIPS 2 UN,MUFFIN DE CHOCO CHIPS 2 UN,MUFFIN DE CHOCO CHIPS 2 UN,insert,1,https://riba.app/imgrs/THUMBS%20500X500/249389.JPG,tabs/detalle-producto/249389,165.000,165.000,165.000,USD,1,{},"{""MARCA"": [""RIMITH""], ""CATEGORIA"": [""PANES Y DULCES""]}","[""PANES Y DULCES""]",,https://riba.app/imgrs/THUMBS%20500X500/249389.JPG,0,0,"[""269""]",165.000,2026-05-08 10:59:33
745100262244,MUFFIN DE CHOCO CHIPS 4 UN,MUFFIN DE CHOCO CHIPS 4 UN,MUFFIN DE CHOCO CHIPS 4 UN,insert,1,https://riba.app/imgrs/THUMBS%20500X500/249390.JPG,tabs/detalle-producto/249390,315.000,315.000,315.000,USD,1,{},"{""MARCA"": [""RIMITH""], ""CATEGORIA"": [""PANES Y DULCES""]}","[""PANES Y DULCES""]",,https://riba.app/imgrs/THUMBS%20500X500/249390.JPG,0,0,"[""269""]",315.000,2026-05-08 10:59:33
745100262252,CAKE COCO RIMITH 6 PLG,CAKE COCO RIMITH 6 PLG,CAKE COCO RIMITH 6 PLG,insert,1,https://riba.app/imgrs/THUMBS%20500X500/301011.JPG,tabs/detalle-producto/301011,1.275.000,1.275.000,1.275.000,USD,1,{},"{""MARCA"": [""RIMITH""], ""CATEGORIA"": [""PANES Y DULCES""]}","[""PANES Y DULCES""]",,https://riba.app/imgrs/THUMBS%20500X500/301011.JPG,0,0,"[""269""]",1.275.000,2026-05-08 10:59:33
745100262253,VOLTEADO DE PIÑA 6 PLG,VOLTEADO DE PIÑA 6 PLG,VOLTEADO DE PIÑA 6 PLG,insert,1,https://riba.app/imgrs/THUMBS%20500X500/304051.JPG,tabs/detalle-producto/304051,1.885.000,1.885.000,1.885.000,USD,1,{},"{""MARCA"": [""RIMITH""], ""CATEGORIA"": [""PANES Y DULCES""]}","[""PANES Y DULCES""]",,https://riba.app/imgrs/THUMBS%20500X500/304051.JPG,0,0,"[""269""]",1.885.000,2026-05-08 10:59:33
745100262255,CUP CAKE ESENCIAL VAINILLA 2UN,CUP CAKE ESENCIAL VAINILLA 2UN,CUP CAKE ESENCIAL VAINILLA 2UN,insert,1,https://riba.app/imgrs/THUMBS%20500X500/333057.JPG,tabs/detalle-producto/333057,75.000,75.000,75.000,USD,1,{},"{""MARCA"": [""RIMITH""], ""CATEGORIA"": [""PANES Y DULCES""]}","[""PANES Y DULCES""]",,https://riba.app/imgrs/THUMBS%20500X500/333057.JPG,0,0,"[""269""]",75.000,2026-05-08 10:59:33
745100262260,BIZCOCHO DE VAINILLA,BIZCOCHO DE VAINILLA,BIZCOCHO DE VAINILLA,insert,1,https://riba.app/imgrs/THUMBS%20500X500/354766.JPG,tabs/detalle-producto/354766,180.000,180.000,180.000,USD,1,{},"{""MARCA"": [""RIMITH""], ""CATEGORIA"": [""PANES Y DULCES""]}","[""PANES Y DULCES""]",,https://riba.app/imgrs/THUMBS%20500X500/354766.JPG,0,0,"[""269""]",180.000,2026-05-08 10:59:33
745100262301,DONUT,DONUT,DONUT,insert,1,https://riba.app/imgrs/THUMBS%20500X500/16589.JPG,tabs/detalle-producto/16589,220.000,220.000,220.000,USD,1,{},"{""MARCA"": [""RIMITH""], ""CATEGORIA"": [""PANES Y DULCES""]}","[""PANES Y DULCES""]",,https://riba.app/imgrs/THUMBS%20500X500/16589.JPG,0,0,"[""269""]",220.000,2026-05-08 10:59:33
745100262304,PAN CANELA,PAN CANELA,PAN CANELA,insert,1,https://riba.app/imgrs/THUMBS%20500X500/16653.JPG,tabs/detalle-producto/16653,195.000,195.000,195.000,USD,1,{},"{""MARCA"": [""RIMITH""], ""CATEGORIA"": [""PANES Y DULCES""]}","[""PANES Y DULCES""]",,https://riba.app/imgrs/THUMBS%20500X500/16653.JPG,0,0,"[""269""]",195.000,2026-05-08 10:59:33
745100262311,MINI DONUTS RELL JALEA,MINI DONUTS RELL JALEA,MINI DONUTS RELL JALEA,insert,1,https://riba.app/imgrs/THUMBS%20500X500/64926.JPG,tabs/detalle-producto/64926,380.000,380.000,380.000,USD,1,{},"{""MARCA"": [""RIMITH""], ""CATEGORIA"": [""PANES Y DULCES""]}","[""PANES Y DULCES""]",,https://riba.app/imgrs/THUMBS%20500X500/64926.JPG,0,0,"[""269""]",380.000,2026-05-08 10:59:33
745100262401,CAKE DE FRUTAS,CAKE DE FRUTAS,CAKE DE FRUTAS,insert,1,https://riba.app/imgrs/THUMBS%20500X500/16492.JPG,tabs/detalle-producto/16492,245.000,245.000,245.000,USD,1,{},"{""MARCA"": [""RIMITH""], ""CATEGORIA"": [""PANES Y DULCES""]}","[""PANES Y DULCES""]",,https://riba.app/imgrs/THUMBS%20500X500/16492.JPG,0,0,"[""269""]",245.000,2026-05-08 10:59:33
745100262402,DULCE DE FRUTAS NAVIDAD CHICO,DULCE DE FRUTAS NAVIDAD CHICO,DULCE DE FRUTAS NAVIDAD CHICO,insert,1,https://riba.app/imgrs/THUMBS%20500X500/16490.JPG,tabs/detalle-producto/16490,610.000,610.000,610.000,USD,1,{},"{""MARCA"": [""RIMITH""], ""CATEGORIA"": [""PANES Y DULCES""]}","[""PANES Y DULCES""]",,https://riba.app/imgrs/THUMBS%20500X500/16490.JPG,0,0,"[""269""]",610.000,2026-05-08 10:59:33
745100262405,DULCE DE FRUTAS NAVIDAD GRANDE,DULCE DE FRUTAS NAVIDAD GRANDE,DULCE DE FRUTAS NAVIDAD GRANDE,insert,1,https://riba.app/imgrs/THUMBS%20500X500/16491.JPG,tabs/detalle-producto/16491,1.155.000,1.155.000,1.155.000,USD,1,{},"{""MARCA"": [""RIMITH""], ""CATEGORIA"": [""PANES Y DULCES""]}","[""PANES Y DULCES""]",,https://riba.app/imgrs/THUMBS%20500X500/16491.JPG,0,0,"[""269""]",1.155.000,2026-05-08 10:59:33
745100262500,GALLETA MANTEQUILLA FRESA,GALLETA MANTEQUILLA FRESA,GALLETA MANTEQUILLA FRESA,insert,1,https://riba.app/imgrs/THUMBS%20500X500/240481.JPG,tabs/detalle-producto/240481,190.000,190.000,190.000,USD,1,{},"{""MARCA"": [""RIMITH""], ""CATEGORIA"": [""Snacks""]}","[""Snacks""]",,https://riba.app/imgrs/THUMBS%20500X500/240481.JPG,0,0,"[""296""]",190.000,2026-05-08 10:59:33
745100262501,GALLETA DE AVENA ,GALLETA DE AVENA ,GALLETA DE AVENA ,insert,1,https://riba.app/imgrs/THUMBS%20500X500/16625.JPG,tabs/detalle-producto/16625,210.000,210.000,210.000,USD,1,{},"{""MARCA"": [""RIMITH""], ""CATEGORIA"": [""Snacks""]}","[""Snacks""]",,https://riba.app/imgrs/THUMBS%20500X500/16625.JPG,0,0,"[""296""]",210.000,2026-05-08 10:59:33
745100262506,GALLETA DE MANTECADO,GALLETA DE MANTECADO,GALLETA DE MANTECADO,insert,1,https://riba.app/imgrs/THUMBS%20500X500/16638.JPG,tabs/detalle-producto/16638,225.000,225.000,225.000,USD,1,{},"{""MARCA"": [""RIMITH""], ""CATEGORIA"": [""Snacks""]}","[""Snacks""]",,https://riba.app/imgrs/THUMBS%20500X500/16638.JPG,0,0,"[""296""]",225.000,2026-05-08 10:59:33
745100262507,GALLETA MANTEQUILLA PIÑA,GALLETA MANTEQUILLA PIÑA,GALLETA MANTEQUILLA PIÑA,insert,1,https://riba.app/imgrs/THUMBS%20500X500/16641.JPG,tabs/detalle-producto/16641,190.000,190.000,190.000,USD,1,{},"{""MARCA"": [""RIMITH""], ""CATEGORIA"": [""Snacks""]}","[""Snacks""]",,https://riba.app/imgrs/THUMBS%20500X500/16641.JPG,0,0,"[""296""]",190.000,2026-05-08 10:59:33
745100262509,OREJAS,OREJAS,OREJAS,insert,1,https://riba.app/imgrs/THUMBS%20500X500/16648.JPG,tabs/detalle-producto/16648,163.000,163.000,163.000,USD,1,{},"{""MARCA"": [""RIMITH""], ""CATEGORIA"": [""PANES Y DULCES""]}","[""PANES Y DULCES""]",,https://riba.app/imgrs/THUMBS%20500X500/16648.JPG,0,0,"[""269""]",163.000,2026-05-08 10:59:33
745100262512,OREJAS S ,OREJAS S ,OREJAS S ,insert,1,https://riba.app/imgrs/THUMBS%20500X500/16649.JPG,tabs/detalle-producto/16649,65.000,65.000,65.000,USD,1,{},"{""MARCA"": [""RIMITH""], ""CATEGORIA"": [""PANES Y DULCES""]}","[""PANES Y DULCES""]",,https://riba.app/imgrs/THUMBS%20500X500/16649.JPG,0,0,"[""269""]",65.000,2026-05-08 10:59:33
745100262529,GALLETA MULTICEREAL,GALLETA MULTICEREAL,GALLETA MULTICEREAL,insert,1,https://riba.app/imgrs/THUMBS%20500X500/125787.JPG,tabs/detalle-producto/125787,180.000,180.000,180.000,USD,1,{},"{""MARCA"": [""RIMITH""], ""CATEGORIA"": [""Snacks""]}","[""Snacks""]",,https://riba.app/imgrs/THUMBS%20500X500/125787.JPG,0,0,"[""296""]",180.000,2026-05-08 10:59:33
745100262531,GALLETA BUTTER STAR UN,GALLETA BUTTER STAR UN,GALLETA BUTTER STAR UN,insert,1,https://riba.app/imgrs/THUMBS%20500X500/257538.JPG,tabs/detalle-producto/257538,378.000,378.000,378.000,USD,1,{},"{""MARCA"": [""RIMITH""], ""CATEGORIA"": [""Snacks""]}","[""Snacks""]",,https://riba.app/imgrs/THUMBS%20500X500/257538.JPG,0,0,"[""296""]",378.000,2026-05-08 10:59:33
745100262532,GALLETA GINGER SNAPS UN,GALLETA GINGER SNAPS UN,GALLETA GINGER SNAPS UN,insert,1,https://riba.app/imgrs/THUMBS%20500X500/257539.JPG,tabs/detalle-producto/257539,318.000,318.000,318.000,USD,1,{},"{""MARCA"": [""RIMITH""], ""CATEGORIA"": [""Snacks""]}","[""Snacks""]",,https://riba.app/imgrs/THUMBS%20500X500/257539.JPG,0,0,"[""296""]",318.000,2026-05-08 10:59:33
745100262533,GALLETA DE MANTEQUILLA UN,GALLETA DE MANTEQUILLA UN,GALLETA DE MANTEQUILLA UN,insert,1,https://riba.app/imgrs/THUMBS%20500X500/257540.JPG,tabs/detalle-producto/257540,438.000,438.000,438.000,USD,1,{},"{""MARCA"": [""RIMITH""], ""CATEGORIA"": [""Snacks""]}","[""Snacks""]",,https://riba.app/imgrs/THUMBS%20500X500/257540.JPG,0,0,"[""296""]",438.000,2026-05-08 10:59:33
745100262534,GALLETA DE AVENA UN,GALLETA DE AVENA UN,GALLETA DE AVENA UN,insert,1,https://riba.app/imgrs/THUMBS%20500X500/257541.JPG,tabs/detalle-producto/257541,598.000,598.000,598.000,USD,1,{},"{""MARCA"": [""RIMITH""], ""CATEGORIA"": [""Snacks""]}","[""Snacks""]",,https://riba.app/imgrs/THUMBS%20500X500/257541.JPG,0,0,"[""296""]",598.000,2026-05-08 10:59:33
745100262535,GALLETA MINI BUTTER UN,GALLETA MINI BUTTER UN,GALLETA MINI BUTTER UN,insert,1,https://riba.app/imgrs/THUMBS%20500X500/257542.JPG,tabs/detalle-producto/257542,538.000,538.000,538.000,USD,1,{},"{""MARCA"": [""RIMITH""], ""CATEGORIA"": [""Snacks""]}","[""Snacks""]",,https://riba.app/imgrs/THUMBS%20500X500/257542.JPG,0,0,"[""296""]",538.000,2026-05-08 10:59:33
745100262536,GALLETA DE LECHE UN,GALLETA DE LECHE UN,GALLETA DE LECHE UN,insert,1,https://riba.app/imgrs/THUMBS%20500X500/257543.JPG,tabs/detalle-producto/257543,388.000,388.000,388.000,USD,1,{},"{""MARCA"": [""RIMITH""], ""CATEGORIA"": [""Snacks""]}","[""Snacks""]",,https://riba.app/imgrs/THUMBS%20500X500/257543.JPG,0,0,"[""296""]",388.000,2026-05-08 10:59:33
745100262537,GALLETA DE FRUTA UN,GALLETA DE FRUTA UN,GALLETA DE FRUTA UN,insert,1,https://riba.app/imgrs/THUMBS%20500X500/257544.JPG,tabs/detalle-producto/257544,463.000,463.000,463.000,USD,1,{},"{""MARCA"": [""RIMITH""], ""CATEGORIA"": [""Snacks""]}","[""Snacks""]",,https://riba.app/imgrs/THUMBS%20500X500/257544.JPG,0,0,"[""296""]",463.000,2026-05-08 10:59:33
745100262538,GALLETA DE COCO UN,GALLETA DE COCO UN,GALLETA DE COCO UN,insert,1,https://riba.app/imgrs/THUMBS%20500X500/257545.JPG,tabs/detalle-producto/257545,383.000,383.000,383.000,USD,1,{},"{""MARCA"": [""RIMITH""], ""CATEGORIA"": [""Snacks""]}","[""Snacks""]",,https://riba.app/imgrs/THUMBS%20500X500/257545.JPG,0,0,"[""296""]",383.000,2026-05-08 10:59:33
745100262539,GALLETA DE PASITAS,GALLETA DE PASITAS,GALLETA DE PASITAS,insert,1,https://riba.app/imgrs/THUMBS%20500X500/257546.JPG,tabs/detalle-producto/257546,403.000,403.000,403.000,USD,1,{},"{""MARCA"": [""RIMITH""], ""CATEGORIA"": [""Snacks""]}","[""Snacks""]",,https://riba.app/imgrs/THUMBS%20500X500/257546.JPG,0,0,"[""296""]",403.000,2026-05-08 10:59:33
745100262540,GALLETA COCO STAR UN,GALLETA COCO STAR UN,GALLETA COCO STAR UN,insert,1,https://riba.app/imgrs/THUMBS%20500X500/257547.JPG,tabs/detalle-producto/257547,333.000,333.000,333.000,USD,1,{},"{""MARCA"": [""RIMITH""], ""CATEGORIA"": [""Snacks""]}","[""Snacks""]",,https://riba.app/imgrs/THUMBS%20500X500/257547.JPG,0,0,"[""296""]",333.000,2026-05-08 10:59:33
745100262541,GALLETA CHOCOLATE CRUNCH,GALLETA CHOCOLATE CRUNCH,GALLETA CHOCOLATE CRUNCH,insert,1,https://riba.app/imgrs/THUMBS%20500X500/257548.JPG,tabs/detalle-producto/257548,833.000,833.000,833.000,USD,1,{},"{""MARCA"": [""RIMITH""], ""CATEGORIA"": [""Snacks""]}","[""Snacks""]",,https://riba.app/imgrs/THUMBS%20500X500/257548.JPG,0,0,"[""296""]",833.000,2026-05-08 10:59:33
745100262542,GALLETA SHORT BREAD SENCILLA,GALLETA SHORT BREAD SENCILLA,GALLETA SHORT BREAD SENCILLA,insert,1,https://riba.app/imgrs/THUMBS%20500X500/257549.JPG,tabs/detalle-producto/257549,463.000,463.000,463.000,USD,1,{},"{""MARCA"": [""RIMITH""], ""CATEGORIA"": [""Snacks""]}","[""Snacks""]",,https://riba.app/imgrs/THUMBS%20500X500/257549.JPG,0,0,"[""296""]",463.000,2026-05-08 10:59:33
745100262543,GALLETA DE ESPECIAS,GALLETA DE ESPECIAS,GALLETA DE ESPECIAS,insert,1,https://riba.app/imgrs/THUMBS%20500X500/257550.JPG,tabs/detalle-producto/257550,358.000,358.000,358.000,USD,1,{},"{""MARCA"": [""RIMITH""], ""CATEGORIA"": [""Snacks""]}","[""Snacks""]",,https://riba.app/imgrs/THUMBS%20500X500/257550.JPG,0,0,"[""296""]",358.000,2026-05-08 10:59:33
745100262544,GALLETA BISCOTTI AVENA,GALLETA BISCOTTI AVENA,GALLETA BISCOTTI AVENA,insert,1,https://riba.app/imgrs/THUMBS%20500X500/257551.JPG,tabs/detalle-producto/257551,828.000,828.000,828.000,USD,1,{},"{""MARCA"": [""RIMITH""], ""CATEGORIA"": [""Snacks""]}","[""Snacks""]",,https://riba.app/imgrs/THUMBS%20500X500/257551.JPG,0,0,"[""296""]",828.000,2026-05-08 10:59:33
745100262545,GALLETA BISCOTTI DE ALMENDRA,GALLETA BISCOTTI DE ALMENDRA,GALLETA BISCOTTI DE ALMENDRA,insert,1,https://riba.app/imgrs/THUMBS%20500X500/257552.JPG,tabs/detalle-producto/257552,733.000,733.000,733.000,USD,1,{},"{""MARCA"": [""RIMITH""], ""CATEGORIA"": [""Snacks""]}","[""Snacks""]",,https://riba.app/imgrs/THUMBS%20500X500/257552.JPG,0,0,"[""296""]",733.000,2026-05-08 10:59:33
745100262546,GALLETA WHOLE WHEAT CHOCO,GALLETA WHOLE WHEAT CHOCO,GALLETA WHOLE WHEAT CHOCO,insert,1,https://riba.app/imgrs/THUMBS%20500X500/257553.JPG,tabs/detalle-producto/257553,668.000,668.000,668.000,USD,1,{},"{""MARCA"": [""RIMITH""], ""CATEGORIA"": [""Snacks""]}","[""Snacks""]",,https://riba.app/imgrs/THUMBS%20500X500/257553.JPG,0,0,"[""296""]",668.000,2026-05-08 10:59:33
745100262548,GALLETA DE ALMENDRA UN,GALLETA DE ALMENDRA UN,GALLETA DE ALMENDRA UN,insert,1,https://riba.app/imgrs/THUMBS%20500X500/257555.JPG,tabs/detalle-producto/257555,923.000,923.000,923.000,USD,1,{},"{""MARCA"": [""RIMITH""], ""CATEGORIA"": [""Snacks""]}","[""Snacks""]",,https://riba.app/imgrs/THUMBS%20500X500/257555.JPG,0,0,"[""296""]",923.000,2026-05-08 10:59:33
745100262549,GALLETA BISCOTTI INTEGRAL,GALLETA BISCOTTI INTEGRAL,GALLETA BISCOTTI INTEGRAL,insert,1,https://riba.app/imgrs/THUMBS%20500X500/257556.JPG,tabs/detalle-producto/257556,718.000,718.000,718.000,USD,1,{},"{""MARCA"": [""RIMITH""], ""CATEGORIA"": [""Snacks""]}","[""Snacks""]",,https://riba.app/imgrs/THUMBS%20500X500/257556.JPG,0,0,"[""296""]",718.000,2026-05-08 10:59:33
745100262550,GALLETA DE CHOCO NUEZ UN,GALLETA DE CHOCO NUEZ UN,GALLETA DE CHOCO NUEZ UN,insert,1,https://riba.app/imgrs/THUMBS%20500X500/257557.JPG,tabs/detalle-producto/257557,688.000,688.000,688.000,USD,1,{},"{""MARCA"": [""RIMITH""], ""CATEGORIA"": [""Snacks""]}","[""Snacks""]",,https://riba.app/imgrs/THUMBS%20500X500/257557.JPG,0,0,"[""296""]",688.000,2026-05-08 10:59:33
745100262551,GALLETA BISCOTTI CHOCOLATE UN,GALLETA BISCOTTI CHOCOLATE UN,GALLETA BISCOTTI CHOCOLATE UN,insert,1,https://riba.app/imgrs/THUMBS%20500X500/257558.JPG,tabs/detalle-producto/257558,928.000,928.000,928.000,USD,1,{},"{""MARCA"": [""RIMITH""], ""CATEGORIA"": [""Snacks""]}","[""Snacks""]",,https://riba.app/imgrs/THUMBS%20500X500/257558.JPG,0,0,"[""296""]",928.000,2026-05-08 10:59:33
745100262552,GALLETA TWIST CON CRANBERRY,GALLETA TWIST CON CRANBERRY,GALLETA TWIST CON CRANBERRY,insert,1,https://riba.app/imgrs/THUMBS%20500X500/257559.JPG,tabs/detalle-producto/257559,563.000,563.000,563.000,USD,1,{},"{""MARCA"": [""RIMITH""], ""CATEGORIA"": [""Snacks""]}","[""Snacks""]",,https://riba.app/imgrs/THUMBS%20500X500/257559.JPG,0,0,"[""296""]",563.000,2026-05-08 10:59:33
745100262553,GALLETA DE CHOCOLATE UN,GALLETA DE CHOCOLATE UN,GALLETA DE CHOCOLATE UN,insert,1,https://riba.app/imgrs/THUMBS%20500X500/257560.JPG,tabs/detalle-producto/257560,410.000,410.000,410.000,USD,1,{},"{""MARCA"": [""RIMITH""], ""CATEGORIA"": [""Snacks""]}","[""Snacks""]",,https://riba.app/imgrs/THUMBS%20500X500/257560.JPG,0,0,"[""296""]",410.000,2026-05-08 10:59:33
745100262554,GALLETA GINGER FAMILIAR 6PK,GALLETA GINGER FAMILIAR 6PK,GALLETA GINGER FAMILIAR 6PK,insert,1,https://riba.app/imgrs/THUMBS%20500X500/266037.JPG,tabs/detalle-producto/266037,215.000,215.000,215.000,USD,1,{},"{""MARCA"": [""RIMITH""], ""CATEGORIA"": [""Snacks""]}","[""Snacks""]",,https://riba.app/imgrs/THUMBS%20500X500/266037.JPG,0,0,"[""296""]",215.000,2026-05-08 10:59:33
745100262555,GALLETA DE MANTEQUILLA FAMILIA,GALLETA DE MANTEQUILLA FAMILIA,GALLETA DE MANTEQUILLA FAMILIA,insert,1,https://riba.app/imgrs/THUMBS%20500X500/266039.JPG,tabs/detalle-producto/266039,393.000,393.000,393.000,USD,1,{},"{""MARCA"": [""RIMITH""], ""CATEGORIA"": [""Snacks""]}","[""Snacks""]",,https://riba.app/imgrs/THUMBS%20500X500/266039.JPG,0,0,"[""296""]",393.000,2026-05-08 10:59:33
745100262557,GALLETA DE AVENA FAMILIAR 6PK,GALLETA DE AVENA FAMILIAR 6PK,GALLETA DE AVENA FAMILIAR 6PK,insert,1,https://riba.app/imgrs/THUMBS%20500X500/266043.JPG,tabs/detalle-producto/266043,715.000,715.000,715.000,USD,1,{},"{""MARCA"": [""RIMITH""], ""CATEGORIA"": [""Snacks""]}","[""Snacks""]",,https://riba.app/imgrs/THUMBS%20500X500/266043.JPG,0,0,"[""296""]",715.000,2026-05-08 10:59:33
745100262558,GALLETA DE FRUTAS FAMILIAR 6PK,GALLETA DE FRUTAS FAMILIAR 6PK,GALLETA DE FRUTAS FAMILIAR 6PK,insert,1,https://riba.app/imgrs/THUMBS%20500X500/266044.JPG,tabs/detalle-producto/266044,365.000,365.000,365.000,USD,1,{},"{""MARCA"": [""RIMITH""], ""CATEGORIA"": [""Snacks""]}","[""Snacks""]",,https://riba.app/imgrs/THUMBS%20500X500/266044.JPG,0,0,"[""296""]",365.000,2026-05-08 10:59:33
745100262559,GALLETA ESTRELLITA FRESA 10UN,GALLETA ESTRELLITA FRESA 10UN,GALLETA ESTRELLITA FRESA 10UN,insert,1,https://riba.app/imgrs/THUMBS%20500X500/291709.JPG,tabs/detalle-producto/291709,300.000,300.000,300.000,USD,1,{},"{""MARCA"": [""RIMITH""], ""CATEGORIA"": [""Snacks""]}","[""Snacks""]",,https://riba.app/imgrs/THUMBS%20500X500/291709.JPG,0,0,"[""296""]",300.000,2026-05-08 10:59:33
745100262560,OREJITAS MINI EMPACADAS 10UN,OREJITAS MINI EMPACADAS 10UN,OREJITAS MINI EMPACADAS 10UN,insert,1,https://riba.app/imgrs/THUMBS%20500X500/280222.JPG,tabs/detalle-producto/280222,195.000,195.000,195.000,USD,1,{},"{""MARCA"": [""RIMITH""], ""CATEGORIA"": [""PANES Y DULCES""]}","[""PANES Y DULCES""]",,https://riba.app/imgrs/THUMBS%20500X500/280222.JPG,0,0,"[""269""]",195.000,2026-05-08 10:59:33
745100262561,GALLETA ESTRELLITA PIÑA 10UN,GALLETA ESTRELLITA PIÑA 10UN,GALLETA ESTRELLITA PIÑA 10UN,insert,1,https://riba.app/imgrs/THUMBS%20500X500/299137.JPG,tabs/detalle-producto/299137,273.000,273.000,273.000,USD,1,{},"{""MARCA"": [""RIMITH""], ""CATEGORIA"": [""Snacks""]}","[""Snacks""]",,https://riba.app/imgrs/THUMBS%20500X500/299137.JPG,0,0,"[""296""]",273.000,2026-05-08 10:59:33
745100262562,GALLETA ESTRELLITA GUAYABA 10U,GALLETA ESTRELLITA GUAYABA 10U,GALLETA ESTRELLITA GUAYABA 10U,insert,1,https://riba.app/imgrs/THUMBS%20500X500/299136.JPG,tabs/detalle-producto/299136,273.000,273.000,273.000,USD,1,{},"{""MARCA"": [""RIMITH""], ""CATEGORIA"": [""Snacks""]}","[""Snacks""]",,https://riba.app/imgrs/THUMBS%20500X500/299136.JPG,0,0,"[""296""]",273.000,2026-05-08 10:59:33
745100262563,GALLETA ESTRELLITA FRESA 2 UN,GALLETA ESTRELLITA FRESA 2 UN,GALLETA ESTRELLITA FRESA 2 UN,insert,1,https://riba.app/imgrs/THUMBS%20500X500/294785.JPG,tabs/detalle-producto/294785,65.000,65.000,65.000,USD,1,{},"{""MARCA"": [""RIMITH""], ""CATEGORIA"": [""Snacks""]}","[""Snacks""]",,https://riba.app/imgrs/THUMBS%20500X500/294785.JPG,0,0,"[""296""]",65.000,2026-05-08 10:59:33
745100262564,GALLETA ESTRELLITA PIÑA 2 UN,GALLETA ESTRELLITA PIÑA 2 UN,GALLETA ESTRELLITA PIÑA 2 UN,insert,1,https://riba.app/imgrs/THUMBS%20500X500/294786.JPG,tabs/detalle-producto/294786,65.000,65.000,65.000,USD,1,{},"{""MARCA"": [""RIMITH""], ""CATEGORIA"": [""Snacks""]}","[""Snacks""]",,https://riba.app/imgrs/THUMBS%20500X500/294786.JPG,0,0,"[""296""]",65.000,2026-05-08 10:59:33
745100262565,GALLETA ESTRELLITA GUAYABA 2UN,GALLETA ESTRELLITA GUAYABA 2UN,GALLETA ESTRELLITA GUAYABA 2UN,insert,1,https://riba.app/imgrs/THUMBS%20500X500/294787.JPG,tabs/detalle-producto/294787,65.000,65.000,65.000,USD,1,{},"{""MARCA"": [""RIMITH""], ""CATEGORIA"": [""Snacks""]}","[""Snacks""]",,https://riba.app/imgrs/THUMBS%20500X500/294787.JPG,0,0,"[""296""]",65.000,2026-05-08 10:59:33
745100262566,MOSTER BROWNIE,MOSTER BROWNIE,MOSTER BROWNIE,insert,1,https://riba.app/imgrs/THUMBS%20500X500/294848.JPG,tabs/detalle-producto/294848,2.025.000,2.025.000,2.025.000,USD,1,{},"{""MARCA"": [""RIMITH""], ""CATEGORIA"": [""PANES Y DULCES""]}","[""PANES Y DULCES""]",,https://riba.app/imgrs/THUMBS%20500X500/294848.JPG,0,0,"[""269""]",2.025.000,2026-05-08 10:59:33
745100262567,KEKE EMPACADO 5UND,KEKE EMPACADO 5UND,KEKE EMPACADO 5UND,insert,1,https://riba.app/imgrs/THUMBS%20500X500/309429.JPG,tabs/detalle-producto/309429,200.000,200.000,200.000,USD,1,{},"{""MARCA"": [""RIMITH""], ""CATEGORIA"": [""Snacks""]}","[""Snacks""]",,https://riba.app/imgrs/THUMBS%20500X500/309429.JPG,0,0,"[""296""]",200.000,2026-05-08 10:59:33
745100262568,GALLETAS COLORA 5UN,GALLETAS COLORA 5UN,GALLETAS COLORA 5UN,insert,1,https://riba.app/imgrs/THUMBS%20500X500/303494.JPG,tabs/detalle-producto/303494,240.000,240.000,240.000,USD,1,{},"{""MARCA"": [""RIMITH""], ""CATEGORIA"": [""Snacks""]}","[""Snacks""]",,https://riba.app/imgrs/THUMBS%20500X500/303494.JPG,0,0,"[""296""]",240.000,2026-05-08 10:59:33
745100262569,KEKE EMPACADO 2UND,KEKE EMPACADO 2UND,KEKE EMPACADO 2UND,insert,1,https://riba.app/imgrs/THUMBS%20500X500/309428.JPG,tabs/detalle-producto/309428,100.000,100.000,100.000,USD,1,{},"{""MARCA"": [""RIMITH""], ""CATEGORIA"": [""Snacks""]}","[""Snacks""]",,https://riba.app/imgrs/THUMBS%20500X500/309428.JPG,0,0,"[""296""]",100.000,2026-05-08 10:59:33
745100262570,GALLETAS COLORA 2UN,GALLETAS COLORA 2UN,GALLETAS COLORA 2UN,insert,1,https://riba.app/imgrs/THUMBS%20500X500/303496.JPG,tabs/detalle-producto/303496,100.000,100.000,100.000,USD,1,{},"{""MARCA"": [""RIMITH""], ""CATEGORIA"": [""Snacks""]}","[""Snacks""]",,https://riba.app/imgrs/THUMBS%20500X500/303496.JPG,0,0,"[""296""]",100.000,2026-05-08 10:59:33
745100262571,OREJITAS MINI CANELA EMP 10UN,OREJITAS MINI CANELA EMP 10UN,OREJITAS MINI CANELA EMP 10UN,insert,1,https://riba.app/imgrs/THUMBS%20500X500/310046.JPG,tabs/detalle-producto/310046,215.000,215.000,215.000,USD,1,{},"{""MARCA"": [""RIMITH""], ""CATEGORIA"": [""PANES Y DULCES""]}","[""PANES Y DULCES""]",,https://riba.app/imgrs/THUMBS%20500X500/310046.JPG,0,0,"[""269""]",215.000,2026-05-08 10:59:33
745100262575,GALLETA GINGER SNAPS,GALLETA GINGER SNAPS,GALLETA GINGER SNAPS,insert,1,https://riba.app/imgrs/THUMBS%20500X500/325076.JPG,tabs/detalle-producto/325076,75.000,75.000,75.000,USD,1,{},"{""MARCA"": [""RIMITH""], ""CATEGORIA"": [""Snacks""]}","[""Snacks""]",,https://riba.app/imgrs/THUMBS%20500X500/325076.JPG,0,0,"[""296""]",75.000,2026-05-08 10:59:33
745100262600,EMP HARINA Q BLANCO MED 6UN,EMP HARINA Q BLANCO MED 6UN,EMP HARINA Q BLANCO MED 6UN,insert,1,https://riba.app/imgrs/THUMBS%20500X500/285928.JPG,tabs/detalle-producto/285928,410.000,410.000,410.000,USD,1,{},"{""MARCA"": [""RIMITH""], ""CATEGORIA"": [""PRODUCTOS DE MAIZ Y OTROS""]}","[""PRODUCTOS DE MAIZ Y OTROS""]",,https://riba.app/imgrs/THUMBS%20500X500/285928.JPG,0,0,"[""270""]",410.000,2026-05-08 10:59:33
745100262603,EMP HARINA CARNE MEDIANA 6UN,EMP HARINA CARNE MEDIANA 6UN,EMP HARINA CARNE MEDIANA 6UN,insert,1,https://riba.app/imgrs/THUMBS%20500X500/16605.JPG,tabs/detalle-producto/16605,410.000,410.000,410.000,USD,1,{},"{""MARCA"": [""RIMITH""], ""CATEGORIA"": [""PRODUCTOS DE MAIZ Y OTROS""]}","[""PRODUCTOS DE MAIZ Y OTROS""]",,https://riba.app/imgrs/THUMBS%20500X500/16605.JPG,0,0,"[""270""]",410.000,2026-05-08 10:59:33
745100262605,EMP HARINA POLLO MEDIANA 6UN,EMP HARINA POLLO MEDIANA 6UN,EMP HARINA POLLO MEDIANA 6UN,insert,1,https://riba.app/imgrs/THUMBS%20500X500/16607.JPG,tabs/detalle-producto/16607,410.000,410.000,410.000,USD,1,{},"{""MARCA"": [""RIMITH""], ""CATEGORIA"": [""PRODUCTOS DE MAIZ Y OTROS""]}","[""PRODUCTOS DE MAIZ Y OTROS""]",,https://riba.app/imgrs/THUMBS%20500X500/16607.JPG,0,0,"[""270""]",410.000,2026-05-08 10:59:33
745100262609,EMP HARINA Q AMARILLO MED 6UN,EMP HARINA Q AMARILLO MED 6UN,EMP HARINA Q AMARILLO MED 6UN,insert,1,https://riba.app/imgrs/THUMBS%20500X500/285927.JPG,tabs/detalle-producto/285927,410.000,410.000,410.000,USD,1,{},"{""MARCA"": [""RIMITH""], ""CATEGORIA"": [""PRODUCTOS DE MAIZ Y OTROS""]}","[""PRODUCTOS DE MAIZ Y OTROS""]",,https://riba.app/imgrs/THUMBS%20500X500/285927.JPG,0,0,"[""270""]",410.000,2026-05-08 10:59:33
745100262702,CAÑON RELLENO DE GUAYABA 4UN,CAÑON RELLENO DE GUAYABA 4UN,CAÑON RELLENO DE GUAYABA 4UN,insert,1,https://riba.app/imgrs/THUMBS%20500X500/302393.JPG,tabs/detalle-producto/302393,290.000,290.000,290.000,USD,1,{},"{""MARCA"": [""RIMITH""], ""CATEGORIA"": [""PANES Y DULCES""]}","[""PANES Y DULCES""]",,https://riba.app/imgrs/THUMBS%20500X500/302393.JPG,0,0,"[""269""]",290.000,2026-05-08 10:59:33
745100262703,CAÑON RELLENO DE PIÑA 2UN,CAÑON RELLENO DE PIÑA 2UN,CAÑON RELLENO DE PIÑA 2UN,insert,1,https://riba.app/imgrs/THUMBS%20500X500/300000.JPG,tabs/detalle-producto/300000,125.000,125.000,125.000,USD,1,{},"{""MARCA"": [""RIMITH""], ""CATEGORIA"": [""PANES Y DULCES""]}","[""PANES Y DULCES""]",,https://riba.app/imgrs/THUMBS%20500X500/300000.JPG,0,0,"[""269""]",125.000,2026-05-08 10:59:33
745100262704,CAÑON RELLENO DE PIÑA 4UN,CAÑON RELLENO DE PIÑA 4UN,CAÑON RELLENO DE PIÑA 4UN,insert,1,https://riba.app/imgrs/THUMBS%20500X500/302398.JPG,tabs/detalle-producto/302398,290.000,290.000,290.000,USD,1,{},"{""MARCA"": [""RIMITH""], ""CATEGORIA"": [""PANES Y DULCES""]}","[""PANES Y DULCES""]",,https://riba.app/imgrs/THUMBS%20500X500/302398.JPG,0,0,"[""269""]",290.000,2026-05-08 10:59:33
745100262707,CAÑON RELLENO DE MANZANA 2UN,CAÑON RELLENO DE MANZANA 2UN,CAÑON RELLENO DE MANZANA 2UN,insert,1,https://riba.app/imgrs/THUMBS%20500X500/299999.JPG,tabs/detalle-producto/299999,125.000,125.000,125.000,USD,1,{},"{""MARCA"": [""RIMITH""], ""CATEGORIA"": [""PANES Y DULCES""]}","[""PANES Y DULCES""]",,https://riba.app/imgrs/THUMBS%20500X500/299999.JPG,0,0,"[""269""]",125.000,2026-05-08 10:59:33
745100262708,CAÑON RELLENO DE MANZANA 4UN,CAÑON RELLENO DE MANZANA 4UN,CAÑON RELLENO DE MANZANA 4UN,insert,1,https://riba.app/imgrs/THUMBS%20500X500/302396.JPG,tabs/detalle-producto/302396,290.000,290.000,290.000,USD,1,{},"{""MARCA"": [""RIMITH""], ""CATEGORIA"": [""PANES Y DULCES""]}","[""PANES Y DULCES""]",,https://riba.app/imgrs/THUMBS%20500X500/302396.JPG,0,0,"[""269""]",290.000,2026-05-08 10:59:33
745100262801,ROSCA CON ALMENDRAS 1.5 LBS,ROSCA CON ALMENDRAS 1.5 LBS,ROSCA CON ALMENDRAS 1.5 LBS,insert,1,https://riba.app/imgrs/THUMBS%20500X500/16685.JPG,tabs/detalle-producto/16685,495.000,495.000,495.000,USD,1,{},"{""MARCA"": [""RIMITH""], ""CATEGORIA"": [""PANES Y DULCES""]}","[""PANES Y DULCES""]",,https://riba.app/imgrs/THUMBS%20500X500/16685.JPG,0,0,"[""269""]",495.000,2026-05-08 10:59:33
745100262802,ROSCA CON ALMENDRAS 3 LBS,ROSCA CON ALMENDRAS 3 LBS,ROSCA CON ALMENDRAS 3 LBS,insert,1,https://riba.app/imgrs/THUMBS%20500X500/16688.JPG,tabs/detalle-producto/16688,995.000,995.000,995.000,USD,1,{},"{""MARCA"": [""RIMITH""], ""CATEGORIA"": [""PANES Y DULCES""]}","[""PANES Y DULCES""]",,https://riba.app/imgrs/THUMBS%20500X500/16688.JPG,0,0,"[""269""]",995.000,2026-05-08 10:59:33
745100262803,ROSCA CON ALMENDRAS 5 LBS,ROSCA CON ALMENDRAS 5 LBS,ROSCA CON ALMENDRAS 5 LBS,insert,1,https://riba.app/imgrs/THUMBS%20500X500/16691.JPG,tabs/detalle-producto/16691,1.655.000,1.655.000,1.655.000,USD,1,{},"{""MARCA"": [""RIMITH""], ""CATEGORIA"": [""PANES Y DULCES""]}","[""PANES Y DULCES""]",,https://riba.app/imgrs/THUMBS%20500X500/16691.JPG,0,0,"[""269""]",1.655.000,2026-05-08 10:59:33
745100262807,ROSCA ESPECIAL MINI CON TURRON,ROSCA ESPECIAL MINI CON TURRON,ROSCA ESPECIAL MINI CON TURRON,insert,1,https://riba.app/imgrs/THUMBS%20500X500/248525.JPG,tabs/detalle-producto/248525,880.000,880.000,880.000,USD,1,{},"{""MARCA"": [""RIMITH""], ""CATEGORIA"": [""PANES Y DULCES""]}","[""PANES Y DULCES""]",,https://riba.app/imgrs/THUMBS%20500X500/248525.JPG,0,0,"[""269""]",880.000,2026-05-08 10:59:33
745100262900,TORTILLAS DE HARINA ,TORTILLAS DE HARINA ,TORTILLAS DE HARINA ,insert,1,https://riba.app/imgrs/THUMBS%20500X500/143112.JPG,tabs/detalle-producto/143112,300.000,300.000,300.000,USD,1,{},"{""MARCA"": [""RIMITH""], ""CATEGORIA"": [""PRODUCTOS DE MAIZ Y OTROS""]}","[""PRODUCTOS DE MAIZ Y OTROS""]",,https://riba.app/imgrs/THUMBS%20500X500/143112.JPG,0,0,"[""270""]",300.000,2026-05-08 10:59:33
745100262904,PAN PIZZA CHICO,PAN PIZZA CHICO,PAN PIZZA CHICO,insert,1,https://riba.app/imgrs/THUMBS%20500X500/16655.JPG,tabs/detalle-producto/16655,240.000,240.000,240.000,USD,1,{},"{""MARCA"": [""RIMITH""], ""CATEGORIA"": [""PANES Y DULCES""]}","[""PANES Y DULCES""]",,https://riba.app/imgrs/THUMBS%20500X500/16655.JPG,0,0,"[""269""]",240.000,2026-05-08 10:59:33
745100262905,TORTILLAS DE HARINA INTEGRAL ,TORTILLAS DE HARINA INTEGRAL ,TORTILLAS DE HARINA INTEGRAL ,insert,1,https://riba.app/imgrs/THUMBS%20500X500/143113.JPG,tabs/detalle-producto/143113,296.000,296.000,296.000,USD,1,{},"{""MARCA"": [""RIMITH""], ""CATEGORIA"": [""PRODUCTOS DE MAIZ Y OTROS""]}","[""PRODUCTOS DE MAIZ Y OTROS""]",,https://riba.app/imgrs/THUMBS%20500X500/143113.JPG,0,0,"[""270""]",296.000,2026-05-08 10:59:33
745100262906,TORTILLAS DE HARINA ENCHILADA,TORTILLAS DE HARINA ENCHILADA,TORTILLAS DE HARINA ENCHILADA,insert,1,https://riba.app/imgrs/THUMBS%20500X500/162362.JPG,tabs/detalle-producto/162362,281.000,281.000,281.000,USD,1,{},"{""MARCA"": [""RIMITH""], ""CATEGORIA"": [""PRODUCTOS DE MAIZ Y OTROS""]}","[""PRODUCTOS DE MAIZ Y OTROS""]",,https://riba.app/imgrs/THUMBS%20500X500/162362.JPG,0,0,"[""270""]",281.000,2026-05-08 10:59:33
745100262911,TORTILLAS WRAPS ORIGINAL 12,TORTILLAS WRAPS ORIGINAL 12,TORTILLAS WRAPS ORIGINAL 12,insert,1,https://riba.app/imgrs/THUMBS%20500X500/247940.JPG,tabs/detalle-producto/247940,312.000,312.000,312.000,USD,1,{},"{""MARCA"": [""RIMITH""], ""CATEGORIA"": [""PRODUCTOS DE MAIZ Y OTROS""]}","[""PRODUCTOS DE MAIZ Y OTROS""]",,https://riba.app/imgrs/THUMBS%20500X500/247940.JPG,0,0,"[""270""]",312.000,2026-05-08 10:59:33
745100262912,TORTILLAS WRAPS INTEGRAL 12,TORTILLAS WRAPS INTEGRAL 12,TORTILLAS WRAPS INTEGRAL 12,insert,1,https://riba.app/imgrs/THUMBS%20500X500/247941.JPG,tabs/detalle-producto/247941,314.000,314.000,314.000,USD,1,{},"{""MARCA"": [""RIMITH""], ""CATEGORIA"": [""PRODUCTOS DE MAIZ Y OTROS""]}","[""PRODUCTOS DE MAIZ Y OTROS""]",,https://riba.app/imgrs/THUMBS%20500X500/247941.JPG,0,0,"[""270""]",314.000,2026-05-08 10:59:33
745100262914,TORTILLAS WRAPS TOMATE 12,TORTILLAS WRAPS TOMATE 12,TORTILLAS WRAPS TOMATE 12,insert,1,https://riba.app/imgrs/THUMBS%20500X500/247942.JPG,tabs/detalle-producto/247942,390.000,390.000,390.000,USD,1,{},"{""MARCA"": [""RIMITH""], ""CATEGORIA"": [""PRODUCTOS DE MAIZ Y OTROS""]}","[""PRODUCTOS DE MAIZ Y OTROS""]",,https://riba.app/imgrs/THUMBS%20500X500/247942.JPG,0,0,"[""270""]",390.000,2026-05-08 10:59:33
745100262915,TORTILLAS WRAPS REMOLACHA 12,TORTILLAS WRAPS REMOLACHA 12,TORTILLAS WRAPS REMOLACHA 12,insert,1,https://riba.app/imgrs/THUMBS%20500X500/247943.JPG,tabs/detalle-producto/247943,379.000,379.000,379.000,USD,1,{},"{""MARCA"": [""RIMITH""], ""CATEGORIA"": [""PRODUCTOS DE MAIZ Y OTROS""]}","[""PRODUCTOS DE MAIZ Y OTROS""]",,https://riba.app/imgrs/THUMBS%20500X500/247943.JPG,0,0,"[""270""]",379.000,2026-05-08 10:59:33
745100262916,TORTILLAS WRAPS ESPINACA 12,TORTILLAS WRAPS ESPINACA 12,TORTILLAS WRAPS ESPINACA 12,insert,1,https://riba.app/imgrs/THUMBS%20500X500/247944.JPG,tabs/detalle-producto/247944,388.000,388.000,388.000,USD,1,{},"{""MARCA"": [""RIMITH""], ""CATEGORIA"": [""PRODUCTOS DE MAIZ Y OTROS""]}","[""PRODUCTOS DE MAIZ Y OTROS""]",,https://riba.app/imgrs/THUMBS%20500X500/247944.JPG,0,0,"[""270""]",388.000,2026-05-08 10:59:33
745100262917,TORTILLA DE HARINA DE TRIGO OR,TORTILLA DE HARINA DE TRIGO OR,TORTILLA DE HARINA DE TRIGO OR,insert,1,https://riba.app/imgrs/THUMBS%20500X500/277850.JPG,tabs/detalle-producto/277850,225.000,225.000,225.000,USD,1,{},"{""MARCA"": [""RIMITH""], ""CATEGORIA"": [""PRODUCTOS DE MAIZ Y OTROS""]}","[""PRODUCTOS DE MAIZ Y OTROS""]",,https://riba.app/imgrs/THUMBS%20500X500/277850.JPG,0,0,"[""270""]",225.000,2026-05-08 10:59:33
745100263001,CARIMANOLAS CARNE SOYA 6 UN,CARIMANOLAS CARNE SOYA 6 UN,CARIMANOLAS CARNE SOYA 6 UN,insert,1,https://riba.app/imgrs/THUMBS%20500X500/16328.JPG,tabs/detalle-producto/16328,191.000,191.000,191.000,USD,1,{},"{""MARCA"": [""RIMITH""], ""CATEGORIA"": [""PRODUCTOS DE MAIZ Y OTROS""]}","[""PRODUCTOS DE MAIZ Y OTROS""]",,https://riba.app/imgrs/THUMBS%20500X500/16328.JPG,0,0,"[""270""]",191.000,2026-05-08 10:59:33
745100263100,CARIMANOLAS CARNE MED 10UN,CARIMANOLAS CARNE MED 10UN,CARIMANOLAS CARNE MED 10UN,insert,1,https://riba.app/imgrs/THUMBS%20500X500/221898.JPG,tabs/detalle-producto/221898,314.000,314.000,314.000,USD,1,{},"{""MARCA"": [""RIMITH""], ""CATEGORIA"": [""PRODUCTOS DE MAIZ Y OTROS""]}","[""PRODUCTOS DE MAIZ Y OTROS""]",,https://riba.app/imgrs/THUMBS%20500X500/221898.JPG,0,0,"[""270""]",314.000,2026-05-08 10:59:33
745100263102,CARIMANOLAS CARNE 10 UN,CARIMANOLAS CARNE 10 UN,CARIMANOLAS CARNE 10 UN,insert,1,https://riba.app/imgrs/THUMBS%20500X500/16330.JPG,tabs/detalle-producto/16330,418.000,418.000,418.000,USD,1,{},"{""MARCA"": [""RIMITH""], ""CATEGORIA"": [""PRODUCTOS DE MAIZ Y OTROS""]}","[""PRODUCTOS DE MAIZ Y OTROS""]",,https://riba.app/imgrs/THUMBS%20500X500/16330.JPG,0,0,"[""270""]",418.000,2026-05-08 10:59:33
745100263103,CARIMANOLAS CARNE 6 UN,CARIMANOLAS CARNE 6 UN,CARIMANOLAS CARNE 6 UN,insert,1,https://riba.app/imgrs/THUMBS%20500X500/16327.JPG,tabs/detalle-producto/16327,210.000,210.000,210.000,USD,1,{},"{""MARCA"": [""RIMITH""], ""CATEGORIA"": [""PRODUCTOS DE MAIZ Y OTROS""]}","[""PRODUCTOS DE MAIZ Y OTROS""]",,https://riba.app/imgrs/THUMBS%20500X500/16327.JPG,0,0,"[""270""]",210.000,2026-05-08 10:59:33
745100263107,CARIMANOLAS MINI CARNE FIESTA ,CARIMANOLAS MINI CARNE FIESTA ,CARIMANOLAS MINI CARNE FIESTA ,insert,1,https://riba.app/imgrs/THUMBS%20500X500/186117.JPG,tabs/detalle-producto/186117,576.000,576.000,576.000,USD,1,{},"{""MARCA"": [""RIMITH""], ""CATEGORIA"": [""PRODUCTOS DE MAIZ Y OTROS""]}","[""PRODUCTOS DE MAIZ Y OTROS""]",,https://riba.app/imgrs/THUMBS%20500X500/186117.JPG,0,0,"[""270""]",576.000,2026-05-08 10:59:33
745100263115,CRISPY YUCA DE GOUDA Y AJO,CRISPY YUCA DE GOUDA Y AJO,CRISPY YUCA DE GOUDA Y AJO,insert,1,https://riba.app/imgrs/THUMBS%20500X500/196172.JPG,tabs/detalle-producto/196172,706.000,706.000,706.000,USD,1,{},"{""MARCA"": [""RIMITH""], ""CATEGORIA"": [""PRODUCTOS DE MAIZ Y OTROS""]}","[""PRODUCTOS DE MAIZ Y OTROS""]",,https://riba.app/imgrs/THUMBS%20500X500/196172.JPG,0,0,"[""270""]",706.000,2026-05-08 10:59:33
745100263116,CRISPY YUCA DE GOUDA Y CEBOLLA,CRISPY YUCA DE GOUDA Y CEBOLLA,CRISPY YUCA DE GOUDA Y CEBOLLA,insert,1,https://riba.app/imgrs/THUMBS%20500X500/196173.JPG,tabs/detalle-producto/196173,706.000,706.000,706.000,USD,1,{},"{""MARCA"": [""RIMITH""], ""CATEGORIA"": [""PRODUCTOS DE MAIZ Y OTROS""]}","[""PRODUCTOS DE MAIZ Y OTROS""]",,https://riba.app/imgrs/THUMBS%20500X500/196173.JPG,0,0,"[""270""]",706.000,2026-05-08 10:59:33
745100263201,CARIMANOLAS ATUN 6 UN,CARIMANOLAS ATUN 6 UN,CARIMANOLAS ATUN 6 UN,insert,1,https://riba.app/imgrs/THUMBS%20500X500/16329.JPG,tabs/detalle-producto/16329,321.000,321.000,321.000,USD,1,{},"{""MARCA"": [""RIMITH""], ""CATEGORIA"": [""PRODUCTOS DE MAIZ Y OTROS""]}","[""PRODUCTOS DE MAIZ Y OTROS""]",,https://riba.app/imgrs/THUMBS%20500X500/16329.JPG,0,0,"[""270""]",321.000,2026-05-08 10:59:33
745100263300,MINI DONUTS RELL MANJAR,MINI DONUTS RELL MANJAR,MINI DONUTS RELL MANJAR,insert,1,https://riba.app/imgrs/THUMBS%20500X500/64756.JPG,tabs/detalle-producto/64756,375.000,375.000,375.000,USD,1,{},"{""MARCA"": [""RIMITH""], ""CATEGORIA"": [""PANES Y DULCES""]}","[""PANES Y DULCES""]",,https://riba.app/imgrs/THUMBS%20500X500/64756.JPG,0,0,"[""269""]",375.000,2026-05-08 10:59:33
745100264121,PAN MINI QUESO SUIZO EMP 10UN,PAN MINI QUESO SUIZO EMP 10UN,PAN MINI QUESO SUIZO EMP 10UN,insert,1,https://riba.app/imgrs/THUMBS%20500X500/269814.JPG,tabs/detalle-producto/269814,740.000,740.000,740.000,USD,1,{},"{""MARCA"": [""RIMITH""], ""CATEGORIA"": [""PANES Y DULCES""]}","[""PANES Y DULCES""]",,https://riba.app/imgrs/THUMBS%20500X500/269814.JPG,0,0,"[""269""]",740.000,2026-05-08 10:59:33
745100264304,PAN DE MASA MADRE CHICO 8 UN,PAN DE MASA MADRE CHICO 8 UN,PAN DE MASA MADRE CHICO 8 UN,insert,1,https://riba.app/imgrs/THUMBS%20500X500/326957.JPG,tabs/detalle-producto/326957,195.000,195.000,195.000,USD,1,{},"{""MARCA"": [""RIMITH""], ""CATEGORIA"": [""PANES Y DULCES""]}","[""PANES Y DULCES""]",,https://riba.app/imgrs/THUMBS%20500X500/326957.JPG,0,0,"[""269""]",195.000,2026-05-08 10:59:33
745100264312,PAN ITALIANO 8UN,PAN ITALIANO 8UN,PAN ITALIANO 8UN,insert,1,https://riba.app/imgrs/THUMBS%20500X500/309614.JPG,tabs/detalle-producto/309614,315.000,315.000,315.000,USD,1,{},"{""MARCA"": [""RIMITH""], ""CATEGORIA"": [""PANES Y DULCES""]}","[""PANES Y DULCES""]",,https://riba.app/imgrs/THUMBS%20500X500/309614.JPG,0,0,"[""269""]",315.000,2026-05-08 10:59:33
745100264423,PETIT BOULE FRANCES EMP 8UN,PETIT BOULE FRANCES EMP 8UN,PETIT BOULE FRANCES EMP 8UN,insert,1,https://riba.app/imgrs/THUMBS%20500X500/269812.JPG,tabs/detalle-producto/269812,550.000,550.000,550.000,USD,1,{},"{""MARCA"": [""RIMITH""], ""CATEGORIA"": [""PANES Y DULCES""]}","[""PANES Y DULCES""]",,https://riba.app/imgrs/THUMBS%20500X500/269812.JPG,0,0,"[""269""]",550.000,2026-05-08 10:59:33
745100264424,PETIT BOULE CRAMBERRY EMP 8UN,PETIT BOULE CRAMBERRY EMP 8UN,PETIT BOULE CRAMBERRY EMP 8UN,insert,1,https://riba.app/imgrs/THUMBS%20500X500/269813.JPG,tabs/detalle-producto/269813,975.000,975.000,975.000,USD,1,{},"{""MARCA"": [""RIMITH""], ""CATEGORIA"": [""PANES Y DULCES""]}","[""PANES Y DULCES""]",,https://riba.app/imgrs/THUMBS%20500X500/269813.JPG,0,0,"[""269""]",975.000,2026-05-08 10:59:33
745100264433,PETIT BAGUETTE FRANCES EMP 8UN,PETIT BAGUETTE FRANCES EMP 8UN,PETIT BAGUETTE FRANCES EMP 8UN,insert,1,https://riba.app/imgrs/THUMBS%20500X500/269810.JPG,tabs/detalle-producto/269810,495.000,495.000,495.000,USD,1,{},"{""MARCA"": [""RIMITH""], ""CATEGORIA"": [""PANES Y DULCES""]}","[""PANES Y DULCES""]",,https://riba.app/imgrs/THUMBS%20500X500/269810.JPG,0,0,"[""269""]",495.000,2026-05-08 10:59:33
745100264434,PETIT BAGUETTE INTG EMP 8UN,PETIT BAGUETTE INTG EMP 8UN,PETIT BAGUETTE INTG EMP 8UN,insert,1,https://riba.app/imgrs/THUMBS%20500X500/269811.JPG,tabs/detalle-producto/269811,545.000,545.000,545.000,USD,1,{},"{""MARCA"": [""RIMITH""], ""CATEGORIA"": [""PANES Y DULCES""]}","[""PANES Y DULCES""]",,https://riba.app/imgrs/THUMBS%20500X500/269811.JPG,0,0,"[""269""]",545.000,2026-05-08 10:59:33
745100264525,CIABATTA 8 UN,CIABATTA 8 UN,CIABATTA 8 UN,insert,1,https://riba.app/imgrs/THUMBS%20500X500/304052.JPG,tabs/detalle-producto/304052,270.000,270.000,270.000,USD,1,{},"{""MARCA"": [""RIMITH""], ""CATEGORIA"": [""PANES Y DULCES""]}","[""PANES Y DULCES""]",,https://riba.app/imgrs/THUMBS%20500X500/304052.JPG,0,0,"[""269""]",270.000,2026-05-08 10:59:33
745100264526,CIABATTA ACEITE OLIVA ACEITUNA,CIABATTA ACEITE OLIVA ACEITUNA,CIABATTA ACEITE OLIVA ACEITUNA,insert,1,https://riba.app/imgrs/THUMBS%20500X500/309678.JPG,tabs/detalle-producto/309678,315.000,315.000,315.000,USD,1,{},"{""MARCA"": [""RIMITH""], ""CATEGORIA"": [""PANES Y DULCES""]}","[""PANES Y DULCES""]",,https://riba.app/imgrs/THUMBS%20500X500/309678.JPG,0,0,"[""269""]",315.000,2026-05-08 10:59:33
745100264625,EMP.DE POLLO P/ASAR 12UN,EMP.DE POLLO P/ASAR 12UN,EMP.DE POLLO P/ASAR 12UN,insert,1,https://riba.app/imgrs/THUMBS%20500X500/289910.JPG,tabs/detalle-producto/289910,900.000,900.000,900.000,USD,1,{},"{""MARCA"": [""RIMITH""], ""CATEGORIA"": [""PRODUCTOS DE MAIZ Y OTROS""]}","[""PRODUCTOS DE MAIZ Y OTROS""]",,https://riba.app/imgrs/THUMBS%20500X500/289910.JPG,0,0,"[""270""]",900.000,2026-05-08 10:59:33
745100264626,PASTELITOS POLLO P/ASAR 12 UN,PASTELITOS POLLO P/ASAR 12 UN,PASTELITOS POLLO P/ASAR 12 UN,insert,1,https://riba.app/imgrs/THUMBS%20500X500/289913.JPG,tabs/detalle-producto/289913,775.000,775.000,775.000,USD,1,{},"{""MARCA"": [""RIMITH""], ""CATEGORIA"": [""PRODUCTOS DE MAIZ Y OTROS""]}","[""PRODUCTOS DE MAIZ Y OTROS""]",,https://riba.app/imgrs/THUMBS%20500X500/289913.JPG,0,0,"[""270""]",775.000,2026-05-08 10:59:33
745100264627,EMP.DE CARNE P/ASAR 12UN,EMP.DE CARNE P/ASAR 12UN,EMP.DE CARNE P/ASAR 12UN,insert,1,https://riba.app/imgrs/THUMBS%20500X500/289909.JPG,tabs/detalle-producto/289909,785.000,785.000,785.000,USD,1,{},"{""MARCA"": [""RIMITH""], ""CATEGORIA"": [""PRODUCTOS DE MAIZ Y OTROS""]}","[""PRODUCTOS DE MAIZ Y OTROS""]",,https://riba.app/imgrs/THUMBS%20500X500/289909.JPG,0,0,"[""270""]",785.000,2026-05-08 10:59:33
745100264628,PASTELITOS CARNE P/ASAR 12 UN,PASTELITOS CARNE P/ASAR 12 UN,PASTELITOS CARNE P/ASAR 12 UN,insert,1,https://riba.app/imgrs/THUMBS%20500X500/289912.JPG,tabs/detalle-producto/289912,775.000,775.000,775.000,USD,1,{},"{""MARCA"": [""RIMITH""], ""CATEGORIA"": [""PRODUCTOS DE MAIZ Y OTROS""]}","[""PRODUCTOS DE MAIZ Y OTROS""]",,https://riba.app/imgrs/THUMBS%20500X500/289912.JPG,0,0,"[""270""]",775.000,2026-05-08 10:59:33
745100264629,EMP.QUESO AMARILLO P/ASAR 12UN,EMP.QUESO AMARILLO P/ASAR 12UN,EMP.QUESO AMARILLO P/ASAR 12UN,insert,1,https://riba.app/imgrs/THUMBS%20500X500/289911.JPG,tabs/detalle-producto/289911,985.000,985.000,985.000,USD,1,{},"{""MARCA"": [""RIMITH""], ""CATEGORIA"": [""PRODUCTOS DE MAIZ Y OTROS""]}","[""PRODUCTOS DE MAIZ Y OTROS""]",,https://riba.app/imgrs/THUMBS%20500X500/289911.JPG,0,0,"[""270""]",985.000,2026-05-08 10:59:33
745100264630,PASTELITO QUESO AMARILLO 12UN,PASTELITO QUESO AMARILLO 12UN,PASTELITO QUESO AMARILLO 12UN,insert,1,https://riba.app/imgrs/THUMBS%20500X500/289914.JPG,tabs/detalle-producto/289914,775.000,775.000,775.000,USD,1,{},"{""MARCA"": [""RIMITH""], ""CATEGORIA"": [""PRODUCTOS DE MAIZ Y OTROS""]}","[""PRODUCTOS DE MAIZ Y OTROS""]",,https://riba.app/imgrs/THUMBS%20500X500/289914.JPG,0,0,"[""270""]",775.000,2026-05-08 10:59:33
745101510000,QUESO PRENSADO CON SAL,QUESO PRENSADO CON SAL,QUESO PRENSADO CON SAL,insert,1,https://riba.app/imgrs/THUMBS%20500X500/54229.JPG,tabs/detalle-producto/54229,395.000,395.000,395.000,USD,1,{},"{""MARCA"": [""RIMITH""], ""CATEGORIA"": [""LACTEOS""]}","[""LACTEOS""]",,https://riba.app/imgrs/THUMBS%20500X500/54229.JPG,0,0,"[""266""]",395.000,2026-05-08 10:59:33
745101510001,QUESO PRENSADO BAJO SAL,QUESO PRENSADO BAJO SAL,QUESO PRENSADO BAJO SAL,insert,1,https://riba.app/imgrs/THUMBS%20500X500/54058.JPG,tabs/detalle-producto/54058,395.000,395.000,395.000,USD,1,{},"{""MARCA"": [""RIMITH""], ""CATEGORIA"": [""LACTEOS""]}","[""LACTEOS""]",,https://riba.app/imgrs/THUMBS%20500X500/54058.JPG,0,0,"[""266""]",395.000,2026-05-08 10:59:33
745101510004,LECHE GRADO A ,LECHE GRADO A ,LECHE GRADO A ,insert,1,https://riba.app/imgrs/THUMBS%20500X500/54197.JPG,tabs/detalle-producto/54197,310.000,310.000,310.000,USD,1,{},"{""MARCA"": [""RIMITH""], ""CATEGORIA"": [""LACTEOS""]}","[""LACTEOS""]",,https://riba.app/imgrs/THUMBS%20500X500/54197.JPG,0,0,"[""266""]",310.000,2026-05-08 10:59:33
745101510005,YOGURT NATURAL,YOGURT NATURAL,YOGURT NATURAL,insert,1,https://riba.app/imgrs/THUMBS%20500X500/72832.JPG,tabs/detalle-producto/72832,110.000,110.000,110.000,USD,1,{},"{""MARCA"": [""RIMITH""], ""CATEGORIA"": [""LACTEOS""]}","[""LACTEOS""]",,https://riba.app/imgrs/THUMBS%20500X500/72832.JPG,0,0,"[""266""]",110.000,2026-05-08 10:59:33
745101510006,YOGURT DE MORA ,YOGURT DE MORA ,YOGURT DE MORA ,insert,1,https://riba.app/imgrs/THUMBS%20500X500/72833.JPG,tabs/detalle-producto/72833,120.000,120.000,120.000,USD,1,{},"{""MARCA"": [""RIMITH""], ""CATEGORIA"": [""LACTEOS""]}","[""LACTEOS""]",,https://riba.app/imgrs/THUMBS%20500X500/72833.JPG,0,0,"[""266""]",120.000,2026-05-08 10:59:33
745101510007,YOGURT DE FRESA ,YOGURT DE FRESA ,YOGURT DE FRESA ,insert,1,https://riba.app/imgrs/THUMBS%20500X500/72834.JPG,tabs/detalle-producto/72834,120.000,120.000,120.000,USD,1,{},"{""MARCA"": [""RIMITH""], ""CATEGORIA"": [""LACTEOS""]}","[""LACTEOS""]",,https://riba.app/imgrs/THUMBS%20500X500/72834.JPG,0,0,"[""266""]",120.000,2026-05-08 10:59:33
745101510008,YOGURT DE KIWI,YOGURT DE KIWI,YOGURT DE KIWI,insert,1,https://riba.app/imgrs/THUMBS%20500X500/72835.JPG,tabs/detalle-producto/72835,120.000,120.000,120.000,USD,1,{},"{""MARCA"": [""RIMITH""], ""CATEGORIA"": [""LACTEOS""]}","[""LACTEOS""]",,https://riba.app/imgrs/THUMBS%20500X500/72835.JPG,0,0,"[""266""]",120.000,2026-05-08 10:59:33
745101510009,YOGURT DE FRAMBUESA,YOGURT DE FRAMBUESA,YOGURT DE FRAMBUESA,insert,1,https://riba.app/imgrs/THUMBS%20500X500/72836.JPG,tabs/detalle-producto/72836,120.000,120.000,120.000,USD,1,{},"{""MARCA"": [""RIMITH""], ""CATEGORIA"": [""LACTEOS""]}","[""LACTEOS""]",,https://riba.app/imgrs/THUMBS%20500X500/72836.JPG,0,0,"[""266""]",120.000,2026-05-08 10:59:33
745101510010,YOGURT DE MELOCOTON,YOGURT DE MELOCOTON,YOGURT DE MELOCOTON,insert,1,https://riba.app/imgrs/THUMBS%20500X500/72837.JPG,tabs/detalle-producto/72837,120.000,120.000,120.000,USD,1,{},"{""MARCA"": [""RIMITH""], ""CATEGORIA"": [""LACTEOS""]}","[""LACTEOS""]",,https://riba.app/imgrs/THUMBS%20500X500/72837.JPG,0,0,"[""266""]",120.000,2026-05-08 10:59:33
745101510011,LECHE GRADO A ,LECHE GRADO A ,LECHE GRADO A ,insert,1,https://riba.app/imgrs/THUMBS%20500X500/119194.JPG,tabs/detalle-producto/119194,160.000,160.000,160.000,USD,1,{},"{""MARCA"": [""RIMITH""], ""CATEGORIA"": [""LACTEOS""]}","[""LACTEOS""]",,https://riba.app/imgrs/THUMBS%20500X500/119194.JPG,0,0,"[""266""]",160.000,2026-05-08 10:59:33
745101510012,RICOTTA CON ESPECIAS,RICOTTA CON ESPECIAS,RICOTTA CON ESPECIAS,insert,1,https://riba.app/imgrs/THUMBS%20500X500/114552.JPG,tabs/detalle-producto/114552,180.000,180.000,180.000,USD,1,{},"{""MARCA"": [""RIMITH""], ""CATEGORIA"": [""LACTEOS""]}","[""LACTEOS""]",,https://riba.app/imgrs/THUMBS%20500X500/114552.JPG,0,0,"[""266""]",180.000,2026-05-08 10:59:33
745101510016,YOGURT DE MORA ,YOGURT DE MORA ,YOGURT DE MORA ,insert,1,https://riba.app/imgrs/THUMBS%20500X500/53918.JPG,tabs/detalle-producto/53918,135.000,135.000,135.000,USD,1,{},"{""MARCA"": [""RIMITH""], ""CATEGORIA"": [""LACTEOS""]}","[""LACTEOS""]",,https://riba.app/imgrs/THUMBS%20500X500/53918.JPG,0,0,"[""266""]",135.000,2026-05-08 10:59:33
745101510017,YOGURT DE FRESA ,YOGURT DE FRESA ,YOGURT DE FRESA ,insert,1,https://riba.app/imgrs/THUMBS%20500X500/53922.JPG,tabs/detalle-producto/53922,135.000,135.000,135.000,USD,1,{},"{""MARCA"": [""RIMITH""], ""CATEGORIA"": [""LACTEOS""]}","[""LACTEOS""]",,https://riba.app/imgrs/THUMBS%20500X500/53922.JPG,0,0,"[""266""]",135.000,2026-05-08 10:59:33
745101510018,YOGURT DE KIWI,YOGURT DE KIWI,YOGURT DE KIWI,insert,1,https://riba.app/imgrs/THUMBS%20500X500/53923.JPG,tabs/detalle-producto/53923,135.000,135.000,135.000,USD,1,{},"{""MARCA"": [""RIMITH""], ""CATEGORIA"": [""LACTEOS""]}","[""LACTEOS""]",,https://riba.app/imgrs/THUMBS%20500X500/53923.JPG,0,0,"[""266""]",135.000,2026-05-08 10:59:33
745101510019,YOGURT DE FRAMBUESA ,YOGURT DE FRAMBUESA ,YOGURT DE FRAMBUESA ,insert,1,https://riba.app/imgrs/THUMBS%20500X500/53913.JPG,tabs/detalle-producto/53913,135.000,135.000,135.000,USD,1,{},"{""MARCA"": [""RIMITH""], ""CATEGORIA"": [""LACTEOS""]}","[""LACTEOS""]",,https://riba.app/imgrs/THUMBS%20500X500/53913.JPG,0,0,"[""266""]",135.000,2026-05-08 10:59:33
745101510020,YOGURT DE MELOCOTON ,YOGURT DE MELOCOTON ,YOGURT DE MELOCOTON ,insert,1,https://riba.app/imgrs/THUMBS%20500X500/53917.JPG,tabs/detalle-producto/53917,135.000,135.000,135.000,USD,1,{},"{""MARCA"": [""RIMITH""], ""CATEGORIA"": [""LACTEOS""]}","[""LACTEOS""]",,https://riba.app/imgrs/THUMBS%20500X500/53917.JPG,0,0,"[""266""]",135.000,2026-05-08 10:59:33
745101510021,YOGURT DE FRUTAS,YOGURT DE FRUTAS,YOGURT DE FRUTAS,insert,1,https://riba.app/imgrs/THUMBS%20500X500/80837.JPG,tabs/detalle-producto/80837,135.000,135.000,135.000,USD,1,{},"{""MARCA"": [""RIMITH""], ""CATEGORIA"": [""LACTEOS""]}","[""LACTEOS""]",,https://riba.app/imgrs/THUMBS%20500X500/80837.JPG,0,0,"[""266""]",135.000,2026-05-08 10:59:33
745101510022,LECHE GRADO A,LECHE GRADO A,LECHE GRADO A,insert,1,https://riba.app/imgrs/THUMBS%20500X500/128228.JPG,tabs/detalle-producto/128228,595.000,595.000,595.000,USD,1,{},"{""MARCA"": [""RIMITH""], ""CATEGORIA"": [""LACTEOS""]}","[""LACTEOS""]",,https://riba.app/imgrs/THUMBS%20500X500/128228.JPG,0,0,"[""266""]",595.000,2026-05-08 10:59:33
745101510023,LECHE DESLACTOSADA,LECHE DESLACTOSADA,LECHE DESLACTOSADA,insert,1,https://riba.app/imgrs/THUMBS%20500X500/125912.JPG,tabs/detalle-producto/125912,185.000,185.000,185.000,USD,1,{},"{""MARCA"": [""RIMITH""], ""CATEGORIA"": [""LACTEOS""]}","[""LACTEOS""]",,https://riba.app/imgrs/THUMBS%20500X500/125912.JPG,0,0,"[""266""]",185.000,2026-05-08 10:59:33
745101510024,LECHE DESCREMADA LIBRE DE GRAS,LECHE DESCREMADA LIBRE DE GRAS,LECHE DESCREMADA LIBRE DE GRAS,insert,1,https://riba.app/imgrs/THUMBS%20500X500/130866.JPG,tabs/detalle-producto/130866,185.000,185.000,185.000,USD,1,{},"{""MARCA"": [""RIMITH""], ""CATEGORIA"": [""LACTEOS""]}","[""LACTEOS""]",,https://riba.app/imgrs/THUMBS%20500X500/130866.JPG,0,0,"[""266""]",185.000,2026-05-08 10:59:33
745101510025,LECHE DESCREMADA LIBRE DE GRAS,LECHE DESCREMADA LIBRE DE GRAS,LECHE DESCREMADA LIBRE DE GRAS,insert,1,https://riba.app/imgrs/THUMBS%20500X500/130867.JPG,tabs/detalle-producto/130867,310.000,310.000,310.000,USD,1,{},"{""MARCA"": [""RIMITH""], ""CATEGORIA"": [""LACTEOS""]}","[""LACTEOS""]",,https://riba.app/imgrs/THUMBS%20500X500/130867.JPG,0,0,"[""266""]",310.000,2026-05-08 10:59:33
745101510026,YOGURT CABRA NATURAL,YOGURT CABRA NATURAL,YOGURT CABRA NATURAL,insert,1,https://riba.app/imgrs/THUMBS%20500X500/229688.JPG,tabs/detalle-producto/229688,205.000,205.000,205.000,USD,1,{},"{""MARCA"": [""RIMITH""], ""CATEGORIA"": [""LACTEOS""]}","[""LACTEOS""]",,https://riba.app/imgrs/THUMBS%20500X500/229688.JPG,0,0,"[""266""]",205.000,2026-05-08 10:59:33
745101510033,CHOCOLATE DE LECHE 100 GR,CHOCOLATE DE LECHE 100 GR,CHOCOLATE DE LECHE 100 GR,insert,1,https://riba.app/imgrs/THUMBS%20500X500/166912.JPG,tabs/detalle-producto/166912,245.000,245.000,245.000,USD,1,{},"{""MARCA"": [""RIMITH""], ""CATEGORIA"": [""Snacks""]}","[""Snacks""]",,https://riba.app/imgrs/THUMBS%20500X500/166912.JPG,0,0,"[""296""]",245.000,2026-05-08 10:59:33
745101510034,CHOCOLATE DE LECHE 50 GR,CHOCOLATE DE LECHE 50 GR,CHOCOLATE DE LECHE 50 GR,insert,1,https://riba.app/imgrs/THUMBS%20500X500/166913.JPG,tabs/detalle-producto/166913,135.000,135.000,135.000,USD,1,{},"{""MARCA"": [""RIMITH""], ""CATEGORIA"": [""Snacks""]}","[""Snacks""]",,https://riba.app/imgrs/THUMBS%20500X500/166913.JPG,0,0,"[""296""]",135.000,2026-05-08 10:59:33
745101510035,CHOCOLATE DE LECHE 43 GR,CHOCOLATE DE LECHE 43 GR,CHOCOLATE DE LECHE 43 GR,insert,1,https://riba.app/imgrs/THUMBS%20500X500/166914.JPG,tabs/detalle-producto/166914,110.000,110.000,110.000,USD,1,{},"{""MARCA"": [""RIMITH""], ""CATEGORIA"": [""Snacks""]}","[""Snacks""]",,https://riba.app/imgrs/THUMBS%20500X500/166914.JPG,0,0,"[""296""]",110.000,2026-05-08 10:59:33
745101510036,CHOCOLATE LECHE ALMENDRA 100GR,CHOCOLATE LECHE ALMENDRA 100GR,CHOCOLATE LECHE ALMENDRA 100GR,insert,1,https://riba.app/imgrs/THUMBS%20500X500/166915.JPG,tabs/detalle-producto/166915,250.000,250.000,250.000,USD,1,{},"{""MARCA"": [""RIMITH""], ""CATEGORIA"": [""Snacks""]}","[""Snacks""]",,https://riba.app/imgrs/THUMBS%20500X500/166915.JPG,0,0,"[""296""]",250.000,2026-05-08 10:59:33
745101510037,CHOCOLATE LECHE ALMENDRA 50GR,CHOCOLATE LECHE ALMENDRA 50GR,CHOCOLATE LECHE ALMENDRA 50GR,insert,1,https://riba.app/imgrs/THUMBS%20500X500/166916.JPG,tabs/detalle-producto/166916,140.000,140.000,140.000,USD,1,{},"{""MARCA"": [""RIMITH""], ""CATEGORIA"": [""Snacks""]}","[""Snacks""]",,https://riba.app/imgrs/THUMBS%20500X500/166916.JPG,0,0,"[""296""]",140.000,2026-05-08 10:59:33
745101510038,CHOCOLATE LECHE ALMENDRA 43GR,CHOCOLATE LECHE ALMENDRA 43GR,CHOCOLATE LECHE ALMENDRA 43GR,insert,1,https://riba.app/imgrs/THUMBS%20500X500/166917.JPG,tabs/detalle-producto/166917,115.000,115.000,115.000,USD,1,{},"{""MARCA"": [""RIMITH""], ""CATEGORIA"": [""Snacks""]}","[""Snacks""]",,https://riba.app/imgrs/THUMBS%20500X500/166917.JPG,0,0,"[""296""]",115.000,2026-05-08 10:59:33
745101510039,CHOCOTTI ALMENDRA CHOC DARK,CHOCOTTI ALMENDRA CHOC DARK,CHOCOTTI ALMENDRA CHOC DARK,insert,1,https://riba.app/imgrs/THUMBS%20500X500/168955.JPG,tabs/detalle-producto/168955,110.000,110.000,110.000,USD,1,{},"{""MARCA"": [""RIMITH""], ""CATEGORIA"": [""Snacks""]}","[""Snacks""]",,https://riba.app/imgrs/THUMBS%20500X500/168955.JPG,0,0,"[""296""]",110.000,2026-05-08 10:59:33
745101510040,YOGURT CABRA COCO,YOGURT CABRA COCO,YOGURT CABRA COCO,insert,1,https://riba.app/imgrs/THUMBS%20500X500/229689.JPG,tabs/detalle-producto/229689,205.000,205.000,205.000,USD,1,{},"{""MARCA"": [""RIMITH""], ""CATEGORIA"": [""LACTEOS""]}","[""LACTEOS""]",,https://riba.app/imgrs/THUMBS%20500X500/229689.JPG,0,0,"[""266""]",205.000,2026-05-08 10:59:33
745101510041,CHOCOTTI AVENA CHOCOLATE LECHE,CHOCOTTI AVENA CHOCOLATE LECHE,CHOCOTTI AVENA CHOCOLATE LECHE,insert,1,https://riba.app/imgrs/THUMBS%20500X500/168956.JPG,tabs/detalle-producto/168956,110.000,110.000,110.000,USD,1,{},"{""MARCA"": [""RIMITH""], ""CATEGORIA"": [""Snacks""]}","[""Snacks""]",,https://riba.app/imgrs/THUMBS%20500X500/168956.JPG,0,0,"[""296""]",110.000,2026-05-08 10:59:33
745101510042,CHOCOTTI CHOCOLATE CHOC BLANCO,CHOCOTTI CHOCOLATE CHOC BLANCO,CHOCOTTI CHOCOLATE CHOC BLANCO,insert,1,https://riba.app/imgrs/THUMBS%20500X500/168957.JPG,tabs/detalle-producto/168957,110.000,110.000,110.000,USD,1,{},"{""MARCA"": [""RIMITH""], ""CATEGORIA"": [""Snacks""]}","[""Snacks""]",,https://riba.app/imgrs/THUMBS%20500X500/168957.JPG,0,0,"[""296""]",110.000,2026-05-08 10:59:33
745101510043,YOGURT LIGHT NATURAL NF,YOGURT LIGHT NATURAL NF,YOGURT LIGHT NATURAL NF,insert,1,https://riba.app/imgrs/THUMBS%20500X500/174101.JPG,tabs/detalle-producto/174101,120.000,120.000,120.000,USD,1,{},"{""MARCA"": [""RIMITH""], ""CATEGORIA"": [""LACTEOS""]}","[""LACTEOS""]",,https://riba.app/imgrs/THUMBS%20500X500/174101.JPG,0,0,"[""266""]",120.000,2026-05-08 10:59:33
745101510047,YOGURT LIGHT DE FRESA NF,YOGURT LIGHT DE FRESA NF,YOGURT LIGHT DE FRESA NF,insert,1,https://riba.app/imgrs/THUMBS%20500X500/179937.JPG,tabs/detalle-producto/179937,130.000,130.000,130.000,USD,1,{},"{""MARCA"": [""RIMITH""], ""CATEGORIA"": [""LACTEOS""]}","[""LACTEOS""]",,https://riba.app/imgrs/THUMBS%20500X500/179937.JPG,0,0,"[""266""]",130.000,2026-05-08 10:59:33
745101510048,YOGURT CABRA FRESA,YOGURT CABRA FRESA,YOGURT CABRA FRESA,insert,1,https://riba.app/imgrs/THUMBS%20500X500/229690.JPG,tabs/detalle-producto/229690,205.000,205.000,205.000,USD,1,{},"{""MARCA"": [""RIMITH""], ""CATEGORIA"": [""LACTEOS""]}","[""LACTEOS""]",,https://riba.app/imgrs/THUMBS%20500X500/229690.JPG,0,0,"[""266""]",205.000,2026-05-08 10:59:33
745101510057,HELADO DE FRESA ,HELADO DE FRESA ,HELADO DE FRESA ,insert,1,https://riba.app/imgrs/THUMBS%20500X500/54128.JPG,tabs/detalle-producto/54128,620.000,620.000,620.000,USD,1,{},"{""MARCA"": [""RIMITH""], ""CATEGORIA"": [""CONGELADO""]}","[""CONGELADO""]",,https://riba.app/imgrs/THUMBS%20500X500/54128.JPG,0,0,"[""305""]",620.000,2026-05-08 10:59:33
745101510058,HELADO DE GRAPE NUT,HELADO DE GRAPE NUT,HELADO DE GRAPE NUT,insert,1,https://riba.app/imgrs/THUMBS%20500X500/78480.JPG,tabs/detalle-producto/78480,545.000,545.000,545.000,USD,1,{},"{""MARCA"": [""RIMITH""], ""CATEGORIA"": [""CONGELADO""]}","[""CONGELADO""]",,https://riba.app/imgrs/THUMBS%20500X500/78480.JPG,0,0,"[""305""]",545.000,2026-05-08 10:59:33
745101510059,HELADO DE VAINILLA,HELADO DE VAINILLA,HELADO DE VAINILLA,insert,1,https://riba.app/imgrs/THUMBS%20500X500/169261.JPG,tabs/detalle-producto/169261,545.000,545.000,545.000,USD,1,{},"{""MARCA"": [""RIMITH""], ""CATEGORIA"": [""CONGELADO""]}","[""CONGELADO""]",,https://riba.app/imgrs/THUMBS%20500X500/169261.JPG,0,0,"[""305""]",545.000,2026-05-08 10:59:33
745101510060,HELADO DE CHOCOLATE,HELADO DE CHOCOLATE,HELADO DE CHOCOLATE,insert,1,https://riba.app/imgrs/THUMBS%20500X500/169260.JPG,tabs/detalle-producto/169260,545.000,545.000,545.000,USD,1,{},"{""MARCA"": [""RIMITH""], ""CATEGORIA"": [""CONGELADO""]}","[""CONGELADO""]",,https://riba.app/imgrs/THUMBS%20500X500/169260.JPG,0,0,"[""305""]",545.000,2026-05-08 10:59:33
745101510061,HELADO DE NAPOLITANO,HELADO DE NAPOLITANO,HELADO DE NAPOLITANO,insert,1,https://riba.app/imgrs/THUMBS%20500X500/169262.JPG,tabs/detalle-producto/169262,545.000,545.000,545.000,USD,1,{},"{""MARCA"": [""RIMITH""], ""CATEGORIA"": [""CONGELADO""]}","[""CONGELADO""]",,https://riba.app/imgrs/THUMBS%20500X500/169262.JPG,0,0,"[""305""]",545.000,2026-05-08 10:59:33
745101510062,HELADO DE FRESA,HELADO DE FRESA,HELADO DE FRESA,insert,1,https://riba.app/imgrs/THUMBS%20500X500/170384.JPG,tabs/detalle-producto/170384,790.000,790.000,790.000,USD,1,{},"{""MARCA"": [""RIMITH""], ""CATEGORIA"": [""CONGELADO""]}","[""CONGELADO""]",,https://riba.app/imgrs/THUMBS%20500X500/170384.JPG,0,0,"[""305""]",790.000,2026-05-08 10:59:33
745101510063,HELADO DE GRAPE NUT,HELADO DE GRAPE NUT,HELADO DE GRAPE NUT,insert,1,https://riba.app/imgrs/THUMBS%20500X500/170386.JPG,tabs/detalle-producto/170386,695.000,695.000,695.000,USD,1,{},"{""MARCA"": [""RIMITH""], ""CATEGORIA"": [""CONGELADO""]}","[""CONGELADO""]",,https://riba.app/imgrs/THUMBS%20500X500/170386.JPG,0,0,"[""305""]",695.000,2026-05-08 10:59:33
745101510064,HELADO DE VAINILLA ,HELADO DE VAINILLA ,HELADO DE VAINILLA ,insert,1,https://riba.app/imgrs/THUMBS%20500X500/170385.JPG,tabs/detalle-producto/170385,695.000,695.000,695.000,USD,1,{},"{""MARCA"": [""RIMITH""], ""CATEGORIA"": [""CONGELADO""]}","[""CONGELADO""]",,https://riba.app/imgrs/THUMBS%20500X500/170385.JPG,0,0,"[""305""]",695.000,2026-05-08 10:59:33
745101510065,HELADO DE CHOCOLATE ,HELADO DE CHOCOLATE ,HELADO DE CHOCOLATE ,insert,1,https://riba.app/imgrs/THUMBS%20500X500/54203.JPG,tabs/detalle-producto/54203,695.000,695.000,695.000,USD,1,{},"{""MARCA"": [""RIMITH""], ""CATEGORIA"": [""CONGELADO""]}","[""CONGELADO""]",,https://riba.app/imgrs/THUMBS%20500X500/54203.JPG,0,0,"[""305""]",695.000,2026-05-08 10:59:33
745101510066,HELADO DE NAPOLITANO ,HELADO DE NAPOLITANO ,HELADO DE NAPOLITANO ,insert,1,https://riba.app/imgrs/THUMBS%20500X500/170387.JPG,tabs/detalle-producto/170387,695.000,695.000,695.000,USD,1,{},"{""MARCA"": [""RIMITH""], ""CATEGORIA"": [""CONGELADO""]}","[""CONGELADO""]",,https://riba.app/imgrs/THUMBS%20500X500/170387.JPG,0,0,"[""305""]",695.000,2026-05-08 10:59:33
745101510067,PALETA DE FRUTAS SURTIDAS,PALETA DE FRUTAS SURTIDAS,PALETA DE FRUTAS SURTIDAS,insert,1,https://riba.app/imgrs/THUMBS%20500X500/175522.JPG,tabs/detalle-producto/175522,600.000,600.000,600.000,USD,1,{},"{""MARCA"": [""RIMITH""], ""CATEGORIA"": [""CONGELADO""]}","[""CONGELADO""]",,https://riba.app/imgrs/THUMBS%20500X500/175522.JPG,0,0,"[""305""]",600.000,2026-05-08 10:59:33
745101510069,CHOCOPIE C,CHOCOPIE C,CHOCOPIE C,insert,1,https://riba.app/imgrs/THUMBS%20500X500/176089.JPG,tabs/detalle-producto/176089,755.000,755.000,755.000,USD,1,{},"{""MARCA"": [""RIMITH""], ""CATEGORIA"": [""CONGELADO""]}","[""CONGELADO""]",,https://riba.app/imgrs/THUMBS%20500X500/176089.JPG,0,0,"[""305""]",755.000,2026-05-08 10:59:33
745101510076,YOGURT LIGHT PASTEL MANZANA,YOGURT LIGHT PASTEL MANZANA,YOGURT LIGHT PASTEL MANZANA,insert,1,https://riba.app/imgrs/THUMBS%20500X500/194318.JPG,tabs/detalle-producto/194318,130.000,130.000,130.000,USD,1,{},"{""MARCA"": [""RIMITH""], ""CATEGORIA"": [""LACTEOS""]}","[""LACTEOS""]",,https://riba.app/imgrs/THUMBS%20500X500/194318.JPG,0,0,"[""266""]",130.000,2026-05-08 10:59:33
745101510078,PAN DE PASCUA,PAN DE PASCUA,PAN DE PASCUA,insert,1,https://riba.app/imgrs/THUMBS%20500X500/193992.JPG,tabs/detalle-producto/193992,650.000,650.000,650.000,USD,1,{},"{""MARCA"": [""RIMITH""], ""CATEGORIA"": [""PANES Y DULCES""]}","[""PANES Y DULCES""]",,https://riba.app/imgrs/THUMBS%20500X500/193992.JPG,0,0,"[""269""]",650.000,2026-05-08 10:59:33
745101510080,HELADO CON YOGURT FRESA,HELADO CON YOGURT FRESA,HELADO CON YOGURT FRESA,insert,1,https://riba.app/imgrs/THUMBS%20500X500/212167.JPG,tabs/detalle-producto/212167,135.000,135.000,135.000,USD,1,{},"{""MARCA"": [""RIMITH""], ""CATEGORIA"": [""CONGELADO""]}","[""CONGELADO""]",,https://riba.app/imgrs/THUMBS%20500X500/212167.JPG,0,0,"[""305""]",135.000,2026-05-08 10:59:33
745101510081,HELADO CON COCO,HELADO CON COCO,HELADO CON COCO,insert,1,https://riba.app/imgrs/THUMBS%20500X500/212168.JPG,tabs/detalle-producto/212168,135.000,135.000,135.000,USD,1,{},"{""MARCA"": [""RIMITH""], ""CATEGORIA"": [""CONGELADO""]}","[""CONGELADO""]",,https://riba.app/imgrs/THUMBS%20500X500/212168.JPG,0,0,"[""305""]",135.000,2026-05-08 10:59:33
745101510082,HELADO SORBETO CON MARACUYA,HELADO SORBETO CON MARACUYA,HELADO SORBETO CON MARACUYA,insert,1,https://riba.app/imgrs/THUMBS%20500X500/212169.JPG,tabs/detalle-producto/212169,135.000,135.000,135.000,USD,1,{},"{""MARCA"": [""RIMITH""], ""CATEGORIA"": [""CONGELADO""]}","[""CONGELADO""]",,https://riba.app/imgrs/THUMBS%20500X500/212169.JPG,0,0,"[""305""]",135.000,2026-05-08 10:59:33
745101510083,HELADO CON PISTACHO,HELADO CON PISTACHO,HELADO CON PISTACHO,insert,1,https://riba.app/imgrs/THUMBS%20500X500/212170.JPG,tabs/detalle-producto/212170,135.000,135.000,135.000,USD,1,{},"{""MARCA"": [""RIMITH""], ""CATEGORIA"": [""CONGELADO""]}","[""CONGELADO""]",,https://riba.app/imgrs/THUMBS%20500X500/212170.JPG,0,0,"[""305""]",135.000,2026-05-08 10:59:33
745101510084,HELADO SORBETO CON LIMON,HELADO SORBETO CON LIMON,HELADO SORBETO CON LIMON,insert,1,https://riba.app/imgrs/THUMBS%20500X500/212171.JPG,tabs/detalle-producto/212171,135.000,135.000,135.000,USD,1,{},"{""MARCA"": [""RIMITH""], ""CATEGORIA"": [""CONGELADO""]}","[""CONGELADO""]",,https://riba.app/imgrs/THUMBS%20500X500/212171.JPG,0,0,"[""305""]",135.000,2026-05-08 10:59:33
745101510085,HELADO CON AGUA PIPA,HELADO CON AGUA PIPA,HELADO CON AGUA PIPA,insert,1,https://riba.app/imgrs/THUMBS%20500X500/212172.JPG,tabs/detalle-producto/212172,135.000,135.000,135.000,USD,1,{},"{""MARCA"": [""RIMITH""], ""CATEGORIA"": [""CONGELADO""]}","[""CONGELADO""]",,https://riba.app/imgrs/THUMBS%20500X500/212172.JPG,0,0,"[""305""]",135.000,2026-05-08 10:59:33
745101510086,HELADO CON GUANABANA,HELADO CON GUANABANA,HELADO CON GUANABANA,insert,1,https://riba.app/imgrs/THUMBS%20500X500/212173.JPG,tabs/detalle-producto/212173,135.000,135.000,135.000,USD,1,{},"{""MARCA"": [""RIMITH""], ""CATEGORIA"": [""CONGELADO""]}","[""CONGELADO""]",,https://riba.app/imgrs/THUMBS%20500X500/212173.JPG,0,0,"[""305""]",135.000,2026-05-08 10:59:33
745101510087,HELADO C YOGURT MELOCOTON,HELADO C YOGURT MELOCOTON,HELADO C YOGURT MELOCOTON,insert,1,https://riba.app/imgrs/THUMBS%20500X500/212174.JPG,tabs/detalle-producto/212174,135.000,135.000,135.000,USD,1,{},"{""MARCA"": [""RIMITH""], ""CATEGORIA"": [""CONGELADO""]}","[""CONGELADO""]",,https://riba.app/imgrs/THUMBS%20500X500/212174.JPG,0,0,"[""305""]",135.000,2026-05-08 10:59:33
745101510089,HELADO SORBETO NANCE,HELADO SORBETO NANCE,HELADO SORBETO NANCE,insert,1,https://riba.app/imgrs/THUMBS%20500X500/212176.JPG,tabs/detalle-producto/212176,135.000,135.000,135.000,USD,1,{},"{""MARCA"": [""RIMITH""], ""CATEGORIA"": [""CONGELADO""]}","[""CONGELADO""]",,https://riba.app/imgrs/THUMBS%20500X500/212176.JPG,0,0,"[""305""]",135.000,2026-05-08 10:59:33
745101510090,HELADO CON VAINILLA ,HELADO CON VAINILLA ,HELADO CON VAINILLA ,insert,1,https://riba.app/imgrs/THUMBS%20500X500/212177.JPG,tabs/detalle-producto/212177,135.000,135.000,135.000,USD,1,{},"{""MARCA"": [""RIMITH""], ""CATEGORIA"": [""CONGELADO""]}","[""CONGELADO""]",,https://riba.app/imgrs/THUMBS%20500X500/212177.JPG,0,0,"[""305""]",135.000,2026-05-08 10:59:33
745101510091,HELADO CON CHOCOLATE,HELADO CON CHOCOLATE,HELADO CON CHOCOLATE,insert,1,https://riba.app/imgrs/THUMBS%20500X500/212178.JPG,tabs/detalle-producto/212178,135.000,135.000,135.000,USD,1,{},"{""MARCA"": [""RIMITH""], ""CATEGORIA"": [""CONGELADO""]}","[""CONGELADO""]",,https://riba.app/imgrs/THUMBS%20500X500/212178.JPG,0,0,"[""305""]",135.000,2026-05-08 10:59:33
745101510092,HELADO SORBETO NARANJA PINA,HELADO SORBETO NARANJA PINA,HELADO SORBETO NARANJA PINA,insert,1,https://riba.app/imgrs/THUMBS%20500X500/212179.JPG,tabs/detalle-producto/212179,135.000,135.000,135.000,USD,1,{},"{""MARCA"": [""RIMITH""], ""CATEGORIA"": [""CONGELADO""]}","[""CONGELADO""]",,https://riba.app/imgrs/THUMBS%20500X500/212179.JPG,0,0,"[""305""]",135.000,2026-05-08 10:59:33
745101510093,HELADO C VAINILLA NF/RA,HELADO C VAINILLA NF/RA,HELADO C VAINILLA NF/RA,insert,1,https://riba.app/imgrs/THUMBS%20500X500/212180.JPG,tabs/detalle-producto/212180,135.000,135.000,135.000,USD,1,{},"{""MARCA"": [""RIMITH""], ""CATEGORIA"": [""CONGELADO""]}","[""CONGELADO""]",,https://riba.app/imgrs/THUMBS%20500X500/212180.JPG,0,0,"[""305""]",135.000,2026-05-08 10:59:33
745101510094,HELADO CON CANELA NF/RA,HELADO CON CANELA NF/RA,HELADO CON CANELA NF/RA,insert,1,https://riba.app/imgrs/THUMBS%20500X500/212181.JPG,tabs/detalle-producto/212181,135.000,135.000,135.000,USD,1,{},"{""MARCA"": [""RIMITH""], ""CATEGORIA"": [""CONGELADO""]}","[""CONGELADO""]",,https://riba.app/imgrs/THUMBS%20500X500/212181.JPG,0,0,"[""305""]",135.000,2026-05-08 10:59:33
745101510095,QUESO LITE BAJO SAL,QUESO LITE BAJO SAL,QUESO LITE BAJO SAL,insert,1,https://riba.app/imgrs/THUMBS%20500X500/212793.JPG,tabs/detalle-producto/212793,395.000,395.000,395.000,USD,1,{},"{""MARCA"": [""RIMITH""], ""CATEGORIA"": [""LACTEOS""]}","[""LACTEOS""]",,https://riba.app/imgrs/THUMBS%20500X500/212793.JPG,0,0,"[""266""]",395.000,2026-05-08 10:59:33
745101510096,YOGURT GRIEGO NATURAL,YOGURT GRIEGO NATURAL,YOGURT GRIEGO NATURAL,insert,1,https://riba.app/imgrs/THUMBS%20500X500/216741.JPG,tabs/detalle-producto/216741,215.000,215.000,215.000,USD,1,{},"{""MARCA"": [""RIMITH""], ""CATEGORIA"": [""LACTEOS""]}","[""LACTEOS""]",,https://riba.app/imgrs/THUMBS%20500X500/216741.JPG,0,0,"[""266""]",215.000,2026-05-08 10:59:33
745101510097,YOGURT GRIEGO 0% GRASA,YOGURT GRIEGO 0% GRASA,YOGURT GRIEGO 0% GRASA,insert,1,https://riba.app/imgrs/THUMBS%20500X500/216742.JPG,tabs/detalle-producto/216742,215.000,215.000,215.000,USD,1,{},"{""MARCA"": [""RIMITH""], ""CATEGORIA"": [""LACTEOS""]}","[""LACTEOS""]",,https://riba.app/imgrs/THUMBS%20500X500/216742.JPG,0,0,"[""266""]",215.000,2026-05-08 10:59:33
745101510098,LECHE GRADO A ,LECHE GRADO A ,LECHE GRADO A ,insert,1,https://riba.app/imgrs/THUMBS%20500X500/216813.JPG,tabs/detalle-producto/216813,61.000,61.000,61.000,USD,1,{},"{""MARCA"": [""RIMITH""], ""CATEGORIA"": [""LACTEOS""]}","[""LACTEOS""]",,https://riba.app/imgrs/THUMBS%20500X500/216813.JPG,0,0,"[""266""]",61.000,2026-05-08 10:59:33
745101510099,CHIQUIMU LECHE CHOCOLATADA,CHIQUIMU LECHE CHOCOLATADA,CHIQUIMU LECHE CHOCOLATADA,insert,1,https://riba.app/imgrs/THUMBS%20500X500/216933.JPG,tabs/detalle-producto/216933,135.000,135.000,135.000,USD,1,{},"{""MARCA"": [""RIMITH""], ""CATEGORIA"": [""LACTEOS""]}","[""LACTEOS""]",,https://riba.app/imgrs/THUMBS%20500X500/216933.JPG,0,0,"[""266""]",135.000,2026-05-08 10:59:33
745101510100,PAN CIRUELA PASA,PAN CIRUELA PASA,PAN CIRUELA PASA,insert,1,https://riba.app/imgrs/THUMBS%20500X500/218064.JPG,tabs/detalle-producto/218064,575.000,575.000,575.000,USD,1,{},"{""MARCA"": [""RIMITH""], ""CATEGORIA"": [""PANES Y DULCES""]}","[""PANES Y DULCES""]",,https://riba.app/imgrs/THUMBS%20500X500/218064.JPG,0,0,"[""269""]",575.000,2026-05-08 10:59:33
745101510102,HELADO CON FRESA,HELADO CON FRESA,HELADO CON FRESA,insert,1,https://riba.app/imgrs/THUMBS%20500X500/295172.JPG,tabs/detalle-producto/295172,135.000,135.000,135.000,USD,1,{},"{""MARCA"": [""RIMITH""], ""CATEGORIA"": [""CONGELADO""]}","[""CONGELADO""]",,https://riba.app/imgrs/THUMBS%20500X500/295172.JPG,0,0,"[""305""]",135.000,2026-05-08 10:59:33
745101510103,HELADO CON FRUTOS BOSQU,HELADO CON FRUTOS BOSQU,HELADO CON FRUTOS BOSQU,insert,1,https://riba.app/imgrs/THUMBS%20500X500/295173.JPG,tabs/detalle-producto/295173,135.000,135.000,135.000,USD,1,{},"{""MARCA"": [""RIMITH""], ""CATEGORIA"": [""CONGELADO""]}","[""CONGELADO""]",,https://riba.app/imgrs/THUMBS%20500X500/295173.JPG,0,0,"[""305""]",135.000,2026-05-08 10:59:33
745101510104,HELADO CON CAFE,HELADO CON CAFE,HELADO CON CAFE,insert,1,https://riba.app/imgrs/THUMBS%20500X500/295174.JPG,tabs/detalle-producto/295174,135.000,135.000,135.000,USD,1,{},"{""MARCA"": [""RIMITH""], ""CATEGORIA"": [""CONGELADO""]}","[""CONGELADO""]",,https://riba.app/imgrs/THUMBS%20500X500/295174.JPG,0,0,"[""305""]",135.000,2026-05-08 10:59:33
745101510105,HELADO CHOCOALMENDRA,HELADO CHOCOALMENDRA,HELADO CHOCOALMENDRA,insert,1,https://riba.app/imgrs/THUMBS%20500X500/295175.JPG,tabs/detalle-producto/295175,135.000,135.000,135.000,USD,1,{},"{""MARCA"": [""RIMITH""], ""CATEGORIA"": [""CONGELADO""]}","[""CONGELADO""]",,https://riba.app/imgrs/THUMBS%20500X500/295175.JPG,0,0,"[""305""]",135.000,2026-05-08 10:59:33
745101510106,HELADO CHOCOAVELLANAS,HELADO CHOCOAVELLANAS,HELADO CHOCOAVELLANAS,insert,1,https://riba.app/imgrs/THUMBS%20500X500/295176.JPG,tabs/detalle-producto/295176,135.000,135.000,135.000,USD,1,{},"{""MARCA"": [""RIMITH""], ""CATEGORIA"": [""CONGELADO""]}","[""CONGELADO""]",,https://riba.app/imgrs/THUMBS%20500X500/295176.JPG,0,0,"[""305""]",135.000,2026-05-08 10:59:33
745101510107,HELADO CHOCO CRUNCH,HELADO CHOCO CRUNCH,HELADO CHOCO CRUNCH,insert,1,https://riba.app/imgrs/THUMBS%20500X500/232496.JPG,tabs/detalle-producto/232496,545.000,545.000,545.000,USD,1,{},"{""MARCA"": [""RIMITH""], ""CATEGORIA"": [""CONGELADO""]}","[""CONGELADO""]",,https://riba.app/imgrs/THUMBS%20500X500/232496.JPG,0,0,"[""305""]",545.000,2026-05-08 10:59:33
745101510109,HELADO CEREZA ,HELADO CEREZA ,HELADO CEREZA ,insert,1,https://riba.app/imgrs/THUMBS%20500X500/235760.JPG,tabs/detalle-producto/235760,545.000,545.000,545.000,USD,1,{},"{""MARCA"": [""RIMITH""], ""CATEGORIA"": [""CONGELADO""]}","[""CONGELADO""]",,https://riba.app/imgrs/THUMBS%20500X500/235760.JPG,0,0,"[""305""]",545.000,2026-05-08 10:59:33
745101510110,HELADO CEREZA,HELADO CEREZA,HELADO CEREZA,insert,1,https://riba.app/imgrs/THUMBS%20500X500/235771.JPG,tabs/detalle-producto/235771,695.000,695.000,695.000,USD,1,{},"{""MARCA"": [""RIMITH""], ""CATEGORIA"": [""CONGELADO""]}","[""CONGELADO""]",,https://riba.app/imgrs/THUMBS%20500X500/235771.JPG,0,0,"[""305""]",695.000,2026-05-08 10:59:33
745101510111,HELADO GALLETA,HELADO GALLETA,HELADO GALLETA,insert,1,https://riba.app/imgrs/THUMBS%20500X500/232495.JPG,tabs/detalle-producto/232495,545.000,545.000,545.000,USD,1,{},"{""MARCA"": [""RIMITH""], ""CATEGORIA"": [""CONGELADO""]}","[""CONGELADO""]",,https://riba.app/imgrs/THUMBS%20500X500/232495.JPG,0,0,"[""305""]",545.000,2026-05-08 10:59:33
745101510112,HELADO GALLETAS,HELADO GALLETAS,HELADO GALLETAS,insert,1,https://riba.app/imgrs/THUMBS%20500X500/232497.JPG,tabs/detalle-producto/232497,695.000,695.000,695.000,USD,1,{},"{""MARCA"": [""RIMITH""], ""CATEGORIA"": [""CONGELADO""]}","[""CONGELADO""]",,https://riba.app/imgrs/THUMBS%20500X500/232497.JPG,0,0,"[""305""]",695.000,2026-05-08 10:59:33
745101510113,PALETA DE SORBETO SURTIDAS,PALETA DE SORBETO SURTIDAS,PALETA DE SORBETO SURTIDAS,insert,1,https://riba.app/imgrs/THUMBS%20500X500/275605.JPG,tabs/detalle-producto/275605,580.000,580.000,580.000,USD,1,{},"{""MARCA"": [""RIMITH""], ""CATEGORIA"": [""CONGELADO""]}","[""CONGELADO""]",,https://riba.app/imgrs/THUMBS%20500X500/275605.JPG,0,0,"[""305""]",580.000,2026-05-08 10:59:33
745101510120,YOGURT GRIEGO FRESA,YOGURT GRIEGO FRESA,YOGURT GRIEGO FRESA,insert,1,https://riba.app/imgrs/THUMBS%20500X500/233630.JPG,tabs/detalle-producto/233630,215.000,215.000,215.000,USD,1,{},"{""MARCA"": [""RIMITH""], ""CATEGORIA"": [""LACTEOS""]}","[""LACTEOS""]",,https://riba.app/imgrs/THUMBS%20500X500/233630.JPG,0,0,"[""266""]",215.000,2026-05-08 10:59:33
745101510121,YOGURT GRIEGO MELOCOTON,YOGURT GRIEGO MELOCOTON,YOGURT GRIEGO MELOCOTON,insert,1,https://riba.app/imgrs/THUMBS%20500X500/233629.JPG,tabs/detalle-producto/233629,215.000,215.000,215.000,USD,1,{},"{""MARCA"": [""RIMITH""], ""CATEGORIA"": [""LACTEOS""]}","[""LACTEOS""]",,https://riba.app/imgrs/THUMBS%20500X500/233629.JPG,0,0,"[""266""]",215.000,2026-05-08 10:59:33
745101510122,YOGURT GRIEGO KIWI,YOGURT GRIEGO KIWI,YOGURT GRIEGO KIWI,insert,1,https://riba.app/imgrs/THUMBS%20500X500/233628.JPG,tabs/detalle-producto/233628,215.000,215.000,215.000,USD,1,{},"{""MARCA"": [""RIMITH""], ""CATEGORIA"": [""LACTEOS""]}","[""LACTEOS""]",,https://riba.app/imgrs/THUMBS%20500X500/233628.JPG,0,0,"[""266""]",215.000,2026-05-08 10:59:33
745101510123,YOGURT GRIEGO COCO,YOGURT GRIEGO COCO,YOGURT GRIEGO COCO,insert,1,https://riba.app/imgrs/THUMBS%20500X500/233631.JPG,tabs/detalle-producto/233631,215.000,215.000,215.000,USD,1,{},"{""MARCA"": [""RIMITH""], ""CATEGORIA"": [""LACTEOS""]}","[""LACTEOS""]",,https://riba.app/imgrs/THUMBS%20500X500/233631.JPG,0,0,"[""266""]",215.000,2026-05-08 10:59:33
745101510127,YOGURT CABRA NATURAL SIN AZUCA,YOGURT CABRA NATURAL SIN AZUCA,YOGURT CABRA NATURAL SIN AZUCA,insert,1,https://riba.app/imgrs/THUMBS%20500X500/233626.JPG,tabs/detalle-producto/233626,205.000,205.000,205.000,USD,1,{},"{""MARCA"": [""RIMITH""], ""CATEGORIA"": [""LACTEOS""]}","[""LACTEOS""]",,https://riba.app/imgrs/THUMBS%20500X500/233626.JPG,0,0,"[""266""]",205.000,2026-05-08 10:59:33
745101510128,CHIQUIMU LECHE CHOC 1/4 GL ,CHIQUIMU LECHE CHOC 1/4 GL ,CHIQUIMU LECHE CHOC 1/4 GL ,insert,1,https://riba.app/imgrs/THUMBS%20500X500/233052.JPG,tabs/detalle-producto/233052,450.000,450.000,450.000,USD,1,{},"{""MARCA"": [""RIMITH""], ""CATEGORIA"": [""LACTEOS""]}","[""LACTEOS""]",,https://riba.app/imgrs/THUMBS%20500X500/233052.JPG,0,0,"[""266""]",450.000,2026-05-08 10:59:33
745101510131,RON CON PASAS,RON CON PASAS,RON CON PASAS,insert,1,https://riba.app/imgrs/THUMBS%20500X500/235701.JPG,tabs/detalle-producto/235701,545.000,545.000,545.000,USD,1,{},"{""MARCA"": [""RIMITH""], ""CATEGORIA"": [""CONGELADO""]}","[""CONGELADO""]",,https://riba.app/imgrs/THUMBS%20500X500/235701.JPG,0,0,"[""305""]",545.000,2026-05-08 10:59:33
745101510133,YOGURT GRIEGO NATURAL 400 GR,YOGURT GRIEGO NATURAL 400 GR,YOGURT GRIEGO NATURAL 400 GR,insert,1,https://riba.app/imgrs/THUMBS%20500X500/290242.JPG,tabs/detalle-producto/290242,395.000,395.000,395.000,USD,1,{},"{""MARCA"": [""RIMITH""], ""CATEGORIA"": [""LACTEOS""]}","[""LACTEOS""]",,https://riba.app/imgrs/THUMBS%20500X500/290242.JPG,0,0,"[""266""]",395.000,2026-05-08 10:59:33
745101510139,YOGURT GRIEGO 0% GRASA 400 GR,YOGURT GRIEGO 0% GRASA 400 GR,YOGURT GRIEGO 0% GRASA 400 GR,insert,1,https://riba.app/imgrs/THUMBS%20500X500/290243.JPG,tabs/detalle-producto/290243,390.000,390.000,390.000,USD,1,{},"{""MARCA"": [""RIMITH""], ""CATEGORIA"": [""LACTEOS""]}","[""LACTEOS""]",,https://riba.app/imgrs/THUMBS%20500X500/290243.JPG,0,0,"[""266""]",390.000,2026-05-08 10:59:33
745101510140,TASAJO DE RES 340 GR,TASAJO DE RES 340 GR,TASAJO DE RES 340 GR,insert,1,https://riba.app/imgrs/THUMBS%20500X500/235772.JPG,tabs/detalle-producto/235772,450.000,450.000,450.000,USD,1,{},"{""MARCA"": [""RIMITH""], ""CATEGORIA"": [""Comidas Preparadas""]}","[""Comidas Preparadas""]",,https://riba.app/imgrs/THUMBS%20500X500/235772.JPG,0,0,"[""91""]",450.000,2026-05-08 10:59:33
745101510141,RON CON PASAS ,RON CON PASAS ,RON CON PASAS ,insert,1,https://riba.app/imgrs/THUMBS%20500X500/235773.JPG,tabs/detalle-producto/235773,695.000,695.000,695.000,USD,1,{},"{""MARCA"": [""RIMITH""], ""CATEGORIA"": [""CONGELADO""]}","[""CONGELADO""]",,https://riba.app/imgrs/THUMBS%20500X500/235773.JPG,0,0,"[""305""]",695.000,2026-05-08 10:59:33
745101510142,YOGURT NATURAL 400 GR,YOGURT NATURAL 400 GR,YOGURT NATURAL 400 GR,insert,1,https://riba.app/imgrs/THUMBS%20500X500/290244.JPG,tabs/detalle-producto/290244,200.000,200.000,200.000,USD,1,{},"{""MARCA"": [""RIMITH""], ""CATEGORIA"": [""LACTEOS""]}","[""LACTEOS""]",,https://riba.app/imgrs/THUMBS%20500X500/290244.JPG,0,0,"[""266""]",200.000,2026-05-08 10:59:33
745101510143,YOGURT NATURAL LIGHT 400 GR,YOGURT NATURAL LIGHT 400 GR,YOGURT NATURAL LIGHT 400 GR,insert,1,https://riba.app/imgrs/THUMBS%20500X500/290246.JPG,tabs/detalle-producto/290246,225.000,225.000,225.000,USD,1,{},"{""MARCA"": [""RIMITH""], ""CATEGORIA"": [""LACTEOS""]}","[""LACTEOS""]",,https://riba.app/imgrs/THUMBS%20500X500/290246.JPG,0,0,"[""266""]",225.000,2026-05-08 10:59:33
745101510148,PIZZA CON PEPPERONI ,PIZZA CON PEPPERONI ,PIZZA CON PEPPERONI ,insert,1,https://riba.app/imgrs/THUMBS%20500X500/290827.JPG,tabs/detalle-producto/290827,995.000,995.000,995.000,USD,1,{},"{""MARCA"": [""RIMITH""], ""CATEGORIA"": [""Comidas Preparadas""]}","[""Comidas Preparadas""]",,https://riba.app/imgrs/THUMBS%20500X500/290827.JPG,0,0,"[""91""]",995.000,2026-05-08 10:59:33
745101510149,PIZZA CON JAMON ,PIZZA CON JAMON ,PIZZA CON JAMON ,insert,1,https://riba.app/imgrs/THUMBS%20500X500/290828.JPG,tabs/detalle-producto/290828,995.000,995.000,995.000,USD,1,{},"{""MARCA"": [""RIMITH""], ""CATEGORIA"": [""Comidas Preparadas""]}","[""Comidas Preparadas""]",,https://riba.app/imgrs/THUMBS%20500X500/290828.JPG,0,0,"[""91""]",995.000,2026-05-08 10:59:33
745101510151,PIZZA CON PEPPERONI Y JAMON,PIZZA CON PEPPERONI Y JAMON,PIZZA CON PEPPERONI Y JAMON,insert,1,https://riba.app/imgrs/THUMBS%20500X500/290830.JPG,tabs/detalle-producto/290830,995.000,995.000,995.000,USD,1,{},"{""MARCA"": [""RIMITH""], ""CATEGORIA"": [""Comidas Preparadas""]}","[""Comidas Preparadas""]",,https://riba.app/imgrs/THUMBS%20500X500/290830.JPG,0,0,"[""91""]",995.000,2026-05-08 10:59:33
745101510156,PIZZA COMBINACION,PIZZA COMBINACION,PIZZA COMBINACION,insert,1,https://riba.app/imgrs/THUMBS%20500X500/290833.JPG,tabs/detalle-producto/290833,995.000,995.000,995.000,USD,1,{},"{""MARCA"": [""RIMITH""], ""CATEGORIA"": [""Comidas Preparadas""]}","[""Comidas Preparadas""]",,https://riba.app/imgrs/THUMBS%20500X500/290833.JPG,0,0,"[""91""]",995.000,2026-05-08 10:59:33
745101510161,PIZZA DOBLE QUESO ,PIZZA DOBLE QUESO ,PIZZA DOBLE QUESO ,insert,1,https://riba.app/imgrs/THUMBS%20500X500/290839.JPG,tabs/detalle-producto/290839,995.000,995.000,995.000,USD,1,{},"{""MARCA"": [""RIMITH""], ""CATEGORIA"": [""Comidas Preparadas""]}","[""Comidas Preparadas""]",,https://riba.app/imgrs/THUMBS%20500X500/290839.JPG,0,0,"[""91""]",995.000,2026-05-08 10:59:33
745101510162,PIZZA HAWAIANA ,PIZZA HAWAIANA ,PIZZA HAWAIANA ,insert,1,https://riba.app/imgrs/THUMBS%20500X500/290847.JPG,tabs/detalle-producto/290847,495.000,495.000,495.000,USD,1,{},"{""MARCA"": [""RIMITH""], ""CATEGORIA"": [""Comidas Preparadas""]}","[""Comidas Preparadas""]",,https://riba.app/imgrs/THUMBS%20500X500/290847.JPG,0,0,"[""91""]",495.000,2026-05-08 10:59:33
745101510163,PIZZA CON PEPPERONI ,PIZZA CON PEPPERONI ,PIZZA CON PEPPERONI ,insert,1,https://riba.app/imgrs/THUMBS%20500X500/290840.JPG,tabs/detalle-producto/290840,495.000,495.000,495.000,USD,1,{},"{""MARCA"": [""RIMITH""], ""CATEGORIA"": [""Comidas Preparadas""]}","[""Comidas Preparadas""]",,https://riba.app/imgrs/THUMBS%20500X500/290840.JPG,0,0,"[""91""]",495.000,2026-05-08 10:59:33
745101510164,PIZZA CON JAMON,PIZZA CON JAMON,PIZZA CON JAMON,insert,1,https://riba.app/imgrs/THUMBS%20500X500/290841.JPG,tabs/detalle-producto/290841,495.000,495.000,495.000,USD,1,{},"{""MARCA"": [""RIMITH""], ""CATEGORIA"": [""Comidas Preparadas""]}","[""Comidas Preparadas""]",,https://riba.app/imgrs/THUMBS%20500X500/290841.JPG,0,0,"[""91""]",495.000,2026-05-08 10:59:33
745101510165,PIZZA CON HONGO ,PIZZA CON HONGO ,PIZZA CON HONGO ,insert,1,https://riba.app/imgrs/THUMBS%20500X500/290842.JPG,tabs/detalle-producto/290842,495.000,495.000,495.000,USD,1,{},"{""MARCA"": [""RIMITH""], ""CATEGORIA"": [""Comidas Preparadas""]}","[""Comidas Preparadas""]",,https://riba.app/imgrs/THUMBS%20500X500/290842.JPG,0,0,"[""91""]",495.000,2026-05-08 10:59:33
745101510169,PIZZA CON JAMON Y HONGO,PIZZA CON JAMON Y HONGO,PIZZA CON JAMON Y HONGO,insert,1,https://riba.app/imgrs/THUMBS%20500X500/290845.JPG,tabs/detalle-producto/290845,495.000,495.000,495.000,USD,1,{},"{""MARCA"": [""RIMITH""], ""CATEGORIA"": [""Comidas Preparadas""]}","[""Comidas Preparadas""]",,https://riba.app/imgrs/THUMBS%20500X500/290845.JPG,0,0,"[""91""]",495.000,2026-05-08 10:59:33
745101510170,PIZZA COMBINACION,PIZZA COMBINACION,PIZZA COMBINACION,insert,1,https://riba.app/imgrs/THUMBS%20500X500/290846.JPG,tabs/detalle-producto/290846,495.000,495.000,495.000,USD,1,{},"{""MARCA"": [""RIMITH""], ""CATEGORIA"": [""Comidas Preparadas""]}","[""Comidas Preparadas""]",,https://riba.app/imgrs/THUMBS%20500X500/290846.JPG,0,0,"[""91""]",495.000,2026-05-08 10:59:33
745101510171,CHORIZO CRIOLLO,CHORIZO CRIOLLO,CHORIZO CRIOLLO,insert,1,https://riba.app/imgrs/THUMBS%20500X500/77651.JPG,tabs/detalle-producto/77651,235.000,235.000,235.000,USD,1,{},"{""MARCA"": [""RIMITH""], ""CATEGORIA"": [""Carnes Y Embutidos""]}","[""Carnes Y Embutidos""]",,https://riba.app/imgrs/THUMBS%20500X500/77651.JPG,0,0,"[""127""]",235.000,2026-05-08 10:59:33
745101510172,CHORIZO PARRILLERO,CHORIZO PARRILLERO,CHORIZO PARRILLERO,insert,1,https://riba.app/imgrs/THUMBS%20500X500/132837.JPG,tabs/detalle-producto/132837,415.000,415.000,415.000,USD,1,{},"{""MARCA"": [""RIMITH""], ""CATEGORIA"": [""Carnes Y Embutidos""]}","[""Carnes Y Embutidos""]",,https://riba.app/imgrs/THUMBS%20500X500/132837.JPG,0,0,"[""127""]",415.000,2026-05-08 10:59:33
745101510173,CHORIZO PARRILLERO T27 ,CHORIZO PARRILLERO T27 ,CHORIZO PARRILLERO T27 ,insert,1,https://riba.app/imgrs/THUMBS%20500X500/132838.JPG,tabs/detalle-producto/132838,1.220.000,1.220.000,1.220.000,USD,1,{},"{""MARCA"": [""RIMITH""], ""CATEGORIA"": [""Carnes Y Embutidos""]}","[""Carnes Y Embutidos""]",,https://riba.app/imgrs/THUMBS%20500X500/132838.JPG,0,0,"[""127""]",1.220.000,2026-05-08 10:59:33
745101510174,HELADO CN MENTA Y CHOCO,HELADO CN MENTA Y CHOCO,HELADO CN MENTA Y CHOCO,insert,1,https://riba.app/imgrs/THUMBS%20500X500/295177.JPG,tabs/detalle-producto/295177,135.000,135.000,135.000,USD,1,{},"{""MARCA"": [""RIMITH""], ""CATEGORIA"": [""CONGELADO""]}","[""CONGELADO""]",,https://riba.app/imgrs/THUMBS%20500X500/295177.JPG,0,0,"[""305""]",135.000,2026-05-08 10:59:33
745101510175,LECHE DESLACTOSADA SEMIDESCREM,LECHE DESLACTOSADA SEMIDESCREM,LECHE DESLACTOSADA SEMIDESCREM,insert,1,https://riba.app/imgrs/THUMBS%20500X500/295180.JPG,tabs/detalle-producto/295180,185.000,185.000,185.000,USD,1,{},"{""MARCA"": [""RIMITH""], ""CATEGORIA"": [""LACTEOS""]}","[""LACTEOS""]",,https://riba.app/imgrs/THUMBS%20500X500/295180.JPG,0,0,"[""266""]",185.000,2026-05-08 10:59:33
745101510177,LECHE DESLACTOSADA FAT FREE,LECHE DESLACTOSADA FAT FREE,LECHE DESLACTOSADA FAT FREE,insert,1,https://riba.app/imgrs/THUMBS%20500X500/295182.JPG,tabs/detalle-producto/295182,185.000,185.000,185.000,USD,1,{},"{""MARCA"": [""RIMITH""], ""CATEGORIA"": [""LACTEOS""]}","[""LACTEOS""]",,https://riba.app/imgrs/THUMBS%20500X500/295182.JPG,0,0,"[""266""]",185.000,2026-05-08 10:59:33
745101510182,PIZZA CON POLLO ,PIZZA CON POLLO ,PIZZA CON POLLO ,insert,1,https://riba.app/imgrs/THUMBS%20500X500/290848.JPG,tabs/detalle-producto/290848,495.000,495.000,495.000,USD,1,{},"{""MARCA"": [""RIMITH""], ""CATEGORIA"": [""Comidas Preparadas""]}","[""Comidas Preparadas""]",,https://riba.app/imgrs/THUMBS%20500X500/290848.JPG,0,0,"[""91""]",495.000,2026-05-08 10:59:33
745101510185,PIZZA CON SALAMI,PIZZA CON SALAMI,PIZZA CON SALAMI,insert,1,https://riba.app/imgrs/THUMBS%20500X500/290849.JPG,tabs/detalle-producto/290849,495.000,495.000,495.000,USD,1,{},"{""MARCA"": [""RIMITH""], ""CATEGORIA"": [""Comidas Preparadas""]}","[""Comidas Preparadas""]",,https://riba.app/imgrs/THUMBS%20500X500/290849.JPG,0,0,"[""91""]",495.000,2026-05-08 10:59:33
745101510186,PIZZA VEGETARIANA ,PIZZA VEGETARIANA ,PIZZA VEGETARIANA ,insert,1,https://riba.app/imgrs/THUMBS%20500X500/290850.JPG,tabs/detalle-producto/290850,495.000,495.000,495.000,USD,1,{},"{""MARCA"": [""RIMITH""], ""CATEGORIA"": [""Comidas Preparadas""]}","[""Comidas Preparadas""]",,https://riba.app/imgrs/THUMBS%20500X500/290850.JPG,0,0,"[""91""]",495.000,2026-05-08 10:59:33
745101510187,PIZZA BOBLE QUESO ,PIZZA BOBLE QUESO ,PIZZA BOBLE QUESO ,insert,1,https://riba.app/imgrs/THUMBS%20500X500/290851.JPG,tabs/detalle-producto/290851,495.000,495.000,495.000,USD,1,{},"{""MARCA"": [""RIMITH""], ""CATEGORIA"": [""Comidas Preparadas""]}","[""Comidas Preparadas""]",,https://riba.app/imgrs/THUMBS%20500X500/290851.JPG,0,0,"[""91""]",495.000,2026-05-08 10:59:33
745101510188,YOGURT NATURAL 120 GR,YOGURT NATURAL 120 GR,YOGURT NATURAL 120 GR,insert,1,https://riba.app/imgrs/THUMBS%20500X500/291271.JPG,tabs/detalle-producto/291271,80.000,80.000,80.000,USD,1,{},"{""MARCA"": [""RIMITH""], ""CATEGORIA"": [""LACTEOS""]}","[""LACTEOS""]",,https://riba.app/imgrs/THUMBS%20500X500/291271.JPG,0,0,"[""266""]",80.000,2026-05-08 10:59:33
745101510189,YOGURT DE FRESA 120 GR,YOGURT DE FRESA 120 GR,YOGURT DE FRESA 120 GR,insert,1,https://riba.app/imgrs/THUMBS%20500X500/291272.JPG,tabs/detalle-producto/291272,85.000,85.000,85.000,USD,1,{},"{""MARCA"": [""RIMITH""], ""CATEGORIA"": [""LACTEOS""]}","[""LACTEOS""]",,https://riba.app/imgrs/THUMBS%20500X500/291272.JPG,0,0,"[""266""]",85.000,2026-05-08 10:59:33
745101510190,YOGURT DE KIWI 120 GR,YOGURT DE KIWI 120 GR,YOGURT DE KIWI 120 GR,insert,1,https://riba.app/imgrs/THUMBS%20500X500/291274.JPG,tabs/detalle-producto/291274,85.000,85.000,85.000,USD,1,{},"{""MARCA"": [""RIMITH""], ""CATEGORIA"": [""LACTEOS""]}","[""LACTEOS""]",,https://riba.app/imgrs/THUMBS%20500X500/291274.JPG,0,0,"[""266""]",85.000,2026-05-08 10:59:33
745101510191,YOGURT DE MORA 120 GR,YOGURT DE MORA 120 GR,YOGURT DE MORA 120 GR,insert,1,https://riba.app/imgrs/THUMBS%20500X500/291275.JPG,tabs/detalle-producto/291275,85.000,85.000,85.000,USD,1,{},"{""MARCA"": [""RIMITH""], ""CATEGORIA"": [""LACTEOS""]}","[""LACTEOS""]",,https://riba.app/imgrs/THUMBS%20500X500/291275.JPG,0,0,"[""266""]",85.000,2026-05-08 10:59:33
745101510192,YOGURT DE MELOCOTON 120 GR,YOGURT DE MELOCOTON 120 GR,YOGURT DE MELOCOTON 120 GR,insert,1,https://riba.app/imgrs/THUMBS%20500X500/291276.JPG,tabs/detalle-producto/291276,85.000,85.000,85.000,USD,1,{},"{""MARCA"": [""RIMITH""], ""CATEGORIA"": [""LACTEOS""]}","[""LACTEOS""]",,https://riba.app/imgrs/THUMBS%20500X500/291276.JPG,0,0,"[""266""]",85.000,2026-05-08 10:59:33
745101510193,YOGURT DE FRAMBUESA 120 GR,YOGURT DE FRAMBUESA 120 GR,YOGURT DE FRAMBUESA 120 GR,insert,1,https://riba.app/imgrs/THUMBS%20500X500/291277.JPG,tabs/detalle-producto/291277,85.000,85.000,85.000,USD,1,{},"{""MARCA"": [""RIMITH""], ""CATEGORIA"": [""LACTEOS""]}","[""LACTEOS""]",,https://riba.app/imgrs/THUMBS%20500X500/291277.JPG,0,0,"[""266""]",85.000,2026-05-08 10:59:33
745101510194,YOGURT DE VAINILLA 120 GR,YOGURT DE VAINILLA 120 GR,YOGURT DE VAINILLA 120 GR,insert,1,https://riba.app/imgrs/THUMBS%20500X500/291278.JPG,tabs/detalle-producto/291278,85.000,85.000,85.000,USD,1,{},"{""MARCA"": [""RIMITH""], ""CATEGORIA"": [""LACTEOS""]}","[""LACTEOS""]",,https://riba.app/imgrs/THUMBS%20500X500/291278.JPG,0,0,"[""266""]",85.000,2026-05-08 10:59:33
745101510195,HELADO CON FRAMBUESA,HELADO CON FRAMBUESA,HELADO CON FRAMBUESA,insert,1,https://riba.app/imgrs/THUMBS%20500X500/296454.JPG,tabs/detalle-producto/296454,135.000,135.000,135.000,USD,1,{},"{""MARCA"": [""RIMITH""], ""CATEGORIA"": [""CONGELADO""]}","[""CONGELADO""]",,https://riba.app/imgrs/THUMBS%20500X500/296454.JPG,0,0,"[""305""]",135.000,2026-05-08 10:59:33
745101510199,YOGURT GRIEGO 0% GRASA,YOGURT GRIEGO 0% GRASA,YOGURT GRIEGO 0% GRASA,insert,1,https://riba.app/imgrs/THUMBS%20500X500/299214.JPG,tabs/detalle-producto/299214,130.000,130.000,130.000,USD,1,{},"{""MARCA"": [""RIMITH""], ""CATEGORIA"": [""LACTEOS""]}","[""LACTEOS""]",,https://riba.app/imgrs/THUMBS%20500X500/299214.JPG,0,0,"[""266""]",130.000,2026-05-08 10:59:33
745101510200,YOGURT GRIEGO NATURAL,YOGURT GRIEGO NATURAL,YOGURT GRIEGO NATURAL,insert,1,https://riba.app/imgrs/THUMBS%20500X500/299215.JPG,tabs/detalle-producto/299215,125.000,125.000,125.000,USD,1,{},"{""MARCA"": [""RIMITH""], ""CATEGORIA"": [""LACTEOS""]}","[""LACTEOS""]",,https://riba.app/imgrs/THUMBS%20500X500/299215.JPG,0,0,"[""266""]",125.000,2026-05-08 10:59:33
745101510201,YOGURT GRIEGO KIWI,YOGURT GRIEGO KIWI,YOGURT GRIEGO KIWI,insert,1,https://riba.app/imgrs/THUMBS%20500X500/299216.JPG,tabs/detalle-producto/299216,125.000,125.000,125.000,USD,1,{},"{""MARCA"": [""RIMITH""], ""CATEGORIA"": [""LACTEOS""]}","[""LACTEOS""]",,https://riba.app/imgrs/THUMBS%20500X500/299216.JPG,0,0,"[""266""]",125.000,2026-05-08 10:59:33
745101510202,YOGURT GRIEGO MELOCOTON,YOGURT GRIEGO MELOCOTON,YOGURT GRIEGO MELOCOTON,insert,1,https://riba.app/imgrs/THUMBS%20500X500/299217.JPG,tabs/detalle-producto/299217,125.000,125.000,125.000,USD,1,{},"{""MARCA"": [""RIMITH""], ""CATEGORIA"": [""LACTEOS""]}","[""LACTEOS""]",,https://riba.app/imgrs/THUMBS%20500X500/299217.JPG,0,0,"[""266""]",125.000,2026-05-08 10:59:33
745101510204,YOGURT GRIEGO FRESA,YOGURT GRIEGO FRESA,YOGURT GRIEGO FRESA,insert,1,https://riba.app/imgrs/THUMBS%20500X500/299218.JPG,tabs/detalle-producto/299218,125.000,125.000,125.000,USD,1,{},"{""MARCA"": [""RIMITH""], ""CATEGORIA"": [""LACTEOS""]}","[""LACTEOS""]",,https://riba.app/imgrs/THUMBS%20500X500/299218.JPG,0,0,"[""266""]",125.000,2026-05-08 10:59:33
745101510205,CHORIZO  ESPECIAL ,CHORIZO  ESPECIAL ,CHORIZO  ESPECIAL ,insert,1,https://riba.app/imgrs/THUMBS%20500X500/23828.JPG,tabs/detalle-producto/23828,330.000,330.000,330.000,USD,1,{},"{""MARCA"": [""RIMITH""], ""CATEGORIA"": [""Carnes Y Embutidos""]}","[""Carnes Y Embutidos""]",,https://riba.app/imgrs/THUMBS%20500X500/23828.JPG,0,0,"[""127""]",330.000,2026-05-08 10:59:33
745101510207,YOGURT GRIEGO COCO,YOGURT GRIEGO COCO,YOGURT GRIEGO COCO,insert,1,https://riba.app/imgrs/THUMBS%20500X500/299219.JPG,tabs/detalle-producto/299219,125.000,125.000,125.000,USD,1,{},"{""MARCA"": [""RIMITH""], ""CATEGORIA"": [""LACTEOS""]}","[""LACTEOS""]",,https://riba.app/imgrs/THUMBS%20500X500/299219.JPG,0,0,"[""266""]",125.000,2026-05-08 10:59:33
745101510208,CHORIZO ESPECIAL CORTO,CHORIZO ESPECIAL CORTO,CHORIZO ESPECIAL CORTO,insert,1,https://riba.app/imgrs/THUMBS%20500X500/60252.JPG,tabs/detalle-producto/60252,233.000,233.000,233.000,USD,1,{},"{""MARCA"": [""RIMITH""], ""CATEGORIA"": [""Carnes Y Embutidos""]}","[""Carnes Y Embutidos""]",,https://riba.app/imgrs/THUMBS%20500X500/60252.JPG,0,0,"[""127""]",233.000,2026-05-08 10:59:33
745101510219,PARFAIT ORIGINAL,PARFAIT ORIGINAL,PARFAIT ORIGINAL,insert,1,https://riba.app/imgrs/THUMBS%20500X500/299349.JPG,tabs/detalle-producto/299349,280.000,280.000,280.000,USD,1,{},"{""MARCA"": [""RIMITH""], ""CATEGORIA"": [""Snacks""]}","[""Snacks""]",,https://riba.app/imgrs/THUMBS%20500X500/299349.JPG,0,0,"[""296""]",280.000,2026-05-08 10:59:33
745101510224,PARFAIT CON CEREZA,PARFAIT CON CEREZA,PARFAIT CON CEREZA,insert,1,https://riba.app/imgrs/THUMBS%20500X500/299354.JPG,tabs/detalle-producto/299354,290.000,290.000,290.000,USD,1,{},"{""MARCA"": [""RIMITH""], ""CATEGORIA"": [""Snacks""]}","[""Snacks""]",,https://riba.app/imgrs/THUMBS%20500X500/299354.JPG,0,0,"[""296""]",290.000,2026-05-08 10:59:33
745101510225,PARFAIT CON CRANBERRY,PARFAIT CON CRANBERRY,PARFAIT CON CRANBERRY,insert,1,https://riba.app/imgrs/THUMBS%20500X500/299355.JPG,tabs/detalle-producto/299355,290.000,290.000,290.000,USD,1,{},"{""MARCA"": [""RIMITH""], ""CATEGORIA"": [""Snacks""]}","[""Snacks""]",,https://riba.app/imgrs/THUMBS%20500X500/299355.JPG,0,0,"[""296""]",290.000,2026-05-08 10:59:33
745101510226,PARFAIT CON BLUEBERRY,PARFAIT CON BLUEBERRY,PARFAIT CON BLUEBERRY,insert,1,https://riba.app/imgrs/THUMBS%20500X500/299356.JPG,tabs/detalle-producto/299356,290.000,290.000,290.000,USD,1,{},"{""MARCA"": [""RIMITH""], ""CATEGORIA"": [""Snacks""]}","[""Snacks""]",,https://riba.app/imgrs/THUMBS%20500X500/299356.JPG,0,0,"[""296""]",290.000,2026-05-08 10:59:33
745101510227,PARFAIT CON MANZANA,PARFAIT CON MANZANA,PARFAIT CON MANZANA,insert,1,https://riba.app/imgrs/THUMBS%20500X500/299357.JPG,tabs/detalle-producto/299357,290.000,290.000,290.000,USD,1,{},"{""MARCA"": [""RIMITH""], ""CATEGORIA"": [""Snacks""]}","[""Snacks""]",,https://riba.app/imgrs/THUMBS%20500X500/299357.JPG,0,0,"[""296""]",290.000,2026-05-08 10:59:33
745101510231,YOGURT NATURAL ESENCIAL,YOGURT NATURAL ESENCIAL,YOGURT NATURAL ESENCIAL,insert,1,https://riba.app/imgrs/THUMBS%20500X500/299361.JPG,tabs/detalle-producto/299361,69.000,69.000,69.000,USD,1,{},"{""MARCA"": [""RIMITH""], ""CATEGORIA"": [""LACTEOS""]}","[""LACTEOS""]",,https://riba.app/imgrs/THUMBS%20500X500/299361.JPG,0,0,"[""266""]",69.000,2026-05-08 10:59:33
745101510232,YOGURT FRESA ESENCIAL,YOGURT FRESA ESENCIAL,YOGURT FRESA ESENCIAL,insert,1,https://riba.app/imgrs/THUMBS%20500X500/299362.JPG,tabs/detalle-producto/299362,69.000,69.000,69.000,USD,1,{},"{""MARCA"": [""RIMITH""], ""CATEGORIA"": [""LACTEOS""]}","[""LACTEOS""]",,https://riba.app/imgrs/THUMBS%20500X500/299362.JPG,0,0,"[""266""]",69.000,2026-05-08 10:59:33
745101510233,YOGURT KIWI ESENCIAL,YOGURT KIWI ESENCIAL,YOGURT KIWI ESENCIAL,insert,1,https://riba.app/imgrs/THUMBS%20500X500/299363.JPG,tabs/detalle-producto/299363,69.000,69.000,69.000,USD,1,{},"{""MARCA"": [""RIMITH""], ""CATEGORIA"": [""LACTEOS""]}","[""LACTEOS""]",,https://riba.app/imgrs/THUMBS%20500X500/299363.JPG,0,0,"[""266""]",69.000,2026-05-08 10:59:33
745101510234,YOGURT MORA ESENCIAL,YOGURT MORA ESENCIAL,YOGURT MORA ESENCIAL,insert,1,https://riba.app/imgrs/THUMBS%20500X500/299364.JPG,tabs/detalle-producto/299364,69.000,69.000,69.000,USD,1,{},"{""MARCA"": [""RIMITH""], ""CATEGORIA"": [""LACTEOS""]}","[""LACTEOS""]",,https://riba.app/imgrs/THUMBS%20500X500/299364.JPG,0,0,"[""266""]",69.000,2026-05-08 10:59:33
745101510235,YOGURT MELOCOTON ESENCIAL,YOGURT MELOCOTON ESENCIAL,YOGURT MELOCOTON ESENCIAL,insert,1,https://riba.app/imgrs/THUMBS%20500X500/299365.JPG,tabs/detalle-producto/299365,69.000,69.000,69.000,USD,1,{},"{""MARCA"": [""RIMITH""], ""CATEGORIA"": [""LACTEOS""]}","[""LACTEOS""]",,https://riba.app/imgrs/THUMBS%20500X500/299365.JPG,0,0,"[""266""]",69.000,2026-05-08 10:59:33
745101510236,YOGURT FRAMBUESA ESENCIAL,YOGURT FRAMBUESA ESENCIAL,YOGURT FRAMBUESA ESENCIAL,insert,1,https://riba.app/imgrs/THUMBS%20500X500/299366.JPG,tabs/detalle-producto/299366,69.000,69.000,69.000,USD,1,{},"{""MARCA"": [""RIMITH""], ""CATEGORIA"": [""LACTEOS""]}","[""LACTEOS""]",,https://riba.app/imgrs/THUMBS%20500X500/299366.JPG,0,0,"[""266""]",69.000,2026-05-08 10:59:33
745101510237,CHORIZO PICANTE 11 UN,CHORIZO PICANTE 11 UN,CHORIZO PICANTE 11 UN,insert,1,https://riba.app/imgrs/THUMBS%20500X500/267781.JPG,tabs/detalle-producto/267781,215.000,215.000,215.000,USD,1,{},"{""MARCA"": [""RIMITH""], ""CATEGORIA"": [""Carnes Y Embutidos""]}","[""Carnes Y Embutidos""]",,https://riba.app/imgrs/THUMBS%20500X500/267781.JPG,0,0,"[""127""]",215.000,2026-05-08 10:59:33
745101510238,YOGURT VAINILLA ESENCIAL,YOGURT VAINILLA ESENCIAL,YOGURT VAINILLA ESENCIAL,insert,1,https://riba.app/imgrs/THUMBS%20500X500/299367.JPG,tabs/detalle-producto/299367,69.000,69.000,69.000,USD,1,{},"{""MARCA"": [""RIMITH""], ""CATEGORIA"": [""LACTEOS""]}","[""LACTEOS""]",,https://riba.app/imgrs/THUMBS%20500X500/299367.JPG,0,0,"[""266""]",69.000,2026-05-08 10:59:33
745101510239,YOGURT TUTTI FRUTTI ESENCIAL,YOGURT TUTTI FRUTTI ESENCIAL,YOGURT TUTTI FRUTTI ESENCIAL,insert,1,https://riba.app/imgrs/THUMBS%20500X500/299368.JPG,tabs/detalle-producto/299368,69.000,69.000,69.000,USD,1,{},"{""MARCA"": [""RIMITH""], ""CATEGORIA"": [""LACTEOS""]}","[""LACTEOS""]",,https://riba.app/imgrs/THUMBS%20500X500/299368.JPG,0,0,"[""266""]",69.000,2026-05-08 10:59:33
745101510240,YOGURT GUANABANA ESENCIAL,YOGURT GUANABANA ESENCIAL,YOGURT GUANABANA ESENCIAL,insert,1,https://riba.app/imgrs/THUMBS%20500X500/299369.JPG,tabs/detalle-producto/299369,69.000,69.000,69.000,USD,1,{},"{""MARCA"": [""RIMITH""], ""CATEGORIA"": [""LACTEOS""]}","[""LACTEOS""]",,https://riba.app/imgrs/THUMBS%20500X500/299369.JPG,0,0,"[""266""]",69.000,2026-05-08 10:59:33
745101510241,YOGURT MARACUYA ESENCIAL,YOGURT MARACUYA ESENCIAL,YOGURT MARACUYA ESENCIAL,insert,1,https://riba.app/imgrs/THUMBS%20500X500/299370.JPG,tabs/detalle-producto/299370,69.000,69.000,69.000,USD,1,{},"{""MARCA"": [""RIMITH""], ""CATEGORIA"": [""LACTEOS""]}","[""LACTEOS""]",,https://riba.app/imgrs/THUMBS%20500X500/299370.JPG,0,0,"[""266""]",69.000,2026-05-08 10:59:33
745101510242,YOGURT NATURAL ESENCIAL,YOGURT NATURAL ESENCIAL,YOGURT NATURAL ESENCIAL,insert,1,https://riba.app/imgrs/THUMBS%20500X500/299372.JPG,tabs/detalle-producto/299372,89.000,89.000,89.000,USD,1,{},"{""MARCA"": [""RIMITH""], ""CATEGORIA"": [""LACTEOS""]}","[""LACTEOS""]",,https://riba.app/imgrs/THUMBS%20500X500/299372.JPG,0,0,"[""266""]",89.000,2026-05-08 10:59:33
745101510243,YOGURT FRESA ESENCIAL,YOGURT FRESA ESENCIAL,YOGURT FRESA ESENCIAL,insert,1,https://riba.app/imgrs/THUMBS%20500X500/299373.JPG,tabs/detalle-producto/299373,89.000,89.000,89.000,USD,1,{},"{""MARCA"": [""RIMITH""], ""CATEGORIA"": [""LACTEOS""]}","[""LACTEOS""]",,https://riba.app/imgrs/THUMBS%20500X500/299373.JPG,0,0,"[""266""]",89.000,2026-05-08 10:59:33
745101510244,YOGURT KIWI ESENCIAL,YOGURT KIWI ESENCIAL,YOGURT KIWI ESENCIAL,insert,1,https://riba.app/imgrs/THUMBS%20500X500/299374.JPG,tabs/detalle-producto/299374,89.000,89.000,89.000,USD,1,{},"{""MARCA"": [""RIMITH""], ""CATEGORIA"": [""LACTEOS""]}","[""LACTEOS""]",,https://riba.app/imgrs/THUMBS%20500X500/299374.JPG,0,0,"[""266""]",89.000,2026-05-08 10:59:33
745101510245,YOGURT MORA ESENCIAL,YOGURT MORA ESENCIAL,YOGURT MORA ESENCIAL,insert,1,https://riba.app/imgrs/THUMBS%20500X500/299375.JPG,tabs/detalle-producto/299375,89.000,89.000,89.000,USD,1,{},"{""MARCA"": [""RIMITH""], ""CATEGORIA"": [""LACTEOS""]}","[""LACTEOS""]",,https://riba.app/imgrs/THUMBS%20500X500/299375.JPG,0,0,"[""266""]",89.000,2026-05-08 10:59:33
745101510246,YOGURT MELOCOTON ESENCIAL,YOGURT MELOCOTON ESENCIAL,YOGURT MELOCOTON ESENCIAL,insert,1,https://riba.app/imgrs/THUMBS%20500X500/299376.JPG,tabs/detalle-producto/299376,89.000,89.000,89.000,USD,1,{},"{""MARCA"": [""RIMITH""], ""CATEGORIA"": [""LACTEOS""]}","[""LACTEOS""]",,https://riba.app/imgrs/THUMBS%20500X500/299376.JPG,0,0,"[""266""]",89.000,2026-05-08 10:59:33
745101510247,YOGURT FRAMBUESA ESENCIAL,YOGURT FRAMBUESA ESENCIAL,YOGURT FRAMBUESA ESENCIAL,insert,1,https://riba.app/imgrs/THUMBS%20500X500/299377.JPG,tabs/detalle-producto/299377,89.000,89.000,89.000,USD,1,{},"{""MARCA"": [""RIMITH""], ""CATEGORIA"": [""LACTEOS""]}","[""LACTEOS""]",,https://riba.app/imgrs/THUMBS%20500X500/299377.JPG,0,0,"[""266""]",89.000,2026-05-08 10:59:33
745101510248,YOGURT VAINILLA ESENCIAL,YOGURT VAINILLA ESENCIAL,YOGURT VAINILLA ESENCIAL,insert,1,https://riba.app/imgrs/THUMBS%20500X500/299379.JPG,tabs/detalle-producto/299379,89.000,89.000,89.000,USD,1,{},"{""MARCA"": [""RIMITH""], ""CATEGORIA"": [""LACTEOS""]}","[""LACTEOS""]",,https://riba.app/imgrs/THUMBS%20500X500/299379.JPG,0,0,"[""266""]",89.000,2026-05-08 10:59:33
745101510249,YOGURT TUTTI FRUTTI ESENCIAL,YOGURT TUTTI FRUTTI ESENCIAL,YOGURT TUTTI FRUTTI ESENCIAL,insert,1,https://riba.app/imgrs/THUMBS%20500X500/299380.JPG,tabs/detalle-producto/299380,89.000,89.000,89.000,USD,1,{},"{""MARCA"": [""RIMITH""], ""CATEGORIA"": [""LACTEOS""]}","[""LACTEOS""]",,https://riba.app/imgrs/THUMBS%20500X500/299380.JPG,0,0,"[""266""]",89.000,2026-05-08 10:59:33
745101510250,YOGURT GUANABANA ESENCIAL,YOGURT GUANABANA ESENCIAL,YOGURT GUANABANA ESENCIAL,insert,1,https://riba.app/imgrs/THUMBS%20500X500/299382.JPG,tabs/detalle-producto/299382,89.000,89.000,89.000,USD,1,{},"{""MARCA"": [""RIMITH""], ""CATEGORIA"": [""LACTEOS""]}","[""LACTEOS""]",,https://riba.app/imgrs/THUMBS%20500X500/299382.JPG,0,0,"[""266""]",89.000,2026-05-08 10:59:33
745101510251,YOGURT MARACUYA ESENCIAL,YOGURT MARACUYA ESENCIAL,YOGURT MARACUYA ESENCIAL,insert,1,https://riba.app/imgrs/THUMBS%20500X500/299383.JPG,tabs/detalle-producto/299383,89.000,89.000,89.000,USD,1,{},"{""MARCA"": [""RIMITH""], ""CATEGORIA"": [""LACTEOS""]}","[""LACTEOS""]",,https://riba.app/imgrs/THUMBS%20500X500/299383.JPG,0,0,"[""266""]",89.000,2026-05-08 10:59:33
745101510253,HELADO VAINILLA  ESENCIAL ,HELADO VAINILLA  ESENCIAL ,HELADO VAINILLA  ESENCIAL ,insert,1,https://riba.app/imgrs/THUMBS%20500X500/299592.JPG,tabs/detalle-producto/299592,1.075.000,1.075.000,1.075.000,USD,1,{},"{""MARCA"": [""RIMITH""], ""CATEGORIA"": [""CONGELADO""]}","[""CONGELADO""]",,https://riba.app/imgrs/THUMBS%20500X500/299592.JPG,0,0,"[""305""]",1.075.000,2026-05-08 10:59:33
745101510255,HELADO VAINILLA ESENCIAL ,HELADO VAINILLA ESENCIAL ,HELADO VAINILLA ESENCIAL ,insert,1,https://riba.app/imgrs/THUMBS%20500X500/299600.JPG,tabs/detalle-producto/299600,300.000,300.000,300.000,USD,1,{},"{""MARCA"": [""RIMITH""], ""CATEGORIA"": [""CONGELADO""]}","[""CONGELADO""]",,https://riba.app/imgrs/THUMBS%20500X500/299600.JPG,0,0,"[""305""]",300.000,2026-05-08 10:59:33
745101510256,HELADO VAINILLA ESENCIAL ,HELADO VAINILLA ESENCIAL ,HELADO VAINILLA ESENCIAL ,insert,1,https://riba.app/imgrs/THUMBS%20500X500/299599.JPG,tabs/detalle-producto/299599,160.000,160.000,160.000,USD,1,{},"{""MARCA"": [""RIMITH""], ""CATEGORIA"": [""CONGELADO""]}","[""CONGELADO""]",,https://riba.app/imgrs/THUMBS%20500X500/299599.JPG,0,0,"[""305""]",160.000,2026-05-08 10:59:33
745101510258,HELADO CHOCOLATE ESENCIAL ,HELADO CHOCOLATE ESENCIAL ,HELADO CHOCOLATE ESENCIAL ,insert,1,https://riba.app/imgrs/THUMBS%20500X500/299606.JPG,tabs/detalle-producto/299606,1.075.000,1.075.000,1.075.000,USD,1,{},"{""MARCA"": [""RIMITH""], ""CATEGORIA"": [""CONGELADO""]}","[""CONGELADO""]",,https://riba.app/imgrs/THUMBS%20500X500/299606.JPG,0,0,"[""305""]",1.075.000,2026-05-08 10:59:33
745101510260,HELADO CHOCOLATE ESENCIAL ,HELADO CHOCOLATE ESENCIAL ,HELADO CHOCOLATE ESENCIAL ,insert,1,https://riba.app/imgrs/THUMBS%20500X500/299608.JPG,tabs/detalle-producto/299608,300.000,300.000,300.000,USD,1,{},"{""MARCA"": [""RIMITH""], ""CATEGORIA"": [""CONGELADO""]}","[""CONGELADO""]",,https://riba.app/imgrs/THUMBS%20500X500/299608.JPG,0,0,"[""305""]",300.000,2026-05-08 10:59:33
745101510261,HELADO CHOCOLATE ESENCIAL ,HELADO CHOCOLATE ESENCIAL ,HELADO CHOCOLATE ESENCIAL ,insert,1,https://riba.app/imgrs/THUMBS%20500X500/299609.JPG,tabs/detalle-producto/299609,160.000,160.000,160.000,USD,1,{},"{""MARCA"": [""RIMITH""], ""CATEGORIA"": [""CONGELADO""]}","[""CONGELADO""]",,https://riba.app/imgrs/THUMBS%20500X500/299609.JPG,0,0,"[""305""]",160.000,2026-05-08 10:59:33
745101510266,HELADO GRAPE NUT ESENCIAL ,HELADO GRAPE NUT ESENCIAL ,HELADO GRAPE NUT ESENCIAL ,insert,1,https://riba.app/imgrs/THUMBS%20500X500/299614.JPG,tabs/detalle-producto/299614,1.075.000,1.075.000,1.075.000,USD,1,{},"{""MARCA"": [""RIMITH""], ""CATEGORIA"": [""CONGELADO""]}","[""CONGELADO""]",,https://riba.app/imgrs/THUMBS%20500X500/299614.JPG,0,0,"[""305""]",1.075.000,2026-05-08 10:59:33
745101510271,HELADO GALLETA ESENCIAL,HELADO GALLETA ESENCIAL,HELADO GALLETA ESENCIAL,insert,1,https://riba.app/imgrs/THUMBS%20500X500/299619.JPG,tabs/detalle-producto/299619,1.075.000,1.075.000,1.075.000,USD,1,{},"{""MARCA"": [""RIMITH""], ""CATEGORIA"": [""CONGELADO""]}","[""CONGELADO""]",,https://riba.app/imgrs/THUMBS%20500X500/299619.JPG,0,0,"[""305""]",1.075.000,2026-05-08 10:59:33
745101510273,HELADO GALLETA ESENCIAL ,HELADO GALLETA ESENCIAL ,HELADO GALLETA ESENCIAL ,insert,1,https://riba.app/imgrs/THUMBS%20500X500/299621.JPG,tabs/detalle-producto/299621,300.000,300.000,300.000,USD,1,{},"{""MARCA"": [""RIMITH""], ""CATEGORIA"": [""CONGELADO""]}","[""CONGELADO""]",,https://riba.app/imgrs/THUMBS%20500X500/299621.JPG,0,0,"[""305""]",300.000,2026-05-08 10:59:33
745101510274,HELADO GALLETA ESENCIAL ,HELADO GALLETA ESENCIAL ,HELADO GALLETA ESENCIAL ,insert,1,https://riba.app/imgrs/THUMBS%20500X500/299622.JPG,tabs/detalle-producto/299622,160.000,160.000,160.000,USD,1,{},"{""MARCA"": [""RIMITH""], ""CATEGORIA"": [""CONGELADO""]}","[""CONGELADO""]",,https://riba.app/imgrs/THUMBS%20500X500/299622.JPG,0,0,"[""305""]",160.000,2026-05-08 10:59:33
745101510282,HAMBURG BLUE CHEESE & BACON,HAMBURG BLUE CHEESE & BACON,HAMBURG BLUE CHEESE & BACON,insert,1,https://riba.app/imgrs/THUMBS%20500X500/227032.JPG,tabs/detalle-producto/227032,455.000,455.000,455.000,USD,1,{},"{""MARCA"": [""RIMITH""], ""CATEGORIA"": [""Carnes Y Embutidos""]}","[""Carnes Y Embutidos""]",,https://riba.app/imgrs/THUMBS%20500X500/227032.JPG,0,0,"[""127""]",455.000,2026-05-08 10:59:33
745101510284,HAMBURGUESA ALOHA MEJOR CARBON,HAMBURGUESA ALOHA MEJOR CARBON,HAMBURGUESA ALOHA MEJOR CARBON,insert,1,https://riba.app/imgrs/THUMBS%20500X500/227033.JPG,tabs/detalle-producto/227033,455.000,455.000,455.000,USD,1,{},"{""MARCA"": [""RIMITH""], ""CATEGORIA"": [""Carnes Y Embutidos""]}","[""Carnes Y Embutidos""]",,https://riba.app/imgrs/THUMBS%20500X500/227033.JPG,0,0,"[""127""]",455.000,2026-05-08 10:59:33
745101510286,ALBONDIGAS CRIOLLAS,ALBONDIGAS CRIOLLAS,ALBONDIGAS CRIOLLAS,insert,1,https://riba.app/imgrs/THUMBS%20500X500/250122.JPG,tabs/detalle-producto/250122,350.000,350.000,350.000,USD,1,{},"{""MARCA"": [""RIMITH""], ""CATEGORIA"": [""Comidas Preparadas""]}","[""Comidas Preparadas""]",,https://riba.app/imgrs/THUMBS%20500X500/250122.JPG,0,0,"[""91""]",350.000,2026-05-08 10:59:33
745101510287,ALBONDIGAS A LA PARRILLA,ALBONDIGAS A LA PARRILLA,ALBONDIGAS A LA PARRILLA,insert,1,https://riba.app/imgrs/THUMBS%20500X500/250121.JPG,tabs/detalle-producto/250121,350.000,350.000,350.000,USD,1,{},"{""MARCA"": [""RIMITH""], ""CATEGORIA"": [""Comidas Preparadas""]}","[""Comidas Preparadas""]",,https://riba.app/imgrs/THUMBS%20500X500/250121.JPG,0,0,"[""91""]",350.000,2026-05-08 10:59:33
745101510290,CHORIZO CERDO CULANTRO CRUDO,CHORIZO CERDO CULANTRO CRUDO,CHORIZO CERDO CULANTRO CRUDO,insert,1,https://riba.app/imgrs/THUMBS%20500X500/303940.JPG,tabs/detalle-producto/303940,575.000,575.000,575.000,USD,1,{},"{""MARCA"": [""RIMITH""], ""CATEGORIA"": [""Carnes Y Embutidos""]}","[""Carnes Y Embutidos""]",,https://riba.app/imgrs/THUMBS%20500X500/303940.JPG,0,0,"[""127""]",575.000,2026-05-08 10:59:33
745101510291,CHORIZO CERDO QUESO JALAPEÑO,CHORIZO CERDO QUESO JALAPEÑO,CHORIZO CERDO QUESO JALAPEÑO,insert,1,https://riba.app/imgrs/THUMBS%20500X500/303941.JPG,tabs/detalle-producto/303941,730.000,730.000,730.000,USD,1,{},"{""MARCA"": [""RIMITH""], ""CATEGORIA"": [""Carnes Y Embutidos""]}","[""Carnes Y Embutidos""]",,https://riba.app/imgrs/THUMBS%20500X500/303941.JPG,0,0,"[""127""]",730.000,2026-05-08 10:59:33
745101510292,CARNE MOLIDA ESENCIAL 1LB,CARNE MOLIDA ESENCIAL 1LB,CARNE MOLIDA ESENCIAL 1LB,insert,1,https://riba.app/imgrs/THUMBS%20500X500/303942.JPG,tabs/detalle-producto/303942,369.000,369.000,369.000,USD,1,{},"{""MARCA"": [""RIMITH""], ""CATEGORIA"": [""Carnes Y Embutidos""]}","[""Carnes Y Embutidos""]",,https://riba.app/imgrs/THUMBS%20500X500/303942.JPG,0,0,"[""127""]",369.000,2026-05-08 10:59:33
745101510293,AREPAS YUCA RELL QUESO SALA5UN,AREPAS YUCA RELL QUESO SALA5UN,AREPAS YUCA RELL QUESO SALA5UN,insert,1,https://riba.app/imgrs/THUMBS%20500X500/303943.JPG,tabs/detalle-producto/303943,480.000,480.000,480.000,USD,1,{},"{""MARCA"": [""RIMITH""], ""CATEGORIA"": [""PRODUCTOS DE MAIZ Y OTROS""]}","[""PRODUCTOS DE MAIZ Y OTROS""]",,https://riba.app/imgrs/THUMBS%20500X500/303943.JPG,0,0,"[""270""]",480.000,2026-05-08 10:59:33
745101510294,AREPAS YUCA RELL QUESO DULC5UN,AREPAS YUCA RELL QUESO DULC5UN,AREPAS YUCA RELL QUESO DULC5UN,insert,1,https://riba.app/imgrs/THUMBS%20500X500/303944.JPG,tabs/detalle-producto/303944,480.000,480.000,480.000,USD,1,{},"{""MARCA"": [""RIMITH""], ""CATEGORIA"": [""PRODUCTOS DE MAIZ Y OTROS""]}","[""PRODUCTOS DE MAIZ Y OTROS""]",,https://riba.app/imgrs/THUMBS%20500X500/303944.JPG,0,0,"[""270""]",480.000,2026-05-08 10:59:33
745101510298,CARNE EN PALITO CONG 570 GR,CARNE EN PALITO CONG 570 GR,CARNE EN PALITO CONG 570 GR,insert,1,https://riba.app/imgrs/THUMBS%20500X500/303948.JPG,tabs/detalle-producto/303948,650.000,650.000,650.000,USD,1,{},"{""MARCA"": [""RIMITH""], ""CATEGORIA"": [""Comidas Preparadas""]}","[""Comidas Preparadas""]",,https://riba.app/imgrs/THUMBS%20500X500/303948.JPG,0,0,"[""91""]",650.000,2026-05-08 10:59:33
745101510305,LECHE SEMIDESCREMADA 1/2 GL,LECHE SEMIDESCREMADA 1/2 GL,LECHE SEMIDESCREMADA 1/2 GL,insert,1,https://riba.app/imgrs/THUMBS%20500X500/279644.JPG,tabs/detalle-producto/279644,310.000,310.000,310.000,USD,1,{},"{""MARCA"": [""RIMITH""], ""CATEGORIA"": [""LACTEOS""]}","[""LACTEOS""]",,https://riba.app/imgrs/THUMBS%20500X500/279644.JPG,0,0,"[""266""]",310.000,2026-05-08 10:59:33
745101510306,LECHE SEMIDESCREMADA 1/4 GL,LECHE SEMIDESCREMADA 1/4 GL,LECHE SEMIDESCREMADA 1/4 GL,insert,1,https://riba.app/imgrs/THUMBS%20500X500/279645.JPG,tabs/detalle-producto/279645,185.000,185.000,185.000,USD,1,{},"{""MARCA"": [""RIMITH""], ""CATEGORIA"": [""LACTEOS""]}","[""LACTEOS""]",,https://riba.app/imgrs/THUMBS%20500X500/279645.JPG,0,0,"[""266""]",185.000,2026-05-08 10:59:33
745101510308,LECHE DESLACTOSADA,LECHE DESLACTOSADA,LECHE DESLACTOSADA,insert,1,https://riba.app/imgrs/THUMBS%20500X500/285380.JPG,tabs/detalle-producto/285380,61.000,61.000,61.000,USD,1,{},"{""MARCA"": [""RIMITH""], ""CATEGORIA"": [""LACTEOS""]}","[""LACTEOS""]",,https://riba.app/imgrs/THUMBS%20500X500/285380.JPG,0,0,"[""266""]",61.000,2026-05-08 10:59:33
745101510310,SALCHICHAS 100%  RES,SALCHICHAS 100%  RES,SALCHICHAS 100%  RES,insert,1,https://riba.app/imgrs/THUMBS%20500X500/23907.JPG,tabs/detalle-producto/23907,360.000,360.000,360.000,USD,1,{},"{""MARCA"": [""RIMITH""], ""CATEGORIA"": [""Carnes Y Embutidos""]}","[""Carnes Y Embutidos""]",,https://riba.app/imgrs/THUMBS%20500X500/23907.JPG,0,0,"[""127""]",360.000,2026-05-08 10:59:33
745101510312,HELADO CON CARAMELO,HELADO CON CARAMELO,HELADO CON CARAMELO,insert,1,https://riba.app/imgrs/THUMBS%20500X500/310442.JPG,tabs/detalle-producto/310442,495.000,495.000,495.000,USD,1,{},"{""MARCA"": [""RIMITH""], ""CATEGORIA"": [""CONGELADO""]}","[""CONGELADO""]",,https://riba.app/imgrs/THUMBS%20500X500/310442.JPG,0,0,"[""305""]",495.000,2026-05-08 10:59:33
745101510322,ENCHILADAS ,ENCHILADAS ,ENCHILADAS ,insert,1,https://riba.app/imgrs/THUMBS%20500X500/23837.JPG,tabs/detalle-producto/23837,271.000,271.000,271.000,USD,1,{},"{""MARCA"": [""RIMITH""], ""CATEGORIA"": [""Carnes Y Embutidos""]}","[""Carnes Y Embutidos""]",,https://riba.app/imgrs/THUMBS%20500X500/23837.JPG,0,0,"[""127""]",271.000,2026-05-08 10:59:33
745101510325,CHORIZO ESPECIAL  9 UND,CHORIZO ESPECIAL  9 UND,CHORIZO ESPECIAL  9 UND,insert,1,https://riba.app/imgrs/THUMBS%20500X500/238083.JPG,tabs/detalle-producto/238083,410.000,410.000,410.000,USD,1,{},"{""MARCA"": [""RIMITH""], ""CATEGORIA"": [""Carnes Y Embutidos""]}","[""Carnes Y Embutidos""]",,https://riba.app/imgrs/THUMBS%20500X500/238083.JPG,0,0,"[""127""]",410.000,2026-05-08 10:59:33
745101510330,FRANK FURTER AHUMADO,FRANK FURTER AHUMADO,FRANK FURTER AHUMADO,insert,1,https://riba.app/imgrs/THUMBS%20500X500/23838.JPG,tabs/detalle-producto/23838,285.000,285.000,285.000,USD,1,{},"{""MARCA"": [""RIMITH""], ""CATEGORIA"": [""Carnes Y Embutidos""]}","[""Carnes Y Embutidos""]",,https://riba.app/imgrs/THUMBS%20500X500/23838.JPG,0,0,"[""127""]",285.000,2026-05-08 10:59:33
745101510350,CARNE PARA RELLENO,CARNE PARA RELLENO,CARNE PARA RELLENO,insert,1,https://riba.app/imgrs/THUMBS%20500X500/321661.JPG,tabs/detalle-producto/321661,198.000,198.000,198.000,USD,1,{},"{""MARCA"": [""RIMITH""], ""CATEGORIA"": [""Carnes Y Embutidos""]}","[""Carnes Y Embutidos""]",,https://riba.app/imgrs/THUMBS%20500X500/321661.JPG,0,0,"[""127""]",198.000,2026-05-08 10:59:33
745101510351,PALETAS CHOCO BANANO 6UN,PALETAS CHOCO BANANO 6UN,PALETAS CHOCO BANANO 6UN,insert,1,https://riba.app/imgrs/THUMBS%20500X500/335291.JPG,tabs/detalle-producto/335291,760.000,760.000,760.000,USD,1,{},"{""MARCA"": [""RIMITH""], ""CATEGORIA"": [""CONGELADO""]}","[""CONGELADO""]",,https://riba.app/imgrs/THUMBS%20500X500/335291.JPG,0,0,"[""305""]",760.000,2026-05-08 10:59:33
745101510356,FRANKFURTER ESENCIAL,FRANKFURTER ESENCIAL,FRANKFURTER ESENCIAL,insert,1,https://riba.app/imgrs/THUMBS%20500X500/315283.JPG,tabs/detalle-producto/315283,195.000,195.000,195.000,USD,1,{},"{""MARCA"": [""RIMITH""], ""CATEGORIA"": [""Carnes Y Embutidos""]}","[""Carnes Y Embutidos""]",,https://riba.app/imgrs/THUMBS%20500X500/315283.JPG,0,0,"[""127""]",195.000,2026-05-08 10:59:33
745101510357,SALCHICHA HOTDOG 8UN,SALCHICHA HOTDOG 8UN,SALCHICHA HOTDOG 8UN,insert,1,https://riba.app/imgrs/THUMBS%20500X500/312898.JPG,tabs/detalle-producto/312898,195.000,195.000,195.000,USD,1,{},"{""MARCA"": [""RIMITH""], ""CATEGORIA"": [""Carnes Y Embutidos""]}","[""Carnes Y Embutidos""]",,https://riba.app/imgrs/THUMBS%20500X500/312898.JPG,0,0,"[""127""]",195.000,2026-05-08 10:59:33
745101510358,SALCHICHA HOTDOG CARRITO,SALCHICHA HOTDOG CARRITO,SALCHICHA HOTDOG CARRITO,insert,1,https://riba.app/imgrs/THUMBS%20500X500/307332.JPG,tabs/detalle-producto/307332,371.000,371.000,371.000,USD,1,{},"{""MARCA"": [""RIMITH""], ""CATEGORIA"": [""Carnes Y Embutidos""]}","[""Carnes Y Embutidos""]",,https://riba.app/imgrs/THUMBS%20500X500/307332.JPG,0,0,"[""127""]",371.000,2026-05-08 10:59:33
745101510359,SALCHICHA CARNITA AHUMADA,SALCHICHA CARNITA AHUMADA,SALCHICHA CARNITA AHUMADA,insert,1,https://riba.app/imgrs/THUMBS%20500X500/326655.JPG,tabs/detalle-producto/326655,163.000,163.000,163.000,USD,1,{},"{""MARCA"": [""RIMITH""], ""CATEGORIA"": [""Carnes Y Embutidos""]}","[""Carnes Y Embutidos""]",,https://riba.app/imgrs/THUMBS%20500X500/326655.JPG,0,0,"[""127""]",163.000,2026-05-08 10:59:33
745101510360,FRANK AHUMADA PARTY PACK,FRANK AHUMADA PARTY PACK,FRANK AHUMADA PARTY PACK,insert,1,https://riba.app/imgrs/THUMBS%20500X500/23841.JPG,tabs/detalle-producto/23841,770.000,770.000,770.000,USD,1,{},"{""MARCA"": [""RIMITH""], ""CATEGORIA"": [""Carnes Y Embutidos""]}","[""Carnes Y Embutidos""]",,https://riba.app/imgrs/THUMBS%20500X500/23841.JPG,0,0,"[""127""]",770.000,2026-05-08 10:59:33
745101510361,SALCHICHA CARNITA AHUMADA ,SALCHICHA CARNITA AHUMADA ,SALCHICHA CARNITA AHUMADA ,insert,1,https://riba.app/imgrs/THUMBS%20500X500/326656.JPG,tabs/detalle-producto/326656,298.000,298.000,298.000,USD,1,{},"{""MARCA"": [""RIMITH""], ""CATEGORIA"": [""Carnes Y Embutidos""]}","[""Carnes Y Embutidos""]",,https://riba.app/imgrs/THUMBS%20500X500/326656.JPG,0,0,"[""127""]",298.000,2026-05-08 10:59:33
745101510372,FRANK FURTER ,FRANK FURTER ,FRANK FURTER ,insert,1,https://riba.app/imgrs/THUMBS%20500X500/23845.JPG,tabs/detalle-producto/23845,385.000,385.000,385.000,USD,1,{},"{""MARCA"": [""RIMITH""], ""CATEGORIA"": [""Carnes Y Embutidos""]}","[""Carnes Y Embutidos""]",,https://riba.app/imgrs/THUMBS%20500X500/23845.JPG,0,0,"[""127""]",385.000,2026-05-08 10:59:33
745101510377,SALCHICHA HOT DOG JUMBO 5UN,SALCHICHA HOT DOG JUMBO 5UN,SALCHICHA HOT DOG JUMBO 5UN,insert,1,https://riba.app/imgrs/THUMBS%20500X500/263858.JPG,tabs/detalle-producto/263858,250.000,250.000,250.000,USD,1,{},"{""MARCA"": [""RIMITH""], ""CATEGORIA"": [""Carnes Y Embutidos""]}","[""Carnes Y Embutidos""]",,https://riba.app/imgrs/THUMBS%20500X500/263858.JPG,0,0,"[""127""]",250.000,2026-05-08 10:59:33
745101510380,CHORIZO 8UN RIMITH,CHORIZO 8UN RIMITH,CHORIZO 8UN RIMITH,insert,1,https://riba.app/imgrs/THUMBS%20500X500/243859.JPG,tabs/detalle-producto/243859,299.000,299.000,299.000,USD,1,{},"{""MARCA"": [""RIMITH""], ""CATEGORIA"": [""Carnes Y Embutidos""]}","[""Carnes Y Embutidos""]",,https://riba.app/imgrs/THUMBS%20500X500/243859.JPG,0,0,"[""127""]",299.000,2026-05-08 10:59:33
745101510389,FRANKFURTER AHUMADO DOBLE ,FRANKFURTER AHUMADO DOBLE ,FRANKFURTER AHUMADO DOBLE ,insert,1,https://riba.app/imgrs/THUMBS%20500X500/23846.JPG,tabs/detalle-producto/23846,400.000,400.000,400.000,USD,1,{},"{""MARCA"": [""RIMITH""], ""CATEGORIA"": [""Carnes Y Embutidos""]}","[""Carnes Y Embutidos""]",,https://riba.app/imgrs/THUMBS%20500X500/23846.JPG,0,0,"[""127""]",400.000,2026-05-08 10:59:33
745101510392,SALCHICHA DE POLLO,SALCHICHA DE POLLO,SALCHICHA DE POLLO,insert,1,https://riba.app/imgrs/THUMBS%20500X500/287067.JPG,tabs/detalle-producto/287067,220.000,220.000,220.000,USD,1,{},"{""MARCA"": [""RIMITH""], ""CATEGORIA"": [""Carnes Y Embutidos""]}","[""Carnes Y Embutidos""]",,https://riba.app/imgrs/THUMBS%20500X500/287067.JPG,0,0,"[""127""]",220.000,2026-05-08 10:59:33
745101510406,HAMBURGUESA DE CARNE DE RES 8U,HAMBURGUESA DE CARNE DE RES 8U,HAMBURGUESA DE CARNE DE RES 8U,insert,1,https://riba.app/imgrs/THUMBS%20500X500/23909.JPG,tabs/detalle-producto/23909,485.000,485.000,485.000,USD,1,{},"{""MARCA"": [""RIMITH""], ""CATEGORIA"": [""Carnes Y Embutidos""]}","[""Carnes Y Embutidos""]",,https://riba.app/imgrs/THUMBS%20500X500/23909.JPG,0,0,"[""127""]",485.000,2026-05-08 10:59:33
745101510407,HAMBURGUESA 1/4 LB 12UN,HAMBURGUESA 1/4 LB 12UN,HAMBURGUESA 1/4 LB 12UN,insert,1,https://riba.app/imgrs/THUMBS%20500X500/63671.JPG,tabs/detalle-producto/63671,943.000,943.000,943.000,USD,1,{},"{""MARCA"": [""RIMITH""], ""CATEGORIA"": [""Carnes Y Embutidos""]}","[""Carnes Y Embutidos""]",,https://riba.app/imgrs/THUMBS%20500X500/63671.JPG,0,0,"[""127""]",943.000,2026-05-08 10:59:33
745101510413,HAMBURGUESA ORIG MEJOR CARBON,HAMBURGUESA ORIG MEJOR CARBON,HAMBURGUESA ORIG MEJOR CARBON,insert,1,https://riba.app/imgrs/THUMBS%20500X500/222033.JPG,tabs/detalle-producto/222033,398.000,398.000,398.000,USD,1,{},"{""MARCA"": [""RIMITH""], ""CATEGORIA"": [""Carnes Y Embutidos""]}","[""Carnes Y Embutidos""]",,https://riba.app/imgrs/THUMBS%20500X500/222033.JPG,0,0,"[""127""]",398.000,2026-05-08 10:59:33
745101510416,HAMBURG MINI MEJOR AL CARBON12,HAMBURG MINI MEJOR AL CARBON12,HAMBURG MINI MEJOR AL CARBON12,insert,1,https://riba.app/imgrs/THUMBS%20500X500/261889.JPG,tabs/detalle-producto/261889,745.000,745.000,745.000,USD,1,{},"{""MARCA"": [""RIMITH""], ""CATEGORIA"": [""Carnes Y Embutidos""]}","[""Carnes Y Embutidos""]",,https://riba.app/imgrs/THUMBS%20500X500/261889.JPG,0,0,"[""127""]",745.000,2026-05-08 10:59:33
745101510419,BREAKFAST PATTY 12UN,BREAKFAST PATTY 12UN,BREAKFAST PATTY 12UN,insert,1,https://riba.app/imgrs/THUMBS%20500X500/261891.JPG,tabs/detalle-producto/261891,805.000,805.000,805.000,USD,1,{},"{""MARCA"": [""RIMITH""], ""CATEGORIA"": [""Carnes Y Embutidos""]}","[""Carnes Y Embutidos""]",,https://riba.app/imgrs/THUMBS%20500X500/261891.JPG,0,0,"[""127""]",805.000,2026-05-08 10:59:33
745101510422,JAMON COCIDO 4X4,JAMON COCIDO 4X4,JAMON COCIDO 4X4,insert,1,https://riba.app/imgrs/THUMBS%20500X500/65412.JPG,tabs/detalle-producto/65412,235.000,235.000,235.000,USD,1,{},"{""MARCA"": [""RIMITH""], ""CATEGORIA"": [""Carnes Y Embutidos""]}","[""Carnes Y Embutidos""]",,https://riba.app/imgrs/THUMBS%20500X500/65412.JPG,0,0,"[""127""]",235.000,2026-05-08 10:59:33
745101510432,HAMBURG MEJOR AL CARBON 8UN,HAMBURG MEJOR AL CARBON 8UN,HAMBURG MEJOR AL CARBON 8UN,insert,1,https://riba.app/imgrs/THUMBS%20500X500/280660.JPG,tabs/detalle-producto/280660,1.085.000,1.085.000,1.085.000,USD,1,{},"{""MARCA"": [""RIMITH""], ""CATEGORIA"": [""Carnes Y Embutidos""]}","[""Carnes Y Embutidos""]",,https://riba.app/imgrs/THUMBS%20500X500/280660.JPG,0,0,"[""127""]",1.085.000,2026-05-08 10:59:33
745101510448,CHORIZO MC ESPAÑOL,CHORIZO MC ESPAÑOL,CHORIZO MC ESPAÑOL,insert,1,https://riba.app/imgrs/THUMBS%20500X500/312894.JPG,tabs/detalle-producto/312894,508.000,508.000,508.000,USD,1,{},"{""MARCA"": [""RIMITH""], ""CATEGORIA"": [""Carnes Y Embutidos""]}","[""Carnes Y Embutidos""]",,https://riba.app/imgrs/THUMBS%20500X500/312894.JPG,0,0,"[""127""]",508.000,2026-05-08 10:59:33
745101510458,JAMON ESPECIAL G,JAMON ESPECIAL G,JAMON ESPECIAL G,insert,1,https://riba.app/imgrs/THUMBS%20500X500/23853.JPG,tabs/detalle-producto/23853,355.000,355.000,355.000,USD,1,{},"{""MARCA"": [""RIMITH""], ""CATEGORIA"": [""Carnes Y Embutidos""]}","[""Carnes Y Embutidos""]",,https://riba.app/imgrs/THUMBS%20500X500/23853.JPG,0,0,"[""127""]",355.000,2026-05-08 10:59:33
745101510462,JAMON AHUMADO  BOLITA,JAMON AHUMADO  BOLITA,JAMON AHUMADO  BOLITA,insert,1,https://riba.app/imgrs/THUMBS%20500X500/259044.JPG,tabs/detalle-producto/259044,2.095.000,2.095.000,2.095.000,USD,1,{},"{""MARCA"": [""RIMITH""], ""CATEGORIA"": [""Carnes Y Embutidos""]}","[""Carnes Y Embutidos""]",,https://riba.app/imgrs/THUMBS%20500X500/259044.JPG,0,0,"[""127""]",2.095.000,2026-05-08 10:59:33
745101510476,JAMON ESPECIAL ,JAMON ESPECIAL ,JAMON ESPECIAL ,insert,1,https://riba.app/imgrs/THUMBS%20500X500/23856.JPG,tabs/detalle-producto/23856,243.000,243.000,243.000,USD,1,{},"{""MARCA"": [""RIMITH""], ""CATEGORIA"": [""Carnes Y Embutidos""]}","[""Carnes Y Embutidos""]",,https://riba.app/imgrs/THUMBS%20500X500/23856.JPG,0,0,"[""127""]",243.000,2026-05-08 10:59:33
745101510483,LA CHORIZA,LA CHORIZA,LA CHORIZA,insert,1,https://riba.app/imgrs/THUMBS%20500X500/285177.JPG,tabs/detalle-producto/285177,490.000,490.000,490.000,USD,1,{},"{""MARCA"": [""RIMITH""], ""CATEGORIA"": [""Carnes Y Embutidos""]}","[""Carnes Y Embutidos""]",,https://riba.app/imgrs/THUMBS%20500X500/285177.JPG,0,0,"[""127""]",490.000,2026-05-08 10:59:33
745101510560,JAMONADA CON ENCURTIDO,JAMONADA CON ENCURTIDO,JAMONADA CON ENCURTIDO,insert,1,https://riba.app/imgrs/THUMBS%20500X500/23866.JPG,tabs/detalle-producto/23866,195.000,195.000,195.000,USD,1,{},"{""MARCA"": [""RIMITH""], ""CATEGORIA"": [""Carnes Y Embutidos""]}","[""Carnes Y Embutidos""]",,https://riba.app/imgrs/THUMBS%20500X500/23866.JPG,0,0,"[""127""]",195.000,2026-05-08 10:59:33
745101510583,PARRILLADA MIXTA 2 PERSONAS,PARRILLADA MIXTA 2 PERSONAS,PARRILLADA MIXTA 2 PERSONAS,insert,1,https://riba.app/imgrs/THUMBS%20500X500/130614.JPG,tabs/detalle-producto/130614,2.595.000,2.595.000,2.595.000,USD,1,{},"{""MARCA"": [""RIMITH""], ""CATEGORIA"": [""Comidas Preparadas""]}","[""Comidas Preparadas""]",,https://riba.app/imgrs/THUMBS%20500X500/130614.JPG,0,0,"[""91""]",2.595.000,2026-05-08 10:59:33
745101510645,MORTADELA,MORTADELA,MORTADELA,insert,1,https://riba.app/imgrs/THUMBS%20500X500/23872.JPG,tabs/detalle-producto/23872,188.000,188.000,188.000,USD,1,{},"{""MARCA"": [""RIMITH""], ""CATEGORIA"": [""Carnes Y Embutidos""]}","[""Carnes Y Embutidos""]",,https://riba.app/imgrs/THUMBS%20500X500/23872.JPG,0,0,"[""127""]",188.000,2026-05-08 10:59:33
745101510647,CHORIZO RIMITH 4UN,CHORIZO RIMITH 4UN,CHORIZO RIMITH 4UN,insert,1,https://riba.app/imgrs/THUMBS%20500X500/349464.JPG,tabs/detalle-producto/349464,175.000,175.000,175.000,USD,1,{},"{""MARCA"": [""RIMITH""], ""CATEGORIA"": [""Carnes Y Embutidos""]}","[""Carnes Y Embutidos""]",,https://riba.app/imgrs/THUMBS%20500X500/349464.JPG,0,0,"[""127""]",175.000,2026-05-08 10:59:33
745101510649,BOLLOS DE MAIZ CON MANTEQUILLA,BOLLOS DE MAIZ CON MANTEQUILLA,BOLLOS DE MAIZ CON MANTEQUILLA,insert,1,https://riba.app/imgrs/THUMBS%20500X500/348248.JPG,tabs/detalle-producto/348248,115.000,115.000,115.000,USD,1,{},"{""MARCA"": [""RIMITH""], ""CATEGORIA"": [""PRODUCTOS DE MAIZ Y OTROS""]}","[""PRODUCTOS DE MAIZ Y OTROS""]",,https://riba.app/imgrs/THUMBS%20500X500/348248.JPG,0,0,"[""270""]",115.000,2026-05-08 10:59:33
745101510652,CHORIZO MC RON BBQ,CHORIZO MC RON BBQ,CHORIZO MC RON BBQ,insert,1,https://riba.app/imgrs/THUMBS%20500X500/345636.JPG,tabs/detalle-producto/345636,575.000,575.000,575.000,USD,1,{},"{""MARCA"": [""RIMITH""], ""CATEGORIA"": [""Carnes Y Embutidos""]}","[""Carnes Y Embutidos""]",,https://riba.app/imgrs/THUMBS%20500X500/345636.JPG,0,0,"[""127""]",575.000,2026-05-08 10:59:33
745101510653,MORTADELA 14 OZ,MORTADELA 14 OZ,MORTADELA 14 OZ,insert,1,https://riba.app/imgrs/THUMBS%20500X500/321811.JPG,tabs/detalle-producto/321811,345.000,345.000,345.000,USD,1,{},"{""MARCA"": [""RIMITH""], ""CATEGORIA"": [""Carnes Y Embutidos""]}","[""Carnes Y Embutidos""]",,https://riba.app/imgrs/THUMBS%20500X500/321811.JPG,0,0,"[""127""]",345.000,2026-05-08 10:59:33
745101510656,CHORIZO CERDO ITALIANO CRUDO,CHORIZO CERDO ITALIANO CRUDO,CHORIZO CERDO ITALIANO CRUDO,insert,1,https://riba.app/imgrs/THUMBS%20500X500/345639.JPG,tabs/detalle-producto/345639,575.000,575.000,575.000,USD,1,{},"{""MARCA"": [""RIMITH""], ""CATEGORIA"": [""Carnes Y Embutidos""]}","[""Carnes Y Embutidos""]",,https://riba.app/imgrs/THUMBS%20500X500/345639.JPG,0,0,"[""127""]",575.000,2026-05-08 10:59:33
745101510658,CHORIZO ESPAÑOL CRUDO,CHORIZO ESPAÑOL CRUDO,CHORIZO ESPAÑOL CRUDO,insert,1,https://riba.app/imgrs/THUMBS%20500X500/345642.JPG,tabs/detalle-producto/345642,575.000,575.000,575.000,USD,1,{},"{""MARCA"": [""RIMITH""], ""CATEGORIA"": [""Carnes Y Embutidos""]}","[""Carnes Y Embutidos""]",,https://riba.app/imgrs/THUMBS%20500X500/345642.JPG,0,0,"[""127""]",575.000,2026-05-08 10:59:33
745101510664,TOCINO AHUMADO 12 OZ,TOCINO AHUMADO 12 OZ,TOCINO AHUMADO 12 OZ,insert,1,https://riba.app/imgrs/THUMBS%20500X500/342214.JPG,tabs/detalle-producto/342214,795.000,795.000,795.000,USD,1,{},"{""MARCA"": [""RIMITH""], ""CATEGORIA"": [""Carnes Y Embutidos""]}","[""Carnes Y Embutidos""]",,https://riba.app/imgrs/THUMBS%20500X500/342214.JPG,0,0,"[""127""]",795.000,2026-05-08 10:59:33
745101510665,ALBONDIGAS CRIOLLAS,ALBONDIGAS CRIOLLAS,ALBONDIGAS CRIOLLAS,insert,1,https://riba.app/imgrs/THUMBS%20500X500/342212.JPG,tabs/detalle-producto/342212,395.000,395.000,395.000,USD,1,{},"{""MARCA"": [""RIMITH""], ""CATEGORIA"": [""Comidas Preparadas""]}","[""Comidas Preparadas""]",,https://riba.app/imgrs/THUMBS%20500X500/342212.JPG,0,0,"[""91""]",395.000,2026-05-08 10:59:33
745101510666,ALBONDIGAS A LA PARRILLA,ALBONDIGAS A LA PARRILLA,ALBONDIGAS A LA PARRILLA,insert,1,https://riba.app/imgrs/THUMBS%20500X500/342213.JPG,tabs/detalle-producto/342213,395.000,395.000,395.000,USD,1,{},"{""MARCA"": [""RIMITH""], ""CATEGORIA"": [""Comidas Preparadas""]}","[""Comidas Preparadas""]",,https://riba.app/imgrs/THUMBS%20500X500/342213.JPG,0,0,"[""91""]",395.000,2026-05-08 10:59:33
745101510668,CHORIZO MC CERDO SWEET Y SPICY,CHORIZO MC CERDO SWEET Y SPICY,CHORIZO MC CERDO SWEET Y SPICY,insert,1,https://riba.app/imgrs/THUMBS%20500X500/340961.JPG,tabs/detalle-producto/340961,505.000,505.000,505.000,USD,1,{},"{""MARCA"": [""RIMITH""], ""CATEGORIA"": [""Carnes Y Embutidos""]}","[""Carnes Y Embutidos""]",,https://riba.app/imgrs/THUMBS%20500X500/340961.JPG,0,0,"[""127""]",505.000,2026-05-08 10:59:33
745101510680,PEPERONI ,PEPERONI ,PEPERONI ,insert,1,https://riba.app/imgrs/THUMBS%20500X500/23876.JPG,tabs/detalle-producto/23876,188.000,188.000,188.000,USD,1,{},"{""MARCA"": [""RIMITH""], ""CATEGORIA"": [""Carnes Y Embutidos""]}","[""Carnes Y Embutidos""]",,https://riba.app/imgrs/THUMBS%20500X500/23876.JPG,0,0,"[""127""]",188.000,2026-05-08 10:59:33
745101510681,MIX PARRILLERO MEJOR AL CARBON,MIX PARRILLERO MEJOR AL CARBON,MIX PARRILLERO MEJOR AL CARBON,insert,1,https://riba.app/imgrs/THUMBS%20500X500/338838.JPG,tabs/detalle-producto/338838,695.000,695.000,695.000,USD,1,{},"{""MARCA"": [""RIMITH""], ""CATEGORIA"": [""Carnes Y Embutidos""]}","[""Carnes Y Embutidos""]",,https://riba.app/imgrs/THUMBS%20500X500/338838.JPG,0,0,"[""127""]",695.000,2026-05-08 10:59:33
745101510682,ALBONDIGAS ITALIANAS,ALBONDIGAS ITALIANAS,ALBONDIGAS ITALIANAS,insert,1,https://riba.app/imgrs/THUMBS%20500X500/337089.JPG,tabs/detalle-producto/337089,397.000,397.000,397.000,USD,1,{},"{""MARCA"": [""RIMITH""], ""CATEGORIA"": [""Comidas Preparadas""]}","[""Comidas Preparadas""]",,https://riba.app/imgrs/THUMBS%20500X500/337089.JPG,0,0,"[""91""]",397.000,2026-05-08 10:59:33
745101510683,ALBONDIGA AL VINO,ALBONDIGA AL VINO,ALBONDIGA AL VINO,insert,1,https://riba.app/imgrs/THUMBS%20500X500/337087.JPG,tabs/detalle-producto/337087,409.000,409.000,409.000,USD,1,{},"{""MARCA"": [""RIMITH""], ""CATEGORIA"": [""Comidas Preparadas""]}","[""Comidas Preparadas""]",,https://riba.app/imgrs/THUMBS%20500X500/337087.JPG,0,0,"[""91""]",409.000,2026-05-08 10:59:33
745101510686,CHORIZO MAC PERNIL DATILES T Q,CHORIZO MAC PERNIL DATILES T Q,CHORIZO MAC PERNIL DATILES T Q,insert,1,https://riba.app/imgrs/THUMBS%20500X500/330767.JPG,tabs/detalle-producto/330767,680.000,680.000,680.000,USD,1,{},"{""MARCA"": [""RIMITH""], ""CATEGORIA"": [""Carnes Y Embutidos""]}","[""Carnes Y Embutidos""]",,https://riba.app/imgrs/THUMBS%20500X500/330767.JPG,0,0,"[""127""]",680.000,2026-05-08 10:59:33
745101510687,CHORIZO COCKTAIL ESENCIAL,CHORIZO COCKTAIL ESENCIAL,CHORIZO COCKTAIL ESENCIAL,insert,1,https://riba.app/imgrs/THUMBS%20500X500/329690.JPG,tabs/detalle-producto/329690,260.000,260.000,260.000,USD,1,{},"{""MARCA"": [""RIMITH""], ""CATEGORIA"": [""Carnes Y Embutidos""]}","[""Carnes Y Embutidos""]",,https://riba.app/imgrs/THUMBS%20500X500/329690.JPG,0,0,"[""127""]",260.000,2026-05-08 10:59:33
745101510688,FRANKFURTER COCKTAIL ESENCIAL,FRANKFURTER COCKTAIL ESENCIAL,FRANKFURTER COCKTAIL ESENCIAL,insert,1,https://riba.app/imgrs/THUMBS%20500X500/329688.JPG,tabs/detalle-producto/329688,210.000,210.000,210.000,USD,1,{},"{""MARCA"": [""RIMITH""], ""CATEGORIA"": [""Carnes Y Embutidos""]}","[""Carnes Y Embutidos""]",,https://riba.app/imgrs/THUMBS%20500X500/329688.JPG,0,0,"[""127""]",210.000,2026-05-08 10:59:33
745101510690,SALCHICHAS DE PERNIL CRIOLLA,SALCHICHAS DE PERNIL CRIOLLA,SALCHICHAS DE PERNIL CRIOLLA,insert,1,https://riba.app/imgrs/THUMBS%20500X500/329652.JPG,tabs/detalle-producto/329652,275.000,275.000,275.000,USD,1,{},"{""MARCA"": [""RIMITH""], ""CATEGORIA"": [""Carnes Y Embutidos""]}","[""Carnes Y Embutidos""]",,https://riba.app/imgrs/THUMBS%20500X500/329652.JPG,0,0,"[""127""]",275.000,2026-05-08 10:59:33
745101510693,CHORIZO MC CERDO AJO ROSTIZADO,CHORIZO MC CERDO AJO ROSTIZADO,CHORIZO MC CERDO AJO ROSTIZADO,insert,1,https://riba.app/imgrs/THUMBS%20500X500/324711.JPG,tabs/detalle-producto/324711,575.000,575.000,575.000,USD,1,{},"{""MARCA"": [""RIMITH""], ""CATEGORIA"": [""Carnes Y Embutidos""]}","[""Carnes Y Embutidos""]",,https://riba.app/imgrs/THUMBS%20500X500/324711.JPG,0,0,"[""127""]",575.000,2026-05-08 10:59:33
745101510698,CHORIZO MC CERDO MANZ MIEL CRU,CHORIZO MC CERDO MANZ MIEL CRU,CHORIZO MC CERDO MANZ MIEL CRU,insert,1,https://riba.app/imgrs/THUMBS%20500X500/312637.JPG,tabs/detalle-producto/312637,640.000,640.000,640.000,USD,1,{},"{""MARCA"": [""RIMITH""], ""CATEGORIA"": [""Carnes Y Embutidos""]}","[""Carnes Y Embutidos""]",,https://riba.app/imgrs/THUMBS%20500X500/312637.JPG,0,0,"[""127""]",640.000,2026-05-08 10:59:33
745101510699,CHORIZO MC CERDO MANZ MIEL COC,CHORIZO MC CERDO MANZ MIEL COC,CHORIZO MC CERDO MANZ MIEL COC,insert,1,https://riba.app/imgrs/THUMBS%20500X500/312638.JPG,tabs/detalle-producto/312638,580.000,580.000,580.000,USD,1,{},"{""MARCA"": [""RIMITH""], ""CATEGORIA"": [""Carnes Y Embutidos""]}","[""Carnes Y Embutidos""]",,https://riba.app/imgrs/THUMBS%20500X500/312638.JPG,0,0,"[""127""]",580.000,2026-05-08 10:59:33
745101510713,LECHONA RIMITH,LECHONA RIMITH,LECHONA RIMITH,insert,1,https://riba.app/imgrs/THUMBS%20500X500/267341.JPG,tabs/detalle-producto/267341,395.000,395.000,395.000,USD,1,{},"{""MARCA"": [""RIMITH""], ""CATEGORIA"": [""Comidas Preparadas""]}","[""Comidas Preparadas""]",,https://riba.app/imgrs/THUMBS%20500X500/267341.JPG,0,0,"[""91""]",395.000,2026-05-08 10:59:33
745101510754,PAVO OVEN ROASTED REBANADAS8OZ,PAVO OVEN ROASTED REBANADAS8OZ,PAVO OVEN ROASTED REBANADAS8OZ,insert,1,https://riba.app/imgrs/THUMBS%20500X500/272122.JPG,tabs/detalle-producto/272122,395.000,395.000,395.000,USD,1,{},"{""MARCA"": [""RIMITH""], ""CATEGORIA"": [""Carnes Y Embutidos""]}","[""Carnes Y Embutidos""]",,https://riba.app/imgrs/THUMBS%20500X500/272122.JPG,0,0,"[""127""]",395.000,2026-05-08 10:59:33
745101510764,SALAMI,SALAMI,SALAMI,insert,1,https://riba.app/imgrs/THUMBS%20500X500/23887.JPG,tabs/detalle-producto/23887,147.000,147.000,147.000,USD,1,{},"{""MARCA"": [""RIMITH""], ""CATEGORIA"": [""Carnes Y Embutidos""]}","[""Carnes Y Embutidos""]",,https://riba.app/imgrs/THUMBS%20500X500/23887.JPG,0,0,"[""127""]",147.000,2026-05-08 10:59:33
745101510797,SALCHIRICAS 454 GR,SALCHIRICAS 454 GR,SALCHIRICAS 454 GR,insert,1,https://riba.app/imgrs/THUMBS%20500X500/23888.JPG,tabs/detalle-producto/23888,365.000,365.000,365.000,USD,1,{},"{""MARCA"": [""RIMITH""], ""CATEGORIA"": [""Carnes Y Embutidos""]}","[""Carnes Y Embutidos""]",,https://riba.app/imgrs/THUMBS%20500X500/23888.JPG,0,0,"[""127""]",365.000,2026-05-08 10:59:33
745101511610,MOLIDA DE PAVO RIMITH,MOLIDA DE PAVO RIMITH,MOLIDA DE PAVO RIMITH,insert,1,https://riba.app/imgrs/THUMBS%20500X500/333917.JPG,tabs/detalle-producto/333917,525.000,525.000,525.000,USD,1,{},"{""MARCA"": [""RIMITH""], ""CATEGORIA"": [""Carnes Y Embutidos""]}","[""Carnes Y Embutidos""]",,https://riba.app/imgrs/THUMBS%20500X500/333917.JPG,0,0,"[""127""]",525.000,2026-05-08 10:59:33
745101512174,CHORIZO ITALIANO PREC  COC,CHORIZO ITALIANO PREC  COC,CHORIZO ITALIANO PREC  COC,insert,1,https://riba.app/imgrs/THUMBS%20500X500/177129.JPG,tabs/detalle-producto/177129,495.000,495.000,495.000,USD,1,{},"{""MARCA"": [""RIMITH""], ""CATEGORIA"": [""Carnes Y Embutidos""]}","[""Carnes Y Embutidos""]",,https://riba.app/imgrs/THUMBS%20500X500/177129.JPG,0,0,"[""127""]",495.000,2026-05-08 10:59:33
745101512207,CHORIZO ESPECIAL COCKTAIL,CHORIZO ESPECIAL COCKTAIL,CHORIZO ESPECIAL COCKTAIL,insert,1,https://riba.app/imgrs/THUMBS%20500X500/23904.JPG,tabs/detalle-producto/23904,426.000,426.000,426.000,USD,1,{},"{""MARCA"": [""RIMITH""], ""CATEGORIA"": [""Carnes Y Embutidos""]}","[""Carnes Y Embutidos""]",,https://riba.app/imgrs/THUMBS%20500X500/23904.JPG,0,0,"[""127""]",426.000,2026-05-08 10:59:33
745101512211,CHORIZO ESPECIAL CORTO ,CHORIZO ESPECIAL CORTO ,CHORIZO ESPECIAL CORTO ,insert,1,https://riba.app/imgrs/THUMBS%20500X500/23906.JPG,tabs/detalle-producto/23906,1.238.000,1.238.000,1.238.000,USD,1,{},"{""MARCA"": [""RIMITH""], ""CATEGORIA"": [""Carnes Y Embutidos""]}","[""Carnes Y Embutidos""]",,https://riba.app/imgrs/THUMBS%20500X500/23906.JPG,0,0,"[""127""]",1.238.000,2026-05-08 10:59:33
745101512263,HAMB MINI ALOHA MEJO AL CARBON,HAMB MINI ALOHA MEJO AL CARBON,HAMB MINI ALOHA MEJO AL CARBON,insert,1,https://riba.app/imgrs/THUMBS%20500X500/307336.JPG,tabs/detalle-producto/307336,810.000,810.000,810.000,USD,1,{},"{""MARCA"": [""RIMITH""], ""CATEGORIA"": [""Carnes Y Embutidos""]}","[""Carnes Y Embutidos""]",,https://riba.app/imgrs/THUMBS%20500X500/307336.JPG,0,0,"[""127""]",810.000,2026-05-08 10:59:33
745101512264,HAMB MINI Q AZUL TOCINO ME A C,HAMB MINI Q AZUL TOCINO ME A C,HAMB MINI Q AZUL TOCINO ME A C,insert,1,https://riba.app/imgrs/THUMBS%20500X500/307337.JPG,tabs/detalle-producto/307337,810.000,810.000,810.000,USD,1,{},"{""MARCA"": [""RIMITH""], ""CATEGORIA"": [""Carnes Y Embutidos""]}","[""Carnes Y Embutidos""]",,https://riba.app/imgrs/THUMBS%20500X500/307337.JPG,0,0,"[""127""]",810.000,2026-05-08 10:59:33
745101512302,SALCHICHAS TIERNA DE PAVO ,SALCHICHAS TIERNA DE PAVO ,SALCHICHAS TIERNA DE PAVO ,insert,1,https://riba.app/imgrs/THUMBS%20500X500/115468.JPG,tabs/detalle-producto/115468,350.000,350.000,350.000,USD,1,{},"{""MARCA"": [""RIMITH""], ""CATEGORIA"": [""Carnes Y Embutidos""]}","[""Carnes Y Embutidos""]",,https://riba.app/imgrs/THUMBS%20500X500/115468.JPG,0,0,"[""127""]",350.000,2026-05-08 10:59:33
745101512332,FRANKFURTER AHUMADA COCKTAI1,FRANKFURTER AHUMADA COCKTAI1,FRANKFURTER AHUMADA COCKTAI1,insert,1,https://riba.app/imgrs/THUMBS%20500X500/23908.JPG,tabs/detalle-producto/23908,364.000,364.000,364.000,USD,1,{},"{""MARCA"": [""RIMITH""], ""CATEGORIA"": [""Carnes Y Embutidos""]}","[""Carnes Y Embutidos""]",,https://riba.app/imgrs/THUMBS%20500X500/23908.JPG,0,0,"[""127""]",364.000,2026-05-08 10:59:33
745101512651,MORTADELA DE FREIR ,MORTADELA DE FREIR ,MORTADELA DE FREIR ,insert,1,https://riba.app/imgrs/THUMBS%20500X500/185853.JPG,tabs/detalle-producto/185853,324.000,324.000,324.000,USD,1,{},"{""MARCA"": [""RIMITH""], ""CATEGORIA"": [""Carnes Y Embutidos""]}","[""Carnes Y Embutidos""]",,https://riba.app/imgrs/THUMBS%20500X500/185853.JPG,0,0,"[""127""]",324.000,2026-05-08 10:59:33
745101515000,JUGO DE PIÑA ,JUGO DE PIÑA ,JUGO DE PIÑA ,insert,1,https://riba.app/imgrs/THUMBS%20500X500/252616.JPG,tabs/detalle-producto/252616,98.000,98.000,98.000,USD,1,{},"{""MARCA"": [""RIMITH""], ""CATEGORIA"": [""Bebidas Y Jugos""]}","[""Bebidas Y Jugos""]",,https://riba.app/imgrs/THUMBS%20500X500/252616.JPG,0,0,"[""47""]",98.000,2026-05-08 10:59:33
745101515001,JUGO DE PIÑA ,JUGO DE PIÑA ,JUGO DE PIÑA ,insert,1,https://riba.app/imgrs/THUMBS%20500X500/252617.JPG,tabs/detalle-producto/252617,338.000,338.000,338.000,USD,1,{},"{""MARCA"": [""RIMITH""], ""CATEGORIA"": [""Bebidas Y Jugos""]}","[""Bebidas Y Jugos""]",,https://riba.app/imgrs/THUMBS%20500X500/252617.JPG,0,0,"[""47""]",338.000,2026-05-08 10:59:33
745101515002,JUGO DE PIÑA ,JUGO DE PIÑA ,JUGO DE PIÑA ,insert,1,https://riba.app/imgrs/THUMBS%20500X500/252618.JPG,tabs/detalle-producto/252618,593.000,593.000,593.000,USD,1,{},"{""MARCA"": [""RIMITH""], ""CATEGORIA"": [""Bebidas Y Jugos""]}","[""Bebidas Y Jugos""]",,https://riba.app/imgrs/THUMBS%20500X500/252618.JPG,0,0,"[""47""]",593.000,2026-05-08 10:59:33
745101515003,JUGO DE NARANJA ,JUGO DE NARANJA ,JUGO DE NARANJA ,insert,1,https://riba.app/imgrs/THUMBS%20500X500/252613.JPG,tabs/detalle-producto/252613,98.000,98.000,98.000,USD,1,{},"{""MARCA"": [""RIMITH""], ""CATEGORIA"": [""Bebidas Y Jugos""]}","[""Bebidas Y Jugos""]",,https://riba.app/imgrs/THUMBS%20500X500/252613.JPG,0,0,"[""47""]",98.000,2026-05-08 10:59:33
745101515004,JUGO DE NARANJA ,JUGO DE NARANJA ,JUGO DE NARANJA ,insert,1,https://riba.app/imgrs/THUMBS%20500X500/252614.JPG,tabs/detalle-producto/252614,338.000,338.000,338.000,USD,1,{},"{""MARCA"": [""RIMITH""], ""CATEGORIA"": [""Bebidas Y Jugos""]}","[""Bebidas Y Jugos""]",,https://riba.app/imgrs/THUMBS%20500X500/252614.JPG,0,0,"[""47""]",338.000,2026-05-08 10:59:33
745101515005,JUGO DE NARANJA ,JUGO DE NARANJA ,JUGO DE NARANJA ,insert,1,https://riba.app/imgrs/THUMBS%20500X500/252615.JPG,tabs/detalle-producto/252615,593.000,593.000,593.000,USD,1,{},"{""MARCA"": [""RIMITH""], ""CATEGORIA"": [""Bebidas Y Jugos""]}","[""Bebidas Y Jugos""]",,https://riba.app/imgrs/THUMBS%20500X500/252615.JPG,0,0,"[""47""]",593.000,2026-05-08 10:59:33
745101515006,BEBIDA DE SARIL ,BEBIDA DE SARIL ,BEBIDA DE SARIL ,insert,1,https://riba.app/imgrs/THUMBS%20500X500/252609.JPG,tabs/detalle-producto/252609,98.000,98.000,98.000,USD,1,{},"{""MARCA"": [""RIMITH""], ""CATEGORIA"": [""Bebidas Y Jugos""]}","[""Bebidas Y Jugos""]",,https://riba.app/imgrs/THUMBS%20500X500/252609.JPG,0,0,"[""47""]",98.000,2026-05-08 10:59:33
745101515007,BEBIDA DE SARIL,BEBIDA DE SARIL,BEBIDA DE SARIL,insert,1,https://riba.app/imgrs/THUMBS%20500X500/252610.JPG,tabs/detalle-producto/252610,353.000,353.000,353.000,USD,1,{},"{""MARCA"": [""RIMITH""], ""CATEGORIA"": [""Bebidas Y Jugos""]}","[""Bebidas Y Jugos""]",,https://riba.app/imgrs/THUMBS%20500X500/252610.JPG,0,0,"[""47""]",353.000,2026-05-08 10:59:33
745101515008,BEBIDA DE SARIL,BEBIDA DE SARIL,BEBIDA DE SARIL,insert,1,https://riba.app/imgrs/THUMBS%20500X500/252611.JPG,tabs/detalle-producto/252611,593.000,593.000,593.000,USD,1,{},"{""MARCA"": [""RIMITH""], ""CATEGORIA"": [""Bebidas Y Jugos""]}","[""Bebidas Y Jugos""]",,https://riba.app/imgrs/THUMBS%20500X500/252611.JPG,0,0,"[""47""]",593.000,2026-05-08 10:59:33
745101515009,BEBIDA DE SARIL LIGHT ,BEBIDA DE SARIL LIGHT ,BEBIDA DE SARIL LIGHT ,insert,1,https://riba.app/imgrs/THUMBS%20500X500/252612.JPG,tabs/detalle-producto/252612,295.000,295.000,295.000,USD,1,{},"{""MARCA"": [""RIMITH""], ""CATEGORIA"": [""Bebidas Y Jugos""]}","[""Bebidas Y Jugos""]",,https://riba.app/imgrs/THUMBS%20500X500/252612.JPG,0,0,"[""47""]",295.000,2026-05-08 10:59:33
745101516110,EMPANADAS CARNE MEDIANAS 6UN,EMPANADAS CARNE MEDIANAS 6UN,EMPANADAS CARNE MEDIANAS 6UN,insert,1,https://riba.app/imgrs/THUMBS%20500X500/9217.JPG,tabs/detalle-producto/9217,185.000,185.000,185.000,USD,1,{},"{""MARCA"": [""RIMITH""], ""CATEGORIA"": [""PRODUCTOS DE MAIZ Y OTROS""]}","[""PRODUCTOS DE MAIZ Y OTROS""]",,https://riba.app/imgrs/THUMBS%20500X500/9217.JPG,0,0,"[""270""]",185.000,2026-05-08 10:59:33
745101516111,MULTI PACK CON CARNE,MULTI PACK CON CARNE,MULTI PACK CON CARNE,insert,1,https://riba.app/imgrs/THUMBS%20500X500/9218.JPG,tabs/detalle-producto/9218,316.000,316.000,316.000,USD,1,{},"{""MARCA"": [""RIMITH""], ""CATEGORIA"": [""PRODUCTOS DE MAIZ Y OTROS""]}","[""PRODUCTOS DE MAIZ Y OTROS""]",,https://riba.app/imgrs/THUMBS%20500X500/9218.JPG,0,0,"[""270""]",316.000,2026-05-08 10:59:33
745101516215,CHORIZO MC CULANTRO COCIDO,CHORIZO MC CULANTRO COCIDO,CHORIZO MC CULANTRO COCIDO,insert,1,https://riba.app/imgrs/THUMBS%20500X500/309612.JPG,tabs/detalle-producto/309612,487.000,487.000,487.000,USD,1,{},"{""MARCA"": [""RIMITH""], ""CATEGORIA"": [""Carnes Y Embutidos""]}","[""Carnes Y Embutidos""]",,https://riba.app/imgrs/THUMBS%20500X500/309612.JPG,0,0,"[""127""]",487.000,2026-05-08 10:59:33
745101516427,JAMON COCIDO RIMITH 4 OZ,JAMON COCIDO RIMITH 4 OZ,JAMON COCIDO RIMITH 4 OZ,insert,1,https://riba.app/imgrs/THUMBS%20500X500/344766.JPG,tabs/detalle-producto/344766,140.000,140.000,140.000,USD,1,{},"{""MARCA"": [""RIMITH""], ""CATEGORIA"": [""Carnes Y Embutidos""]}","[""Carnes Y Embutidos""]",,https://riba.app/imgrs/THUMBS%20500X500/344766.JPG,0,0,"[""127""]",140.000,2026-05-08 10:59:33
745101516556,SALCHICHA COCKTAIL PICANTE ,SALCHICHA COCKTAIL PICANTE ,SALCHICHA COCKTAIL PICANTE ,insert,1,https://riba.app/imgrs/THUMBS%20500X500/249436.JPG,tabs/detalle-producto/249436,185.000,185.000,185.000,USD,1,{},"{""MARCA"": [""RIMITH""], ""CATEGORIA"": [""Carnes Y Embutidos""]}","[""Carnes Y Embutidos""]",,https://riba.app/imgrs/THUMBS%20500X500/249436.JPG,0,0,"[""127""]",185.000,2026-05-08 10:59:33
745101516557,JAMON COCIDO,JAMON COCIDO,JAMON COCIDO,insert,1,https://riba.app/imgrs/THUMBS%20500X500/253170.JPG,tabs/detalle-producto/253170,225.000,225.000,225.000,USD,1,{},"{""MARCA"": [""RIMITH""], ""CATEGORIA"": [""Carnes Y Embutidos""]}","[""Carnes Y Embutidos""]",,https://riba.app/imgrs/THUMBS%20500X500/253170.JPG,0,0,"[""127""]",225.000,2026-05-08 10:59:33
745101516721,LA POLLONA 227 GR,LA POLLONA 227 GR,LA POLLONA 227 GR,insert,1,https://riba.app/imgrs/THUMBS%20500X500/278392.JPG,tabs/detalle-producto/278392,345.000,345.000,345.000,USD,1,{},"{""MARCA"": [""RIMITH""], ""CATEGORIA"": [""Comidas Preparadas""]}","[""Comidas Preparadas""]",,https://riba.app/imgrs/THUMBS%20500X500/278392.JPG,0,0,"[""91""]",345.000,2026-05-08 10:59:33
745101516723,LA PAVONA 227 GR,LA PAVONA 227 GR,LA PAVONA 227 GR,insert,1,https://riba.app/imgrs/THUMBS%20500X500/278394.JPG,tabs/detalle-producto/278394,367.000,367.000,367.000,USD,1,{},"{""MARCA"": [""RIMITH""], ""CATEGORIA"": [""Comidas Preparadas""]}","[""Comidas Preparadas""]",,https://riba.app/imgrs/THUMBS%20500X500/278394.JPG,0,0,"[""91""]",367.000,2026-05-08 10:59:33
745101516726,JAMON DE PAVO COCIDO ESENCIAL ,JAMON DE PAVO COCIDO ESENCIAL ,JAMON DE PAVO COCIDO ESENCIAL ,insert,1,https://riba.app/imgrs/THUMBS%20500X500/301273.JPG,tabs/detalle-producto/301273,135.000,135.000,135.000,USD,1,{},"{""MARCA"": [""RIMITH""], ""CATEGORIA"": [""Carnes Y Embutidos""]}","[""Carnes Y Embutidos""]",,https://riba.app/imgrs/THUMBS%20500X500/301273.JPG,0,0,"[""127""]",135.000,2026-05-08 10:59:33
745101516728,JAMON PECHUGA PAVO PREMI LABEL,JAMON PECHUGA PAVO PREMI LABEL,JAMON PECHUGA PAVO PREMI LABEL,insert,1,https://riba.app/imgrs/THUMBS%20500X500/301272.JPG,tabs/detalle-producto/301272,336.000,336.000,336.000,USD,1,{},"{""MARCA"": [""RIMITH""], ""CATEGORIA"": [""Carnes Y Embutidos""]}","[""Carnes Y Embutidos""]",,https://riba.app/imgrs/THUMBS%20500X500/301272.JPG,0,0,"[""127""]",336.000,2026-05-08 10:59:33
745101516907,TAMALES POLLO CHICOS 6UN CONG,TAMALES POLLO CHICOS 6UN CONG,TAMALES POLLO CHICOS 6UN CONG,insert,1,https://riba.app/imgrs/THUMBS%20500X500/190237.JPG,tabs/detalle-producto/190237,676.000,676.000,676.000,USD,1,{},"{""MARCA"": [""RIMITH""], ""CATEGORIA"": [""PRODUCTOS DE MAIZ Y OTROS""]}","[""PRODUCTOS DE MAIZ Y OTROS""]",,https://riba.app/imgrs/THUMBS%20500X500/190237.JPG,0,0,"[""270""]",676.000,2026-05-08 10:59:33
745101516909,TAMALES CERDO CHICOS 6UN CONG,TAMALES CERDO CHICOS 6UN CONG,TAMALES CERDO CHICOS 6UN CONG,insert,1,https://riba.app/imgrs/THUMBS%20500X500/258156.JPG,tabs/detalle-producto/258156,676.000,676.000,676.000,USD,1,{},"{""MARCA"": [""RIMITH""], ""CATEGORIA"": [""PRODUCTOS DE MAIZ Y OTROS""]}","[""PRODUCTOS DE MAIZ Y OTROS""]",,https://riba.app/imgrs/THUMBS%20500X500/258156.JPG,0,0,"[""270""]",676.000,2026-05-08 10:59:33
745101516910,TORTILLAS GRANDES 10 UN,TORTILLAS GRANDES 10 UN,TORTILLAS GRANDES 10 UN,insert,1,https://riba.app/imgrs/THUMBS%20500X500/9221.JPG,tabs/detalle-producto/9221,145.000,145.000,145.000,USD,1,{},"{""MARCA"": [""RIMITH""], ""CATEGORIA"": [""PRODUCTOS DE MAIZ Y OTROS""]}","[""PRODUCTOS DE MAIZ Y OTROS""]",,https://riba.app/imgrs/THUMBS%20500X500/9221.JPG,0,0,"[""270""]",145.000,2026-05-08 10:59:33
745101516911,TORTILLAS GRANDES CONGELADAS ,TORTILLAS GRANDES CONGELADAS ,TORTILLAS GRANDES CONGELADAS ,insert,1,https://riba.app/imgrs/THUMBS%20500X500/76361.JPG,tabs/detalle-producto/76361,145.000,145.000,145.000,USD,1,{},"{""MARCA"": [""RIMITH""], ""CATEGORIA"": [""PRODUCTOS DE MAIZ Y OTROS""]}","[""PRODUCTOS DE MAIZ Y OTROS""]",,https://riba.app/imgrs/THUMBS%20500X500/76361.JPG,0,0,"[""270""]",145.000,2026-05-08 10:59:33
745101516912,TORTILLAS CHICAS 10 UN,TORTILLAS CHICAS 10 UN,TORTILLAS CHICAS 10 UN,insert,1,https://riba.app/imgrs/THUMBS%20500X500/9222.JPG,tabs/detalle-producto/9222,96.000,96.000,96.000,USD,1,{},"{""MARCA"": [""RIMITH""], ""CATEGORIA"": [""PRODUCTOS DE MAIZ Y OTROS""]}","[""PRODUCTOS DE MAIZ Y OTROS""]",,https://riba.app/imgrs/THUMBS%20500X500/9222.JPG,0,0,"[""270""]",96.000,2026-05-08 10:59:33
745101516913,TORTILLAS CHICA CONGELADAS,TORTILLAS CHICA CONGELADAS,TORTILLAS CHICA CONGELADAS,insert,1,https://riba.app/imgrs/THUMBS%20500X500/76360.JPG,tabs/detalle-producto/76360,96.000,96.000,96.000,USD,1,{},"{""MARCA"": [""RIMITH""], ""CATEGORIA"": [""PRODUCTOS DE MAIZ Y OTROS""]}","[""PRODUCTOS DE MAIZ Y OTROS""]",,https://riba.app/imgrs/THUMBS%20500X500/76360.JPG,0,0,"[""270""]",96.000,2026-05-08 10:59:33
745101516914,EMPANADAS MAIZ CARNE GR 8UN,EMPANADAS MAIZ CARNE GR 8UN,EMPANADAS MAIZ CARNE GR 8UN,insert,1,https://riba.app/imgrs/THUMBS%20500X500/9223.JPG,tabs/detalle-producto/9223,290.000,290.000,290.000,USD,1,{},"{""MARCA"": [""RIMITH""], ""CATEGORIA"": [""PRODUCTOS DE MAIZ Y OTROS""]}","[""PRODUCTOS DE MAIZ Y OTROS""]",,https://riba.app/imgrs/THUMBS%20500X500/9223.JPG,0,0,"[""270""]",290.000,2026-05-08 10:59:33
745101516918,TORT MAIZ BLANCO G CONGELADO,TORT MAIZ BLANCO G CONGELADO,TORT MAIZ BLANCO G CONGELADO,insert,1,https://riba.app/imgrs/THUMBS%20500X500/138315.JPG,tabs/detalle-producto/138315,151.000,151.000,151.000,USD,1,{},"{""MARCA"": [""RIMITH""], ""CATEGORIA"": [""PRODUCTOS DE MAIZ Y OTROS""]}","[""PRODUCTOS DE MAIZ Y OTROS""]",,https://riba.app/imgrs/THUMBS%20500X500/138315.JPG,0,0,"[""270""]",151.000,2026-05-08 10:59:33
745101516919,TORTILLAS  MAIZ BLANCO CONG,TORTILLAS  MAIZ BLANCO CONG,TORTILLAS  MAIZ BLANCO CONG,insert,1,https://riba.app/imgrs/THUMBS%20500X500/138316.JPG,tabs/detalle-producto/138316,101.000,101.000,101.000,USD,1,{},"{""MARCA"": [""RIMITH""], ""CATEGORIA"": [""PRODUCTOS DE MAIZ Y OTROS""]}","[""PRODUCTOS DE MAIZ Y OTROS""]",,https://riba.app/imgrs/THUMBS%20500X500/138316.JPG,0,0,"[""270""]",101.000,2026-05-08 10:59:33
745101516941,EMPANADAS MAIZ POLLO GONGELADA,EMPANADAS MAIZ POLLO GONGELADA,EMPANADAS MAIZ POLLO GONGELADA,insert,1,https://riba.app/imgrs/THUMBS%20500X500/239083.JPG,tabs/detalle-producto/239083,298.000,298.000,298.000,USD,1,{},"{""MARCA"": [""RIMITH""], ""CATEGORIA"": [""PRODUCTOS DE MAIZ Y OTROS""]}","[""PRODUCTOS DE MAIZ Y OTROS""]",,https://riba.app/imgrs/THUMBS%20500X500/239083.JPG,0,0,"[""270""]",298.000,2026-05-08 10:59:33
745101516945,EMPANADAS CARNE COGELADAS 6UN,EMPANADAS CARNE COGELADAS 6UN,EMPANADAS CARNE COGELADAS 6UN,insert,1,https://riba.app/imgrs/THUMBS%20500X500/245445.JPG,tabs/detalle-producto/245445,185.000,185.000,185.000,USD,1,{},"{""MARCA"": [""RIMITH""], ""CATEGORIA"": [""PRODUCTOS DE MAIZ Y OTROS""]}","[""PRODUCTOS DE MAIZ Y OTROS""]",,https://riba.app/imgrs/THUMBS%20500X500/245445.JPG,0,0,"[""270""]",185.000,2026-05-08 10:59:33
745101516946,EMPANADAS CARNE COGELADAS 8UN,EMPANADAS CARNE COGELADAS 8UN,EMPANADAS CARNE COGELADAS 8UN,insert,1,https://riba.app/imgrs/THUMBS%20500X500/245446.JPG,tabs/detalle-producto/245446,290.000,290.000,290.000,USD,1,{},"{""MARCA"": [""RIMITH""], ""CATEGORIA"": [""PRODUCTOS DE MAIZ Y OTROS""]}","[""PRODUCTOS DE MAIZ Y OTROS""]",,https://riba.app/imgrs/THUMBS%20500X500/245446.JPG,0,0,"[""270""]",290.000,2026-05-08 10:59:33
745101516947,EMPANADAS MAIZ CARNE DESMEC 6U,EMPANADAS MAIZ CARNE DESMEC 6U,EMPANADAS MAIZ CARNE DESMEC 6U,insert,1,https://riba.app/imgrs/THUMBS%20500X500/270937.JPG,tabs/detalle-producto/270937,493.000,493.000,493.000,USD,1,{},"{""MARCA"": [""RIMITH""], ""CATEGORIA"": [""PRODUCTOS DE MAIZ Y OTROS""]}","[""PRODUCTOS DE MAIZ Y OTROS""]",,https://riba.app/imgrs/THUMBS%20500X500/270937.JPG,0,0,"[""270""]",493.000,2026-05-08 10:59:33
745101516948,EMPANADA MAIZ C RELLENO POLLO,EMPANADA MAIZ C RELLENO POLLO,EMPANADA MAIZ C RELLENO POLLO,insert,1,https://riba.app/imgrs/THUMBS%20500X500/281795.JPG,tabs/detalle-producto/281795,450.000,450.000,450.000,USD,1,{},"{""MARCA"": [""RIMITH""], ""CATEGORIA"": [""PRODUCTOS DE MAIZ Y OTROS""]}","[""PRODUCTOS DE MAIZ Y OTROS""]",,https://riba.app/imgrs/THUMBS%20500X500/281795.JPG,0,0,"[""270""]",450.000,2026-05-08 10:59:33
745101516950,BOLLO DE MAIZ CON QUESO,BOLLO DE MAIZ CON QUESO,BOLLO DE MAIZ CON QUESO,insert,1,https://riba.app/imgrs/THUMBS%20500X500/242730.JPG,tabs/detalle-producto/242730,255.000,255.000,255.000,USD,1,{},"{""MARCA"": [""RIMITH""], ""CATEGORIA"": [""PRODUCTOS DE MAIZ Y OTROS""]}","[""PRODUCTOS DE MAIZ Y OTROS""]",,https://riba.app/imgrs/THUMBS%20500X500/242730.JPG,0,0,"[""270""]",255.000,2026-05-08 10:59:33
745101516951,BOLLO DE MAIZ CON MANTEQUILLA,BOLLO DE MAIZ CON MANTEQUILLA,BOLLO DE MAIZ CON MANTEQUILLA,insert,1,https://riba.app/imgrs/THUMBS%20500X500/242731.JPG,tabs/detalle-producto/242731,200.000,200.000,200.000,USD,1,{},"{""MARCA"": [""RIMITH""], ""CATEGORIA"": [""PRODUCTOS DE MAIZ Y OTROS""]}","[""PRODUCTOS DE MAIZ Y OTROS""]",,https://riba.app/imgrs/THUMBS%20500X500/242731.JPG,0,0,"[""270""]",200.000,2026-05-08 10:59:33
745101516952,BOLLO DE MAIZ COCO Y MIEL CAÑA,BOLLO DE MAIZ COCO Y MIEL CAÑA,BOLLO DE MAIZ COCO Y MIEL CAÑA,insert,1,https://riba.app/imgrs/THUMBS%20500X500/299596.JPG,tabs/detalle-producto/299596,216.000,216.000,216.000,USD,1,{},"{""MARCA"": [""RIMITH""], ""CATEGORIA"": [""PRODUCTOS DE MAIZ Y OTROS""]}","[""PRODUCTOS DE MAIZ Y OTROS""]",,https://riba.app/imgrs/THUMBS%20500X500/299596.JPG,0,0,"[""270""]",216.000,2026-05-08 10:59:33
745101516953,BOLLO DE MAIZ CON QUESO AMARIL,BOLLO DE MAIZ CON QUESO AMARIL,BOLLO DE MAIZ CON QUESO AMARIL,insert,1,https://riba.app/imgrs/THUMBS%20500X500/304927.JPG,tabs/detalle-producto/304927,277.000,277.000,277.000,USD,1,{},"{""MARCA"": [""RIMITH""], ""CATEGORIA"": [""PRODUCTOS DE MAIZ Y OTROS""]}","[""PRODUCTOS DE MAIZ Y OTROS""]",,https://riba.app/imgrs/THUMBS%20500X500/304927.JPG,0,0,"[""270""]",277.000,2026-05-08 10:59:33
745101516960,TAMALES POLLO MEDIANO 4UN,TAMALES POLLO MEDIANO 4UN,TAMALES POLLO MEDIANO 4UN,insert,1,https://riba.app/imgrs/THUMBS%20500X500/261263.JPG,tabs/detalle-producto/261263,651.000,651.000,651.000,USD,1,{},"{""MARCA"": [""RIMITH""], ""CATEGORIA"": [""PRODUCTOS DE MAIZ Y OTROS""]}","[""PRODUCTOS DE MAIZ Y OTROS""]",,https://riba.app/imgrs/THUMBS%20500X500/261263.JPG,0,0,"[""270""]",651.000,2026-05-08 10:59:33
745101516961,TAMALES POLLO MINI 12UN,TAMALES POLLO MINI 12UN,TAMALES POLLO MINI 12UN,insert,1,https://riba.app/imgrs/THUMBS%20500X500/263497.JPG,tabs/detalle-producto/263497,757.000,757.000,757.000,USD,1,{},"{""MARCA"": [""RIMITH""], ""CATEGORIA"": [""PRODUCTOS DE MAIZ Y OTROS""]}","[""PRODUCTOS DE MAIZ Y OTROS""]",,https://riba.app/imgrs/THUMBS%20500X500/263497.JPG,0,0,"[""270""]",757.000,2026-05-08 10:59:33
745101516962,TAMALES CERDO MEDIANO 4UN,TAMALES CERDO MEDIANO 4UN,TAMALES CERDO MEDIANO 4UN,insert,1,https://riba.app/imgrs/THUMBS%20500X500/261264.JPG,tabs/detalle-producto/261264,651.000,651.000,651.000,USD,1,{},"{""MARCA"": [""RIMITH""], ""CATEGORIA"": [""PRODUCTOS DE MAIZ Y OTROS""]}","[""PRODUCTOS DE MAIZ Y OTROS""]",,https://riba.app/imgrs/THUMBS%20500X500/261264.JPG,0,0,"[""270""]",651.000,2026-05-08 10:59:33
745101516963,TAMALES CERDO MINI 12UN,TAMALES CERDO MINI 12UN,TAMALES CERDO MINI 12UN,insert,1,https://riba.app/imgrs/THUMBS%20500X500/263499.JPG,tabs/detalle-producto/263499,757.000,757.000,757.000,USD,1,{},"{""MARCA"": [""RIMITH""], ""CATEGORIA"": [""PRODUCTOS DE MAIZ Y OTROS""]}","[""PRODUCTOS DE MAIZ Y OTROS""]",,https://riba.app/imgrs/THUMBS%20500X500/263499.JPG,0,0,"[""270""]",757.000,2026-05-08 10:59:33
745101516970,HOJALDRES PRE FRITAS 4UN,HOJALDRES PRE FRITAS 4UN,HOJALDRES PRE FRITAS 4UN,insert,1,https://riba.app/imgrs/THUMBS%20500X500/272033.JPG,tabs/detalle-producto/272033,250.000,250.000,250.000,USD,1,{},"{""MARCA"": [""RIMITH""], ""CATEGORIA"": [""PRODUCTOS DE MAIZ Y OTROS""]}","[""PRODUCTOS DE MAIZ Y OTROS""]",,https://riba.app/imgrs/THUMBS%20500X500/272033.JPG,0,0,"[""270""]",250.000,2026-05-08 10:59:33
745101516971,PATACONES PREFRITOS,PATACONES PREFRITOS,PATACONES PREFRITOS,insert,1,https://riba.app/imgrs/THUMBS%20500X500/281796.JPG,tabs/detalle-producto/281796,355.000,355.000,355.000,USD,1,{},"{""MARCA"": [""RIMITH""], ""CATEGORIA"": [""PRODUCTOS DE MAIZ Y OTROS""]}","[""PRODUCTOS DE MAIZ Y OTROS""]",,https://riba.app/imgrs/THUMBS%20500X500/281796.JPG,0,0,"[""270""]",355.000,2026-05-08 10:59:33
745101517911,PASTEL DE CARNE HORNEADO ,PASTEL DE CARNE HORNEADO ,PASTEL DE CARNE HORNEADO ,insert,1,https://riba.app/imgrs/THUMBS%20500X500/112444.JPG,tabs/detalle-producto/112444,971.000,971.000,971.000,USD,1,{},"{""MARCA"": [""RIMITH""], ""CATEGORIA"": [""Comidas Preparadas""]}","[""Comidas Preparadas""]",,https://riba.app/imgrs/THUMBS%20500X500/112444.JPG,0,0,"[""91""]",971.000,2026-05-08 10:59:33
745101517913,PASTEL DE POLLO MINI,PASTEL DE POLLO MINI,PASTEL DE POLLO MINI,insert,1,https://riba.app/imgrs/THUMBS%20500X500/114093.JPG,tabs/detalle-producto/114093,286.000,286.000,286.000,USD,1,{},"{""MARCA"": [""RIMITH""], ""CATEGORIA"": [""Comidas Preparadas""]}","[""Comidas Preparadas""]",,https://riba.app/imgrs/THUMBS%20500X500/114093.JPG,0,0,"[""91""]",286.000,2026-05-08 10:59:33
745101517914,PASTEL DE CARNE MINI,PASTEL DE CARNE MINI,PASTEL DE CARNE MINI,insert,1,https://riba.app/imgrs/THUMBS%20500X500/262037.JPG,tabs/detalle-producto/262037,286.000,286.000,286.000,USD,1,{},"{""MARCA"": [""RIMITH""], ""CATEGORIA"": [""Comidas Preparadas""]}","[""Comidas Preparadas""]",,https://riba.app/imgrs/THUMBS%20500X500/262037.JPG,0,0,"[""91""]",286.000,2026-05-08 10:59:33
745101517915,PASTEL DE POLLO GRANDE,PASTEL DE POLLO GRANDE,PASTEL DE POLLO GRANDE,insert,1,https://riba.app/imgrs/THUMBS%20500X500/9224.JPG,tabs/detalle-producto/9224,1.696.000,1.696.000,1.696.000,USD,1,{},"{""MARCA"": [""RIMITH""], ""CATEGORIA"": [""Comidas Preparadas""]}","[""Comidas Preparadas""]",,https://riba.app/imgrs/THUMBS%20500X500/9224.JPG,0,0,"[""91""]",1.696.000,2026-05-08 10:59:33
745101517916,PASTEL POLLO CHICO,PASTEL POLLO CHICO,PASTEL POLLO CHICO,insert,1,https://riba.app/imgrs/THUMBS%20500X500/9225.JPG,tabs/detalle-producto/9225,826.000,826.000,826.000,USD,1,{},"{""MARCA"": [""RIMITH""], ""CATEGORIA"": [""Comidas Preparadas""]}","[""Comidas Preparadas""]",,https://riba.app/imgrs/THUMBS%20500X500/9225.JPG,0,0,"[""91""]",826.000,2026-05-08 10:59:33
745101517923,LASAGNA DE CARNE HORNEADO,LASAGNA DE CARNE HORNEADO,LASAGNA DE CARNE HORNEADO,insert,1,https://riba.app/imgrs/THUMBS%20500X500/9150.JPG,tabs/detalle-producto/9150,1.296.000,1.296.000,1.296.000,USD,1,{},"{""MARCA"": [""RIMITH""], ""CATEGORIA"": [""Comidas Preparadas""]}","[""Comidas Preparadas""]",,https://riba.app/imgrs/THUMBS%20500X500/9150.JPG,0,0,"[""91""]",1.296.000,2026-05-08 10:59:33
745101517924,LASAGNA DE CARNE CHICA,LASAGNA DE CARNE CHICA,LASAGNA DE CARNE CHICA,insert,1,https://riba.app/imgrs/THUMBS%20500X500/9147.JPG,tabs/detalle-producto/9147,1.196.000,1.196.000,1.196.000,USD,1,{},"{""MARCA"": [""RIMITH""], ""CATEGORIA"": [""Comidas Preparadas""]}","[""Comidas Preparadas""]",,https://riba.app/imgrs/THUMBS%20500X500/9147.JPG,0,0,"[""91""]",1.196.000,2026-05-08 10:59:33
745101517926,LASAGNA DE CARNE GRANDE ,LASAGNA DE CARNE GRANDE ,LASAGNA DE CARNE GRANDE ,insert,1,https://riba.app/imgrs/THUMBS%20500X500/9148.JPG,tabs/detalle-producto/9148,1.896.000,1.896.000,1.896.000,USD,1,{},"{""MARCA"": [""RIMITH""], ""CATEGORIA"": [""Comidas Preparadas""]}","[""Comidas Preparadas""]",,https://riba.app/imgrs/THUMBS%20500X500/9148.JPG,0,0,"[""91""]",1.896.000,2026-05-08 10:59:33
745101517939,LASAGNA MARINARA MINI,LASAGNA MARINARA MINI,LASAGNA MARINARA MINI,insert,1,https://riba.app/imgrs/THUMBS%20500X500/288680.JPG,tabs/detalle-producto/288680,298.000,298.000,298.000,USD,1,{},"{""MARCA"": [""RIMITH""], ""CATEGORIA"": [""Comidas Preparadas""]}","[""Comidas Preparadas""]",,https://riba.app/imgrs/THUMBS%20500X500/288680.JPG,0,0,"[""91""]",298.000,2026-05-08 10:59:33
745101517941,PASTEL DE POLLO HORNEADO ,PASTEL DE POLLO HORNEADO ,PASTEL DE POLLO HORNEADO ,insert,1,https://riba.app/imgrs/THUMBS%20500X500/9188.JPG,tabs/detalle-producto/9188,951.000,951.000,951.000,USD,1,{},"{""MARCA"": [""RIMITH""], ""CATEGORIA"": [""Comidas Preparadas""]}","[""Comidas Preparadas""]",,https://riba.app/imgrs/THUMBS%20500X500/9188.JPG,0,0,"[""91""]",951.000,2026-05-08 10:59:33
745101517945,ARROZ CON POLLO D,ARROZ CON POLLO D,ARROZ CON POLLO D,insert,1,https://riba.app/imgrs/THUMBS%20500X500/9135.JPG,tabs/detalle-producto/9135,501.000,501.000,501.000,USD,1,{},"{""MARCA"": [""RIMITH""], ""CATEGORIA"": [""Comidas Preparadas""]}","[""Comidas Preparadas""]",,https://riba.app/imgrs/THUMBS%20500X500/9135.JPG,0,0,"[""91""]",501.000,2026-05-08 10:59:33
745101517946,ARROZ CON POLLO DELIRYS,ARROZ CON POLLO DELIRYS,ARROZ CON POLLO DELIRYS,insert,1,https://riba.app/imgrs/THUMBS%20500X500/9149.JPG,tabs/detalle-producto/9149,191.000,191.000,191.000,USD,1,{},"{""MARCA"": [""RIMITH""], ""CATEGORIA"": [""Comidas Preparadas""]}","[""Comidas Preparadas""]",,https://riba.app/imgrs/THUMBS%20500X500/9149.JPG,0,0,"[""91""]",191.000,2026-05-08 10:59:33
745101517950,CANELONES GRATINADOS POLLO,CANELONES GRATINADOS POLLO,CANELONES GRATINADOS POLLO,insert,1,https://riba.app/imgrs/THUMBS%20500X500/59479.JPG,tabs/detalle-producto/59479,851.000,851.000,851.000,USD,1,{},"{""MARCA"": [""RIMITH""], ""CATEGORIA"": [""Comidas Preparadas""]}","[""Comidas Preparadas""]",,https://riba.app/imgrs/THUMBS%20500X500/59479.JPG,0,0,"[""91""]",851.000,2026-05-08 10:59:33
745101517951,CANELONES CON CARNE,CANELONES CON CARNE,CANELONES CON CARNE,insert,1,https://riba.app/imgrs/THUMBS%20500X500/59476.JPG,tabs/detalle-producto/59476,1.051.000,1.051.000,1.051.000,USD,1,{},"{""MARCA"": [""RIMITH""], ""CATEGORIA"": [""Comidas Preparadas""]}","[""Comidas Preparadas""]",,https://riba.app/imgrs/THUMBS%20500X500/59476.JPG,0,0,"[""91""]",1.051.000,2026-05-08 10:59:33
745101517952,LASAGNA DE POLLO CHICO,LASAGNA DE POLLO CHICO,LASAGNA DE POLLO CHICO,insert,1,https://riba.app/imgrs/THUMBS%20500X500/9146.JPG,tabs/detalle-producto/9146,1.196.000,1.196.000,1.196.000,USD,1,{},"{""MARCA"": [""RIMITH""], ""CATEGORIA"": [""Comidas Preparadas""]}","[""Comidas Preparadas""]",,https://riba.app/imgrs/THUMBS%20500X500/9146.JPG,0,0,"[""91""]",1.196.000,2026-05-08 10:59:33
745101517953,LASAGNA DE POLLO HORNEADA,LASAGNA DE POLLO HORNEADA,LASAGNA DE POLLO HORNEADA,insert,1,https://riba.app/imgrs/THUMBS%20500X500/9151.JPG,tabs/detalle-producto/9151,1.296.000,1.296.000,1.296.000,USD,1,{},"{""MARCA"": [""RIMITH""], ""CATEGORIA"": [""Comidas Preparadas""]}","[""Comidas Preparadas""]",,https://riba.app/imgrs/THUMBS%20500X500/9151.JPG,0,0,"[""91""]",1.296.000,2026-05-08 10:59:33
745101517954,LASAGÑA DE POLLO GRANDE ,LASAGÑA DE POLLO GRANDE ,LASAGÑA DE POLLO GRANDE ,insert,1,https://riba.app/imgrs/THUMBS%20500X500/109624.JPG,tabs/detalle-producto/109624,2.096.000,2.096.000,2.096.000,USD,1,{},"{""MARCA"": [""RIMITH""], ""CATEGORIA"": [""Comidas Preparadas""]}","[""Comidas Preparadas""]",,https://riba.app/imgrs/THUMBS%20500X500/109624.JPG,0,0,"[""91""]",2.096.000,2026-05-08 10:59:33
745101517956,LASAGNA DE VEGETALES HORNEAD,LASAGNA DE VEGETALES HORNEAD,LASAGNA DE VEGETALES HORNEAD,insert,1,https://riba.app/imgrs/THUMBS%20500X500/9230.JPG,tabs/detalle-producto/9230,927.000,927.000,927.000,USD,1,{},"{""MARCA"": [""RIMITH""], ""CATEGORIA"": [""Comidas Preparadas""]}","[""Comidas Preparadas""]",,https://riba.app/imgrs/THUMBS%20500X500/9230.JPG,0,0,"[""91""]",927.000,2026-05-08 10:59:33
745101517957,LASAGÑA DE CARNE MINI ,LASAGÑA DE CARNE MINI ,LASAGÑA DE CARNE MINI ,insert,1,https://riba.app/imgrs/THUMBS%20500X500/128623.JPG,tabs/detalle-producto/128623,576.000,576.000,576.000,USD,1,{},"{""MARCA"": [""RIMITH""], ""CATEGORIA"": [""Comidas Preparadas""]}","[""Comidas Preparadas""]",,https://riba.app/imgrs/THUMBS%20500X500/128623.JPG,0,0,"[""91""]",576.000,2026-05-08 10:59:33
745101517958,LASAGÑA DE POLLO MINI ,LASAGÑA DE POLLO MINI ,LASAGÑA DE POLLO MINI ,insert,1,https://riba.app/imgrs/THUMBS%20500X500/128624.JPG,tabs/detalle-producto/128624,576.000,576.000,576.000,USD,1,{},"{""MARCA"": [""RIMITH""], ""CATEGORIA"": [""Comidas Preparadas""]}","[""Comidas Preparadas""]",,https://riba.app/imgrs/THUMBS%20500X500/128624.JPG,0,0,"[""91""]",576.000,2026-05-08 10:59:33
745101517959,LASAGNA POLLO SALSA BLANCA,LASAGNA POLLO SALSA BLANCA,LASAGNA POLLO SALSA BLANCA,insert,1,https://riba.app/imgrs/THUMBS%20500X500/59483.JPG,tabs/detalle-producto/59483,1.376.000,1.376.000,1.376.000,USD,1,{},"{""MARCA"": [""RIMITH""], ""CATEGORIA"": [""Comidas Preparadas""]}","[""Comidas Preparadas""]",,https://riba.app/imgrs/THUMBS%20500X500/59483.JPG,0,0,"[""91""]",1.376.000,2026-05-08 10:59:33
745101517961,LASAGÑA DE CARNE AL RAGU 1PORC,LASAGÑA DE CARNE AL RAGU 1PORC,LASAGÑA DE CARNE AL RAGU 1PORC,insert,1,https://riba.app/imgrs/THUMBS%20500X500/333090.JPG,tabs/detalle-producto/333090,550.000,550.000,550.000,USD,1,{},"{""MARCA"": [""RIMITH""], ""CATEGORIA"": [""Comidas Preparadas""]}","[""Comidas Preparadas""]",,https://riba.app/imgrs/THUMBS%20500X500/333090.JPG,0,0,"[""91""]",550.000,2026-05-08 10:59:33
745101517962,LASAGÑA DE CARNE AL RAGU 4PORC,LASAGÑA DE CARNE AL RAGU 4PORC,LASAGÑA DE CARNE AL RAGU 4PORC,insert,1,https://riba.app/imgrs/THUMBS%20500X500/333091.JPG,tabs/detalle-producto/333091,1.400.000,1.400.000,1.400.000,USD,1,{},"{""MARCA"": [""RIMITH""], ""CATEGORIA"": [""Comidas Preparadas""]}","[""Comidas Preparadas""]",,https://riba.app/imgrs/THUMBS%20500X500/333091.JPG,0,0,"[""91""]",1.400.000,2026-05-08 10:59:33
745101517965,LASAGÑA DE POLLO BECHAMEL 1POR,LASAGÑA DE POLLO BECHAMEL 1POR,LASAGÑA DE POLLO BECHAMEL 1POR,insert,1,https://riba.app/imgrs/THUMBS%20500X500/333094.JPG,tabs/detalle-producto/333094,550.000,550.000,550.000,USD,1,{},"{""MARCA"": [""RIMITH""], ""CATEGORIA"": [""Comidas Preparadas""]}","[""Comidas Preparadas""]",,https://riba.app/imgrs/THUMBS%20500X500/333094.JPG,0,0,"[""91""]",550.000,2026-05-08 10:59:33
745101517966,LASAGÑA DE POLLO BECHAMEL 4POR,LASAGÑA DE POLLO BECHAMEL 4POR,LASAGÑA DE POLLO BECHAMEL 4POR,insert,1,https://riba.app/imgrs/THUMBS%20500X500/333095.JPG,tabs/detalle-producto/333095,1.400.000,1.400.000,1.400.000,USD,1,{},"{""MARCA"": [""RIMITH""], ""CATEGORIA"": [""Comidas Preparadas""]}","[""Comidas Preparadas""]",,https://riba.app/imgrs/THUMBS%20500X500/333095.JPG,0,0,"[""91""]",1.400.000,2026-05-08 10:59:33
745101517971,LENTEJAS,LENTEJAS,LENTEJAS,insert,1,https://riba.app/imgrs/THUMBS%20500X500/198826.JPG,tabs/detalle-producto/198826,125.000,125.000,125.000,USD,1,{},"{""MARCA"": [""RIMITH""], ""CATEGORIA"": [""Comidas Preparadas""]}","[""Comidas Preparadas""]",,https://riba.app/imgrs/THUMBS%20500X500/198826.JPG,0,0,"[""91""]",125.000,2026-05-08 10:59:33
745101517972,POROTOS,POROTOS,POROTOS,insert,1,https://riba.app/imgrs/THUMBS%20500X500/198827.JPG,tabs/detalle-producto/198827,125.000,125.000,125.000,USD,1,{},"{""MARCA"": [""RIMITH""], ""CATEGORIA"": [""Comidas Preparadas""]}","[""Comidas Preparadas""]",,https://riba.app/imgrs/THUMBS%20500X500/198827.JPG,0,0,"[""91""]",125.000,2026-05-08 10:59:33
745101517974,EMPANADA POLLO GOURMET 4UN,EMPANADA POLLO GOURMET 4UN,EMPANADA POLLO GOURMET 4UN,insert,1,https://riba.app/imgrs/THUMBS%20500X500/247734.JPG,tabs/detalle-producto/247734,685.000,685.000,685.000,USD,1,{},"{""MARCA"": [""RIMITH""], ""CATEGORIA"": [""PRODUCTOS DE MAIZ Y OTROS""]}","[""PRODUCTOS DE MAIZ Y OTROS""]",,https://riba.app/imgrs/THUMBS%20500X500/247734.JPG,0,0,"[""270""]",685.000,2026-05-08 10:59:33
745101517975,EMPANADA RES MEXICANO  4 UN,EMPANADA RES MEXICANO  4 UN,EMPANADA RES MEXICANO  4 UN,insert,1,https://riba.app/imgrs/THUMBS%20500X500/247735.JPG,tabs/detalle-producto/247735,685.000,685.000,685.000,USD,1,{},"{""MARCA"": [""RIMITH""], ""CATEGORIA"": [""PRODUCTOS DE MAIZ Y OTROS""]}","[""PRODUCTOS DE MAIZ Y OTROS""]",,https://riba.app/imgrs/THUMBS%20500X500/247735.JPG,0,0,"[""270""]",685.000,2026-05-08 10:59:33
745101517976,EMPANADA POLLO AL CURRY,EMPANADA POLLO AL CURRY,EMPANADA POLLO AL CURRY,insert,1,https://riba.app/imgrs/THUMBS%20500X500/281797.JPG,tabs/detalle-producto/281797,685.000,685.000,685.000,USD,1,{},"{""MARCA"": [""RIMITH""], ""CATEGORIA"": [""PRODUCTOS DE MAIZ Y OTROS""]}","[""PRODUCTOS DE MAIZ Y OTROS""]",,https://riba.app/imgrs/THUMBS%20500X500/281797.JPG,0,0,"[""270""]",685.000,2026-05-08 10:59:33
745101517977,EMPANADA RES ESTILO CHILENA,EMPANADA RES ESTILO CHILENA,EMPANADA RES ESTILO CHILENA,insert,1,https://riba.app/imgrs/THUMBS%20500X500/281798.JPG,tabs/detalle-producto/281798,685.000,685.000,685.000,USD,1,{},"{""MARCA"": [""RIMITH""], ""CATEGORIA"": [""PRODUCTOS DE MAIZ Y OTROS""]}","[""PRODUCTOS DE MAIZ Y OTROS""]",,https://riba.app/imgrs/THUMBS%20500X500/281798.JPG,0,0,"[""270""]",685.000,2026-05-08 10:59:33
745101517979,EMPANADA POLLO SEM AMAPOLA 9UN,EMPANADA POLLO SEM AMAPOLA 9UN,EMPANADA POLLO SEM AMAPOLA 9UN,insert,1,https://riba.app/imgrs/THUMBS%20500X500/242368.JPG,tabs/detalle-producto/242368,415.000,415.000,415.000,USD,1,{},"{""MARCA"": [""RIMITH""], ""CATEGORIA"": [""PRODUCTOS DE MAIZ Y OTROS""]}","[""PRODUCTOS DE MAIZ Y OTROS""]",,https://riba.app/imgrs/THUMBS%20500X500/242368.JPG,0,0,"[""270""]",415.000,2026-05-08 10:59:33
745101517980,CARIMAÑOLAS CON AJO Y POLLO 8U,CARIMAÑOLAS CON AJO Y POLLO 8U,CARIMAÑOLAS CON AJO Y POLLO 8U,insert,1,https://riba.app/imgrs/THUMBS%20500X500/289493.JPG,tabs/detalle-producto/289493,175.000,175.000,175.000,USD,1,{},"{""MARCA"": [""RIMITH""], ""CATEGORIA"": [""PRODUCTOS DE MAIZ Y OTROS""]}","[""PRODUCTOS DE MAIZ Y OTROS""]",,https://riba.app/imgrs/THUMBS%20500X500/289493.JPG,0,0,"[""270""]",175.000,2026-05-08 10:59:33
745101517981,EMPANADITAS DE MAIZ POLLO 10U ,EMPANADITAS DE MAIZ POLLO 10U ,EMPANADITAS DE MAIZ POLLO 10U ,insert,1,https://riba.app/imgrs/THUMBS%20500X500/289498.JPG,tabs/detalle-producto/289498,180.000,180.000,180.000,USD,1,{},"{""MARCA"": [""RIMITH""], ""CATEGORIA"": [""PRODUCTOS DE MAIZ Y OTROS""]}","[""PRODUCTOS DE MAIZ Y OTROS""]",,https://riba.app/imgrs/THUMBS%20500X500/289498.JPG,0,0,"[""270""]",180.000,2026-05-08 10:59:33
745101517982,TORTILLAS MAIZ TIPICA 10UN GDE,TORTILLAS MAIZ TIPICA 10UN GDE,TORTILLAS MAIZ TIPICA 10UN GDE,insert,1,https://riba.app/imgrs/THUMBS%20500X500/289499.JPG,tabs/detalle-producto/289499,100.000,100.000,100.000,USD,1,{},"{""MARCA"": [""RIMITH""], ""CATEGORIA"": [""PRODUCTOS DE MAIZ Y OTROS""]}","[""PRODUCTOS DE MAIZ Y OTROS""]",,https://riba.app/imgrs/THUMBS%20500X500/289499.JPG,0,0,"[""270""]",100.000,2026-05-08 10:59:33
745101517983,TORTILLAS MAIZ TIPICA 12UN CHI,TORTILLAS MAIZ TIPICA 12UN CHI,TORTILLAS MAIZ TIPICA 12UN CHI,insert,1,https://riba.app/imgrs/THUMBS%20500X500/289501.JPG,tabs/detalle-producto/289501,95.000,95.000,95.000,USD,1,{},"{""MARCA"": [""RIMITH""], ""CATEGORIA"": [""PRODUCTOS DE MAIZ Y OTROS""]}","[""PRODUCTOS DE MAIZ Y OTROS""]",,https://riba.app/imgrs/THUMBS%20500X500/289501.JPG,0,0,"[""270""]",95.000,2026-05-08 10:59:33
745101517984,EMPANADA CHILENA MINI 9 UN,EMPANADA CHILENA MINI 9 UN,EMPANADA CHILENA MINI 9 UN,insert,1,https://riba.app/imgrs/THUMBS%20500X500/289522.JPG,tabs/detalle-producto/289522,415.000,415.000,415.000,USD,1,{},"{""MARCA"": [""RIMITH""], ""CATEGORIA"": [""PRODUCTOS DE MAIZ Y OTROS""]}","[""PRODUCTOS DE MAIZ Y OTROS""]",,https://riba.app/imgrs/THUMBS%20500X500/289522.JPG,0,0,"[""270""]",415.000,2026-05-08 10:59:33
745101517985,AREPA RELLENA CON QUESO 5 UN,AREPA RELLENA CON QUESO 5 UN,AREPA RELLENA CON QUESO 5 UN,insert,1,https://riba.app/imgrs/THUMBS%20500X500/295996.JPG,tabs/detalle-producto/295996,375.000,375.000,375.000,USD,1,{},"{""MARCA"": [""RIMITH""], ""CATEGORIA"": [""PRODUCTOS DE MAIZ Y OTROS""]}","[""PRODUCTOS DE MAIZ Y OTROS""]",,https://riba.app/imgrs/THUMBS%20500X500/295996.JPG,0,0,"[""270""]",375.000,2026-05-08 10:59:33
745101517986,AREPA CON QUESO MEDIANA 5 UN,AREPA CON QUESO MEDIANA 5 UN,AREPA CON QUESO MEDIANA 5 UN,insert,1,https://riba.app/imgrs/THUMBS%20500X500/295997.JPG,tabs/detalle-producto/295997,370.000,370.000,370.000,USD,1,{},"{""MARCA"": [""RIMITH""], ""CATEGORIA"": [""PRODUCTOS DE MAIZ Y OTROS""]}","[""PRODUCTOS DE MAIZ Y OTROS""]",,https://riba.app/imgrs/THUMBS%20500X500/295997.JPG,0,0,"[""270""]",370.000,2026-05-08 10:59:33
745101517987,AREPA CON QUESO MINI 16 UN,AREPA CON QUESO MINI 16 UN,AREPA CON QUESO MINI 16 UN,insert,1,https://riba.app/imgrs/THUMBS%20500X500/295998.JPG,tabs/detalle-producto/295998,475.000,475.000,475.000,USD,1,{},"{""MARCA"": [""RIMITH""], ""CATEGORIA"": [""PRODUCTOS DE MAIZ Y OTROS""]}","[""PRODUCTOS DE MAIZ Y OTROS""]",,https://riba.app/imgrs/THUMBS%20500X500/295998.JPG,0,0,"[""270""]",475.000,2026-05-08 10:59:33
745101517988,AREPA ORIGINAL MEDIANA,AREPA ORIGINAL MEDIANA,AREPA ORIGINAL MEDIANA,insert,1,https://riba.app/imgrs/THUMBS%20500X500/295999.JPG,tabs/detalle-producto/295999,215.000,215.000,215.000,USD,1,{},"{""MARCA"": [""RIMITH""], ""CATEGORIA"": [""PRODUCTOS DE MAIZ Y OTROS""]}","[""PRODUCTOS DE MAIZ Y OTROS""]",,https://riba.app/imgrs/THUMBS%20500X500/295999.JPG,0,0,"[""270""]",215.000,2026-05-08 10:59:33
745101517989,AREPA ORIGINAL MINI,AREPA ORIGINAL MINI,AREPA ORIGINAL MINI,insert,1,https://riba.app/imgrs/THUMBS%20500X500/296001.JPG,tabs/detalle-producto/296001,245.000,245.000,245.000,USD,1,{},"{""MARCA"": [""RIMITH""], ""CATEGORIA"": [""PRODUCTOS DE MAIZ Y OTROS""]}","[""PRODUCTOS DE MAIZ Y OTROS""]",,https://riba.app/imgrs/THUMBS%20500X500/296001.JPG,0,0,"[""270""]",245.000,2026-05-08 10:59:33
745101517990,EMP GOUR PREHORN QUESO BLCO 4U,EMP GOUR PREHORN QUESO BLCO 4U,EMP GOUR PREHORN QUESO BLCO 4U,insert,1,https://riba.app/imgrs/THUMBS%20500X500/298165.JPG,tabs/detalle-producto/298165,685.000,685.000,685.000,USD,1,{},"{""MARCA"": [""RIMITH""], ""CATEGORIA"": [""PRODUCTOS DE MAIZ Y OTROS""]}","[""PRODUCTOS DE MAIZ Y OTROS""]",,https://riba.app/imgrs/THUMBS%20500X500/298165.JPG,0,0,"[""270""]",685.000,2026-05-08 10:59:33
745101517992,EMP GOUR PREHORN CON ATUN 4UN,EMP GOUR PREHORN CON ATUN 4UN,EMP GOUR PREHORN CON ATUN 4UN,insert,1,https://riba.app/imgrs/THUMBS%20500X500/298169.JPG,tabs/detalle-producto/298169,775.000,775.000,775.000,USD,1,{},"{""MARCA"": [""RIMITH""], ""CATEGORIA"": [""PRODUCTOS DE MAIZ Y OTROS""]}","[""PRODUCTOS DE MAIZ Y OTROS""]",,https://riba.app/imgrs/THUMBS%20500X500/298169.JPG,0,0,"[""270""]",775.000,2026-05-08 10:59:33
745101517993,EMP MAIZ BERENJENA POMODOR 8UN,EMP MAIZ BERENJENA POMODOR 8UN,EMP MAIZ BERENJENA POMODOR 8UN,insert,1,https://riba.app/imgrs/THUMBS%20500X500/298424.JPG,tabs/detalle-producto/298424,590.000,590.000,590.000,USD,1,{},"{""MARCA"": [""RIMITH""], ""CATEGORIA"": [""PRODUCTOS DE MAIZ Y OTROS""]}","[""PRODUCTOS DE MAIZ Y OTROS""]",,https://riba.app/imgrs/THUMBS%20500X500/298424.JPG,0,0,"[""270""]",590.000,2026-05-08 10:59:33
745101517994,EMP MAIZ GARBANZO PIMENTON 8UN,EMP MAIZ GARBANZO PIMENTON 8UN,EMP MAIZ GARBANZO PIMENTON 8UN,insert,1,https://riba.app/imgrs/THUMBS%20500X500/298425.JPG,tabs/detalle-producto/298425,590.000,590.000,590.000,USD,1,{},"{""MARCA"": [""RIMITH""], ""CATEGORIA"": [""PRODUCTOS DE MAIZ Y OTROS""]}","[""PRODUCTOS DE MAIZ Y OTROS""]",,https://riba.app/imgrs/THUMBS%20500X500/298425.JPG,0,0,"[""270""]",590.000,2026-05-08 10:59:33
745101517995,EMP MAIZ CHILI FRIJOLES RO 8UN,EMP MAIZ CHILI FRIJOLES RO 8UN,EMP MAIZ CHILI FRIJOLES RO 8UN,insert,1,https://riba.app/imgrs/THUMBS%20500X500/298427.JPG,tabs/detalle-producto/298427,590.000,590.000,590.000,USD,1,{},"{""MARCA"": [""RIMITH""], ""CATEGORIA"": [""PRODUCTOS DE MAIZ Y OTROS""]}","[""PRODUCTOS DE MAIZ Y OTROS""]",,https://riba.app/imgrs/THUMBS%20500X500/298427.JPG,0,0,"[""270""]",590.000,2026-05-08 10:59:33
745101517999,AREPAS RELLENA DOBLE QUESO 5UN,AREPAS RELLENA DOBLE QUESO 5UN,AREPAS RELLENA DOBLE QUESO 5UN,insert,1,https://riba.app/imgrs/THUMBS%20500X500/300940.JPG,tabs/detalle-producto/300940,395.000,395.000,395.000,USD,1,{},"{""MARCA"": [""RIMITH""], ""CATEGORIA"": [""PRODUCTOS DE MAIZ Y OTROS""]}","[""PRODUCTOS DE MAIZ Y OTROS""]",,https://riba.app/imgrs/THUMBS%20500X500/300940.JPG,0,0,"[""270""]",395.000,2026-05-08 10:59:33
745101518000,EMP MAIZ GRANDE QUESO AMAR 6UN,EMP MAIZ GRANDE QUESO AMAR 6UN,EMP MAIZ GRANDE QUESO AMAR 6UN,insert,1,https://riba.app/imgrs/THUMBS%20500X500/300939.JPG,tabs/detalle-producto/300939,495.000,495.000,495.000,USD,1,{},"{""MARCA"": [""RIMITH""], ""CATEGORIA"": [""PRODUCTOS DE MAIZ Y OTROS""]}","[""PRODUCTOS DE MAIZ Y OTROS""]",,https://riba.app/imgrs/THUMBS%20500X500/300939.JPG,0,0,"[""270""]",495.000,2026-05-08 10:59:33
745101518001,MULTIPACK CON POLLO ESENCIAL,MULTIPACK CON POLLO ESENCIAL,MULTIPACK CON POLLO ESENCIAL,insert,1,https://riba.app/imgrs/THUMBS%20500X500/300941.JPG,tabs/detalle-producto/300941,210.000,210.000,210.000,USD,1,{},"{""MARCA"": [""RIMITH""], ""CATEGORIA"": [""PRODUCTOS DE MAIZ Y OTROS""]}","[""PRODUCTOS DE MAIZ Y OTROS""]",,https://riba.app/imgrs/THUMBS%20500X500/300941.JPG,0,0,"[""270""]",210.000,2026-05-08 10:59:33
745101518002,CARIMAÑOLAS CARNE PREFRITA 6UN,CARIMAÑOLAS CARNE PREFRITA 6UN,CARIMAÑOLAS CARNE PREFRITA 6UN,insert,1,https://riba.app/imgrs/THUMBS%20500X500/301703.JPG,tabs/detalle-producto/301703,315.000,315.000,315.000,USD,1,{},"{""MARCA"": [""RIMITH""], ""CATEGORIA"": [""PRODUCTOS DE MAIZ Y OTROS""]}","[""PRODUCTOS DE MAIZ Y OTROS""]",,https://riba.app/imgrs/THUMBS%20500X500/301703.JPG,0,0,"[""270""]",315.000,2026-05-08 10:59:33
745101518003,EMP MAIZ GR CARNE PREFRITO 6UN,EMP MAIZ GR CARNE PREFRITO 6UN,EMP MAIZ GR CARNE PREFRITO 6UN,insert,1,https://riba.app/imgrs/THUMBS%20500X500/301704.JPG,tabs/detalle-producto/301704,260.000,260.000,260.000,USD,1,{},"{""MARCA"": [""RIMITH""], ""CATEGORIA"": [""PRODUCTOS DE MAIZ Y OTROS""]}","[""PRODUCTOS DE MAIZ Y OTROS""]",,https://riba.app/imgrs/THUMBS%20500X500/301704.JPG,0,0,"[""270""]",260.000,2026-05-08 10:59:33
745101518004,TORTILLAS GR PREFRITOS 6UN,TORTILLAS GR PREFRITOS 6UN,TORTILLAS GR PREFRITOS 6UN,insert,1,https://riba.app/imgrs/THUMBS%20500X500/301705.JPG,tabs/detalle-producto/301705,140.000,140.000,140.000,USD,1,{},"{""MARCA"": [""RIMITH""], ""CATEGORIA"": [""PRODUCTOS DE MAIZ Y OTROS""]}","[""PRODUCTOS DE MAIZ Y OTROS""]",,https://riba.app/imgrs/THUMBS%20500X500/301705.JPG,0,0,"[""270""]",140.000,2026-05-08 10:59:33
745101518006,AREPAS ORIGINAL GRANDE,AREPAS ORIGINAL GRANDE,AREPAS ORIGINAL GRANDE,insert,1,https://riba.app/imgrs/THUMBS%20500X500/303070.JPG,tabs/detalle-producto/303070,245.000,245.000,245.000,USD,1,{},"{""MARCA"": [""RIMITH""], ""CATEGORIA"": [""PRODUCTOS DE MAIZ Y OTROS""]}","[""PRODUCTOS DE MAIZ Y OTROS""]",,https://riba.app/imgrs/THUMBS%20500X500/303070.JPG,0,0,"[""270""]",245.000,2026-05-08 10:59:33
745101518007,AREPAS CON QUESO GRANDE,AREPAS CON QUESO GRANDE,AREPAS CON QUESO GRANDE,insert,1,https://riba.app/imgrs/THUMBS%20500X500/303071.JPG,tabs/detalle-producto/303071,475.000,475.000,475.000,USD,1,{},"{""MARCA"": [""RIMITH""], ""CATEGORIA"": [""PRODUCTOS DE MAIZ Y OTROS""]}","[""PRODUCTOS DE MAIZ Y OTROS""]",,https://riba.app/imgrs/THUMBS%20500X500/303071.JPG,0,0,"[""270""]",475.000,2026-05-08 10:59:33
745101518008,TORTILLAS ASADA CON QUESO 12UN,TORTILLAS ASADA CON QUESO 12UN,TORTILLAS ASADA CON QUESO 12UN,insert,1,https://riba.app/imgrs/THUMBS%20500X500/303393.JPG,tabs/detalle-producto/303393,370.000,370.000,370.000,USD,1,{},"{""MARCA"": [""RIMITH""], ""CATEGORIA"": [""PRODUCTOS DE MAIZ Y OTROS""]}","[""PRODUCTOS DE MAIZ Y OTROS""]",,https://riba.app/imgrs/THUMBS%20500X500/303393.JPG,0,0,"[""270""]",370.000,2026-05-08 10:59:33
745101518009,EMP MAIZ GRANDE QUESO BLCO 6UN,EMP MAIZ GRANDE QUESO BLCO 6UN,EMP MAIZ GRANDE QUESO BLCO 6UN,insert,1,https://riba.app/imgrs/THUMBS%20500X500/304374.JPG,tabs/detalle-producto/304374,495.000,495.000,495.000,USD,1,{},"{""MARCA"": [""RIMITH""], ""CATEGORIA"": [""PRODUCTOS DE MAIZ Y OTROS""]}","[""PRODUCTOS DE MAIZ Y OTROS""]",,https://riba.app/imgrs/THUMBS%20500X500/304374.JPG,0,0,"[""270""]",495.000,2026-05-08 10:59:33
745101518013,EMPANADITAS DE MAIZ CARNE 10UN,EMPANADITAS DE MAIZ CARNE 10UN,EMPANADITAS DE MAIZ CARNE 10UN,insert,1,https://riba.app/imgrs/THUMBS%20500X500/307528.JPG,tabs/detalle-producto/307528,250.000,250.000,250.000,USD,1,{},"{""MARCA"": [""RIMITH""], ""CATEGORIA"": [""PRODUCTOS DE MAIZ Y OTROS""]}","[""PRODUCTOS DE MAIZ Y OTROS""]",,https://riba.app/imgrs/THUMBS%20500X500/307528.JPG,0,0,"[""270""]",250.000,2026-05-08 10:59:33
745101518014,TORTILLAS ASADAS ORIGINALES3UN,TORTILLAS ASADAS ORIGINALES3UN,TORTILLAS ASADAS ORIGINALES3UN,insert,1,https://riba.app/imgrs/THUMBS%20500X500/308840.JPG,tabs/detalle-producto/308840,140.000,140.000,140.000,USD,1,{},"{""MARCA"": [""RIMITH""], ""CATEGORIA"": [""PRODUCTOS DE MAIZ Y OTROS""]}","[""PRODUCTOS DE MAIZ Y OTROS""]",,https://riba.app/imgrs/THUMBS%20500X500/308840.JPG,0,0,"[""270""]",140.000,2026-05-08 10:59:33
745101518015,TORTILLAS ASADAS ORIGINALES12U,TORTILLAS ASADAS ORIGINALES12U,TORTILLAS ASADAS ORIGINALES12U,insert,1,https://riba.app/imgrs/THUMBS%20500X500/308841.JPG,tabs/detalle-producto/308841,225.000,225.000,225.000,USD,1,{},"{""MARCA"": [""RIMITH""], ""CATEGORIA"": [""PRODUCTOS DE MAIZ Y OTROS""]}","[""PRODUCTOS DE MAIZ Y OTROS""]",,https://riba.app/imgrs/THUMBS%20500X500/308841.JPG,0,0,"[""270""]",225.000,2026-05-08 10:59:33
745101518016,TORTILLAS MAIZ TIPICA 10UN GDE,TORTILLAS MAIZ TIPICA 10UN GDE,TORTILLAS MAIZ TIPICA 10UN GDE,insert,1,https://riba.app/imgrs/THUMBS%20500X500/315443.JPG,tabs/detalle-producto/315443,98.000,98.000,98.000,USD,1,{},"{""MARCA"": [""RIMITH""], ""CATEGORIA"": [""PRODUCTOS DE MAIZ Y OTROS""]}","[""PRODUCTOS DE MAIZ Y OTROS""]",,https://riba.app/imgrs/THUMBS%20500X500/315443.JPG,0,0,"[""270""]",98.000,2026-05-08 10:59:33
745101518018,TORTILLAS CHICAS PREFRITOS 9UN,TORTILLAS CHICAS PREFRITOS 9UN,TORTILLAS CHICAS PREFRITOS 9UN,insert,1,https://riba.app/imgrs/THUMBS%20500X500/318293.JPG,tabs/detalle-producto/318293,125.000,125.000,125.000,USD,1,{},"{""MARCA"": [""RIMITH""], ""CATEGORIA"": [""PRODUCTOS DE MAIZ Y OTROS""]}","[""PRODUCTOS DE MAIZ Y OTROS""]",,https://riba.app/imgrs/THUMBS%20500X500/318293.JPG,0,0,"[""270""]",125.000,2026-05-08 10:59:33
745101518019,CARIMAÑOLAS CERDO ECRIOLLO 7UN,CARIMAÑOLAS CERDO ECRIOLLO 7UN,CARIMAÑOLAS CERDO ECRIOLLO 7UN,insert,1,https://riba.app/imgrs/THUMBS%20500X500/320089.JPG,tabs/detalle-producto/320089,460.000,460.000,460.000,USD,1,{},"{""MARCA"": [""RIMITH""], ""CATEGORIA"": [""PRODUCTOS DE MAIZ Y OTROS""]}","[""PRODUCTOS DE MAIZ Y OTROS""]",,https://riba.app/imgrs/THUMBS%20500X500/320089.JPG,0,0,"[""270""]",460.000,2026-05-08 10:59:33
745101518020,EMPANADA MAIZ JAMON NAVIDA 4UN,EMPANADA MAIZ JAMON NAVIDA 4UN,EMPANADA MAIZ JAMON NAVIDA 4UN,insert,1,https://riba.app/imgrs/THUMBS%20500X500/321541.JPG,tabs/detalle-producto/321541,425.000,425.000,425.000,USD,1,{},"{""MARCA"": [""RIMITH""], ""CATEGORIA"": [""PRODUCTOS DE MAIZ Y OTROS""]}","[""PRODUCTOS DE MAIZ Y OTROS""]",,https://riba.app/imgrs/THUMBS%20500X500/321541.JPG,0,0,"[""270""]",425.000,2026-05-08 10:59:33
745101518022,EMP MAIZ CERDO EST CRIOLLO12UN,EMP MAIZ CERDO EST CRIOLLO12UN,EMP MAIZ CERDO EST CRIOLLO12UN,insert,1,https://riba.app/imgrs/THUMBS%20500X500/324935.JPG,tabs/detalle-producto/324935,480.000,480.000,480.000,USD,1,{},"{""MARCA"": [""RIMITH""], ""CATEGORIA"": [""PRODUCTOS DE MAIZ Y OTROS""]}","[""PRODUCTOS DE MAIZ Y OTROS""]",,https://riba.app/imgrs/THUMBS%20500X500/324935.JPG,0,0,"[""270""]",480.000,2026-05-08 10:59:33
745101518024,PATTY CON CARNE 4UN,PATTY CON CARNE 4UN,PATTY CON CARNE 4UN,insert,1,https://riba.app/imgrs/THUMBS%20500X500/325859.JPG,tabs/detalle-producto/325859,325.000,325.000,325.000,USD,1,{},"{""MARCA"": [""RIMITH""], ""CATEGORIA"": [""PRODUCTOS DE MAIZ Y OTROS""]}","[""PRODUCTOS DE MAIZ Y OTROS""]",,https://riba.app/imgrs/THUMBS%20500X500/325859.JPG,0,0,"[""270""]",325.000,2026-05-08 10:59:33
745101518029,AREPAS MAIZ NUEVO Q MOZARE 5UN,AREPAS MAIZ NUEVO Q MOZARE 5UN,AREPAS MAIZ NUEVO Q MOZARE 5UN,insert,1,https://riba.app/imgrs/THUMBS%20500X500/331549.JPG,tabs/detalle-producto/331549,495.000,495.000,495.000,USD,1,{},"{""MARCA"": [""RIMITH""], ""CATEGORIA"": [""PRODUCTOS DE MAIZ Y OTROS""]}","[""PRODUCTOS DE MAIZ Y OTROS""]",,https://riba.app/imgrs/THUMBS%20500X500/331549.JPG,0,0,"[""270""]",495.000,2026-05-08 10:59:33
745101518031,EMPANADAS MAIZ RELLENO ATUN 5U,EMPANADAS MAIZ RELLENO ATUN 5U,EMPANADAS MAIZ RELLENO ATUN 5U,insert,1,https://riba.app/imgrs/THUMBS%20500X500/333920.JPG,tabs/detalle-producto/333920,495.000,495.000,495.000,USD,1,{},"{""MARCA"": [""RIMITH""], ""CATEGORIA"": [""PRODUCTOS DE MAIZ Y OTROS""]}","[""PRODUCTOS DE MAIZ Y OTROS""]",,https://riba.app/imgrs/THUMBS%20500X500/333920.JPG,0,0,"[""270""]",495.000,2026-05-08 10:59:33
745101518032,EMP DE QUESO CR CON PIÑA 4UN,EMP DE QUESO CR CON PIÑA 4UN,EMP DE QUESO CR CON PIÑA 4UN,insert,1,https://riba.app/imgrs/THUMBS%20500X500/334638.JPG,tabs/detalle-producto/334638,545.000,545.000,545.000,USD,1,{},"{""MARCA"": [""RIMITH""], ""CATEGORIA"": [""PRODUCTOS DE MAIZ Y OTROS""]}","[""PRODUCTOS DE MAIZ Y OTROS""]",,https://riba.app/imgrs/THUMBS%20500X500/334638.JPG,0,0,"[""270""]",545.000,2026-05-08 10:59:33
745101518033,PANITOS CON QUESO PAQ 8 UN,PANITOS CON QUESO PAQ 8 UN,PANITOS CON QUESO PAQ 8 UN,insert,1,https://riba.app/imgrs/THUMBS%20500X500/334818.JPG,tabs/detalle-producto/334818,395.000,395.000,395.000,USD,1,{},"{""MARCA"": [""RIMITH""], ""CATEGORIA"": [""PANES Y DULCES""]}","[""PANES Y DULCES""]",,https://riba.app/imgrs/THUMBS%20500X500/334818.JPG,0,0,"[""269""]",395.000,2026-05-08 10:59:33
745101518038,EMPANADITAS GOURMET MINI RES,EMPANADITAS GOURMET MINI RES,EMPANADITAS GOURMET MINI RES,insert,1,https://riba.app/imgrs/THUMBS%20500X500/343668.JPG,tabs/detalle-producto/343668,455.000,455.000,455.000,USD,1,{},"{""MARCA"": [""RIMITH""], ""CATEGORIA"": [""PRODUCTOS DE MAIZ Y OTROS""]}","[""PRODUCTOS DE MAIZ Y OTROS""]",,https://riba.app/imgrs/THUMBS%20500X500/343668.JPG,0,0,"[""270""]",455.000,2026-05-08 10:59:33
745101518039,EMPANADITAS GOUR MINI POLLO AC,EMPANADITAS GOUR MINI POLLO AC,EMPANADITAS GOUR MINI POLLO AC,insert,1,https://riba.app/imgrs/THUMBS%20500X500/343669.JPG,tabs/detalle-producto/343669,455.000,455.000,455.000,USD,1,{},"{""MARCA"": [""RIMITH""], ""CATEGORIA"": [""PRODUCTOS DE MAIZ Y OTROS""]}","[""PRODUCTOS DE MAIZ Y OTROS""]",,https://riba.app/imgrs/THUMBS%20500X500/343669.JPG,0,0,"[""270""]",455.000,2026-05-08 10:59:33
745101518040,EMPAN GOURMET POLLO MEDIANA,EMPAN GOURMET POLLO MEDIANA,EMPAN GOURMET POLLO MEDIANA,insert,1,https://riba.app/imgrs/THUMBS%20500X500/346041.JPG,tabs/detalle-producto/346041,395.000,395.000,395.000,USD,1,{},"{""MARCA"": [""RIMITH""], ""CATEGORIA"": [""PRODUCTOS DE MAIZ Y OTROS""]}","[""PRODUCTOS DE MAIZ Y OTROS""]",,https://riba.app/imgrs/THUMBS%20500X500/346041.JPG,0,0,"[""270""]",395.000,2026-05-08 10:59:33
745101518041,AREPAS DE YUCA ORIGINAL 8UN,AREPAS DE YUCA ORIGINAL 8UN,AREPAS DE YUCA ORIGINAL 8UN,insert,1,https://riba.app/imgrs/THUMBS%20500X500/348708.JPG,tabs/detalle-producto/348708,280.000,280.000,280.000,USD,1,{},"{""MARCA"": [""RIMITH""], ""CATEGORIA"": [""PRODUCTOS DE MAIZ Y OTROS""]}","[""PRODUCTOS DE MAIZ Y OTROS""]",,https://riba.app/imgrs/THUMBS%20500X500/348708.JPG,0,0,"[""270""]",280.000,2026-05-08 10:59:33
